div,round,kickoff,home,away,hg,ag,home_xg,away_xg,xg_source,home_xg_opta,away_xg_opta,B365H,B365D,B365A,AvgH,AvgD,AvgA,AvgCH,AvgCD,AvgCA,B365CH,B365CD,B365CA,mkt_pH,mkt_pD,mkt_pA,mkt_xP_home,mkt_xP_away,mkt_var_home,mkt_var_away,mkt_exp_goals_home,mkt_exp_goals_away,xg_pH,xg_pD,xg_pA,xg_xP_home,xg_xP_away,cl_pH,cl_pD,cl_pA,cl_xP_home,cl_xP_away,cl_source,pts_home,pts_away,match_id,now_pW_home,now_pD,now_pW_away,now_xP_home,now_xP_away
E0,1,2026-08-21 20:00:00,Arsenal,Coventry,3.0,0.0,2.08,0.19,oddalerts.com,1.57,0.3,1.2,7.0,13.0,1.19,6.77,14.19,1.2,6.72,14.0,1.18,7.5,13.0,0.8106496756562407,0.12990356879693365,0.05944675554682566,2.5618525957656555,0.30824383543741063,0.8626619272718727,0.5699101066331991,2.9289748967450464,0.7374593761115523,0.8215267693275287,0.15652429165037504,0.021948939022096298,2.621104599632961,0.22237110871666393,0.7909604519774012,0.14124293785310735,0.06779661016949153,2.5141242937853105,0.34463276836158196,closing avg,3.0,0.0,E0-Arsenal-Coventry,,,,,
E0,1,2026-08-22 12:30:00,Hull,Man Utd,2.0,0.0,0.99,2.18,oddalerts.com,1.27,1.79,8.5,5.0,1.36,8.37,4.93,1.36,8.49,5.11,1.34,9.0,5.0,1.33,0.0973164648207223,0.17193926219206662,0.7307442729872111,0.4638886566542335,2.3641720811537,0.8325947598060981,1.1593280897703488,0.8526568159088845,2.533258351658822,0.15125269935661723,0.21315763382573377,0.6355896668176491,0.6669157318955854,2.119926634278681,0.11114483694461262,0.18466138271228205,0.7041937803431054,0.51809589354612,2.2972427237415984,closing avg,3.0,0.0,E0-Hull-ManUtd,,,,,
E0,1,2026-08-22 15:00:00,Everton,Crystal Palace,2.0,0.0,1.45,1.79,oddalerts.com,1.06,1.6,2.15,3.5,3.3,2.23,3.4,3.24,2.32,3.36,3.05,2.38,3.4,3.0,0.4595596485033515,0.2611417844651219,0.2792985670315266,1.6398207299751764,1.0990374855597016,1.7081665945389646,1.56694549308347,1.689256798276948,1.2786688218175077,0.3033070435709166,0.24955462945358778,0.4471383269754956,1.1594757601663375,1.5909696103800746,0.4079747762667601,0.2816968693270486,0.3103283544061913,1.5056211981273289,1.2126819325456224,closing avg,3.0,0.0,E0-Everton-CrystalP,,,,,
E0,1,2026-08-22 15:00:00,Ipswich,Sunderland,2.0,1.0,1.39,0.91,oddalerts.com,1.2,0.8,2.7,3.3,2.63,2.69,3.29,2.6,2.83,3.22,2.52,3.0,3.3,2.5,0.3373960577232853,0.2679402606814835,0.3946636815952312,1.2801284338513395,1.4519313054671772,1.6657759730363677,1.711808879242943,1.4065300516114725,1.535694169865245,0.46800130424178066,0.2986478208755934,0.23335087488262596,1.7026517336009352,0.9987004455234713,0.33312259325248583,0.29277544686476237,0.3741019598827519,1.29214322662222,1.415081326513018,closing avg,3.0,0.0,E0-Ipswich-Sunderla,,,,,
E0,1,2026-08-22 15:00:00,Nott'm Forest,Leeds,0.0,1.0,0.88,0.75,oddalerts.com,0.75,0.59,2.3,3.4,3.1,2.27,3.35,3.1,2.45,3.2,2.94,2.5,3.2,2.9,0.4406701512993203,0.26380498413802295,0.29552486456265675,1.585815438035984,1.1503795778259933,1.7150257423186464,1.6001555921228234,1.6435513818682659,1.3142272421959051,0.34986694693403597,0.3740735014894245,0.27605955157653955,1.4236743422915323,1.2022521562190431,0.3847695390781563,0.29458917835671344,0.32064128256513025,1.4488977955911824,1.2565130260521042,closing avg,0.0,3.0,E0-NottmFor-Leeds,,,,,
E0,1,2026-08-22 17:30:00,Brentford,Tottenham,3.0,0.0,4.16,0.52,oddalerts.com,3.81,0.62,2.4,3.7,2.75,2.48,3.58,2.69,1.99,3.71,3.39,1.95,3.9,3.5,0.3158062886927718,0.2662803942228065,0.41791331708442175,1.2136992603011219,1.5200203454760717,1.635471098002262,1.717038397321406,1.358796038433539,1.589642550393445,0.9394042780731937,0.04739508973816436,0.013200632188641932,2.8656079239577457,0.08699698630409015,0.4709408782328998,0.25260710180147455,0.2764520199656256,1.665429736500174,1.0819631616983514,closing avg,3.0,0.0,E0-Brentfor-Tottenha,,,,,
E0,1,2026-08-23 14:00:00,Brighton,Aston Villa,4.0,0.0,3.23,0.35,oddalerts.com,2.82,0.31,2.15,3.6,3.0,2.19,3.54,3.08,2.07,3.41,3.52,2.05,3.5,3.5,0.3822038062531339,0.268450828999596,0.3493453647472701,1.4150622477589976,1.3164869232414063,1.7058839202450549,1.679421292659403,1.5071884033086762,1.433132045906292,0.9081536600690874,0.07584053448330093,0.016005805447611696,2.800301514690563,0.12385795082613602,0.4555588026551998,0.276541560556089,0.26789963678871126,1.6432179685216886,1.0802404709222229,closing avg,3.0,0.0,E0-Brighton-AstonVil,,,,,
E0,1,2026-08-23 14:00:00,Man City,Bournemouth,2.0,1.0,2.13,0.57,oddalerts.com,1.97,0.54,1.48,4.5,6.25,1.45,4.72,5.93,1.44,4.78,6.36,1.45,4.5,7.0,0.6687102664387087,0.19990454180058442,0.1313851917607069,2.2060353411167104,0.5940601170827051,1.3517050134930413,1.0294638449386293,2.2933032239705233,0.941872831042496,0.7286209802974453,0.193494477771803,0.07788454193075173,2.3793574186641386,0.4271481035640582,0.6545914939796393,0.19719911115704616,0.14820939486331455,2.160973593095964,0.6418272957469898,closing avg,3.0,0.0,E0-ManCity-Bournemo,,,,,
E0,1,2026-08-23 16:30:00,Newcastle,Liverpool,2.0,2.0,1.21,3.51,oddalerts.com,1.25,3.07,4.0,3.8,1.9,3.57,3.85,1.92,3.66,3.82,1.92,3.9,3.9,1.85,0.26326580712923586,0.25787483433469216,0.478859358536072,1.0476722557223996,1.6944529099429082,1.5296499430873538,1.6964383971453505,1.243543578584841,1.736971697009679,0.08486985610933459,0.11965236019313213,0.7954777836975333,0.3742619285211359,2.5060857112857318,0.2587747152716033,0.24793598374190268,0.4932893009864939,1.0242601295567124,1.7278038867013843,closing avg,1.0,1.0,E0-Newcastl-Liverpoo,,,,,
E0,1,2026-08-24 20:00:00,Fulham,Chelsea,2.0,3.0,1.55,1.86,oddalerts.com,1.25,1.87,3.6,3.8,1.9,3.66,3.76,1.89,3.57,3.5,2.02,3.6,3.5,2.05,0.22826147409344444,0.2483396319108267,0.5233988939957288,0.9331240541911601,1.818536313898013,1.4319723982416797,1.6518553529066136,1.1664982852281192,1.8516958210337984,0.31465065683377713,0.24246067651106915,0.4428886666551537,1.1864126470124006,1.5711266764765301,0.2640384816480184,0.2693192512809788,0.4666422670710028,1.061434696225034,1.6692460524939872,closing avg,0.0,3.0,E0-Fulham-Chelsea,,,,,
E0,2,2026-08-28 20:00:00,Crystal Palace,Man City,1.0,4.0,0.62,1.99,oddalerts.com,0.76,2.06,5.0,3.9,1.67,4.83,3.95,1.67,4.96,4.13,1.62,5.0,4.2,1.62,0.18234576276061282,0.23003704827275773,0.5876171889666294,0.7770743365545961,1.992888615172646,1.2673043885865076,1.5469867164876763,1.0632507211805386,2.031505793479951,0.09657515711556525,0.21454060964654273,0.6888842332378919,0.5042660809932384,2.2811933093602184,0.1900166427155459,0.22820400674796795,0.5817793505364861,0.7982539348946057,1.9735420583574264,closing avg,0.0,3.0,E0-CrystalP-ManCity,,,,,
E0,2,2026-08-29 12:30:00,Liverpool,Nott'm Forest,2.0,2.0,1.87,2.41,oddalerts.com,1.37,2.29,1.5,4.5,5.75,1.57,4.39,5.53,1.46,4.7,6.09,1.48,4.5,6.0,0.6324586232527132,0.2143012920386286,0.15324008470865821,2.1116771617967682,0.6740215461646032,1.4472484656589932,1.1391570097224302,2.1704251461378883,0.995196726246727,0.29690511839613754,0.2061442905255867,0.49695059107827577,1.0968596457139994,1.6969960637604142,0.645005002659071,0.20036325614515824,0.15463174119577072,2.1353782641223713,0.6642584797324704,closing avg,1.0,1.0,E0-Liverpoo-NottmFor,,,,,
E0,2,2026-08-29 15:00:00,Bournemouth,Everton,1.0,1.0,2.66,1.14,oddalerts.com,2.4,1.27,2.05,3.5,3.6,2.1,3.5,3.41,2.18,3.46,3.24,2.2,3.5,3.25,0.4185187950131377,0.26622522695679196,0.3152559780300703,1.521781611996205,1.211993161047003,1.7170751074652633,1.6346016068027185,1.5910619423536143,1.3575838517039578,0.6902041460113713,0.17626693362422247,0.13352892036440628,2.246879371658336,0.5768536947174413,0.4342356021753614,0.2735935296943029,0.29217086813033577,1.5763003362203871,1.1501061340853103,closing avg,1.0,1.0,E0-Bournemo-Everton,,,,,
E0,2,2026-08-29 15:00:00,Coventry,Hull,0.0,1.0,1.18,0.55,oddalerts.com,1.06,0.38,1.9,3.5,4.2,1.87,3.53,4.19,1.72,3.82,4.72,1.73,3.9,4.75,0.5283759644690342,0.2471082292951754,0.22451580623579037,1.832236122702278,0.9206556480025465,1.645402700181406,1.4201436632183002,1.8649691711285783,1.158196088942792,0.5035876358434439,0.3354238434541306,0.16098852070242547,1.8461867509844623,0.818389405561407,0.5510648182107142,0.24812342600063567,0.20081175578865007,1.9013178806327784,0.8505586933665858,closing avg,0.0,3.0,E0-Coventry-Hull,,,,,
E0,2,2026-08-29 17:30:00,Tottenham,Newcastle,0.0,2.0,1.28,0.94,oddalerts.com,1.19,0.91,2.25,3.75,2.9,2.25,3.65,2.88,2.15,3.67,3.06,2.15,3.75,3.1,0.5069489195637921,0.2521762334967849,0.24087484693942302,1.773022992188161,0.974800774315054,1.6711059787430536,1.4698133063463632,1.808507234226169,1.1943551892532125,0.42959521316036936,0.3104013147472373,0.2600034720923934,1.5991869542283454,1.0904117310244175,0.43697786355482754,0.2559952061697219,0.3070269302754507,1.5669287968342045,1.177075996996074,closing avg,0.0,3.0,E0-Tottenha-Newcastl,,,,,
E0,2,2026-08-30 14:00:00,Chelsea,Brighton,4.0,3.0,3.37,1.36,oddalerts.com,2.94,1.75,1.83,4.0,4.0,1.82,3.85,3.93,1.83,3.83,3.89,1.83,3.8,4.0,0.5555464792515766,0.23982261507100472,0.20463090567741865,1.9064620528257346,0.8537153321032607,1.6051433694706807,1.3526708978995918,1.9392766653549545,1.1138173518963297,0.7528987079589152,0.13560363670370193,0.11149765533738284,2.3942997605804477,0.4700966027158504,0.5132827814774876,0.24524999741613637,0.24146722110637592,1.7850983418485993,0.9696516607352641,closing avg,3.0,0.0,E0-Chelsea-Brighton,,,,,
E0,2,2026-08-30 14:00:00,Leeds,Brentford,1.0,1.0,1.12,1.84,oddalerts.com,1.04,1.77,2.6,3.3,2.7,2.58,3.36,2.67,2.74,3.4,2.48,2.8,3.4,2.45,0.39612832131014963,0.26786255596422864,0.3360091227256217,1.4562475198946776,1.275889924141094,1.7123606085561756,1.6640495619700577,1.5390625338699147,1.403451745764197,0.2192409722667891,0.2493454829884048,0.5314135447448061,0.9070683997887721,1.843586117222823,0.34355748231689426,0.27686691222008536,0.37957560546302027,1.307539359170768,1.4155937286091462,closing avg,1.0,1.0,E0-Leeds-Brentfor,,,,,
E0,2,2026-08-30 14:00:00,Sunderland,Fulham,1.0,0.0,1.14,0.7,oddalerts.com,1.13,0.88,2.4,3.2,3.1,2.39,3.24,2.96,2.22,3.29,3.28,2.2,3.3,3.4,0.40347801657842397,0.26741744332914,0.329104540092436,1.477851493064412,1.2547310636064481,1.714674556982244,1.6550082621820956,1.5560243248709729,1.3881531062691514,0.4487565590176831,0.33854219880628506,0.21270124217603187,1.6848118758593342,0.9766459253343807,0.4252421522189733,0.28694151304745313,0.28781633473357343,1.562667969704373,1.1503905172481734,closing avg,3.0,0.0,E0-Sunderla-Fulham,,,,,
E0,2,2026-08-30 16:30:00,Man Utd,Ipswich,5.0,2.0,4.33,0.88,oddalerts.com,3.94,1.26,1.42,5.0,7.0,1.4,4.82,6.94,1.34,5.39,7.68,1.33,5.5,7.5,0.7478776536964414,0.16349231895401148,0.08863002734954709,2.407125280043336,0.4293824010026528,1.1001390883982767,0.7767933188091323,2.6081311582216538,0.8281792091594004,0.9103236493092106,0.061302509354156494,0.028373841336632892,2.792273457281788,0.14642403336405516,0.7026973807058343,0.17469656588976218,0.1226060534044034,2.282788708007265,0.5425147261029724,closing avg,3.0,0.0,E0-ManUtd-Ipswich,,,,,
E0,2,2026-08-31 20:00:00,Aston Villa,Arsenal,0.0,1.0,0.43,1.25,oddalerts.com,0.34,1.17,6.0,4.1,1.53,5.99,4.11,1.52,6.54,4.41,1.47,6.5,4.33,1.48,0.24933717043366743,0.254492074041482,0.49617075552485057,1.0025035853424842,1.7430043406160338,1.493513169319953,1.6819647423588027,1.212975437261058,1.7807450453220697,0.11735375576137527,0.3208778984384305,0.5617683458001942,0.6729391657225563,2.0061829358390133,0.14425907752698722,0.21393523061825315,0.6418056918547594,0.6467124631992148,2.1393523061825315,closing avg,0.0,3.0,E0-AstonVil-Arsenal,,,,,
E0,3,2026-09-04 20:00:00,Ipswich,Liverpool,0.0,2.0,1.03,0.71,oddalerts.com,,,,,,,,,,,,,,,0.13927102058163876,0.20538182617712827,0.6553471532412329,0.6231948879220446,2.171423285900827,1.0704491430797074,1.3884271187958808,0.9613873916978295,2.2467529932813,0.41065715461058905,0.355013737591021,0.23432910779838995,1.586985201422788,1.0580010609861907,,,,,,,0.0,3.0,E0-Ipswich-Liverpoo,,,,,
E0,3,2026-09-05 12:30:00,Newcastle,Bournemouth,2.0,2.0,0.76,1.36,oddalerts.com,,,,,,,,,,,,,,,0.4486711678916355,0.26274281791185633,0.28858601419650814,1.6087563215867628,1.1285008605013807,1.7126864266912047,1.586502753528073,1.6627977570894084,1.2990154640218565,0.19676964722009552,0.3048973195900049,0.49833303318989963,0.8952062612502915,1.7998964191597038,,,,,,,1.0,1.0,E0-Newcastl-Bournemo,,,,,
E0,3,2026-09-05 15:00:00,Brentford,Sunderland,1.0,1.0,1.26,2.4,oddalerts.com,,,,,,,,,,,,,,,0.4826242936251738,0.25717500518266967,0.26020070119215655,1.7050478860581908,1.0377771087591392,1.6936053540577283,1.5219999884476003,1.746409799828198,1.2368231100240556,0.17981313332939997,0.20194201038372983,0.6182448562868702,0.7413814103719297,2.0566765792443404,,,,,,,1.0,1.0,E0-Brentfor-Sunderla,,,,,
E0,3,2026-09-05 15:00:00,Brighton,Leeds,1.0,1.0,2.36,2.02,oddalerts.com,,,,,,,,,,,,,,,0.49324557579883127,0.2550930689403471,0.2516613552608217,1.7348297963368409,1.0100771347228121,1.684668828871704,1.4997894481978962,1.773279574827752,1.2180820388741087,0.45927227364298595,0.2067319695489806,0.33399575680803345,1.5845487904779385,1.208719239973081,,,,,,,1.0,1.0,E0-Brighton-Leeds,,,,,
E0,3,2026-09-05 15:00:00,Fulham,Crystal Palace,2.0,3.0,3.89,1.04,oddalerts.com,,,,,,,,,,,,,,,0.41322605922369415,0.2666872631179396,0.32008667765836624,1.506365440789022,1.2269472960930383,1.7165849549276828,1.6420676946532178,1.5786803689669042,1.3682313674512303,0.859188705941077,0.0893464388470403,0.05146485521188271,2.6669125566702716,0.24374100448268843,,,,,,,0.0,3.0,E0-Fulham-CrystalP,,,,,
E0,3,2026-09-05 15:00:00,Man City,Coventry,1.0,0.0,1.74,0.75,oddalerts.com,,,,,,,,,,,,,,,0.7909586832382018,0.140887149036866,0.06815416772493216,2.5137631987514717,0.3453496522116625,0.9405098787834509,0.6350082762785392,2.8189619677708677,0.7662394969124219,0.5996981551615701,0.2536054796145862,0.14669636522384372,2.0526999450992967,0.6936945752861173,,,,,,,3.0,0.0,E0-ManCity-Coventry,,,,,
E0,3,2026-09-05 15:00:00,Nott'm Forest,Tottenham,0.0,0.0,0.74,1.26,oddalerts.com,,,,,,,,,,,,,,,0.3084569476706551,0.26548922664096736,0.4260538256883775,1.1908600696529328,1.5436507037061,1.6234540501830759,1.7171161627840275,1.3426223074063204,1.6087919797583965,0.205908354934016,0.31940503817789745,0.4746866068880866,0.9371301029799455,1.7434648588421573,,,,,,,1.0,1.0,E0-NottmFor-Tottenha,,,,,
E0,3,2026-09-05 17:30:00,Hull,Aston Villa,0.0,0.0,0.71,1.34,oddalerts.com,,,,,,,,,,,,,,,0.1506945994959196,0.21274696226637171,0.6365584382377087,0.6648307607541305,2.122422276979498,1.1269984172847323,1.4370965845869135,0.9891009466561376,2.183801367597849,0.18573263844421556,0.3081103037617457,0.5061570577940389,0.8653082190943924,1.8265814771438622,,,,,,,1.0,1.0,E0-Hull-AstonVil,,,,,
E0,3,2026-09-06 14:00:00,Everton,Man Utd,2.0,2.0,1.07,0.84,oddalerts.com,,,,,,,,,,,,,,,0.256421321581092,0.25627780341695644,0.48730087500195157,1.0255417681602323,1.718180428422811,1.5123337794055685,1.6898416938193264,1.2285322808206578,1.7581955588152094,0.39078439592693387,0.3408609534654545,0.2683546506076116,1.513214141246256,1.1459249052882894,,,,,,,1.0,1.0,E0-Everton-ManUtd,,,,,
E0,3,2026-09-06 16:30:00,Arsenal,Chelsea,2.0,1.0,2.26,0.47,oddalerts.com,,,,,,,,,,,,,,,0.5221968694204577,0.24863215538219266,0.2291709751973496,1.8152227636435658,0.9361450809742414,1.6533702985165277,1.43480331952607,1.8485049099122683,1.1685119084171194,0.7760104025036828,0.16907249954378673,0.05491709795253047,2.497103707054835,0.33382379340137813,,,,,,,3.0,0.0,E0-Arsenal-Chelsea,,,,,
E0,4,2026-09-12 15:00:00,Aston Villa,Nott'm Forest,1.0,2.0,1.06,2.38,oddalerts.com,,,2.2,3.4,3.25,2.22,3.39,3.17,,,,,,,0.5161714230139324,0.250069720048721,0.2337588569373466,1.7985839890905182,0.9513462908607608,1.660708161361351,1.4488396673503132,1.8325943671223766,1.178656902340986,0.14487990520636634,0.19696349892521386,0.6581565958684199,0.6316032145443129,2.1714332865304735,0.42459550761571735,0.2780536952527707,0.29735079713151186,1.551840218099923,1.1701060866473063,pre-match avg,0.0,3.0,E0-AstonVil-NottmFor,,,,,
E0,4,2026-09-12 15:00:00,Bournemouth,Brentford,2.0,2.0,2.13,0.52,oddalerts.com,,,2.5,3.6,2.7,2.45,3.58,2.68,,,,,,,0.423962331060752,0.26570265458733106,0.31033501435191696,1.537589647769587,1.196707697643082,1.7171817092058963,1.6266084701563777,1.6038582346091894,1.346752445690018,0.7414616847941258,0.18908596474665182,0.0694523504592224,2.4134710191290294,0.39744301612431904,0.38483197895023946,0.26336266715868345,0.35180535389107714,1.417858604009402,1.318778728831915,pre-match avg,1.0,1.0,E0-Bournemo-Brentfor,,,,,
E0,4,2026-09-12 15:00:00,Chelsea,Hull,2.0,2.0,1.07,1.35,oddalerts.com,,,1.22,6.5,11.0,1.21,6.5,11.92,,,,,,,0.8150593560412744,0.1273874786812723,0.05755316527745327,2.5725655468050954,0.3000469745136321,0.8448281904441428,0.5553377792635675,2.955062686686764,0.7309489608228266,0.2837617741170031,0.29760138705989536,0.41863683882310154,1.1488867094109048,1.5535119035292002,0.7766001591689536,0.14456710655298985,0.07883273427805654,2.4743675840598507,0.38106530938715943,pre-match avg,1.0,1.0,E0-Chelsea-Hull,,,,,
E0,4,2026-09-12 15:00:00,Crystal Palace,Ipswich,2.0,3.0,0.92,1.83,oddalerts.com,,,1.85,3.8,3.9,1.84,3.74,3.98,,,,,,,0.540157380987707,0.24406498381202565,0.2157776352002673,1.864537126775147,0.8913978894128276,1.6289827155784686,1.3914735033647876,1.8967946873191501,1.1387632063925976,0.17501715407288954,0.24781350606392827,0.5771693398631822,0.7728649682825969,1.979321525653475,0.5116947404606395,0.25174286696459264,0.23656239257476797,1.7868270883465112,0.9614300446888966,pre-match avg,0.0,3.0,E0-CrystalP-Ipswich,,,,,
E0,4,2026-09-12 15:00:00,Liverpool,Fulham,0.0,0.0,1.37,0.83,oddalerts.com,,,1.42,5.0,6.25,1.44,4.85,6.37,,,,,,,0.6639370696175151,0.20188360418964227,0.13417932619284265,2.1936948130421876,0.6044215827681702,1.365020297979079,1.0441720902092462,2.276496439280708,0.9488264346604836,0.4827445420055858,0.30267536396831585,0.21458009402609834,1.7509089899850734,0.9464156460466109,0.6566131010195254,0.19495316813775604,0.14843373084271846,2.1647924711963324,0.6402543606659115,pre-match avg,1.0,1.0,E0-Liverpoo-Fulham,,,,,
E0,4,2026-09-12 17:30:00,Tottenham,Everton,0.0,0.0,0.7,1.31,oddalerts.com,,,2.0,3.6,3.6,2.02,3.53,3.55,,,,,,,0.5298760151912896,0.24673074299056663,0.2233932418181438,1.8363587885644352,0.916910468444998,1.6434012793743324,1.4165451122098354,1.868989247017179,1.155704883507094,0.1871290337618689,0.3126378779716161,0.5002330882665149,0.8740249792572228,1.8133371427711609,0.4670164833731474,0.26724455989058293,0.2657389567362698,1.6682940100100252,1.0644614300993922,pre-match avg,1.0,1.0,E0-Tottenha-Everton,,,,,
E0,4,2026-09-12 20:00:00,Sunderland,Arsenal,0.0,2.0,1.79,2.14,oddalerts.com,,,7.5,4.1,1.48,7.36,4.12,1.46,,,,,,,0.1477142220306853,0.21088769941594257,0.6413980785533722,0.6540303655079984,2.1350819350760593,1.1125599786855842,1.4248955369081626,0.9819285288354349,2.199752768729263,0.3215774246699066,0.2212726915517447,0.45714988377834875,1.1860049655614644,1.592722342886791,0.12775465126157504,0.2282219012828137,0.6440234474556112,0.6114858550675388,2.1602922436496472,pre-match avg,0.0,3.0,E0-Sunderla-Arsenal,,,,,
E0,4,2026-09-13 14:00:00,Coventry,Brighton,0.0,5.0,1.47,2.5,oddalerts.com,,,3.8,3.9,1.9,3.91,3.73,1.85,,,,,,,0.25430925306998603,0.25575971334125985,0.4899310335887542,1.018687472551218,1.7255528141075225,1.5068188242383453,1.6876065013656572,1.2238966068198982,1.7648549623913237,0.20790083552401226,0.19881481615286065,0.593284348323127,0.8225173227248974,1.978667861122242,0.2402823286893723,0.25187772256714364,0.507839948743484,0.9727247086352606,1.7753975687975958,pre-match avg,0.0,3.0,E0-Coventry-Brighton,,,,,
E0,4,2026-09-13 16:30:00,Man Utd,Man City,0.0,1.0,0.84,0.77,oddalerts.com,,,3.25,3.8,2.1,3.08,3.78,2.1,,,,,,,0.3622270253163221,0.26869043463381376,0.3690825400498641,1.35537151058278,1.3759380547834061,1.691701730781266,1.6972277644814473,1.4619913021962256,1.4774369702167283,0.3312271888547898,0.37750290606103576,0.2912699050841745,1.3711844726254052,1.2513126213135592,0.3047404063205418,0.2483069977426637,0.4469525959367946,1.162528216704289,1.5891647855530475,pre-match avg,0.0,3.0,E0-ManUtd-ManCity,,,,,
E0,4,2026-09-14 20:00:00,Leeds,Newcastle,4.0,1.0,1.96,0.77,oddalerts.com,,,2.38,3.5,2.88,2.38,3.45,2.81,,,,,,,0.3690552087956178,0.26869060727728766,0.3622541839270945,1.3758562336641411,1.3554531590585712,1.697207110725372,1.6917249962192782,1.4773752634478832,1.4620523664102882,0.6438456013575447,0.227324750276552,0.12882964836590335,2.158861554349186,0.613813695374262,0.39419272728751326,0.27193585244761787,0.33387142026486893,1.4545140343101577,1.2735501132422247,pre-match avg,3.0,0.0,E0-Leeds-Newcastl,,,,,
E0,5,2026-09-18 20:00:00,Brentford,Chelsea,3.0,0.0,2.13,0.89,oddalerts.com,,,,,,,,,,,,,,,0.2608492243315168,0.25732514171348053,0.48182563395500266,1.039872814708031,1.7028020435784885,1.5236326899283288,1.694221047693428,1.2382452794951941,1.7444039850332285,0.6492401643904602,0.21408000555392612,0.1366798300556137,2.1618004987253068,0.6241194957207673,,,,,,,3.0,0.0,E0-Brentfor-Chelsea,,,,,
E0,5,2026-09-19 12:30:00,Tottenham,Aston Villa,2.0,3.0,1.45,1.53,oddalerts.com,,,,,,,,,,,,,,,0.44946427051039006,0.2626322180910768,0.28790351139853315,1.611025029622247,1.1263427522866762,1.7124090066152253,1.5851158250491504,1.6647144220559047,1.2975198456756463,0.3492314581996091,0.2662545614144839,0.384513980385907,1.3139489360133112,1.419796502572205,,,,,,,0.0,3.0,E0-Tottenha-AstonVil,,,,,
E0,5,2026-09-19 15:00:00,Brighton,Arsenal,3.0,0.0,1.52,1.37,oddalerts.com,,,,,,,,,,,,,,,0.21750570263778607,0.24468608852434495,0.5378082088378691,0.8972031964377032,1.858110715037952,1.3972638365663879,1.6323845387263165,1.1426140703363357,1.8904020666962298,0.39820127772696096,0.270619891320685,0.331178830952354,1.4652237245015678,1.264156384177747,,,,,,,3.0,0.0,E0-Brighton-Arsenal,,,,,
E0,5,2026-09-19 15:00:00,Everton,Ipswich,1.0,0.0,1.57,1.27,oddalerts.com,,,,,,,,,,,,,,,0.577766604022955,0.2331761198317635,0.1890572761452815,1.9664759319006284,0.8003479482676079,1.566047965293913,1.2941347668431273,2.00260832530592,1.0785933388497408,0.43191334111572555,0.27089317900082566,0.2971934798834488,1.5666332023480023,1.162473618651172,,,,,,,3.0,0.0,E0-Everton-Ipswich,,,,,
E0,5,2026-09-19 15:00:00,Newcastle,Hull,2.0,1.0,1.36,1.64,oddalerts.com,,,,,,,,,,,,,,,0.6930638796044446,0.1894196117719486,0.1175165086236068,2.2686112505852822,0.541969137642769,1.2803975219298325,0.9533376432271631,2.3824228154056386,0.9066400749827574,0.30728875071642203,0.262647422200963,0.430063827082615,1.1845136743502291,1.552838903448808,,,,,,,3.0,0.0,E0-Newcastl-Hull,,,,,
E0,5,2026-09-19 17:30:00,Nott'm Forest,Coventry,0.0,1.0,1.37,0.57,oddalerts.com,,,,,,,,,,,,,,,0.555325320039107,0.23988569719319888,0.20478898276769417,1.9058616573105196,0.8542526454962813,1.6055049207387615,1.3532389597650512,1.93865847775398,1.114172519185769,0.554367358212084,0.3022705625911894,0.14336207919672656,1.9653726372274416,0.7323568001813691,,,,,,,0.0,3.0,E0-NottmFor-Coventry,,,,,
E0,5,2026-09-20 14:00:00,Bournemouth,Liverpool,0.0,1.0,1.12,1.53,oddalerts.com,,,,,,,,,,,,,,,0.24188458945728647,0.25246323626132483,0.5056521742813886,0.9781170046331842,1.7694197591054908,1.4727116666243103,1.6724865208808897,1.19657951019762,1.8051454011971733,0.26600865160190734,0.27880729925977427,0.4551840491383184,1.0768332540654963,1.6443594466747296,,,,,,,0.0,3.0,E0-Bournemo-Liverpoo,,,,,
E0,5,2026-09-20 14:00:00,Leeds,Crystal Palace,0.0,0.0,1.35,0.88,oddalerts.com,,,,,,,,,,,,,,,0.42739275608732125,0.26534893366341633,0.3072583102492625,1.54752720192538,1.1871238644112037,1.7170432977503114,1.6214106564521886,1.6119555735919946,1.339987301999132,0.4643481673422417,0.30415910620456577,0.23149272645319252,1.6972036082312911,0.9986372855641433,,,,,,,1.0,1.0,E0-Leeds-CrystalP,,,,,
E0,5,2026-09-20 14:00:00,Man City,Sunderland,5.0,3.0,2.47,2.77,oddalerts.com,,,,,,,,,,,,,,,0.7250202799666099,0.17469209221948054,0.10028762781390957,2.3497529321193102,0.4755549756612093,1.1785357699156735,0.8511282076685333,2.509190613564009,0.8608353579531269,0.3567048651035827,0.18493274474604002,0.4583623901503773,1.255047340056788,1.5600199151971719,,,,,,,3.0,0.0,E0-ManCity-Sunderla,,,,,
E0,5,2026-09-20 16:30:00,Fulham,Man Utd,1.0,1.0,1.49,2.1,oddalerts.com,,,,,,,,,,,,,,,0.21997699292695985,0.24555769270769348,0.5344653143653467,0.905488671488573,1.8489536358037337,1.4054408948561914,1.6371159746439683,1.148114245478822,1.8813458752087606,0.2641720598023246,0.22748530778896664,0.5083426324087088,1.0200014871959404,1.7525132050150931,,,,,,,1.0,1.0,E0-Fulham-ManUtd,,,,,
E0,6,2026-10-10 12:30:00,Arsenal,Leeds,,,,,,,,,,,,,,,,,,,,0.7186983376998995,0.17769210021657444,0.10360956208352601,2.3337871133162733,0.48852078646715247,1.1994148492345662,0.8715256001578234,2.483119535618217,0.8698735477759549,,,,,,,,,,,,,,E0-Arsenal-Leeds,0.7107895177819705,0.1825990547408538,0.10661142747717567,2.3149676080867656,0.5024333371723808
E0,6,2026-10-10 15:00:00,Aston Villa,Brentford,,,,,,,,,,,,,,,,,,,,0.507824654197907,0.2519811235339318,0.24019422226816117,1.7754550861276528,0.9725637903384152,1.6701622484585439,1.4678487976699572,1.8107810209412947,1.1928554447059379,,,,,,,,,,,,,,E0-AstonVil-Brentfor,0.48089241093681256,0.2568701653247669,0.2622374237384205,1.6995473981352047,1.0435824365400284
E0,6,2026-10-10 15:00:00,Chelsea,Bournemouth,,,,,,,,,,,,,,,,,,,,0.5979712471101264,0.22661242338773468,0.17541632950213892,2.020526164718114,0.7528614118941515,1.5258276650683813,1.2385590833877298,2.0624683308553426,1.0472888081167333,,,,,,,,,,,,,,E0-Chelsea-Bournemo,0.5726918976241473,0.2349799264730543,0.1923281759027984,1.9530556193454962,0.8119644541814496
E0,6,2026-10-10 15:00:00,Ipswich,Fulham,,,,,,,,,,,,,,,,,,,,0.31992368799760573,0.26667248806163646,0.4134038239407578,1.2264435520544537,1.5068839598839099,1.6418218936641424,1.7166076349730437,1.3678718587309224,1.579095283094715,,,,,,,,,,,,,,E0-Ipswich-Fulham,0.31762069400828835,0.26643756805345425,0.41594173793825734,1.2192996500783193,1.5142627818682264
E0,6,2026-10-10 15:00:00,Sunderland,Brighton,,,,,,,,,,,,,,,,,,,,0.32315029909901033,0.26695449224193846,0.40989520865905127,1.2364053895389695,1.4966401182190923,1.6466088968520207,1.7160797267105417,1.3749923853766628,1.5709177905071048,,,,,,,,,,,,,,E0-Sunderla-Brighton,0.3293272918233585,0.26255177964388704,0.40812092853275445,1.2505336551139625,1.4869145652421503
E0,6,2026-10-10 17:30:00,Man Utd,Tottenham,,,,,,,,,,,,,,,,,,,,0.4973972441056238,0.2542365687227733,0.24836618717160291,1.7464283010396446,0.9993351302375819,1.6807999550011683,1.490861550740235,1.7838838461306747,1.2108411680979894,,,,,,,,,,,,,,E0-ManUtd-Tottenha,0.516912698429385,0.2505488557341765,0.23253844583643846,1.8012869510223317,0.9481641932434919
E0,6,2026-10-11 14:00:00,Crystal Palace,Nott'm Forest,,,,,,,,,,,,,,,,,,,,0.3991613739670621,0.26768997881416157,0.33314864721877635,1.4651741007153478,1.2671359204704906,1.713407199110692,1.6603943628365512,1.5460502092587989,1.3971085719367022,,,,,,,,,,,,,,E0-CrystalP-NottmFor,0.3766585425697949,0.2692651411347199,0.3540763162954852,1.3992407688441046,1.3314940900211756
E0,6,2026-10-11 14:00:00,Hull,Everton,,,,,,,,,,,,,,,,,,,,0.2031429886851982,0.2392246414485298,0.557632369866272,0.8486536075041244,1.9121217510473456,1.3472985940855495,1.6017063794166102,1.1104721680922356,1.9451185379196203,,,,,,,,,,,,,,E0-Hull-Everton,0.2162948495570789,0.24825526620812813,0.535449884234793,0.8971398148793648,1.8546049189125071
E0,6,2026-10-11 16:30:00,Liverpool,Man City,,,,,,,,,,,,,,,,,,,,0.375804574352368,0.26860652228808923,0.35558890335954274,1.3960202453451935,1.3353732323667176,1.7019751660457472,1.6856849828024385,1.4926462854048166,1.4470943458745769,,,,,,,,,,,,,,E0-Liverpoo-ManCity,0.3751640667357816,0.2695644799982351,0.3552714532659833,1.39505668020558,1.335378839796185
E0,6,2026-10-12 20:00:00,Coventry,Newcastle,,,,,,,,,,,,,,,,,,,,0.26734591943314423,0.25876833536327004,0.47388574520358573,1.0608060936627028,1.6804255709740272,1.5395720419096453,1.6999099426121567,1.2524857697426262,1.7245704918818034,,,,,,,,,,,,,,E0-Coventry-Newcastl,0.28337351148003065,0.2650557477274051,0.45157074079256426,1.115176282167497,1.619767970105098
E0,7,2026-10-17 12:30:00,Everton,Chelsea,,,,,,,,,,,,,,,,,,,,0.26539203832913616,0.258345844387511,0.4762621172833528,1.0545219593749195,1.6871321962375696,1.5348576265458167,1.6982898523562815,1.2482040045823315,1.7304863564532225,,,,,,,,,,,,,,E0-Everton-Chelsea,0.27522544439476043,0.2607546751513841,0.4640198804538555,1.0864310083356654,1.6528143165129505
E0,7,2026-10-17 15:00:00,Brentford,Liverpool,,,,,,,,,,,,,,,,,,,,0.2405779495317752,0.2520912880307208,0.507330762437504,0.9738251366260463,1.7740835753432327,1.4689574370919596,1.6706956176656291,1.1937010235712655,1.8094983227356218,,,,,,,,,,,,,,E0-Brentfor-Liverpoo,0.25571504205184004,0.25422910279937166,0.4900558551487883,1.0213742289548917,1.7243966682457366
E0,7,2026-10-17 15:00:00,Fulham,Hull,,,,,,,,,,,,,,,,,,,,0.6275038279229892,0.216154289853465,0.1563418822235458,2.098665773622433,0.6851799365241024,1.4592907117861245,1.1537596844502043,2.1544222229760686,1.0025889897367595,,,,,,,,,,,,,,E0-Fulham-Hull,0.620167169192688,0.2203118361078542,0.1595209946994578,2.080813343685918,0.6988748202062276
E0,7,2026-10-17 15:00:00,Man City,Ipswich,,,,,,,,,,,,,,,,,,,,0.7974872347786396,0.13729100819331447,0.06522175702804595,2.529752712529233,0.3329562792774523,0.9150273346520574,0.6134269375354433,2.854332886170997,0.756744250281745,,,,,,,,,,,,,,E0-ManCity-Ipswich,0.7826849339808206,0.1459739460451247,0.07134111997405468,2.4940287479875867,0.35999730596728874
E0,7,2026-10-17 17:30:00,Newcastle,Aston Villa,,,,,,,,,,,,,,,,,,,,0.36702096395282324,0.2686995945815237,0.36427944146565305,1.3697624864399933,1.3615379189784829,1.6956390008986604,1.6934290629561437,1.472785413783061,1.4666087671602681,,,,,,,,,,,,,,E0-Newcastl-AstonVil,0.3655179156610691,0.26979325964398104,0.3646888246949499,1.3663470066271883,1.3638597337288307
E0,7,2026-10-18 14:00:00,Bournemouth,Sunderland,,,,,,,,,,,,,,,,,,,,0.4842985095665723,0.2568573490935768,0.2588441413398509,1.7097528777932935,1.0333897731131296,1.6922890320702786,1.5185601979774292,1.7506210865354008,1.2338478135635784,,,,,,,,,,,,,,E0-Bournemo-Sunderla,0.48225396478785093,0.25689793735888433,0.2608480978532647,1.7036598317224372,1.0394422309186784
E0,7,2026-10-18 14:00:00,Brighton,Crystal Palace,,,,,,,,,,,,,,,,,,,,0.4984296454939291,0.25401989083110293,0.24755046367496797,1.74930882731289,0.9966712818560068,1.6798053269616662,1.4886204198293191,1.786529933862773,1.20904775176631,,,,,,,,,,,,,,E0-Brighton-CrystalP,0.5245356026370834,0.24477043927334324,0.23069395808957333,1.8183772471845934,0.9368523135420632
E0,7,2026-10-18 14:00:00,Leeds,Man Utd,,,,,,,,,,,,,,,,,,,,0.2308893343259827,0.24917799164744975,0.5199326740265675,0.9418459946253979,1.8089760137271522,1.4401081229893893,1.6561778396463795,1.172314037407754,1.842509712479634,,,,,,,,,,,,,,E0-Leeds-ManUtd,0.23179381789029857,0.25032686968327345,0.517879312426428,0.9457083233541692,1.8039648069625576
E0,7,2026-10-18 16:30:00,Nott'm Forest,Arsenal,,,,,,,,,,,,,,,,,,,,0.18050521694767763,0.22914593015745163,0.5903488528948707,0.7706615810004845,2.0001924888420635,1.2597736102563841,1.5415156137910797,1.059023608516905,2.0396145870864415,,,,,,,,,,,,,,E0-NottmFor-Arsenal,0.1887648964115754,0.23625479393164128,0.5749803096567834,0.8025494831663675,1.9611957229019914
E0,7,2026-10-19 20:00:00,Tottenham,Coventry,,,,,,,,,,,,,,,,,,,,0.6734772590713631,0.19790308738378778,0.12861965354484908,2.2183348645978773,0.5837620480183351,1.338188847535573,1.0147018405808685,2.310294970741648,0.9349455490986935,,,,,,,,,,,,,,E0-Tottenha-Coventry,0.6491135228914636,0.20997763639541614,0.14090884071312024,2.157318205069807,0.6327041585347768
E0,8,2026-10-23 20:00:00,Ipswich,Nott'm Forest,,,,,,,,,,,,,,,,,,,,0.2909228643452499,0.26311315004133945,0.4459639856134106,1.1358817430770891,1.6010051068815714,1.591191594892742,1.7135716683011628,1.3041371063255527,1.6562675730359886,,,,,,,,,,,,,,E0-Ipswich-NottmFor,0.28967297344688836,0.2649057223172054,0.44542130423590626,1.1339246426578704,1.601169635024924
E0,8,2026-10-24 12:30:00,Aston Villa,Man City,,,,,,,,,,,,,,,,,,,,0.27091850660732164,0.2595154936089467,0.46956599978373165,1.0722710134309117,1.6682134929601418,1.5480169268306867,1.7026732335682553,1.260313067974943,1.7138598772689582,,,,,,,,,,,,,,E0-AstonVil-ManCity,0.2633424296571889,0.2600146105192271,0.476642959823584,1.0500418994907939,1.6899434899899792
E0,8,2026-10-24 15:00:00,Arsenal,Everton,,,,,,,,,,,,,,,,,,,,0.6896285969583872,0.19093760066449408,0.11943380237711873,2.2598233915396557,0.5492390077958502,1.290793212340187,0.9641783343739925,2.369490760325906,0.9115882771802444,,,,,,,,,,,,,,E0-Arsenal-Everton,0.6859806779199871,0.19394499013191077,0.12007433194810216,2.251887023891872,0.5541679859762173
E0,8,2026-10-24 15:00:00,Coventry,Fulham,,,,,,,,,,,,,,,,,,,,0.32769509361835614,0.2673145327463677,0.4049903736352762,1.250399813601436,1.4822856536521962,1.6530706814570668,1.715057136440735,1.3850352275348172,1.559527120363949,,,,,,,,,,,,,,E0-Coventry-Fulham,0.3189218270838901,0.2688978119909355,0.41218036092517446,1.225663293242606,1.505438894766459
E0,8,2026-10-24 17:30:00,Chelsea,Tottenham,,,,,,,,,,,,,,,,,,,,0.48634060031636983,0.25646454354007037,0.2571948561435598,1.71548634448918,1.0280491119707498,1.6906365482585497,1.5143332722082614,1.7557697957709841,1.2302296150683651,,,,,,,,,,,,,,E0-Chelsea-Tottenha,0.4906536550753258,0.2557770604622024,0.25356928446247184,1.72773802568818,1.016484913849618
E0,8,2026-10-25 14:00:00,Crystal Palace,Newcastle,,,,,,,,,,,,,,,,,,,,0.36419462880987236,0.2686993718291689,0.3671059993609588,1.3612832582587862,1.3700173699120453,1.6933589219023633,1.6957057722170803,1.466417846894656,1.472977163074018,,,,,,,,,,,,,,E0-CrystalP-Newcastl,0.36829860543785975,0.2682529056647615,0.36344848889737874,1.373148721978341,1.3585983723568977
E0,8,2026-10-25 14:00:00,Hull,Brentford,,,,,,,,,,,,,,,,,,,,0.20711926547910464,0.24080572758787458,0.5520750069330208,0.8621635240251885,1.897030748386937,1.3615531747402847,1.6107551296595588,1.119403263750001,1.929599519626198,,,,,,,,,,,,,,E0-Hull-Brentfor,0.2107831759184126,0.24352164135358467,0.5456951827280027,0.8758711691088225,1.8806071895375926
E0,8,2026-10-25 14:00:00,Liverpool,Brighton,,,,,,,,,,,,,,,,,,,,0.5808657297754191,0.23220113274207613,0.1869331374825048,1.9747983220683334,0.7930005451895905,1.5601642878769422,1.2857495054136314,2.0116428897135754,1.0737492280787213,,,,,,,,,,,,,,E0-Liverpoo-Brighton,0.5686632392010507,0.23332315305422016,0.19801360774472918,1.9393128706573721,0.8273639762884076
E0,8,2026-10-25 14:00:00,Man Utd,Bournemouth,,,,,,,,,,,,,,,,,,,,0.608786877357695,0.22289998205557573,0.16831314058672928,2.0492606141286607,0.7278394038157635,1.502512813655855,1.2079680495892533,2.095493354214667,1.0307835124628721,,,,,,,,,,,,,,E0-ManUtd-Bournemo,0.5984203693508383,0.22709881001306925,0.17448082063609244,2.0223599180655842,0.7505412719213467
E0,8,2026-10-25 16:30:00,Sunderland,Leeds,,,,,,,,,,,,,,,,,,,,0.3895239606238541,0.2681836866518259,0.34229235272432,1.4367555685233881,1.295060744824786,1.709632768583548,1.671632528384577,1.5239036953325777,1.4174124038255584,,,,,,,,,,,,,,E0-Sunderla-Leeds,0.400036675085111,0.26713044595663593,0.3328328789582531,1.4672404712119689,1.2656290828313952
E0,9,2026-10-31 12:30:00,Chelsea,Man Utd,,,,,,,,,,,,,,,,,,,,0.41155534780971625,0.26682358760640024,0.3216210645838835,1.501489631035549,1.2316867813580508,1.7163506057865776,1.6443608414891973,1.574783963275931,1.3716167108450092,,,,,,,,,,,,,,E0-Chelsea-ManUtd,0.3965458452132843,0.2674357061471413,0.3360184486395744,1.457073241786994,1.2754910520658644
E0,9,2026-10-31 15:00:00,Bournemouth,Leeds,,,,,,,,,,,,,,,,,,,,0.45055838661395264,0.26247807966695363,0.2869635337190937,1.6141532395088116,1.123368680824235,1.7120128785757363,1.5831926900820157,1.6673612143115184,1.2954601447244896,,,,,,,,,,,,,,E0-Bournemo-Leeds,0.4574401568347678,0.26285958453956376,0.27970025862566844,1.635180055043867,1.101960360416569
E0,9,2026-10-31 15:00:00,Brentford,Nott'm Forest,,,,,,,,,,,,,,,,,,,,0.4304836757595406,0.2650142080012838,0.3045021162391756,1.5564652352799058,1.1785205567188106,1.7167832612022167,1.6166225515450487,1.6192741990810067,1.3339309681003217,,,,,,,,,,,,,,E0-Brentfor-NottmFor,0.43200142388268414,0.2645007285728103,0.30349784754450554,1.5605050002208627,1.1749942712063268
E0,9,2026-10-31 15:00:00,Coventry,Sunderland,,,,,,,,,,,,,,,,,,,,0.34533107567301136,0.26831077343448384,0.3863581508925048,1.304304000453518,1.4273852261119984,1.675081528892535,1.7081055477442262,1.4241784839960425,1.5166638341139287,,,,,,,,,,,,,,E0-Coventry-Sunderla,0.33464059428690296,0.2694333238306345,0.39592608188246253,1.2733551066913433,1.457211569478022
E0,9,2026-10-31 15:00:00,Hull,Ipswich,,,,,,,,,,,,,,,,,,,,0.3298941298268091,0.26747329838941897,0.40263257178377193,1.2571556878698462,1.4753710137407348,1.6560800432871947,1.714446816257003,1.3899005055262663,1.5540680727949996,,,,,,,,,,,,,,E0-Hull-Ipswich,0.3350684687145488,0.2714054803241473,0.39352605096130383,1.2766108864677936,1.4519836332080587
E0,9,2026-10-31 15:00:00,Man City,Brighton,,,,,,,,,,,,,,,,,,,,0.6280954243130465,0.21593451418544024,0.1559700615015132,2.10022078712458,0.6838446986899799,1.457865978332669,1.1520214957726698,2.156323741943193,1.0017048729674953,,,,,,,,,,,,,,E0-ManCity-Brighton,0.6153526850596331,0.21898292889485596,0.1656643860455109,2.0650409840737556,0.7159760870313886
E0,9,2026-10-31 17:30:00,Tottenham,Crystal Palace,,,,,,,,,,,,,,,,,,,,0.5675744964837551,0.23630020418821118,0.1961252993280337,1.9390236936394767,0.8246761021723122,1.5846577880467283,1.3213372246463964,1.9732517446439268,1.094639853157597,,,,,,,,,,,,,,E0-Tottenha-CrystalP,0.5622630970942771,0.23795262145199983,0.19978428145372304,1.924741912734831,0.8373054658131689
E0,9,2026-10-31 20:00:00,Aston Villa,Fulham,,,,,,,,,,,,,,,,,,,,0.5493909067390017,0.24155547598573968,0.20905361727525862,1.8897281962027448,0.8687163278115155,1.6150009811130759,1.3683699732567425,1.9221554628702824,1.1237384497373346,,,,,,,,,,,,,,E0-AstonVil-Fulham,0.521114055344823,0.24914310960172945,0.22974283505344753,1.8124852756361984,0.9383716147620721
E0,9,2026-11-01 16:30:00,Liverpool,Arsenal,,,,,,,,,,,,,,,,,,,,0.3508900566795373,0.2684963525676096,0.38061359075285306,1.3211665226062217,1.4103371248261687,1.6810258822280293,1.7049678636803431,1.4365821689242357,1.5035687110174045,,,,,,,,,,,,,,E0-Liverpoo-Arsenal,0.34501587031932546,0.2700053706131936,0.38497875906748097,1.3050529815711698,1.4249416478156365
E0,9,2026-11-02 20:00:00,Newcastle,Everton,,,,,,,,,,,,,,,,,,,,0.4448180055864023,0.2632665540764318,0.29191544033716593,1.5977205708356388,1.1390128750879296,1.7139175818826926,1.5931551874948533,1.653508893209942,1.3063129015331822,,,,,,,,,,,,,,E0-Newcastl-Everton,0.4289290450524346,0.2661535548867538,0.30491740006081164,1.5529406900440577,1.1809057550691886
E0,10,2026-11-06 20:00:00,Everton,Coventry,,,,,,,,,,,,,,,,,,,,0.5691629746197349,0.2358216576198014,0.19501536776046374,1.943310581479006,0.8208677609011925,1.5818324131091432,1.3171360865770376,1.9777919852059267,1.092126986132519,,,,,,,,,,,,,,E0-Everton-Coventry,0.5603954422138673,0.24119111741627286,0.19841344036985986,1.9223774440578747,0.8364314385258524
E0,10,2026-11-07 12:30:00,Leeds,Tottenham,,,,,,,,,,,,,,,,,,,,0.2922494120805573,0.26331765011312497,0.4444329378063177,1.140065886354797,1.596616463532078,1.5938121336081918,1.7140299587483052,1.3070450462024525,1.6525826759190598,,,,,,,,,,,,,,E0-Leeds-Tottenha,0.31050390308393605,0.26720629777754407,0.4222897991385199,1.1987180070293522,1.5340756951931036
E0,10,2026-11-07 15:00:00,Arsenal,Hull,,,,,,,,,,,,,,,,,,,,0.8784785038001504,0.08886438950934653,0.03265710669050312,2.7242999009097977,0.18683570958085588,0.5733609736135667,0.3478707673492927,3.414029928399389,0.6326833816048824,,,,,,,,,,,,,,E0-Arsenal-Hull,0.8624219875107098,0.10004230284338797,0.03753570964590228,2.687308265375517,0.2126494317810948
E0,10,2026-11-07 15:00:00,Fulham,Newcastle,,,,,,,,,,,,,,,,,,,,0.3554923923905497,0.2686046855529283,0.3759029220565219,1.3350818627245773,1.396313451722494,1.6855926368917487,1.70203972860044,1.4468781672470679,1.492869302264591,,,,,,,,,,,,,,E0-Fulham-Newcastl,0.3829918243614355,0.2679784443962741,0.3490297312422905,1.4169539174805805,1.3150676381231454
E0,10,2026-11-07 17:30:00,Nott'm Forest,Man City,,,,,,,,,,,,,,,,,,,,0.19865290672318497,0.23737352885497298,0.563973564421842,0.8333322490245278,1.929294222120499,1.33080705209936,1.5909594131440095,1.1003531086512675,1.9630062232000878,,,,,,,,,,,,,,E0-NottmFor-ManCity,0.21110227316017782,0.24482621674534447,0.5440715100944777,0.8781330362258779,1.8770407470287778
E0,10,2026-11-08 14:00:00,Brighton,Brentford,,,,,,,,,,,,,,,,,,,,0.46627740568244114,0.2600661528915124,0.27365644142604645,1.6588983699388358,1.0810354771696518,1.7046190022477559,1.5543364228265137,1.705742597308853,1.2663106399569481,,,,,,,,,,,,,,E0-Brighton-Brentfor,0.46808365359276893,0.2552176974268745,0.27669864898035657,1.6594686582051814,1.085313644367944
E0,10,2026-11-08 14:00:00,Crystal Palace,Liverpool,,,,,,,,,,,,,,,,,,,,0.21620752367265272,0.24422039491034966,0.5395720814169976,0.8928429659283078,1.8629366391613424,1.3929195461565667,1.6298362061335707,1.1397215606425362,1.8951997352601333,,,,,,,,,,,,,,E0-CrystalP-Liverpoo,0.2121180082405748,0.2419588121330553,0.5459231796263699,0.8783128368547797,1.8797283510121652
E0,10,2026-11-08 14:00:00,Ipswich,Bournemouth,,,,,,,,,,,,,,,,,,,,0.2824236456176097,0.26170379711687414,0.4558725572655162,1.1089747339697031,1.6293214689134226,1.5736916470921873,1.7098683634443272,1.2855140954757647,1.6802616226472344,,,,,,,,,,,,,,E0-Ipswich-Bournemo,0.2802171248162132,0.2628293837775492,0.4569534914062376,1.1034807582261887,1.633689857996262
E0,10,2026-11-08 14:00:00,Sunderland,Chelsea,,,,,,,,,,,,,,,,,,,,0.21383861697314216,0.2433565475259309,0.542804835500927,0.8848723984453575,1.8717710540287118,1.3849049387537709,1.625073188334519,1.1344373167095199,1.9040276339508695,,,,,,,,,,,,,,E0-Sunderla-Chelsea,0.23466399645785918,0.2484868686906069,0.5168491348515339,0.9524788580641844,1.7990342732452087
E0,10,2026-11-08 16:30:00,Man Utd,Aston Villa,,,,,,,,,,,,,,,,,,,,0.5250303072790562,0.2479395728636153,0.22703011985732852,1.823030494700784,0.9290299324356008,1.6497721537661354,1.428114036218275,1.8560357287039313,1.1637707004209057,,,,,,,,,,,,,,E0-ManUtd-AstonVil,0.5421227889095781,0.24433282382971447,0.21354438726070743,1.8707011905584487,0.8849659856118367
E0,11,2026-11-21 12:30:00,Man City,Fulham,,,,,,,,,,,,,,,,,,,,0.7080178339364354,0.18266377929040953,0.10931838677315511,2.3067172810997154,0.5106189396098749,1.2338796697942644,0.9057975587604925,2.4402260190272,0.8851639082436666,,,,,,,,,,,,,,E0-ManCity-Fulham,0.6902505007785041,0.1908990914849545,0.11885040773654137,2.261650593820467,0.5474503146945786
E0,11,2026-11-21 15:00:00,Aston Villa,Sunderland,,,,,,,,,,,,,,,,,,,,0.568703914497203,0.23596027279511003,0.19533581270768693,1.942072016286719,0.8219677109181708,1.5826517868259748,1.3183516693722348,1.9764785751967413,1.092852726615056,,,,,,,,,,,,,,E0-AstonVil-Sunderla,0.5390944179762887,0.24410388245531617,0.21680169956839518,1.861387136384182,0.8945089811605016
E0,11,2026-11-21 15:00:00,Bournemouth,Nott'm Forest,,,,,,,,,,,,,,,,,,,,0.4321290075471787,0.26482987761815063,0.3030411148346707,1.5612169002596867,1.1739532221221627,1.7165927358862945,1.6140337433991794,1.6231789114289201,1.330722069385749,,,,,,,,,,,,,,E0-Bournemo-NottmFor,0.43189304211230584,0.2668314388956059,0.30127551899208826,1.5625105652325235,1.1706579958718706
E0,11,2026-11-21 15:00:00,Chelsea,Leeds,,,,,,,,,,,,,,,,,,,,0.6259063227980077,0.21674576042081242,0.15734791678117985,2.0944647288148355,0.6887895107643519,1.4631201653534793,1.158446021312436,2.1492998128837586,1.0049784525416605,,,,,,,,,,,,,,E0-Chelsea-Leeds,0.609133961889283,0.22291057611178577,0.1679554619989312,2.050312461779635,0.7267769621085793
E0,11,2026-11-21 15:00:00,Coventry,Crystal Palace,,,,,,,,,,,,,,,,,,,,0.31933791003258905,0.2666189198033994,0.41404317016401154,1.2246326499011666,1.5087484302954342,1.6409349828927473,1.716685625360567,1.3665799525230158,1.5805880922021074,,,,,,,,,,,,,,E0-Coventry-CrystalP,0.3327489593316148,0.2699738597798392,0.39727718088854597,1.2682207377746835,1.461805402445477
E0,11,2026-11-21 15:00:00,Tottenham,Ipswich,,,,,,,,,,,,,,,,,,,,0.6814746238633675,0.19448956083300944,0.12403581530362301,2.2389134324231117,0.5665970067438785,1.3150278177186783,0.9897797305144939,2.339283391239903,0.9233596955754573,,,,,,,,,,,,,,E0-Tottenha-Ipswich,0.6542239794150454,0.20659637165956027,0.13917964892539433,2.1692683099046963,0.6241353184357432
E0,11,2026-11-21 17:30:00,Newcastle,Arsenal,,,,,,,,,,,,,,,,,,,,0.20583999046475648,0.2403029391806571,0.5538570703545864,0.8578229105749264,1.9018741502444163,1.3570027074562272,1.607891289004015,1.1165328320470103,1.934560218923375,,,,,,,,,,,,,,E0-Newcastl-Arsenal,0.19516583734540055,0.2379301283731149,0.5669040342814845,0.8234276404093165,1.9386422312175684
E0,11,2026-11-22 14:00:00,Hull,Brighton,,,,,,,,,,,,,,,,,,,,0.17659323218956305,0.22720754830107281,0.5961992195093642,0.756987244869762,2.015805206829165,1.2435169491116271,1.529529892005777,1.0500090839178966,2.0571250602331905,,,,,,,,,,,,,,E0-Hull-Brighton,0.18150419962103276,0.22898744738537075,0.5895083529935965,0.7735000462484691,1.9975125063661603
E0,11,2026-11-22 16:30:00,Liverpool,Man Utd,,,,,,,,,,,,,,,,,,,,0.4364856804385157,0.26432128601985105,0.2991930335416332,1.5737783273353982,1.1619003866447506,1.7159141863758882,1.6070460794093289,1.6335487448249968,1.3222745919537298,,,,,,,,,,,,,,E0-Liverpoo-ManUtd,0.4272045284201573,0.26535383175137406,0.3074416398284686,1.546967417011846,1.18767875123678
E0,11,2026-11-23 20:00:00,Brentford,Everton,,,,,,,,,,,,,,,,,,,,0.4168853425954815,0.2663726931048916,0.3167419642996269,1.517028720891336,1.2165985860037722,1.7169646364550215,1.6369382523351559,1.5872344904511408,1.3608575248299082,,,,,,,,,,,,,,E0-Brentfor-Everton,0.4303443426579012,0.2643043581005388,0.30535129924155996,1.5553373860742425,1.1803582558252188
E0,12,2026-11-27 20:00:00,Nott'm Forest,Chelsea,,,,,,,,,,,,,,,,,,,,0.2541315386874112,0.2557155693534332,0.49015289195915557,1.0181101854156667,1.7261742452309,1.5063510678930108,1.6874140720873663,1.2235064625353167,1.7654177285864983,,,,,,,,,,,,,,E0-NottmFor-Chelsea,0.2734987355538438,0.26085077046378197,0.4656504939823742,1.0813469771253132,1.6578022524109044
E0,12,2026-11-28 15:00:00,Leeds,Coventry,,,,,,,,,,,,,,,,,,,,0.5366604121442473,0.2449869803258199,0.2183526075299328,1.8549682167585617,0.9000448029156183,1.6340236044396068,1.400079800839801,1.8872872479839442,1.144499864717136,,,,,,,,,,,,,,E0-Leeds-Coventry,0.5333444606730607,0.24864696179410287,0.2180085775328364,1.8486803438132853,0.902672694392612
E0,12,2026-11-28 15:00:00,Man Utd,Brentford,,,,,,,,,,,,,,,,,,,,0.610421021800504,0.22232716755778945,0.1672518106417066,2.0535902329593014,0.7240825994829093,1.4988835188564877,1.2032978524592215,2.100546419828765,1.0283038639898667,,,,,,,,,,,,,,E0-ManUtd-Brentfor,0.6031081388783261,0.22381901731648568,0.17307284380518817,2.033143433951464,0.7430375487320502
E0,12,2026-11-28 17:30:00,Ipswich,Aston Villa,,,,,,,,,,,,,,,,,,,,0.21571114861553825,0.24404089454355657,0.5402479568409051,0.8911743403901713,1.8647847650662719,1.391249527113544,1.6288502860884315,1.1386149644219357,1.897041640495751,,,,,,,,,,,,,,E0-Ipswich-AstonVil,0.23466938194652043,0.25196971338747276,0.5133609046660068,0.955977859227034,1.7920524273854932
E0,12,2026-11-29 12:00:00,Everton,Liverpool,,,,,,,,,,,,,,,,,,,,0.2449380452310502,0.2533134236580875,0.5017485311108623,0.9881275593512381,1.7585590169906742,1.4813597571881048,1.6765203874166414,1.2033014965363853,1.795061342662168,,,,,,,,,,,,,,E0-Everton-Liverpoo,0.24932423772044132,0.2552976471023224,0.4953781151772363,1.0032703602636464,1.7414319926340314
E0,12,2026-11-29 14:05:00,Brighton,Newcastle,,,,,,,,,,,,,,,,,,,,0.4380882749055318,0.264126755339332,0.2977849697551362,1.5783915800559276,1.1574816646047406,1.71560124949767,1.6044276792393968,1.6373746118924375,1.3191849832724138,,,,,,,,,,,,,,E0-Brighton-Newcastl,0.4666999511489158,0.25703786208889595,0.2762621867621882,1.6571377155356435,1.0858244223754607
E0,12,2026-11-29 14:05:00,Crystal Palace,Hull,,,,,,,,,,,,,,,,,,,,0.6364716995148072,0.21278004385582194,0.15074825662937086,2.1221951424002437,0.6650248137439345,1.4373131170618958,1.1272563506250048,2.1835170845999,0.9892297226498645,,,,,,,,,,,,,,E0-CrystalP-Hull,0.6051539767938974,0.22569416430505437,0.16915185890104825,2.0411560946867464,0.7331497410081992
E0,12,2026-11-29 14:05:00,Fulham,Bournemouth,,,,,,,,,,,,,,,,,,,,0.3806564021286247,0.268495185936841,0.35084841193453425,1.4104643923227151,1.3210404217404437,1.7049930030841776,1.68098309747548,1.5036661070500363,1.4364891180779429,,,,,,,,,,,,,,E0-Fulham-Bournemo,0.38085418637495577,0.26870667743721166,0.3504391361878326,1.4112692365620791,1.3200240860007093
E0,12,2026-11-29 14:05:00,Sunderland,Tottenham,,,,,,,,,,,,,,,,,,,,0.26387626369241945,0.2580112704532807,0.47811246585429984,1.049640061530539,1.6923486680161801,1.5311533849152223,1.6969794490058403,1.2448817349212857,1.7351045801443765,,,,,,,,,,,,,,E0-Sunderla-Tottenha,0.29086480614204824,0.26254219973782145,0.4465929941201303,1.1351366181639662,1.6023211820982124
E0,12,2026-11-29 16:30:00,Arsenal,Man City,,,,,,,,,,,,,,,,,,,,0.44852374646876775,0.2627632711225146,0.28871298240871773,1.6083345105288178,1.1289022183486677,1.712737091583452,1.5867598942084316,1.6624416676674347,1.299293708771561,,,,,,,,,,,,,,E0-Arsenal-ManCity,0.45164953733599333,0.2649073908529224,0.28344307181108425,1.6198560028609026,1.1152366062861752
E0,13,2026-12-02 20:00:00,Aston Villa,Everton,,,,,,,,,,,,,,,,,,,,0.5022422672939549,0.25320703792680604,0.24455069477923902,1.759933839808671,0.9868591222645231,1.6760203230687076,1.4802723637432518,1.7963338069327204,1.2024491170091867,,,,,,,,,,,,,,E0-AstonVil-Everton,0.4862434243027912,0.25802854535556446,0.2557280303416443,1.7167588182639382,1.0252126363804974
E0,13,2026-12-02 20:00:00,Bournemouth,Brighton,,,,,,,,,,,,,,,,,,,,0.3809928662897018,0.2684859034599682,0.35052123025033005,1.4114645023290737,1.3200495942109585,1.7051896587322246,1.6806460445364226,1.504431664791247,1.435758134152088,,,,,,,,,,,,,,E0-Bournemo-Brighton,0.3849059775254737,0.26573664205483655,0.3493573804196897,1.4204545746312576,1.3138087833139058
E0,13,2026-12-02 20:00:00,Brentford,Arsenal,,,,,,,,,,,,,,,,,,,,0.18607139903369913,0.2318007411829116,0.5821278597833893,0.790014938284009,1.9781843205330798,1.2823197297743172,1.5577382732304925,1.0717810034306805,2.015337082002781,,,,,,,,,,,,,,E0-Brentfor-Arsenal,0.19514875278172777,0.23601697656851361,0.5688342706497587,0.821463234913697,1.9425197885177896
E0,13,2026-12-02 20:00:00,Chelsea,Crystal Palace,,,,,,,,,,,,,,,,,,,,0.6308962138351419,0.21488861843254145,0.1542151677323166,2.107577259937967,0.6775341216294913,1.4510726363411894,1.1437726420511445,2.1653598829363787,0.9975247149544907,,,,,,,,,,,,,,E0-Chelsea-CrystalP,0.6315899800048952,0.21392813829852778,0.15448188169657703,2.108698078313213,0.6773737833882588
E0,13,2026-12-02 20:00:00,Coventry,Ipswich,,,,,,,,,,,,,,,,,,,,0.43082174449118277,0.2649766813678061,0.30420157414101107,1.5574419148413543,1.1775814037908392,1.716747063683747,1.6160928860829022,1.6200759960890705,1.3332707880459487,,,,,,,,,,,,,,E0-Coventry-Ipswich,0.4221930900755446,0.2691238872474884,0.30868302267696696,1.5357031574741222,1.1951729552783892
E0,13,2026-12-02 20:00:00,Hull,Nott'm Forest,,,,,,,,,,,,,,,,,,,,0.21314475050385848,0.24310005855545005,0.5437551909406915,0.8825343100670254,1.8743656313775245,1.3825360046446957,1.6236502569324074,1.1328880145984048,1.9066315224154737,,,,,,,,,,,,,,E0-Hull-NottmFor,0.21773216472957685,0.24920985286764483,0.5330579824027782,0.9024063470563753,1.8483838000759796
E0,13,2026-12-02 20:00:00,Liverpool,Sunderland,,,,,,,,,,,,,,,,,,,,0.6818975716303546,0.19430709395082785,0.12379533441881757,2.2399998088418913,0.5656930972072806,1.3137860950123095,0.9884564234922202,2.3408337804430945,0.9227481327576945,,,,,,,,,,,,,,E0-Liverpoo-Sunderla,0.6639076581845584,0.20112506952929082,0.13496727228615074,2.1928480440829663,0.606026886387743
E0,13,2026-12-02 20:00:00,Man City,Leeds,,,,,,,,,,,,,,,,,,,,0.6950227019475311,0.18854834378333052,0.11642895426913835,2.273616449625924,0.5378352065907456,1.274420901301518,0.9471422227570658,2.389853030190007,0.9038212696402789,,,,,,,,,,,,,,E0-ManCity-Leeds,0.6830333561711998,0.19476949601148114,0.12219714781731911,2.2438695645250806,0.5613609394634385
E0,13,2026-12-02 20:00:00,Newcastle,Man Utd,,,,,,,,,,,,,,,,,,,,0.27516645536736095,0.26036178631106927,0.4644717583215698,1.085861152413152,1.6537770612757785,1.5577654422972993,1.7056290428032477,1.2696181574577823,1.7012989199249264,,,,,,,,,,,,,,E0-Newcastl-ManUtd,0.25937289770427713,0.2572595970828323,0.4833675052128906,1.0353782901956636,1.7073621127215044
E0,13,2026-12-02 20:00:00,Tottenham,Fulham,,,,,,,,,,,,,,,,,,,,0.5768341089448195,0.23346720738825125,0.1896986836669293,1.9639695342227097,0.8025632583890391,1.567797856536659,1.2966475766745833,1.9998999502960637,1.0800540295429457,,,,,,,,,,,,,,E0-Tottenha-Fulham,0.5468196455964853,0.24233273023613325,0.21084762416738143,1.8827916670255893,0.8748756027382775
E0,14,2026-12-05 15:00:00,Aston Villa,Crystal Palace,,,,,,,,,,,,,,,,,,,,0.5400651230940061,0.2440895096314933,0.21584536727450057,1.8642848789135116,0.8916256114549951,1.6291175077319822,1.3917015840995046,1.89654318458488,1.138914219067881,,,,,,,,,,,,,,E0-AstonVil-CrystalP,0.5366118206827613,0.24525137218040982,0.21813680713682893,1.8550868342286937,0.8996617935908966
E0,14,2026-12-05 15:00:00,Bournemouth,Hull,,,,,,,,,,,,,,,,,,,,0.6684686266217411,0.20000533237454862,0.13152604100371026,2.205411212239772,0.5945834553856795,1.3523843568973168,1.0302102159895665,2.292447465963269,0.9422244269804387,,,,,,,,,,,,,,E0-Bournemo-Hull,0.658902954000828,0.20609497173807334,0.13500207426109867,2.1828038337405573,0.6111011945213694
E0,14,2026-12-05 15:00:00,Brentford,Man City,,,,,,,,,,,,,,,,,,,,0.20453790331556454,0.23978546161052078,0.5556766350739146,0.8533991715572145,1.9068153668322647,1.3523364454360616,1.6049303340880878,1.1136083741984855,1.939640586444629,,,,,,,,,,,,,,E0-Brentfor-ManCity,0.21812140741943975,0.24428479171273648,0.5375938008678238,0.8986490139710557,1.857066194316208
E0,14,2026-12-05 15:00:00,Chelsea,Liverpool,,,,,,,,,,,,,,,,,,,,0.3975961486232601,0.26778099756852314,0.33462285380821677,1.4605694434383034,1.2716495589931736,1.7128832360721882,1.662294080954941,1.5424420907081178,1.4003767227386594,,,,,,,,,,,,,,E0-Chelsea-Liverpoo,0.39188996434199697,0.26746174155595853,0.3406482941020445,1.4431316345819496,1.289406623862092
E0,14,2026-12-05 15:00:00,Everton,Fulham,,,,,,,,,,,,,,,,,,,,0.46884184058387723,0.2596381020211791,0.27152005739494367,1.6661636237728108,1.07419827420601,1.7031134460923294,1.5494166862685015,1.7120697326538927,1.2616308546333372,,,,,,,,,,,,,,E0-Everton-Fulham,0.4551266027562798,0.26204765738944624,0.28282573985427395,1.6274274656582857,1.110524876952268
E0,14,2026-12-05 15:00:00,Leeds,Ipswich,,,,,,,,,,,,,,,,,,,,0.5453346706572639,0.2426712337641836,0.21199409557855248,1.8786752457359754,0.8786535204998411,1.6212625907384308,1.3785860848843912,1.910967980114868,1.1303172122591834,,,,,,,,,,,,,,E0-Leeds-Ipswich,0.53800964209781,0.24565618262244335,0.21633417527974666,1.8596851089158732,0.8946587084616834
E0,14,2026-12-05 15:00:00,Man Utd,Coventry,,,,,,,,,,,,,,,,,,,,0.7406053015126466,0.16711551633574206,0.09227918215161135,2.388931420873682,0.4439530627905761,1.1255698963120118,0.800533833739111,2.575811173814353,0.838570785761984,,,,,,,,,,,,,,E0-ManUtd-Coventry,0.7358272609635186,0.17076127814395953,0.09341146089252189,2.378243061034515,0.4509956608215252
E0,14,2026-12-05 15:00:00,Newcastle,Sunderland,,,,,,,,,,,,,,,,,,,,0.5111078577275296,0.2512404280277995,0.23765171424467085,1.7845640012103885,0.9641955707618122,1.6665424731595349,1.4604327575531406,1.8193305101278043,1.1872499185693668,,,,,,,,,,,,,,E0-Newcastl-Sunderla,0.4809933752119587,0.25655036236458023,0.26245626242346115,1.6995304880004563,1.0439191496349636
E0,14,2026-12-05 15:00:00,Nott'm Forest,Brighton,,,,,,,,,,,,,,,,,,,,0.37152180058647916,0.26866950806250506,0.35980869135101584,1.3832349098219425,1.3480955821155525,1.6990268975907001,1.6895860317021771,1.4829484579410783,1.4565577032926271,,,,,,,,,,,,,,E0-NottmFor-Brighton,0.37382252908014557,0.26642752897991895,0.3597499419399355,1.3878951162203557,1.3456773547997254
E0,14,2026-12-05 15:00:00,Tottenham,Arsenal,,,,,,,,,,,,,,,,,,,,0.2717050337494685,0.2596756197731619,0.4686193464773696,1.0747907210215675,1.6655336592052707,1.5498458295243176,1.7032473681237899,1.2620360650050315,1.7115200269584918,,,,,,,,,,,,,,E0-Tottenha-Arsenal,0.2579400945191055,0.2592985788446239,0.48276132663627064,1.0331188624019403,1.7075825587534357
E0,15,2026-12-12 15:00:00,Arsenal,Bournemouth,,,,,,,,,,,,,,,,,,,,0.6931640472923499,0.18937515837197288,0.11746079433567719,2.2688673002490227,0.5417575413790044,1.2800927578638328,0.9530210737520439,2.3828017725779134,0.9064958843232405,,,,,,,,,,,,,,E0-Arsenal-Bournemo,0.6775083777309637,0.19761940445523737,0.1248722178137989,2.2301445376481284,0.5722360578966341
E0,15,2026-12-12 15:00:00,Brighton,Everton,,,,,,,,,,,,,,,,,,,,0.4607355549858191,0.2609583017453529,0.278306143268828,1.64316496670281,1.095876731551837,1.7075871888182772,1.564767780408068,1.6921334264252015,1.2764950838204365,,,,,,,,,,,,,,E0-Brighton-Everton,0.4736439546796981,0.2565064992946133,0.2698495460256886,1.6774383633337078,1.0660551373716791
E0,15,2026-12-12 15:00:00,Coventry,Aston Villa,,,,,,,,,,,,,,,,,,,,0.22213090902083216,0.2463015620238169,0.531567528955351,0.9126942890863134,1.8410041488898699,1.4124688778805352,1.6411130463922619,1.152901732904868,1.8735334836887028,,,,,,,,,,,,,,E0-Coventry-AstonVil,0.2362917346966222,0.2548606641268008,0.508847601176577,0.9637358682166675,1.7814034676565318
E0,15,2026-12-12 15:00:00,Crystal Palace,Man Utd,,,,,,,,,,,,,,,,,,,,0.22696174856014542,0.2479172235628838,0.5251210278769708,0.9288024692433201,1.823280307193796,1.427898933731704,1.6496553958549178,1.1636192030235006,1.856277375268081,,,,,,,,,,,,,,E0-CrystalP-ManUtd,0.21576041081065064,0.24352544384868868,0.5407141453406606,0.8908066762806406,1.8656678798706705
E0,15,2026-12-12 15:00:00,Fulham,Brentford,,,,,,,,,,,,,,,,,,,,0.38224931135760154,0.26844946017679516,0.3493012284656033,1.4151973942495997,1.316353145573605,1.7059095977043524,1.6793749125057005,1.50729204243434,1.433033505910049,,,,,,,,,,,,,,E0-Fulham-Brentfor,0.3838954600082064,0.26616551940643934,0.34993902058535425,1.4178518994310585,1.315982581162502
E0,15,2026-12-12 15:00:00,Hull,Tottenham,,,,,,,,,,,,,,,,,,,,0.1349152018609403,0.20239773774402928,0.6626870603950304,0.6071433433268502,2.190458918929121,1.0480115151463867,1.36847100578317,0.9506504501206721,2.2721285197159666,,,,,,,,,,,,,,E0-Hull-Tottenha,0.15552368659369986,0.21930231914107248,0.6251739942652277,0.685873378922172,2.0948243019367556
E0,15,2026-12-12 15:00:00,Ipswich,Newcastle,,,,,,,,,,,,,,,,,,,,0.26026538112557474,0.2571900288856396,0.4825445899887857,1.0379861722623638,1.7048237988519968,1.5221631652079386,1.693667153652557,1.2369649549933983,1.7462095359132697,,,,,,,,,,,,,,E0-Ipswich-Newcastl,0.2819164335803568,0.2624182114447759,0.4556653549748673,1.1081675121858463,1.629414276369378
E0,15,2026-12-12 15:00:00,Liverpool,Leeds,,,,,,,,,,,,,,,,,,,,0.650281322718405,0.20740650372147654,0.14231217356011847,2.1582504718766917,0.6343430244018319,1.4018933088311591,1.0858249931552797,2.2295032801103494,0.9688256659093549,,,,,,,,,,,,,,E0-Liverpoo-Leeds,0.6393367118118531,0.21204933203907772,0.14861395614906914,2.130059467474637,0.6578912004862851
E0,15,2026-12-12 15:00:00,Man City,Chelsea,,,,,,,,,,,,,,,,,,,,0.49551723691442084,0.254627369514322,0.24985539357125713,1.7411790802575844,1.0041935502280934,1.6825779122174627,1.4949212253359336,1.779074666727668,1.2141143035738828,,,,,,,,,,,,,,E0-ManCity-Chelsea,0.5014714145276146,0.25383391639851544,0.24469466907387,1.7582481599813593,0.9879179236201254
E0,15,2026-12-12 15:00:00,Sunderland,Nott'm Forest,,,,,,,,,,,,,,,,,,,,0.37177576463178086,0.2686667034976026,0.35955753187061656,1.383993997392945,1.3473392991094522,1.6992092003639274,1.6893613034084018,1.4835227784363574,1.455993821865448,,,,,,,,,,,,,,E0-Sunderla-NottmFor,0.3752801121328566,0.2686615879946659,0.3560582998724775,1.3945019243932357,1.3368364876120984
E0,16,2026-12-19 15:00:00,Arsenal,Man Utd,,,,,,,,,,,,,,,,,,,,0.5111239186305162,0.25123676900404573,0.23763931236543806,1.7846085248955945,0.9641547061003599,1.6665244495486617,1.460396282997517,1.8193724301041625,1.1872225632639362,,,,,,,,,,,,,,E0-Arsenal-ManUtd,0.5054349848156543,0.2540749775513484,0.2404900376329973,1.7703799319983113,0.9755450904503404
E0,16,2026-12-19 15:00:00,Bournemouth,Coventry,,,,,,,,,,,,,,,,,,,,0.5652897005444939,0.23698308336747737,0.19772721608802873,1.932852185000959,0.8301647316315635,1.588672819204941,1.3273545465148302,1.9667434734707205,1.0982621928767555,,,,,,,,,,,,,,E0-Bournemo-Coventry,0.5696481442451461,0.23835745755368495,0.19199439820116895,1.9473018902891233,0.8143406521571919
E0,16,2026-12-19 15:00:00,Brentford,Newcastle,,,,,,,,,,,,,,,,,,,,0.3947403040975226,0.26793628682406306,0.33732340907841435,1.4521571991166309,1.2799065140593062,1.7118384927555081,1.665686283798347,1.5358702908405717,1.4063687623112016,,,,,,,,,,,,,,E0-Brentfor-Newcastl,0.42346974596468867,0.2643504056420342,0.3121798483932771,1.5347596435361004,1.2008899508218656
E0,16,2026-12-19 15:00:00,Brighton,Ipswich,,,,,,,,,,,,,,,,,,,,0.6159994072188889,0.22034841978886424,0.16365217299224685,2.068346641445531,0.7113049387656047,1.4862852555798574,1.1872632608067453,2.117925304554713,1.0198659959134553,,,,,,,,,,,,,,E0-Brighton-Ipswich,0.6193135713928084,0.21727184483977216,0.16341458376741944,2.0752125590181976,0.7075155961420304
E0,16,2026-12-19 15:00:00,Chelsea,Aston Villa,,,,,,,,,,,,,,,,,,,,0.5139580032282582,0.2505856860222104,0.23545631074953138,1.7924596957069852,0.9569546182708046,1.6632959543425572,1.4539303413381715,1.8267845630188173,1.1824054372511963,,,,,,,,,,,,,,E0-Chelsea-AstonVil,0.5159325256864356,0.2504597672996007,0.23360770701396377,1.7982573443589074,0.9512828883414921
E0,16,2026-12-19 15:00:00,Leeds,Fulham,,,,,,,,,,,,,,,,,,,,0.43655939024916723,0.26431242634281343,0.29912818340801933,1.5739905970903152,1.1616969765668714,1.7159005388565918,1.6069262116503773,1.6337245768343758,1.3221322802068476,,,,,,,,,,,,,,E0-Leeds-Fulham,0.42809520018304625,0.2653653230032802,0.30653947681367355,1.549650923552419,1.1849837534443008
E0,16,2026-12-19 15:00:00,Liverpool,Tottenham,,,,,,,,,,,,,,,,,,,,0.5118575460413122,0.25106926342280644,0.23707319053588138,1.786641901546743,0.9622888350304506,1.6656978934320548,1.4587281762214772,1.8212882611002195,1.1859737121981828,,,,,,,,,,,,,,E0-Liverpoo-Tottenha,0.5221015469523163,0.24912958450301784,0.2287688685446659,1.8154342253599667,0.9354361901370155
E0,16,2026-12-19 15:00:00,Man City,Hull,,,,,,,,,,,,,,,,,,,,0.863225889535239,0.09853686938388499,0.038237241080875964,2.688214537989602,0.21324859262651288,0.6410724729423869,0.3971970768545802,3.2857982277978888,0.6573745100129329,,,,,,,,,,,,,,E0-ManCity-Hull,0.8436179238849556,0.11156712215066344,0.044814953964380955,2.64242089380553,0.2460119840438063
E0,16,2026-12-19 15:00:00,Nott'm Forest,Everton,,,,,,,,,,,,,,,,,,,,0.40878770184883606,0.26703928580569186,0.3241730123454721,1.4934023913521999,1.239558322842108,1.7158778999487474,1.648091561187801,1.5683416595923787,1.3772509241139441,,,,,,,,,,,,,,E0-NottmFor-Everton,0.4189017984929757,0.2682354590653527,0.3128627424416716,1.5249408545442797,1.2068236863903674
E0,16,2026-12-19 15:00:00,Sunderland,Crystal Palace,,,,,,,,,,,,,,,,,,,,0.39448811490733937,0.2679493280169457,0.3375625570757149,1.4514136727389637,1.2806369992440905,1.7117407127693927,1.6659812178654716,1.535290659567991,1.4068997206091214,,,,,,,,,,,,,,E0-Sunderla-CrystalP,0.42181147607132535,0.2641807059255806,0.314007818003094,1.5296151341395565,1.2062041599348625
E0,17,2026-12-26 12:30:00,Aston Villa,Leeds,,,,,,,,,,,,,,,,,,,,0.5348837530555001,0.2454493807342954,0.21966686621020454,1.8501006399007958,0.904449979364909,1.6365307804724623,1.4044214114529519,1.8824768778049887,1.1474244520435277,,,,,,,,,,,,,,E0-AstonVil-Leeds,0.5138329922169999,0.25195499583876724,0.2342120119442329,1.7934539724897667,0.954591031671466
E0,17,2026-12-26 15:00:00,Everton,Sunderland,,,,,,,,,,,,,,,,,,,,0.488194443781098,0.2561028735545078,0.2557026826643942,1.7206862048978016,1.0232109215476903,1.689091851858791,1.510466427559582,1.7604554944688122,1.226955186760767,,,,,,,,,,,,,,E0-Everton-Sunderla,0.47287162124477405,0.258628084210304,0.2685002945449219,1.677242947944626,1.0641289678450696
E0,17,2026-12-26 15:00:00,Fulham,Brighton,,,,,,,,,,,,,,,,,,,,0.3406915229477987,0.26810937191634476,0.39119910513585654,1.2901839407597409,1.4417066873239144,1.6697584774521983,1.7103831458645589,1.4138518154496624,1.5277414340010114,,,,,,,,,,,,,,E0-Fulham-Brighton,0.34506342930626166,0.2641028489214605,0.3908337217722778,1.2992931368402454,1.436604014238294
E0,17,2026-12-26 15:00:00,Ipswich,Brentford,,,,,,,,,,,,,,,,,,,,0.2838387193138718,0.2619504675825782,0.45421081310355,1.1134666255241934,1.624582906893228,1.57669101525119,1.7105781641448776,1.288613979834368,1.676219592369808,,,,,,,,,,,,,,E0-Ipswich-Brentfor,0.28221113846565704,0.26055067130967746,0.4572381902246655,1.1071840867066487,1.6322652419836738
E0,17,2026-12-26 15:00:00,Tottenham,Bournemouth,,,,,,,,,,,,,,,,,,,,0.5337775884568963,0.24573521758550707,0.22048719395759667,1.8470679829561958,0.9071967994582971,1.6380733800357037,1.4071139302564997,1.8794886079695272,1.1492487854627216,,,,,,,,,,,,,,E0-Tottenha-Bournemo,0.502534457055906,0.2544295381478862,0.24303600479620774,1.7620329093156044,0.9835375525365095
E0,17,2026-12-26 17:30:00,Hull,Liverpool,,,,,,,,,,,,,,,,,,,,0.09106996160164393,0.16592717719415764,0.7430028612041985,0.4391370619990894,2.394935760806753,0.792715472387761,1.1172356296409234,0.8351455135796197,2.586375625418568,,,,,,,,,,,,,,E0-Hull-Liverpoo,0.1022768885327071,0.1789770636932547,0.7187460477740382,0.48580772929137594,2.335215207015369
E0,17,2026-12-26 20:00:00,Newcastle,Man City,,,,,,,,,,,,,,,,,,,,0.2253771853403088,0.24739523540616026,0.5272275792535309,0.9235267914270866,1.8290779731667532,1.4228881689853297,1.646917216764141,1.160106689571047,1.8618977197680555,,,,,,,,,,,,,,E0-Newcastl-ManCity,0.21801464118258285,0.2461703416786094,0.5358150171388077,0.900214265226358,1.8536153930950328
E0,17,2026-12-27 14:00:00,Coventry,Chelsea,,,,,,,,,,,,,,,,,,,,0.15937264999402428,0.2179221969253496,0.6227051530806262,0.6960401469074224,2.0860376561672282,1.1678041607646619,1.4707154717033228,1.009775761187439,2.1390887789383686,,,,,,,,,,,,,,E0-Coventry-Chelsea,0.17006747439371683,0.22622519479967174,0.6037073308066114,0.7364276179808222,2.037347187219506
E0,17,2026-12-27 16:30:00,Man Utd,Nott'm Forest,,,,,,,,,,,,,,,,,,,,0.6185217379026242,0.21944188544174015,0.16203637665563564,2.075007099149613,0.7055510154086471,1.4804830650440666,1.179967039998288,2.1258503885004374,1.0160639768839292,,,,,,,,,,,,,,E0-ManUtd-NottmFor,0.6089408913840486,0.22376464726881556,0.16729446134713583,2.0505873214209616,0.7256480313102229
E0,17,2026-12-27 19:00:00,Crystal Palace,Arsenal,,,,,,,,,,,,,,,,,,,,0.16512119621639942,0.22116271057854647,0.613716093205054,0.7165262992277448,2.0623109901937084,1.1938435390411337,1.4914809291502795,1.0233147947234806,2.1107874244930405,,,,,,,,,,,,,,E0-CrystalP-Arsenal,0.15838180377279998,0.21854232314606567,0.6230758730811343,0.6936877344644656,2.0877699423894684
E0,18,2026-12-29 19:30:00,Hull,Leeds,,,,,,,,,,,,,,,,,,,,0.2270093994921441,0.24793280127604544,0.5250577992318105,0.9289609997524778,1.8231061989714772,1.4280488576442194,1.6497367816341129,1.1637247886845028,1.8561089537687911,,,,,,,,,,,,,,E0-Hull-Leeds,0.2368368641205853,0.254848196982329,0.5083149388970856,0.9653587893440849,1.7797930136735858
E0,18,2026-12-29 19:30:00,Tottenham,Brighton,,,,,,,,,,,,,,,,,,,,0.4908654736490212,0.2555733199955628,0.25356120635541596,1.7281697409426264,1.0162569390618106,1.6867919293270495,1.504846011003026,1.7672263596523619,1.2222542902907483,,,,,,,,,,,,,,E0-Tottenha-Brighton,0.46605334281039346,0.25762108697650626,0.2763255702131003,1.6557811154076867,1.0865977976158072
E0,18,2026-12-29 20:15:00,Everton,Man City,,,,,,,,,,,,,,,,,,,,0.2085296232024732,0.24135362035038868,0.5501167564471382,0.8669424899578083,1.8917038896918033,1.3665309482784027,1.6138608220995345,1.1225646931419326,1.9241652736773707,,,,,,,,,,,,,,E0-Everton-ManCity,0.21253383452842367,0.24493011170873866,0.5425360537628376,0.8825316152940097,1.8725382729972515
E0,18,2026-12-30 19:30:00,Coventry,Brentford,,,,,,,,,,,,,,,,,,,,0.2912174624619369,0.2631589221420818,0.4456236153959813,1.1368113095278924,1.6000297683300257,1.591776130828992,1.7136762011636777,1.3047828605965408,1.6554478643384833,,,,,,,,,,,,,,E0-Coventry-Brentfor,0.28368794263503405,0.26318122449231285,0.4531308328726531,1.114245052397415,1.6225737231102721
E0,18,2026-12-30 19:30:00,Crystal Palace,Bournemouth,,,,,,,,,,,,,,,,,,,,0.3895540955258062,0.26818239286306095,0.34226351161113283,1.4368446794404794,1.2949729276964594,1.709646619758903,1.6715991138965172,1.5239726917326957,1.4173482318401434,,,,,,,,,,,,,,E0-CrystalP-Bournemo,0.366216968293265,0.26893392577482006,0.36484910593191494,1.367584830654615,1.3634812435705648
E0,18,2026-12-30 19:30:00,Fulham,Arsenal,,,,,,,,,,,,,,,,,,,,0.15933189972957604,0.21789870221763388,0.6227693980527901,0.6958944014063619,2.086206896376004,1.1676167818750995,1.4705640702059464,1.0096793610645978,2.139293010528128,,,,,,,,,,,,,,E0-Fulham-Arsenal,0.16799897343937287,0.2239259253913038,0.6080751011693233,0.7279228457094225,2.0481512288992736
E0,18,2026-12-30 19:30:00,Man Utd,Sunderland,,,,,,,,,,,,,,,,,,,,0.6685566915017593,0.1999686069879945,0.13147470151024615,2.2056386814932725,0.594392711518733,1.3521368372044469,1.0299382250736182,2.29275928286437,0.9420962837849632,,,,,,,,,,,,,,E0-ManUtd-Sunderla,0.6589481390913368,0.20326699357798483,0.1377848673306784,2.1801114108519952,0.61662159557002
E0,18,2026-12-30 19:30:00,Newcastle,Nott'm Forest,,,,,,,,,,,,,,,,,,,,0.4585895087189961,0.2612916185605871,0.28011887272041675,1.6370601447175754,1.1016482367218374,1.7086312796088228,1.5687326355720042,1.6868864082992723,1.280465589960929,,,,,,,,,,,,,,E0-Newcastl-NottmFor,0.43057415875653915,0.26635282388250614,0.3030730173609547,1.5580753001521237,1.1755718759653702
E0,18,2026-12-30 20:15:00,Aston Villa,Liverpool,,,,,,,,,,,,,,,,,,,,0.31224599855203183,0.2659118633615512,0.42184213808641696,1.2026498590176466,1.531438277620802,1.6297591669346725,1.7171879079771357,1.3509569738506528,1.5988666121936659,,,,,,,,,,,,,,E0-AstonVil-Liverpoo,0.30436956871354326,0.26584784982141446,0.4297825814650423,1.1789565559620443,1.5551955942165414
E0,18,2026-12-30 20:15:00,Ipswich,Chelsea,,,,,,,,,,,,,,,,,,,,0.15410530427023622,0.21482266580792542,0.6310720299218383,0.6771385786186341,2.1080387555734403,1.1432537495863873,1.450643540104851,0.9972626110133883,2.1659289901634566,,,,,,,,,,,,,,E0-Ipswich-Chelsea,0.1683135910646114,0.2229840896677938,0.6087023192675948,0.727924862861628,2.0490910474705784
E0,19,2027-01-01 20:00:00,Leeds,Everton,,,,,,,,,,,,,,,,,,,,0.39078104427660987,0.26812837477547713,0.341090580947913,1.4404715076053067,1.291400117619216,1.7101996090422609,1.6702293395197696,1.5267832104496597,1.414739162191762,,,,,,,,,,,,,,E0-Leeds-Everton,0.3946612163129686,0.2694894803409928,0.33584930334603863,1.4534731292798986,1.2770373903791088
E0,19,2027-01-02 12:30:00,Brighton,Man Utd,,,,,,,,,,,,,,,,,,,,0.2887045986818121,0.26276192177375646,0.44853347954443146,1.1288757178191928,1.6083623604070507,1.5867429236282677,1.7127337552994994,1.2992753361368923,1.6624651757204,,,,,,,,,,,,,,E0-Brighton-ManUtd,0.2954976556151565,0.2602236850785149,0.4442786593063286,1.1467166519239844,1.5930596629975007
E0,19,2027-01-02 15:00:00,Arsenal,Ipswich,,,,,,,,,,,,,,,,,,,,0.8168341257828214,0.12636897479142212,0.05679689942575644,2.5768713521398863,0.29675967306869144,0.837610141357569,0.5494747660633934,2.965726202102571,0.7283207729926835,,,,,,,,,,,,,,E0-Arsenal-Ipswich,0.8057197323345833,0.13344339710830844,0.06083687055710829,2.5506025941120587,0.3159540087796333
E0,19,2027-01-02 15:00:00,Brentford,Crystal Palace,,,,,,,,,,,,,,,,,,,,0.45402955978672277,0.26197712303229603,0.2839933171809812,1.6240658023924643,1.1139570745752396,1.7106534306121222,1.5770166136649006,1.675779158408898,1.2889526577301842,,,,,,,,,,,,,,E0-Brentfor-CrystalP,0.4803167778978973,0.25565383299574757,0.26402938910635515,1.6966041666894394,1.047742000314813
E0,19,2027-01-02 15:00:00,Liverpool,Coventry,,,,,,,,,,,,,,,,,,,,0.7526546990957418,0.16108199568846993,0.08626330521578829,2.4190460929756954,0.4198719113358348,1.0831902876091695,0.7611593207017574,2.6298206936816486,0.821348773013145,,,,,,,,,,,,,,E0-Liverpoo-Coventry,0.7403099120792898,0.1684407475581938,0.09124934036251645,2.389370483796063,0.4421887686457432
E0,19,2027-01-02 15:00:00,Nott'm Forest,Fulham,,,,,,,,,,,,,,,,,,,,0.4550228751111215,0.2618304403930384,0.28314668449584013,1.6268990657264029,1.1112704938805589,1.7102357463316897,1.575228490286058,1.6781939286551788,1.2870979706921697,,,,,,,,,,,,,,E0-NottmFor-Fulham,0.45283593774125247,0.26275443558962236,0.2844096266691251,1.6212622488133797,1.1159833155969976
E0,19,2027-01-02 15:00:00,Sunderland,Hull,,,,,,,,,,,,,,,,,,,,0.6086945493677447,0.22293225283872872,0.16837319779352658,2.0490159009419626,0.7280518462193085,1.5027170348354284,1.2082315421971241,2.0952083656208482,1.0309237188254319,,,,,,,,,,,,,,E0-Sunderla-Hull,0.6041540275559802,0.22561652595909126,0.1702294464849285,2.038078608627032,0.7363048654138766
E0,19,2027-01-02 17:30:00,Bournemouth,Aston Villa,,,,,,,,,,,,,,,,,,,,0.34218058534905604,0.2681786636544008,0.38964075099654316,1.294720419701569,1.4371009166440303,1.6715029666036985,1.7096863780041769,1.4171637242148332,1.5241711053510978,,,,,,,,,,,,,,E0-Bournemo-AstonVil,0.3669063446699815,0.27046739633937006,0.36262625899064843,1.3711864303493144,1.3583461733113154
E0,19,2027-01-03 14:00:00,Chelsea,Newcastle,,,,,,,,,,,,,,,,,,,,0.5715283386778276,0.23510333255538549,0.19336832876678692,1.9496883485888683,0.8152083188557463,1.5775737240326455,1.3108536883248556,1.9845764858047676,1.08839342572584,,,,,,,,,,,,,,E0-Chelsea-Newcastl,0.5752961150136221,0.23369058393402764,0.19101330105235026,1.959578928974894,0.8067304870910784
E0,19,2027-01-03 16:30:00,Man City,Tottenham,,,,,,,,,,,,,,,,,,,,0.5601788569414399,0.23848727320511148,0.20133386985344864,1.9190238440294312,0.8424888827654575,1.5974444717245757,1.34070458430276,1.9522784776636055,1.1063995350627365,,,,,,,,,,,,,,E0-ManCity-Tottenha,0.5690649408467511,0.2371454725262821,0.19378958662696683,1.9443402950665352,0.8185142324071826
E0,20,2027-01-05 19:30:00,Arsenal,Brentford,,,,,,,,,,,,,,,,,,,,0.6946793538764527,0.18870136106919136,0.1166192850543559,2.2727394226985496,0.538559216232259,1.27547106246913,0.9482288971696895,2.388547652744037,0.9043152216446367,,,,,,,,,,,,,,E0-Arsenal-Brentfor,0.6824307654619697,0.19414732091251988,0.12342191362551044,2.241439617298429,0.5644130617890512
E0,20,2027-01-05 19:30:00,Brighton,Bournemouth,,,,,,,,,,,,,,,,,,,,0.4646101900201155,0.2603392902995545,0.27505051968033,1.6541698603599009,1.0854908493405446,1.7055530735574997,1.5575035834204676,1.7016392701061784,1.2693642171676147,,,,,,,,,,,,,,E0-Brighton-Bournemo,0.4642851635657388,0.25801962675828083,0.2776952096759804,1.6508751174554972,1.091105255786222
E0,20,2027-01-05 19:30:00,Everton,Aston Villa,,,,,,,,,,,,,,,,,,,,0.3457557620140176,0.26832708382892184,0.38591715415706057,1.3055943698709744,1.4260785463001036,1.6755522833162935,1.7078814510250502,1.4251248794182951,1.515656649599483,,,,,,,,,,,,,,E0-Everton-AstonVil,0.3581852443252067,0.27047026366080756,0.3713444920139857,1.3450259966364277,1.3845037397027649
E0,20,2027-01-05 19:30:00,Nott'm Forest,Hull,,,,,,,,,,,,,,,,,,,,0.6591120498624505,0.20385863081439717,0.1370293193231523,2.1811947804017486,0.614946588783854,1.37825640952462,1.0589631976658693,2.259711433973895,0.9558742623174041,,,,,,,,,,,,,,E0-NottmFor-Hull,0.6477218859701713,0.21090996078293084,0.14136815324689783,2.154075618693445,0.6350144205236243
E0,20,2027-01-05 20:15:00,Sunderland,Liverpool,,,,,,,,,,,,,,,,,,,,0.19567797340936685,0.23610787307229844,0.5682141535183347,0.8231417933003989,1.9407503336273026,1.3196472218788036,1.5835233972628249,1.093627416601712,1.9750785022488608,,,,,,,,,,,,,,E0-Sunderla-Liverpoo,0.21078683223456296,0.24079089123982808,0.5484222765256089,0.873151387943517,1.8860577208166547
E0,20,2027-01-06 19:30:00,Crystal Palace,Chelsea,,,,,,,,,,,,,,,,,,,,0.2353865868415673,0.25056466008923267,0.5140487530692,0.9567244206139345,1.7927109192968325,1.4537223246642696,1.663190997545938,1.182251514020137,1.8270224012275698,,,,,,,,,,,,,,E0-CrystalP-Chelsea,0.23603132402161195,0.24957063770194063,0.5143980382764474,0.9576646097667765,1.7927647525312829
E0,20,2027-01-06 19:30:00,Fulham,Tottenham,,,,,,,,,,,,,,,,,,,,0.27993554596657394,0.2612582759223843,0.4588061781110417,1.101064913822106,1.6376768102555093,1.5683342451714677,1.7085285440731006,1.2800640350138615,1.6874155830623039,,,,,,,,,,,,,,E0-Fulham-Tottenha,0.30568846611071243,0.2652527508800805,0.4290587830092071,1.1823181492122177,1.5524290999077017
E0,20,2027-01-06 19:30:00,Ipswich,Coventry,,,,,,,,,,,,,,,,,,,,0.41386533711504214,0.2666338870035985,0.31950077588135933,1.508229898348725,1.2251362146476765,1.7166644947659724,1.6411821254945949,1.5801727858322354,1.3669391217001532,,,,,,,,,,,,,,E0-Ipswich-Coventry,0.4176857224179146,0.2695658562452542,0.31274842133683123,1.5226230234989981,1.207811120255748
E0,20,2027-01-06 20:15:00,Leeds,Man City,,,,,,,,,,,,,,,,,,,,0.18581523548167483,0.23168117607788352,0.5825035884404416,0.789126882522908,1.979191941399208,1.2812970586926336,1.5570127311422914,1.071195578832923,2.0164384942228186,,,,,,,,,,,,,,E0-Leeds-ManCity,0.1931202977517848,0.23686066572919143,0.5700190365190239,0.8162215589845458,1.946917775286263
E0,20,2027-01-07 20:00:00,Man Utd,Newcastle,,,,,,,,,,,,,,,,,,,,0.5824748678676143,0.23169032159696426,0.18583481053542147,1.9791149251998073,0.7891947532032286,1.5570682452568545,1.2813752579322526,2.0163542754665795,1.0712403203550038,,,,,,,,,,,,,,E0-ManUtd-Newcastl,0.6010419822911172,0.22574933764120486,0.17320868006767798,2.028875284514556,0.7453753778442388
E0,21,2027-01-16 15:00:00,Aston Villa,Man Utd,,,,,,,,,,,,,,,,,,,,0.3250932286944018,0.267113702967577,0.40779306833802115,1.2423933890507826,1.4904929079816405,1.6494114280601047,1.7156822092662005,1.3792837930914439,1.566030146093942,,,,,,,,,,,,,,E0-AstonVil-ManUtd,0.3086482928730062,0.2665845257201,0.4247671814068938,1.1925294043391186,1.5408860699407814
E0,21,2027-01-16 15:00:00,Bournemouth,Ipswich,,,,,,,,,,,,,,,,,,,,0.573904601817993,0.2343748108978919,0.19172058728411515,1.9560886163518707,0.8095365727502374,1.5732335522384528,1.3045106338347279,1.9914211823967223,1.0846525180576765,,,,,,,,,,,,,,E0-Bournemo-Ipswich,0.5745044241210969,0.2352241458981284,0.19027142998077468,1.958737418261419,0.8060384358404524
E0,21,2027-01-16 15:00:00,Brentford,Brighton,,,,,,,,,,,,,,,,,,,,0.3794015954713344,0.2685280235184259,0.35207038101023974,1.4067328099324292,1.3247391665491453,1.7042451842200474,1.6822275932212594,1.500812610319346,1.4392203164793447,,,,,,,,,,,,,,E0-Brentfor-Brighton,0.3846138028149483,0.2633109586674724,0.3520752385175793,1.4171523671123174,1.3195366742202104
E0,21,2027-01-16 15:00:00,Chelsea,Sunderland,,,,,,,,,,,,,,,,,,,,0.6582185866764882,0.20422152822370862,0.13755988509980313,2.1788772882531733,0.6169011835231181,1.3806825710466013,1.061693423889713,2.256625343941771,0.9571814859736575,,,,,,,,,,,,,,E0-Chelsea-Sunderla,0.6341423106939899,0.21257620566109234,0.1532814836449178,2.115003137743062,0.6724206565958458
E0,21,2027-01-16 15:00:00,Coventry,Everton,,,,,,,,,,,,,,,,,,,,0.2864672438131681,0.2623958472147956,0.4511369089720363,1.1217975786543,1.6158065741309044,1.5821712340586584,1.7117971429584724,1.2943727243052077,1.6687619875175008,,,,,,,,,,,,,,E0-Coventry-Everton,0.28951137030640983,0.2668277116075686,0.4436609180860216,1.135361822526798,1.5978104658656334
E0,21,2027-01-16 15:00:00,Hull,Arsenal,,,,,,,,,,,,,,,,,,,,0.06312817722308202,0.13466102506024025,0.8022107977166777,0.3240455567294863,2.541293418210273,0.5978090972318557,0.8963859670714855,0.7498469707909717,2.8805877520869845,,,,,,,,,,,,,,E0-Hull-Arsenal,0.07055814886533243,0.14739030007734996,0.7820515510573176,0.35906474667334726,2.4935449532493026
E0,21,2027-01-16 15:00:00,Liverpool,Crystal Palace,,,,,,,,,,,,,,,,,,,,0.6551748069477137,0.20545117739246022,0.1393740156598261,2.1709755982356014,0.6235732243719385,1.3888893917874556,1.070973752177279,2.246162649197195,0.9616400667921399,,,,,,,,,,,,,,E0-Liverpoo-CrystalP,0.6613699362685905,0.20252492939947653,0.13610513433193294,2.1866347382052482,0.6108403323952754
E0,21,2027-01-16 15:00:00,Man City,Nott'm Forest,,,,,,,,,,,,,,,,,,,,0.6779759931816629,0.19599146621732444,0.12603254060101265,2.229919445762313,0.5740890880203624,1.3252346702633897,1.0007060506423873,2.326525894163067,0.9284229354245068,,,,,,,,,,,,,,E0-ManCity-NottmFor,0.6586856147008331,0.20539098883058174,0.13592339646858517,2.181447832933081,0.6131611782363372
E0,21,2027-01-16 15:00:00,Newcastle,Fulham,,,,,,,,,,,,,,,,,,,,0.49169211113409395,0.25540741592847754,0.2529004729374285,1.7304837493307594,1.0141088347407632,1.6860624094374805,1.5030949436660657,1.7693265804617373,1.2208034536147137,,,,,,,,,,,,,,E0-Newcastl-Fulham,0.4631605389599688,0.2601690353270765,0.2766704257129547,1.6496506522069827,1.0901803124659406
E0,21,2027-01-16 15:00:00,Tottenham,Leeds,,,,,,,,,,,,,,,,,,,,0.5624237989722759,0.23783053885160232,0.19974566217612177,1.92510193576843,0.8370675253799676,1.593627266502729,1.3348594563909555,1.9586165047929598,1.1028192577333193,,,,,,,,,,,,,,E0-Tottenha-Leeds,0.5394553829627118,0.24535506857521414,0.21518954846207408,1.8637212174633495,0.8909237139614364
E0,22,2027-01-23 15:00:00,Arsenal,Newcastle,,,,,,,,,,,,,,,,,,,,0.6685716096053246,0.1999623849003981,0.1314660054942773,2.205677213716372,0.59436040138323,1.3520949002407017,1.0298921476164598,2.2928121113165925,0.942074577039665,,,,,,,,,,,,,,E0-Arsenal-Newcastl,0.6801059097880597,0.19613079923389684,0.12376329097804342,2.236448528598076,0.5674206721680272
E0,22,2027-01-23 15:00:00,Brighton,Man City,,,,,,,,,,,,,,,,,,,,0.23763170138563783,0.2512345232547312,0.511133775359631,0.9641296274116447,1.7846358493336243,1.460373897272555,1.6665133867646635,1.1872057753688832,1.819398157264569,,,,,,,,,,,,,,E0-Brighton-ManCity,0.2506375772168795,0.25223818931086534,0.49712423347225515,1.0041509209615038,1.7436108897276308
E0,22,2027-01-23 15:00:00,Crystal Palace,Tottenham,,,,,,,,,,,,,,,,,,,,0.2878264299800405,0.26261965742499355,0.44955391259496597,1.126098947365115,1.6112813952098914,1.5849586879885376,1.712377136230153,1.2973509370756704,1.6649311595433134,,,,,,,,,,,,,,E0-CrystalP-Tottenha,0.2922660054904921,0.26342663082255624,0.4443073636869517,1.1402246472940325,1.5963487218834111
E0,22,2027-01-23 15:00:00,Everton,Brentford,,,,,,,,,,,,,,,,,,,,0.42777868178168965,0.26530796738455864,0.3069133508337517,1.5486440127296275,1.1860480198858139,1.7170178252564425,1.6208182194132639,1.6128681775761873,1.33922910131815,,,,,,,,,,,,,,E0-Everton-Brentfor,0.4154121466089896,0.2657627237476659,0.3188251296433445,1.5119991635746346,1.2222381126776993
E0,22,2027-01-23 15:00:00,Fulham,Aston Villa,,,,,,,,,,,,,,,,,,,,0.30354931785891925,0.2648945406621446,0.4315561414789362,1.1755424942389023,1.559562965098953,1.6149382456309977,1.7166631718643321,1.331838162651656,1.6218186717968008,,,,,,,,,,,,,,E0-Fulham-AstonVil,0.3282154304305756,0.26767249337324706,0.4041120761961774,1.252318784664974,1.4800087219617792
E0,22,2027-01-23 15:00:00,Ipswich,Hull,,,,,,,,,,,,,,,,,,,,0.5196862610099562,0.24923698630566818,0.23107675268437564,1.8082957693355368,0.942467244358795,1.6564797459984724,1.4406832537757883,1.8418584566459253,1.1727285515377872,,,,,,,,,,,,,,E0-Ipswich-Hull,0.5090120767303185,0.25459143437933535,0.2363964888903462,1.7816276645702909,0.963780901050374
E0,22,2027-01-23 15:00:00,Leeds,Chelsea,,,,,,,,,,,,,,,,,,,,0.239391211205985,0.2517492112734289,0.508859577520586,0.9699228448913839,1.7783279438351869,1.4655197870850982,1.6690351331336197,1.1910855733827086,1.8134717171206713,,,,,,,,,,,,,,E0-Leeds-Chelsea,0.2527881270958173,0.2555906817329191,0.49162119117126357,1.013955063020371,1.73045425524671
E0,22,2027-01-23 15:00:00,Man Utd,Liverpool,,,,,,,,,,,,,,,,,,,,0.4082708485825717,0.2670781612092419,0.32465099020818644,1.491890706956957,1.2410311318338012,1.7157779169478582,1.6487788029022346,1.5671402571303465,1.378306753446091,,,,,,,,,,,,,,E0-ManUtd-Liverpoo,0.4174784118074755,0.26630446856400186,0.31621711962852267,1.5187397039864285,1.21495582744957
E0,22,2027-01-23 15:00:00,Nott'm Forest,Bournemouth,,,,,,,,,,,,,,,,,,,,0.4125710458246691,0.2667412571512607,0.32068769702407024,1.5044543946252678,1.2288043482234714,1.7164976440660018,1.6429704041549829,1.5771520822349618,1.3695572065181514,,,,,,,,,,,,,,E0-NottmFor-Bournemo,0.409881128240448,0.2689867431438019,0.32113212861575013,1.498630127865146,1.2323831289910523
E0,22,2027-01-23 15:00:00,Sunderland,Coventry,,,,,,,,,,,,,,,,,,,,0.5027051396918532,0.2531070003245941,0.24418785998355275,1.7612224194001536,0.9856705802752523,1.675548846953542,1.4792512473564163,1.7975275070979895,1.2016505958716608,,,,,,,,,,,,,,E0-Sunderla-Coventry,0.5121609185497754,0.2523135589605549,0.23552552248966968,1.788796314609881,0.958890126429564
E0,23,2027-01-30 15:00:00,Aston Villa,Ipswich,,,,,,,,,,,,,,,,,,,,0.6558117550115423,0.2051947086519009,0.13899353633655678,2.172629973686528,0.6221753176615713,1.3871795011946588,1.0690344097736348,2.2483456479949644,0.9607063762310083,,,,,,,,,,,,,,E0-AstonVil-Ipswich,0.629749389406502,0.21627520159175964,0.1539754090017383,2.105523369811266,0.6782014285969745
E0,23,2027-01-30 15:00:00,Bournemouth,Fulham,,,,,,,,,,,,,,,,,,,,0.4649624639573283,0.26028191689641395,0.27475561914625773,1.6551693087683987,1.0845487743351871,1.7053586518235102,1.5568364453007768,1.70250562142571,1.2687182778234682,,,,,,,,,,,,,,E0-Bournemo-Fulham,0.46444592670266827,0.2605608881933695,0.27499318510396226,1.653898668301374,1.0855404435052562
E0,23,2027-01-30 15:00:00,Brentford,Man Utd,,,,,,,,,,,,,,,,,,,,0.25195658472863797,0.2551683461073391,0.4928750691640229,1.011038100293253,1.7337935535994078,1.5005795684204908,1.6850038820806819,1.2187305054694717,1.7723360417305207,,,,,,,,,,,,,,E0-Brentfor-ManUtd,0.2597207119863919,0.2554142872360005,0.4848650007776076,1.0345764231951762,1.7100092895688233
E0,23,2027-01-30 15:00:00,Chelsea,Nott'm Forest,,,,,,,,,,,,,,,,,,,,0.6077665613786843,0.22325605430354797,0.16897738431776768,2.046555738439601,0.7301882072568511,1.5047647161716462,1.210877695146483,2.092346937583998,1.0323335777641736,,,,,,,,,,,,,,E0-Chelsea-NottmFor,0.5833893816992672,0.23194191304383097,0.1846687052569018,1.9821100581416327,0.7859480288145363
E0,23,2027-01-30 15:00:00,Coventry,Leeds,,,,,,,,,,,,,,,,,,,,0.3147385563065471,0.26617275928941914,0.41908868440403374,1.2103884282090605,1.5234388125015204,1.6337796189059433,1.71710510348968,1.3564442841091982,1.592398615486453,,,,,,,,,,,,,,E0-Coventry-Leeds,0.3132241093248299,0.2697378848441119,0.4170380058310582,1.2094102128186015,1.5208519023372866
E0,23,2027-01-30 15:00:00,Hull,Crystal Palace,,,,,,,,,,,,,,,,,,,,0.2309374290506686,0.24919314075477272,0.5198694301945587,0.9420054279067785,1.8088014313384488,1.4402557760049572,1.6562553944937792,1.172420412029469,1.842342540131166,,,,,,,,,,,,,,E0-Hull-CrystalP,0.25370971082231303,0.2580479387319025,0.4882423504457845,1.0191770711988417,1.7227749900692562
E0,23,2027-01-30 15:00:00,Liverpool,Everton,,,,,,,,,,,,,,,,,,,,0.6190387641952588,0.2192551582463437,0.16170607755839747,2.07637145083212,0.7043733909215361,1.4792856341729896,1.178467982433618,2.127480109821829,1.0152856377025752,,,,,,,,,,,,,,E0-Liverpoo-Everton,0.612610116708129,0.22205469872769204,0.16533518456417892,2.0598850488520792,0.7180602524202288
E0,23,2027-01-30 15:00:00,Man City,Arsenal,,,,,,,,,,,,,,,,,,,,0.39649379925996475,0.2678425928801022,0.33566360785993304,1.4573239906599964,1.2748334164599013,1.7124935724666077,1.6636148238966753,1.5399036548403686,1.4026851570943981,,,,,,,,,,,,,,E0-ManCity-Arsenal,0.389580675717951,0.27097940899788325,0.3394399152841658,1.4397214361517363,1.2892991548503805
E0,23,2027-01-30 15:00:00,Newcastle,Brighton,,,,,,,,,,,,,,,,,,,,0.4066941353155349,0.2671940101339311,0.326111854550534,1.4872764160805358,1.2455295737855332,1.7154500901443814,1.6508567819143647,1.5634784986932313,1.3815348287842442,,,,,,,,,,,,,,E0-Newcastl-Brighton,0.3835003367690549,0.2651188401534433,0.3513808230775019,1.415619850460608,1.3192613093859489
E0,23,2027-01-30 15:00:00,Tottenham,Sunderland,,,,,,,,,,,,,,,,,,,,0.5959650154689087,0.22728592651529728,0.17674905801579405,2.0151809729220234,0.7575331005626795,1.530016712108523,1.2441710502093368,2.0564202431340757,1.0503689638398348,,,,,,,,,,,,,,E0-Tottenha-Sunderla,0.5647789685647653,0.23674181443317463,0.1984792170020601,1.9310787201274704,0.832179465439355
E0,24,2027-02-06 15:00:00,Arsenal,Liverpool,,,,,,,,,,,,,,,,,,,,0.49666424738557413,0.25438951779070906,0.2489462348237168,1.7443822599474315,1.0012282222618594,1.6814982754415677,1.4924476781505174,1.782007361205813,1.212116205029824,,,,,,,,,,,,,,E0-Arsenal-Liverpoo,0.500681418136175,0.2549396182328753,0.24437896363094974,1.7569838726414002,0.9880765091257246
E0,24,2027-02-06 15:00:00,Brighton,Hull,,,,,,,,,,,,,,,,,,,,0.7074727567949536,0.18291424254233005,0.10961300066271637,2.305332512927191,0.5117532445304791,1.2356110585377165,0.9075398652193052,2.4380741454615595,0.8859451645557253,,,,,,,,,,,,,,E0-Brighton-Hull,0.7015865658478874,0.18528574778584314,0.11312768636626949,2.290045445329505,0.5246688068846517
E0,24,2027-02-06 15:00:00,Crystal Palace,Coventry,,,,,,,,,,,,,,,,,,,,0.5314768552075375,0.24632466261013322,0.22219848218232927,1.8407552282327457,0.912920109157121,1.6412365492117829,1.412687876547647,1.8732895907580531,1.1530518349412946,,,,,,,,,,,,,,E0-CrystalP-Coventry,0.5133514384166553,0.2525560021395935,0.23409255944375118,1.7926103173895593,0.954833680470847
E0,24,2027-02-06 15:00:00,Everton,Newcastle,,,,,,,,,,,,,,,,,,,,0.40010287450698356,0.2676332240321607,0.3322639014608557,1.4679418475531114,1.2644249284147278,1.713705826797371,1.6592379375832726,1.548222698113401,1.3951481286458887,,,,,,,,,,,,,,E0-Everton-Newcastl,0.41431040285734394,0.26758369990700653,0.3181058972356496,1.5105149084790384,1.2219013916139552
E0,24,2027-02-06 15:00:00,Fulham,Man City,,,,,,,,,,,,,,,,,,,,0.17619244463137676,0.2270055091316529,0.5968020462369703,0.7555828430257832,2.0174116478425637,1.2418320781391186,1.528274168413537,1.0490831505110123,2.0589407035541996,,,,,,,,,,,,,,E0-Fulham-ManCity,0.18896234539301904,0.23360232016631496,0.577435334440666,0.8004893563453721,1.9659083234883128
E0,24,2027-02-06 15:00:00,Ipswich,Tottenham,,,,,,,,,,,,,,,,,,,,0.19599820105572857,0.23624563043313485,0.5677561685111365,0.8242402336003205,1.9395141359665444,1.3208574772491812,1.5843360634193129,1.0943522317931345,1.9737703613586683,,,,,,,,,,,,,,E0-Ipswich-Tottenha,0.21562002482137715,0.24538776606502663,0.5389922091135962,0.8922478405291582,1.8623643934058154
E0,24,2027-02-06 15:00:00,Leeds,Bournemouth,,,,,,,,,,,,,,,,,,,,0.39451836114374306,0.26794776969413814,0.3375338691621188,1.4515028531253673,1.2805493771804946,1.711752487356744,1.6659458847558548,1.535360171525321,1.4068360245753435,,,,,,,,,,,,,,E0-Leeds-Bournemo,0.38576901777713696,0.26985838847135385,0.34437259375150925,1.4271654418027648,1.3029761697258817
E0,24,2027-02-06 15:00:00,Man Utd,Chelsea,,,,,,,,,,,,,,,,,,,,0.43315618745831724,0.2647126424107857,0.30213117013089713,1.5641812047857375,1.1711061528034772,1.7164554881306793,1.6124035524546987,1.625619805445937,1.3287239690140669,,,,,,,,,,,,,,E0-ManUtd-Chelsea,0.44905351938023913,0.2623118388093333,0.28863464181042753,1.6094723969500506,1.1282157642406159
E0,24,2027-02-06 15:00:00,Nott'm Forest,Brentford,,,,,,,,,,,,,,,,,,,,0.4142003507558173,0.26660564766288597,0.31919400158129674,1.5092066999303377,1.2241876524067763,1.7167039413506213,1.6407162535893423,1.580955221452233,1.3662626054745994,,,,,,,,,,,,,,E0-NottmFor-Brentfor,0.4132064713131737,0.26633693744419407,0.32045659124263226,1.5059563513837153,1.227706711172091
E0,24,2027-02-06 15:00:00,Sunderland,Aston Villa,,,,,,,,,,,,,,,,,,,,0.2868598048897004,0.2624609410224878,0.4506792540878118,1.123040355691589,1.6144987032859233,1.5829795445179007,1.7119681649008656,1.2952328611733999,1.6676537978222505,,,,,,,,,,,,,,E0-Sunderla-AstonVil,0.31297645700570315,0.2656639487488626,0.4213595942454342,1.204593319765972,1.529742731485165
E0,25,2027-02-10 20:00:00,Aston Villa,Bournemouth,,,,,,,,,,,,,,,,,,,,0.5061460286212347,0.25235420233014516,0.24149976904862014,1.7707922881938494,0.9768535094760056,1.6719631319944481,1.4716093447921377,1.806425013749449,1.1957318923062654,,,,,,,,,,,,,,E0-AstonVil-Bournemo,0.4769800042450489,0.2597516696372963,0.26326832611765477,1.690691682372443,1.0495566479902607
E0,25,2027-02-10 20:00:00,Coventry,Liverpool,,,,,,,,,,,,,,,,,,,,0.1442124248943335,0.208647673474596,0.6471399016310705,0.6412849481575965,2.1500673783678077,1.0953131127901063,1.4101170566328127,0.9734503976452089,2.218911210293891,,,,,,,,,,,,,,E0-Coventry-Liverpoo,0.15068510686858716,0.21547172869876363,0.6338431644326492,0.6675270493045251,2.1170012219967114
E0,25,2027-02-10 20:00:00,Crystal Palace,Brentford,,,,,,,,,,,,,,,,,,,,0.39115816987665497,0.2681112460056623,0.34073058411768276,1.4415857556356273,1.2903029983587104,1.7103652840440144,1.669804675491329,1.5276475943468848,1.4139386649075076,,,,,,,,,,,,,,E0-CrystalP-Brentfor,0.36911239804040963,0.2664381689365895,0.36444943302300087,1.3737753630578184,1.3597864680055922
E0,25,2027-02-10 20:00:00,Everton,Leeds,,,,,,,,,,,,,,,,,,,,0.4544199522010282,0.2619196500524625,0.28366039774650936,1.6251795066555472,1.1129008432919907,1.7104907910085485,1.5763149427710226,1.676727895930977,1.2882233338169005,,,,,,,,,,,,,,E0-Everton-Leeds,0.4481793763341931,0.26425759841434154,0.28756302525146543,1.608795727416921,1.126946674168738
E0,25,2027-02-10 20:00:00,Fulham,Nott'm Forest,,,,,,,,,,,,,,,,,,,,0.39019892184182514,0.26815432972878633,0.3416467484293885,1.4387510952542617,1.2930945750169518,1.709939912209875,1.670881485655012,1.5254494467462751,1.415976127302807,,,,,,,,,,,,,,E0-Fulham-NottmFor,0.3914054132150049,0.26875217509585825,0.33984241168913687,1.4429684147408728,1.2882794101632689
E0,25,2027-02-10 20:00:00,Hull,Sunderland,,,,,,,,,,,,,,,,,,,,0.2533704817405166,0.25552555296916696,0.49110396529031647,1.0156369981907167,1.7288374488401164,1.5043413765399662,1.6865823160700133,1.2218355186079193,1.7678320584925908,,,,,,,,,,,,,,E0-Hull-Sunderla,0.255241786845967,0.25774930749635055,0.48700890565768246,1.0234746680342515,1.718776024469398
E0,25,2027-02-10 20:00:00,Ipswich,Arsenal,,,,,,,,,,,,,,,,,,,,0.10115104241169992,0.17547962582183757,0.7233693317664625,0.47893275305693733,2.345587621121225,0.8564624255764396,1.1840223233628704,0.8631949902135508,2.502331483024044,,,,,,,,,,,,,,E0-Ipswich-Arsenal,0.10685845598208957,0.18270907545174347,0.7104324685661669,0.5032844433980121,2.314006481150244
E0,25,2027-02-10 20:00:00,Man Utd,Brighton,,,,,,,,,,,,,,,,,,,,0.566549602973931,0.23660731893330308,0.19684307809276594,1.936256127855096,0.827136553211601,1.5864659530422713,1.3240401441094287,1.9703290971501037,1.0962635648655028,,,,,,,,,,,,,,E0-ManUtd-Brighton,0.563429263004135,0.23501294470566392,0.2015577922902011,1.9253007337180688,0.8396863215762672
E0,25,2027-02-10 20:00:00,Newcastle,Chelsea,,,,,,,,,,,,,,,,,,,,0.28444755025858603,0.26205510735190346,0.4534973423895105,1.1153977581276615,1.622547134520435,1.5779709008429645,1.7108719851170235,1.2899477638232177,1.6744864098977728,,,,,,,,,,,,,,E0-Newcastl-Chelsea,0.2816587834940206,0.26119479209410856,0.4571464244118708,1.1061711425761704,1.632634065329721
E0,25,2027-02-10 20:00:00,Tottenham,Man City,,,,,,,,,,,,,,,,,,,,0.29418474318348387,0.26360861378658085,0.4422066430299353,1.1461628433370326,1.5902285428763867,1.5975820389915047,1.7146415824772423,1.311288337852132,1.6472349655286673,,,,,,,,,,,,,,E0-Tottenha-ManCity,0.28443714726224834,0.2639300367210218,0.4516328160167299,1.1172414785077667,1.6188284847712116
E0,26,2027-02-20 15:00:00,Arsenal,Fulham,,,,,,,,,,,,,,,,,,,,0.7312621802710784,0.17168847403478407,0.09704934569413756,2.3654750148480193,0.4628365111171967,1.157576050604253,0.8309149492588832,2.5354583828481516,0.8519169608982543,,,,,,,,,,,,,,E0-Arsenal-Fulham,0.7178385710461138,0.1786497978078191,0.1035116311460671,2.3321655109461603,0.4891846912460204
E0,26,2027-02-20 15:00:00,Bournemouth,Crystal Palace,,,,,,,,,,,,,,,,,,,,0.4556911992939,0.2617309186521283,0.2825778820539717,1.6288045165338283,1.1094645648140435,1.7099475592162308,1.5740202365598588,1.679820126625355,1.2858519586494621,,,,,,,,,,,,,,E0-Bournemo-CrystalP,0.47987838216608997,0.25788870634397665,0.26223291148993344,1.6975238528422465,1.044587440813777
E0,26,2027-02-20 15:00:00,Brentford,Coventry,,,,,,,,,,,,,,,,,,,,0.5636230239868787,0.23747715957462787,0.19889981643849344,1.928346231535264,0.8341766088901083,1.591565186780282,1.3317248927016683,1.9620122836604246,1.1009105386283313,,,,,,,,,,,,,,E0-Brentfor-Coventry,0.5707624823697119,0.23620038235172808,0.19303713527855998,1.9484878294608639,0.8153117881874079
E0,26,2027-02-20 15:00:00,Brighton,Tottenham,,,,,,,,,,,,,,,,,,,,0.3562599113323164,0.26861880101301244,0.3751212876546712,1.3373985350099615,1.3939826639770259,1.6863231615570686,1.7015227224365672,1.4485976773816276,1.4910972409566803,,,,,,,,,,,,,,E0-Brighton-Tottenha,0.38338926264343187,0.2656544582786042,0.35095627907796395,1.4158222462088998,1.3185232955124961
E0,26,2027-02-20 15:00:00,Chelsea,Ipswich,,,,,,,,,,,,,,,,,,,,0.7385965247759094,0.16810648695833813,0.09329698826575245,2.3838960612860665,0.44799745175559547,1.1325147789263017,0.807077664570603,2.567026951304838,0.8414403280425464,,,,,,,,,,,,,,E0-Chelsea-Ipswich,0.7187044524273747,0.17772797575147573,0.10356757182114959,2.3338413330336,0.48843069121492444
E0,26,2027-02-20 15:00:00,Leeds,Aston Villa,,,,,,,,,,,,,,,,,,,,0.3163121393154986,0.2663305277375851,0.4173573329469163,1.215266945684081,1.518402526578334,1.6362660323047575,1.7170002915403626,1.3599104616812179,1.5883398656479593,,,,,,,,,,,,,,E0-Leeds-AstonVil,0.33307932831285836,0.26937741533169113,0.3975432563554505,1.2686154002702663,1.462007184398043
E0,26,2027-02-20 15:00:00,Liverpool,Hull,,,,,,,,,,,,,,,,,,,,0.8326601325130236,0.11713752943631345,0.05020233805066293,2.6151179269753846,0.26774454358830224,0.7722369500654924,0.49727143127097156,3.0653340745701545,0.7046540270828042,,,,,,,,,,,,,,E0-Liverpoo-Hull,0.8124694407187358,0.12970881638783915,0.05782174289342501,2.5671171385440466,0.3031740450681142
E0,26,2027-02-20 15:00:00,Man City,Newcastle,,,,,,,,,,,,,,,,,,,,0.6434871688297528,0.21007697582349713,0.1464358553467501,2.1405384823127553,0.6493845418637475,1.4195565010294775,1.1062993907326588,2.206693593799177,0.978840019325571,,,,,,,,,,,,,,E0-ManCity-Newcastl,0.6512456541177647,0.20774988286253845,0.14100446301969685,2.1614868452158325,0.6307632719216291
E0,26,2027-02-20 15:00:00,Nott'm Forest,Man Utd,,,,,,,,,,,,,,,,,,,,0.2453572996716869,0.2534280941911281,0.501214606137185,0.9894999932061889,1.7570719126026835,1.4825335546812624,1.6770578433685412,1.2042239726031754,1.793686265297244,,,,,,,,,,,,,,E0-NottmFor-ManUtd,0.25162334733156533,0.25655740736263316,0.4918192453058015,1.0114274493573292,1.7320151432800377
E0,26,2027-02-20 15:00:00,Sunderland,Everton,,,,,,,,,,,,,,,,,,,,0.35874453816461616,0.268656808055491,0.3725986537798928,1.3448904225493394,1.3864527693951694,1.6886274028720956,1.6997934103109917,1.4541691102349832,1.4853843234580604,,,,,,,,,,,,,,E0-Sunderla-Everton,0.3736210049291694,0.2682815721551004,0.3580974229157302,1.3891445869426085,1.342573840902291
E0,27,2027-02-27 15:00:00,Aston Villa,Chelsea,,,,,,,,,,,,,,,,,,,,0.3350704594242275,0.26780775782024635,0.3971217827555261,1.2730191360929286,1.459173106086825,1.6628641717795074,1.7127176490929088,1.4013694071125289,1.5413494750471273,,,,,,,,,,,,,,E0-AstonVil-Chelsea,0.3327570583248127,0.2680880910263478,0.3991548506488395,1.2663592660007859,1.4655526429728662
E0,27,2027-02-27 15:00:00,Coventry,Bournemouth,,,,,,,,,,,,,,,,,,,,0.28978544005031603,0.2629345086475274,0.4472800513021566,1.1322908287984754,1.6047746625539971,1.588920948119233,1.7131532527916415,1.301644080446525,1.6594398057409203,,,,,,,,,,,,,,E0-Coventry-Bournemo,0.2816736531430887,0.26547764074344155,0.4528487061134698,1.1104986001727075,1.6240237590838509
E0,27,2027-02-27 15:00:00,Crystal Palace,Sunderland,,,,,,,,,,,,,,,,,,,,0.4505895740164009,0.2624736594976459,0.28693676648595323,1.6142423815468483,1.1232839589555055,1.7120013592632128,1.583137705424471,1.6674367059071067,1.2954014940104923,,,,,,,,,,,,,,E0-CrystalP-Sunderla,0.4253888402944847,0.26383163024610107,0.31077952945941417,1.539998151129555,1.1961702186243435
E0,27,2027-02-27 15:00:00,Everton,Nott'm Forest,,,,,,,,,,,,,,,,,,,,0.43596094868518287,0.26438411263597705,0.2996549386788401,1.5722669586915257,1.1633489286724972,1.7160092614095235,1.6078978309020908,1.6322973915424523,1.3232882752810695,,,,,,,,,,,,,,E0-Everton-NottmFor,0.4227531083530157,0.267858260765336,0.3093886308816483,1.5361175858243832,1.196024153410281
E0,27,2027-02-27 15:00:00,Fulham,Leeds,,,,,,,,,,,,,,,,,,,,0.40819826903272133,0.26708358479519984,0.3247181461720789,1.4916783918933638,1.2412380233114364,1.7157635812481202,1.6488750698298278,1.5669715913562638,1.3784551117040045,,,,,,,,,,,,,,E0-Fulham-Leeds,0.41643611511666967,0.26650498696291,0.31705889792042036,1.515813332312919,1.217681680724171
E0,27,2027-02-27 15:00:00,Hull,Man City,,,,,,,,,,,,,,,,,,,,0.07222012228821086,0.14571242886898067,0.7820674488428085,0.36237279573361325,2.4919147753974062,0.6643794863750834,0.9746802206103524,0.7791105303856982,2.7723922547044686,,,,,,,,,,,,,,E0-Hull-ManCity,0.08217164477115232,0.16006327483840355,0.7577650803904441,0.4065782091518605,2.433358516009736
E0,27,2027-02-27 15:00:00,Ipswich,Brighton,,,,,,,,,,,,,,,,,,,,0.2474059863299753,0.25398132025350134,0.4986126934165233,0.9961992792434271,1.7498194005030712,1.4882221932581552,1.679627626625284,1.2087300692307617,1.786999475718039,,,,,,,,,,,,,,E0-Ipswich-Brighton,0.24791782149527,0.25102965314545816,0.5010525253592719,0.9947831176312683,1.7541872292232739
E0,27,2027-02-27 15:00:00,Man Utd,Arsenal,,,,,,,,,,,,,,,,,,,,0.33764311732846153,0.2679536951719323,0.3944031874996062,1.280883047157317,1.451163257670751,1.6660803706330727,1.7117075822548018,1.4070785934979986,1.535095487900387,,,,,,,,,,,,,,E0-ManUtd-Arsenal,0.34039020928940633,0.2700285804118235,0.3895812102987702,1.2911992082800423,1.438772211308134
E0,27,2027-02-27 15:00:00,Newcastle,Brentford,,,,,,,,,,,,,,,,,,,,0.45032956956890924,0.2625104648443899,0.28715996558670087,1.6134991735511175,1.1239903616044926,1.7120970079144344,1.5835958221448996,1.6668074219984612,1.2958905578967324,,,,,,,,,,,,,,E0-Newcastl-Brentfor,0.4232437808904458,0.2643724624074606,0.3123837567020936,1.5341038050787978,1.2015237325137416
E0,27,2027-02-27 15:00:00,Tottenham,Liverpool,,,,,,,,,,,,,,,,,,,,0.3369764208901831,0.267917159861274,0.3951064192485429,1.2788464225318232,1.4532364176069026,1.6652567754504795,1.7119788476392164,1.4055984737163647,1.53671197030331,,,,,,,,,,,,,,E0-Tottenha-Liverpoo,0.32697145599349164,0.2678702732013681,0.4051582708051403,1.248784641181843,1.483345085616789
E0,28,2027-03-03 20:00:00,Arsenal,Crystal Palace,,,,,,,,,,,,,,,,,,,,0.7232106158125481,0.17555518394133088,0.10123420024612104,2.345187031378975,0.47925778467969393,1.184548514106134,0.8569749619803324,2.501673984584344,0.8634218580479369,,,,,,,,,,,,,,E0-Arsenal-CrystalP,0.7312124729102152,0.17224330458181203,0.09654422250797279,2.3658807233124577,0.4618759721057304
E0,28,2027-03-03 20:00:00,Bournemouth,Tottenham,,,,,,,,,,,,,,,,,,,,0.31729336233390415,0.2664262024958967,0.41628043517019914,1.218306289497609,1.5152675080064941,1.6377962484716015,1.7169144982074784,1.3620726346224847,1.5858185129742886,,,,,,,,,,,,,,E0-Bournemo-Tottenha,0.34348524476548714,0.2698130964525803,0.3867016587819326,1.3002688307490415,1.429918072798378
E0,28,2027-03-03 20:00:00,Brentford,Ipswich,,,,,,,,,,,,,,,,,,,,0.5722425364405723,0.23488509622838358,0.1928723673310441,1.9516127055501005,0.8135021982215159,1.5762757717289513,1.3089505756965418,1.9866306279938464,1.087268045485248,,,,,,,,,,,,,,E0-Brentfor-Ipswich,0.5756242075491342,0.23308353938488202,0.19129225306598374,1.9599561620322847,0.8069602985828332
E0,28,2027-03-03 20:00:00,Brighton,Fulham,,,,,,,,,,,,,,,,,,,,0.5077767289364518,0.25199182789524205,0.2402314431683062,1.7753220147045972,0.9726861574001606,1.670214132428518,1.4679564556121076,1.810656514371569,1.1929374692856527,,,,,,,,,,,,,,E0-Brighton-Fulham,0.5088293468266699,0.24835781655451844,0.24281283661881164,1.774845857034528,0.9767963264109534
E0,28,2027-03-03 20:00:00,Chelsea,Coventry,,,,,,,,,,,,,,,,,,,,0.7312052424279598,0.17171605914562965,0.09707869842641054,2.3653317864295094,0.46295215442486126,1.1577687811034538,0.8310996476967039,2.535216330593622,0.8519982985019017,,,,,,,,,,,,,,E0-Chelsea-Coventry,0.7135895905954217,0.18120315691990246,0.10520725248467583,2.3219719287061675,0.49682491437392995
E0,28,2027-03-03 20:00:00,Leeds,Hull,,,,,,,,,,,,,,,,,,,,0.6414222349218451,0.21087835297505944,0.14769941210309542,2.135145057740595,0.6539765892843457,1.4248340496775764,1.1124876825709327,2.199832834096345,0.9818927904525493,,,,,,,,,,,,,,E0-Leeds-Hull,0.624228702317521,0.21966189903571845,0.15610939864676052,2.0923480059882817,0.6879900949759999
E0,28,2027-03-03 20:00:00,Liverpool,Aston Villa,,,,,,,,,,,,,,,,,,,,0.5394814965039441,0.24424440815768217,0.21627409533837377,1.8626888976695144,0.8930666941728036,1.6299679471919077,1.3931431459623063,1.8949530218591595,1.1398699466864883,,,,,,,,,,,,,,E0-Liverpoo-AstonVil,0.547310755133376,0.24275047169156294,0.20993877317506104,1.884682737091691,0.8725667912167461
E0,28,2027-03-03 20:00:00,Man City,Everton,,,,,,,,,,,,,,,,,,,,0.6650771293822645,0.20141319159596735,0.13350967902176816,2.1966445797427605,0.6019422286612719,1.361859946323098,1.0406658561461821,2.280492176210217,0.9471639598385058,,,,,,,,,,,,,,E0-ManCity-Everton,0.6573664289427472,0.20569406899523401,0.13693950206201877,2.177793355823476,0.6165125751812903
E0,28,2027-03-03 20:00:00,Nott'm Forest,Newcastle,,,,,,,,,,,,,,,,,,,,0.3867630447368627,0.26829549769921196,0.3449414575639254,1.4285846319098001,1.3031198703909883,1.7083088498021168,1.6746472191667143,1.517588847361101,1.423310407002511,,,,,,,,,,,,,,E0-NottmFor-Newcastl,0.41211562712110694,0.26815919910429986,0.3197251737745932,1.5045060804676207,1.2273347204280793
E0,28,2027-03-03 20:00:00,Sunderland,Man Utd,,,,,,,,,,,,,,,,,,,,0.2058514506603401,0.24030746802001693,0.5538410813196429,0.8578618200010372,1.901830711978946,1.3570436217475863,1.607917142870459,1.1165585585599564,1.934515644916812,,,,,,,,,,,,,,E0-Sunderla-ManUtd,0.2144245173813923,0.2423700675457388,0.5432054150728689,0.8856436196899156,1.8719863127643455
E0,29,2027-03-13 15:00:00,Aston Villa,Hull,,,,,,,,,,,,,,,,,,,,0.743416915388355,0.16572133921826826,0.09086174539337677,2.395972085383333,0.43830657539839857,1.115791343777306,0.7913643937211872,2.5882090282641173,0.834553923741116,,,,,,,,,,,,,,E0-AstonVil-Hull,0.7101548400512732,0.18353476468162397,0.10631039526710287,2.3139992848354436,0.5024659504829326
E0,29,2027-03-13 15:00:00,Bournemouth,Newcastle,,,,,,,,,,,,,,,,,,,,0.3963505216813721,0.2678504462061596,0.3357990321124683,1.4569020112502757,1.2752475425435645,1.7124416709534098,1.6637854404549741,1.5395738832851633,1.4029856075441882,,,,,,,,,,,,,,E0-Bournemo-Newcastl,0.42343734474501404,0.2666946390556712,0.30986801619931476,1.5370066732907133,1.1962986876536155
E0,29,2027-03-13 15:00:00,Chelsea,Arsenal,,,,,,,,,,,,,,,,,,,,0.3276353045838733,0.2673100761395281,0.4050546192765985,1.250215989891148,1.4824739339693238,1.6529877960148847,1.715072684730432,1.384903002568438,1.5596760177384765,,,,,,,,,,,,,,E0-Chelsea-Arsenal,0.31655494260217654,0.26767799732305203,0.41576706007477143,1.2173428251295817,1.5149791775473664
E0,29,2027-03-13 15:00:00,Coventry,Man City,,,,,,,,,,,,,,,,,,,,0.11809492999566587,0.18987997611588833,0.6920250938884458,0.544164766102886,2.265955257781226,0.9566190534090726,1.2835525908455176,0.9081357000443518,2.3784991603066694,,,,,,,,,,,,,,E0-Coventry-ManCity,0.12416778647402373,0.19831623017021507,0.6775159833557612,0.5708195895922863,2.2308641802374987
E0,29,2027-03-13 15:00:00,Crystal Palace,Fulham,,,,,,,,,,,,,,,,,,,,0.43146719721453747,0.2649045340764581,0.3036282687090045,1.5593061257200707,1.1757893402034716,1.7166737152991582,1.6150783799213837,1.6216075466088655,1.3320115613158254,,,,,,,,,,,,,,E0-CrystalP-Fulham,0.4080201027503437,0.2659276061096722,0.3260522911399841,1.4899879143607033,1.2440844795296244
E0,29,2027-03-13 15:00:00,Leeds,Brighton,,,,,,,,,,,,,,,,,,,,0.35405185145651286,0.26857515263356885,0.3773729959099183,1.3307307070031074,1.4006941403633237,1.6841976011811945,1.702988040974683,1.4436527868137583,1.4962046412609156,,,,,,,,,,,,,,E0-Leeds-Brighton,0.3500429047066618,0.2656354650840706,0.38432163020926763,1.315764179204056,1.4186003557118736
E0,29,2027-03-13 15:00:00,Liverpool,Ipswich,,,,,,,,,,,,,,,,,,,,0.7597657715590274,0.1574495174392863,0.08278471100168633,2.4367468321163686,0.4058036504443453,1.0576063376413751,0.7378353137405069,2.6628183624074673,0.8111706117450436,,,,,,,,,,,,,,E0-Liverpoo-Ipswich,0.7453619131880341,0.1649564925062951,0.08968159430567077,2.4010422320703975,0.43400127542330735
E0,29,2027-03-13 15:00:00,Man Utd,Everton,,,,,,,,,,,,,,,,,,,,0.604980075280583,0.22422229603129573,0.17079762868812132,2.0391625218730445,0.7366151820956597,1.5108591829449072,1.2187990277305656,2.083787328966174,1.0365741119424299,,,,,,,,,,,,,,E0-ManUtd-Everton,0.6075085868347962,0.22399524688240754,0.1684961662827962,2.0465210073867963,0.7294837457307962
E0,29,2027-03-13 15:00:00,Sunderland,Brentford,,,,,,,,,,,,,,,,,,,,0.3639487583017831,0.2686986503037328,0.3673525913944841,1.360544925209082,1.370756424487185,1.6931549815075937,1.6958987975811979,1.465864426695177,1.473533268605042,,,,,,,,,,,,,,E0-Sunderla-Brentfor,0.367708824985827,0.26581040908242115,0.36648076593175183,1.368936884039902,1.3652527068776765
E0,29,2027-03-13 15:00:00,Tottenham,Nott'm Forest,,,,,,,,,,,,,,,,,,,,0.5437861522204807,0.2430916831435165,0.21312216463600284,1.8744501398049587,0.882458177051525,1.6236037265130134,1.3824587306224414,1.9067164204543958,1.1328375718740828,,,,,,,,,,,,,,E0-Tottenha-NottmFor,0.5134063290160995,0.2523402885728526,0.23425338241104787,1.792559275621151,0.9551004358059962
E0,30,2027-03-20 15:00:00,Arsenal,Sunderland,,,,,,,,,,,,,,,,,,,,0.747651690044811,0.16360573666340453,0.08874257329178445,2.4065608067978377,0.4298334565387578,1.100936030251244,0.7775320959294083,2.6071143925680156,0.8285021962048983,,,,,,,,,,,,,,E0-Arsenal-Sunderla,0.7336389887358614,0.17077734185324664,0.09558366941089194,2.3716943080608313,0.4575283500859225
E0,30,2027-03-20 15:00:00,Brentford,Bournemouth,,,,,,,,,,,,,,,,,,,,0.42068695481482654,0.2660228091871421,0.31329023599803135,1.5280836736316217,1.2058935171812362,1.7171656889010687,1.6314557583896918,1.596151046743725,1.3532553854515035,,,,,,,,,,,,,,E0-Brentfor-Bournemo,0.42118811391860006,0.26520443963229895,0.31360744644910105,1.5287687813880992,1.2060267789796022
E0,30,2027-03-20 15:00:00,Brighton,Coventry,,,,,,,,,,,,,,,,,,,,0.6075499995237807,0.2233314743468107,0.16911852612940856,2.045981472918153,0.7306870527350363,1.5052412825365034,1.2114946404768738,2.091679955426754,1.0326627620042892,,,,,,,,,,,,,,E0-Brighton-Coventry,0.6142838240806165,0.22052141394149125,0.1651947619778922,2.0633728861833407,0.7161056998751679
E0,30,2027-03-20 15:00:00,Everton,Tottenham,,,,,,,,,,,,,,,,,,,,0.3207634372404762,0.2667480069729723,0.4124885557865515,1.2290383186944007,1.5042136743326266,1.6430837533180984,1.7164862310026745,1.369724306378778,1.5769596771707448,,,,,,,,,,,,,,E0-Everton-Tottenha,0.33497031463346416,0.26942942427203326,0.3956002610945026,1.2743403681724257,1.456230207555541
E0,30,2027-03-20 15:00:00,Fulham,Liverpool,,,,,,,,,,,,,,,,,,,,0.20940934318514892,0.24169198634434497,0.5488986704705061,0.8699200158997917,1.8883879977558633,1.3696152409475912,1.6157707905105019,1.1245350336716842,1.9207938706430976,,,,,,,,,,,,,,E0-Fulham-Liverpoo,0.2235844886558474,0.24601991547330182,0.5303955958708508,0.9167733814408441,1.8372067030858543
E0,30,2027-03-20 15:00:00,Hull,Chelsea,,,,,,,,,,,,,,,,,,,,0.10229499979403751,0.17651457791575326,0.7211904222902092,0.4833995772978658,2.340085844786381,0.8634944247303357,1.191226617558046,0.8663098794937204,2.4933341418919572,,,,,,,,,,,,,,E0-Hull-Chelsea,0.11735789662117946,0.1915116211794214,0.6911304821993991,0.5435853110429598,2.264903067777619
E0,30,2027-03-20 15:00:00,Ipswich,Crystal Palace,,,,,,,,,,,,,,,,,,,,0.3116499276189423,0.26584746586300473,0.422502606518053,1.2007972487198315,1.5333552854171637,1.628782781900368,1.7171924932087301,1.349645281650486,1.600420517425533,,,,,,,,,,,,,,E0-Ipswich-CrystalP,0.3315185403753563,0.2675774524752033,0.40090400714944047,1.2621330736012721,1.4702894739235246
E0,30,2027-03-20 15:00:00,Man City,Man Utd,,,,,,,,,,,,,,,,,,,,0.48446343170235,0.25682584359663335,0.2587107247010167,1.7102161387036834,1.0329580176996833,1.6921574878352468,1.5182200995757245,1.751036409145752,1.2335551612280653,,,,,,,,,,,,,,E0-ManCity-ManUtd,0.4741479496150301,0.25974257163865117,0.2661094787463188,1.6821864204837416,1.0580710078776077
E0,30,2027-03-20 15:00:00,Newcastle,Leeds,,,,,,,,,,,,,,,,,,,,0.47719075472863914,0.2581785431910486,0.26463070208031225,1.689750807376966,1.0520706494319854,1.6976375447176921,1.5330022105176198,1.7328028046344155,1.2465353785341513,,,,,,,,,,,,,,E0-Newcastl-Leeds,0.4561536181709842,0.2624496761681056,0.2813967056609102,1.6309105306810583,1.1066397931508363
E0,30,2027-03-20 15:00:00,Nott'm Forest,Aston Villa,,,,,,,,,,,,,,,,,,,,0.33306658146821566,0.26768478178064153,0.3992486367511428,1.2668845261852886,1.46543069203407,1.6602876123068593,1.7134353993854736,1.3969266990707983,1.5462514972595054,,,,,,,,,,,,,,E0-NottmFor-AstonVil,0.35615515400808445,0.27085624048118273,0.37298860551073276,1.339321702505436,1.389822057013381
E0,31,2027-04-10 15:00:00,Aston Villa,Brighton,,,,,,,,,,,,,,,,,,,,0.4633434504098106,0.2605440946380906,0.2761124549520988,1.6505744458675224,1.088881459494387,1.7062391469755078,1.5598933563763533,1.698526869222272,1.2716902152916956,,,,,,,,,,,,,,E0-AstonVil-Brighton,0.44043808681507146,0.26146049817260625,0.2981014150123223,1.5827747586178207,1.1557647432095732
E0,31,2027-04-10 15:00:00,Bournemouth,Man City,,,,,,,,,,,,,,,,,,,,0.20573348228766775,0.24026082788841985,0.5540056898239124,0.8574612747514231,1.902277897360157,1.356622330779094,1.6076508375186518,1.1162937256799952,1.9349745952251292,,,,,,,,,,,,,,E0-Bournemo-ManCity,0.21936708432794744,0.24736536686769173,0.5332675488043609,0.9054666198515341,1.8471680132807742
E0,31,2027-04-10 15:00:00,Chelsea,Fulham,,,,,,,,,,,,,,,,,,,,0.6398413483845945,0.2114886352592648,0.1486700163561407,2.1310126804130483,0.6574986843276869,1.4288457266394108,1.117214262571892,2.194602454558576,0.9842329281612257,,,,,,,,,,,,,,E0-Chelsea-Fulham,0.616577222889076,0.21940432837644758,0.1640184487344764,2.069135997043676,0.7114596745798768
E0,31,2027-04-10 15:00:00,Coventry,Arsenal,,,,,,,,,,,,,,,,,,,,0.1051489935083827,0.17905526291046178,0.7157957435811555,0.4945022434356099,2.326442493653928,0.8808637357230549,1.2088822788621538,0.8740259272433213,2.471322569128633,,,,,,,,,,,,,,E0-Coventry-Arsenal,0.10849727132810891,0.18619635903396403,0.705306369637927,0.5116881730182907,2.302115467947745
E0,31,2027-04-10 15:00:00,Crystal Palace,Everton,,,,,,,,,,,,,,,,,,,,0.38583074739893625,0.2683302395770473,0.3458390130240165,1.425822481773856,1.3058472786490967,1.7078372166357156,1.675644241637944,1.5154593443763056,1.4253104235461749,,,,,,,,,,,,,,E0-CrystalP-Everton,0.3750033899367913,0.26889036021333484,0.3561062498498739,1.3939005300237086,1.3372091097629564
E0,31,2027-04-10 15:00:00,Leeds,Nott'm Forest,,,,,,,,,,,,,,,,,,,,0.4041597064976755,0.267371531797547,0.32846876170477746,1.4798506512905738,1.2527778169118795,1.714850940151491,1.6541381285940495,1.5576026574173691,1.3867464784513495,,,,,,,,,,,,,,E0-Leeds-NottmFor,0.39630932391089246,0.2697973797428924,0.3338932963462151,1.4587253514755698,1.2714772687815379
E0,31,2027-04-10 15:00:00,Liverpool,Newcastle,,,,,,,,,,,,,,,,,,,,0.5966999737760341,0.2270397492473361,0.17626027697662977,2.0171396705754385,0.7558205801772255,1.528487062622454,1.2421174926175662,2.0586331223818415,1.0492398944309596,,,,,,,,,,,,,,E0-Liverpoo-Newcastl,0.6061674641002857,0.22384284734317453,0.16998968855653981,2.0423452396440314,0.7338119130127939
E0,31,2027-04-10 15:00:00,Man Utd,Hull,,,,,,,,,,,,,,,,,,,,0.8228140661275749,0.12291242853676237,0.05427350533566272,2.5913546269194874,0.28573294454375053,0.8131202212279005,0.5297306609600848,3.002380268632678,0.7194291884231213,,,,,,,,,,,,,,E0-ManUtd-Hull,0.808625627549939,0.13197800000043844,0.05939637244962251,2.5578548826502554,0.31016711734930597
E0,31,2027-04-10 15:00:00,Sunderland,Ipswich,,,,,,,,,,,,,,,,,,,,0.511395714495898,0.2511747954383988,0.23742949006570313,1.7853619389260929,0.9634632656355082,1.6662189729355434,1.4597787418006893,1.8200819790995497,1.1867597310471798,,,,,,,,,,,,,,E0-Sunderla-Ipswich,0.5166960174159192,0.24942596272695117,0.23387801985712964,1.7995140149747089,0.9510600222983401
E0,31,2027-04-10 15:00:00,Tottenham,Brentford,,,,,,,,,,,,,,,,,,,,0.5354545211490924,0.24530127414000086,0.21924420471090672,1.8516648375872782,0.9030338882727211,1.6357292937247117,1.403028913169212,1.8840208004663053,1.1464841574282985,,,,,,,,,,,,,,E0-Tottenha-Brentfor,0.5066442353299815,0.25145906968639,0.24189669498362854,1.7713917756763347,0.9771491546372756
E0,32,2027-04-17 15:00:00,Arsenal,Aston Villa,,,,,,,,,,,,,,,,,,,,0.6136279767014787,0.22119401431476082,0.16517800898376045,2.062077944419197,0.7167280412660422,1.4916803557679685,1.1940970100315473,2.110512646307638,1.0234480251890177,,,,,,,,,,,,,,E0-Arsenal-AstonVil,0.6240719037295739,0.21915115299819798,0.15677694327222813,2.0913668641869196,0.6894819828148824
E0,32,2027-04-17 15:00:00,Brentford,Leeds,,,,,,,,,,,,,,,,,,,,0.4488998410706942,0.2627110266890504,0.2883891322402555,1.609410549901133,1.127878423409817,1.7126072781922308,1.5861034788579356,1.6633502172020114,1.2985840129527404,,,,,,,,,,,,,,E0-Brentfor-Leeds,0.4577298851405467,0.2605812081137554,0.2816889067456979,1.6337708635353954,1.1056479283508491
E0,32,2027-04-17 15:00:00,Brighton,Chelsea,,,,,,,,,,,,,,,,,,,,0.2981928198866327,0.2641835690761579,0.43762361103720937,1.158762028736056,1.5770544021877861,1.6051895088153516,1.7156954809511666,1.3200798244697243,1.6362646863932429,,,,,,,,,,,,,,E0-Brighton-Chelsea,0.31946117470211083,0.26246257671476,0.41807624858312925,1.2208461008210925,1.5166913224641476
E0,32,2027-04-17 15:00:00,Everton,Bournemouth,,,,,,,,,,,,,,,,,,,,0.426136950652659,0.26548059988164274,0.30838244946569826,1.5438914518396198,1.1906279482787374,1.7171123406921245,1.6233277338504914,1.608988268686172,1.342458513860862,,,,,,,,,,,,,,E0-Everton-Bournemo,0.4120672123132504,0.2684169063181901,0.3195158813685595,1.504618543257941,1.2269645504238686
E0,32,2027-04-17 15:00:00,Fulham,Sunderland,,,,,,,,,,,,,,,,,,,,0.4413658367347557,0.26371652272598944,0.29491764053925484,1.5878140329302566,1.148469444343754,1.7148556501685444,1.5989932229880321,1.6452184963189944,1.3128955241098834,,,,,,,,,,,,,,E0-Fulham-Sunderla,0.4407170960678533,0.2620960840946279,0.2971868198375188,1.5842473722981878,1.1536565436071844
E0,32,2027-04-17 15:00:00,Hull,Coventry,,,,,,,,,,,,,,,,,,,,0.32210140674983373,0.266865238040812,0.4110333552093542,1.2331694582903132,1.4999653036688747,1.6450709859292911,1.7162695227145401,1.3726768461544203,1.573567738139738,,,,,,,,,,,,,,E0-Hull-Coventry,0.3320768093217502,0.2735594861421166,0.3943637045361332,1.2697899141073672,1.4566505997505161
E0,32,2027-04-17 15:00:00,Ipswich,Man Utd,,,,,,,,,,,,,,,,,,,,0.14755561170460207,0.21078754586057494,0.641656842434823,0.6534543809743811,2.135758073165044,1.1117854231873823,1.4242365806843225,0.9815457293741041,2.2006106647495205,,,,,,,,,,,,,,E0-Ipswich-ManUtd,0.15191388451408827,0.21419225160817731,0.6338938638777344,0.6699339051504422,2.1158738432413804
E0,32,2027-04-17 15:00:00,Man City,Crystal Palace,,,,,,,,,,,,,,,,,,,,0.6996861091269828,0.1864574743026752,0.11385641657034198,2.2855158016836237,0.5280267240137012,1.2600499766999835,0.9323530021631117,2.4077105700503125,0.8971177959960795,,,,,,,,,,,,,,E0-ManCity-CrystalP,0.7041780792472527,0.1846519530164045,0.11116996773634277,2.2971861907581625,0.5181618562254328
E0,32,2027-04-17 15:00:00,Newcastle,Tottenham,,,,,,,,,,,,,,,,,,,,0.3414471092657997,0.2681450839316289,0.3904078068025714,1.292486411729028,1.4393685043393432,1.6706479428196475,1.7100336538706942,1.4155320761519556,1.5259279788783302,,,,,,,,,,,,,,E0-Newcastl-Tottenha,0.3420815806151163,0.2690618481621102,0.3888565712227735,1.295306590007459,1.4356315618304305
E0,32,2027-04-17 15:00:00,Nott'm Forest,Liverpool,,,,,,,,,,,,,,,,,,,,0.2341371030234785,0.2501854320903778,0.5156774648861437,0.9525967411608134,1.797217826748809,1.4499788080314828,1.6612906992819596,1.179492416292417,1.8312962170538432,,,,,,,,,,,,,,E0-NottmFor-Liverpoo,0.24771284326075135,0.25530824888813997,0.49697890785110865,0.998446778670394,1.746244972441466
E0,33,2027-04-24 15:00:00,Aston Villa,Coventry,,,,,,,,,,,,,,,,,,,,0.6476078861703076,0.20846347275539612,0.14392864107429626,2.151287131266319,0.6402493959782849,1.4088981271360952,1.093901953373504,2.2204841288162402,0.9727608371384825,,,,,,,,,,,,,,E0-AstonVil-Coventry,0.6246906780976879,0.21959311904236445,0.1557162028599477,2.093665153335428,0.6867417276222075
E0,33,2027-04-24 15:00:00,Bournemouth,Arsenal,,,,,,,,,,,,,,,,,,,,0.18720311253987798,0.23232599384761526,0.5804708936125067,0.7939353314672493,1.9737386746851353,1.2868206961545061,1.5609196804123413,1.0743654925312478,2.0104889956126146,,,,,,,,,,,,,,E0-Bournemo-Arsenal,0.196476862326677,0.23920704988004723,0.5643160877932757,0.8286376368600782,1.9321553132598743
E0,33,2027-04-24 15:00:00,Brentford,Fulham,,,,,,,,,,,,,,,,,,,,0.46329588197767596,0.2605517395125405,0.27615237850978347,1.6504393854455683,1.089008875041891,1.7062645122816789,1.5599828161805867,1.6984100810785767,1.2717776608039744,,,,,,,,,,,,,,E0-Brentfor-Fulham,0.4647708105827824,0.2583009670818744,0.27692822233534325,1.6526133988302216,1.089085634087904
E0,33,2027-04-24 15:00:00,Chelsea,Man City,,,,,,,,,,,,,,,,,,,,0.35194960082184046,0.2685249062918506,0.37952549288630893,1.324373708757372,1.4071013849507774,1.6821055932406588,1.704320034738235,1.4389502857171945,1.50109425005147,,,,,,,,,,,,,,E0-Chelsea-ManCity,0.34574576330770485,0.26888983379442316,0.38536440289787205,1.3061271237175378,1.4249830424880394
E0,33,2027-04-24 15:00:00,Everton,Brighton,,,,,,,,,,,,,,,,,,,,0.3847020111953739,0.2683702567123761,0.3469277320922501,1.4224762902984978,1.3091534529891262,1.7072495610093652,1.6768370820692746,1.5128830623057026,1.4277375785462638,,,,,,,,,,,,,,E0-Everton-Brighton,0.37592729542184533,0.26599208233252736,0.3580806222456273,1.3937739685980635,1.3402339490694093
E0,33,2027-04-24 15:00:00,Leeds,Liverpool,,,,,,,,,,,,,,,,,,,,0.2200325598593259,0.24557706727488623,0.5343903728657878,0.905674746852864,1.8487481858722499,1.4056233589218197,1.637220568301042,1.1482378262629391,1.8811433925931074,,,,,,,,,,,,,,E0-Leeds-Liverpoo,0.22803040804890984,0.24890111926699202,0.5230684726840982,0.9329923434137215,1.8181065373192866
E0,33,2027-04-24 15:00:00,Man Utd,Crystal Palace,,,,,,,,,,,,,,,,,,,,0.6414824531931336,0.21085505081547803,0.1476624959913884,2.135302410394879,0.6538425387896433,1.4246807457155004,1.1123074492070875,2.20003244476217,0.9818037025510787,,,,,,,,,,,,,,E0-ManUtd-CrystalP,0.65640760675204,0.20466049325415028,0.1389318999938097,2.1738833135102706,0.6214561932355793
E0,33,2027-04-24 15:00:00,Newcastle,Ipswich,,,,,,,,,,,,,,,,,,,,0.6003207288534258,0.225817648748686,0.1738616223978882,2.026779835308963,0.7474025159423506,1.5208677076144896,1.231961729492724,2.0695816721935048,1.0436891807756798,,,,,,,,,,,,,,E0-Newcastl-Ipswich,0.5734425757588894,0.23506614278187737,0.19149128145923328,1.9553938700585454,0.8095399871595772
E0,33,2027-04-24 15:00:00,Nott'm Forest,Sunderland,,,,,,,,,,,,,,,,,,,,0.4743087541063674,0.25869372287350245,0.26699752302013013,1.6816199851926048,1.0596862919338927,1.6996267352316328,1.5387363927420705,1.7256223073960866,1.2517223443056766,,,,,,,,,,,,,,E0-NottmFor-Sunderla,0.47054475434043386,0.259388900521069,0.27006634513849714,1.6710231635423705,1.0695879359365605
E0,33,2027-04-24 15:00:00,Tottenham,Hull,,,,,,,,,,,,,,,,,,,,0.7660850964186996,0.1541768438741056,0.0797380597071948,2.4524321331302046,0.39339102299569,1.0345193440328355,0.7170628842652633,2.6928930604041086,0.8021113172893171,,,,,,,,,,,,,,E0-Tottenha-Hull,0.732421219495373,0.17273145849426746,0.09484732201035956,2.3699951169803866,0.45727342452534614
E0,34,2027-05-01 15:00:00,Arsenal,Tottenham,,,,,,,,,,,,,,,,,,,,0.5865902251774777,0.2303697552865338,0.18304001953598847,1.990140430818967,0.7794898138944992,1.5490228475035295,1.2701255611451492,2.0284681800989532,1.0648429298479953,,,,,,,,,,,,,,E0-Arsenal-Tottenha,0.59971639682324,0.22771475206793879,0.17256885110882125,2.0268639425376587,0.7454213053944025
E0,34,2027-05-01 15:00:00,Brighton,Nott'm Forest,,,,,,,,,,,,,,,,,,,,0.47457741382517393,0.2586462016666768,0.2667763845081493,1.6823784431421986,1.0589753551911247,1.6994457001436745,1.5382048593378517,1.7262906113097802,1.251237761387785,,,,,,,,,,,,,,E0-Brighton-NottmFor,0.47528805851414413,0.2565777453214985,0.26813419616435735,1.682441920863931,1.0609803338145707
E0,34,2027-05-01 15:00:00,Coventry,Man Utd,,,,,,,,,,,,,,,,,,,,0.15268162673016134,0.21396290689889924,0.6333554663709393,0.6720077870893832,2.1140293060117172,1.1365030815615815,1.4450421975609702,0.9938616720142032,2.1733406779058604,,,,,,,,,,,,,,E0-Coventry-ManUtd,0.15366031732182378,0.2175150818895601,0.628824600788616,0.6784960338550314,2.103988884255408
E0,34,2027-05-01 15:00:00,Crystal Palace,Aston Villa,,,,,,,,,,,,,,,,,,,,0.3117312658809802,0.26585629916475895,0.42241243495426084,1.2010500968076996,1.5330936040275414,1.6289163570517966,1.7171922150429508,1.3498242596360068,1.6002083119934924,,,,,,,,,,,,,,E0-CrystalP-AstonVil,0.3143796295730466,0.26647165063911055,0.4191487197878429,1.2096105393582504,1.5239178100026392
E0,34,2027-05-01 15:00:00,Fulham,Everton,,,,,,,,,,,,,,,,,,,,0.3769595168621539,0.26858385249840644,0.35445663063943966,1.3994624030848684,1.3319537444167255,1.7027244866097169,1.6845927509876277,1.4952661980839554,1.4445588369267222,,,,,,,,,,,,,,E0-Fulham-Everton,0.38974835854515016,0.2684269275774575,0.34182471387739227,1.437672003212908,1.2939010692096344
E0,34,2027-05-01 15:00:00,Hull,Bournemouth,,,,,,,,,,,,,,,,,,,,0.20591910657874102,0.2403341951688485,0.5537466982524105,0.8580915149050715,1.9015742899260801,1.3572851064254372,1.6080696993326682,1.1167104319768162,1.9342525494065084,,,,,,,,,,,,,,E0-Hull-Bournemo,0.20955244667161246,0.24569807812317745,0.5447494752052101,0.8743554181380149,1.8799465037388077
E0,34,2027-05-01 15:00:00,Ipswich,Leeds,,,,,,,,,,,,,,,,,,,,0.3070981239921152,0.26532994335377763,0.42757193265410715,1.1866243153301232,1.548045741316099,1.621135793550131,1.7170317200338308,1.3396352145294026,1.61237923322192,,,,,,,,,,,,,,E0-Ipswich-Leeds,0.3119109915034314,0.26724687830399735,0.4208421301925713,1.2029798528142914,1.5297732688817112
E0,34,2027-05-01 15:00:00,Liverpool,Chelsea,,,,,,,,,,,,,,,,,,,,0.4473902986265013,0.2629194241792172,0.28969027719428153,1.6050903200587212,1.1319902557620618,1.713117176271521,1.588729979787493,1.6597057454680408,1.3014355140349745,,,,,,,,,,,,,,E0-Liverpoo-Chelsea,0.4541581992215299,0.26138979604072166,0.28445200473774845,1.6238643937053112,1.1147458102539671
E0,34,2027-05-01 15:00:00,Man City,Brentford,,,,,,,,,,,,,,,,,,,,0.6702681770894426,0.19925318207611095,0.1304786408344464,2.2100577133444386,0.5906891045794502,1.3473116795678468,1.0246473313172562,2.2988332876380784,0.9396070657299722,,,,,,,,,,,,,,E0-ManCity-Brentfor,0.6534915372613236,0.20578222828961398,0.14072623444906243,2.1662568400735847,0.6279609316368013
E0,34,2027-05-01 15:00:00,Sunderland,Newcastle,,,,,,,,,,,,,,,,,,,,0.337657718749563,0.26795448531262167,0.39438779593781526,1.2809276415613107,1.4511178731260674,1.6660983311428672,1.7117015670470375,1.4071110146007308,1.535060117920335,,,,,,,,,,,,,,E0-Sunderla-Newcastl,0.36690700939455567,0.26762294652997504,0.3654700440754693,1.368343974713642,1.364033078756383
E0,35,2027-05-08 15:00:00,Bournemouth,Man Utd,,,,,,,,,,,,,,,,,,,,0.25329480347789424,0.2555065718695467,0.4911986246525591,1.0153909823032294,1.729102445827224,1.5041409562278778,1.686498925576891,1.221669348104145,1.7680725176186256,,,,,,,,,,,,,,E0-Bournemo-ManUtd,0.2607737900496149,0.25830328993941304,0.4809229200109721,1.0406246600882576,1.7010720499723293
E0,35,2027-05-08 15:00:00,Brentford,Aston Villa,,,,,,,,,,,,,,,,,,,,0.3406477992883782,0.2681072705170739,0.3912449301945479,1.2900506683822084,1.4418420611007177,1.6697067371190948,1.7104031131088395,1.4137546011329634,1.5278464864192174,,,,,,,,,,,,,,E0-Brentfor-AstonVil,0.36653930613786806,0.2679719050051476,0.36548878885698427,1.3675898234187518,1.3644382715761005
E0,35,2027-05-08 15:00:00,Brighton,Sunderland,,,,,,,,,,,,,,,,,,,,0.5272016728650535,0.24740169009569873,0.22539663703924778,1.8290067086908592,0.9235916012134422,1.6469512054450104,1.422949977616919,1.861828492452865,1.1601498251615592,,,,,,,,,,,,,,E0-Brighton-Sunderla,0.5270145022948151,0.24366900032746705,0.2293164973777179,1.8247125072119124,0.9316184924606208
E0,35,2027-05-08 15:00:00,Everton,Hull,,,,,,,,,,,,,,,,,,,,0.6720892240349063,0.19848843231622526,0.1294223436488684,2.2147561044209443,0.5867554632628305,1.3421468465605448,1.019007551487262,2.3053256745714017,0.9369608918278238,,,,,,,,,,,,,,E0-Everton-Hull,0.6501149389464149,0.209704211239056,0.14018084981452908,2.160049028078301,0.6302467606826433
E0,35,2027-05-08 15:00:00,Fulham,Ipswich,,,,,,,,,,,,,,,,,,,,0.5308187093486669,0.24649201577152496,0.2226892748798081,1.8389481438175257,0.9145598404109492,1.6421301242596047,1.4142757879972971,1.8715203355196621,1.1541418808042159,,,,,,,,,,,,,,E0-Fulham-Ipswich,0.5334361348837139,0.24580793630371994,0.22075592881256617,1.8461163409548615,0.9080757227414185
E0,35,2027-05-08 15:00:00,Leeds,Arsenal,,,,,,,,,,,,,,,,,,,,0.1683892715550833,0.22294088722779193,0.6086698412171248,0.7281087018930418,2.0489504108791663,1.208302049451171,1.5027716719400113,1.0309612418085392,2.0951321081778707,,,,,,,,,,,,,,E0-Leeds-Arsenal,0.1719461826066785,0.22739824607538486,0.6006555713179367,0.7432367938954203,2.029364960029195
E0,35,2027-05-08 15:00:00,Man City,Liverpool,,,,,,,,,,,,,,,,,,,,0.47005710638972475,0.259431910426081,0.27051098318419425,1.6696032295952552,1.0709648599786636,1.7023709236586972,1.5470650277747107,1.7150747802957949,1.259420303310314,,,,,,,,,,,,,,E0-ManCity-Liverpoo,0.4693878297309817,0.26038458482089694,0.27022758544812137,1.668548074013842,1.0710673411652611
E0,35,2027-05-08 15:00:00,Newcastle,Coventry,,,,,,,,,,,,,,,,,,,,0.591798625309436,0.2286693729442074,0.17953200174635656,2.0040652488725157,0.7672653781832771,1.5385794789906733,1.2557612281026893,2.043935397785841,1.056784868220341,,,,,,,,,,,,,,E0-Newcastl-Coventry,0.5685912014858674,0.23818994321048922,0.19321885530364338,1.9439635476680914,0.8178465091214194
E0,35,2027-05-08 15:00:00,Nott'm Forest,Crystal Palace,,,,,,,,,,,,,,,,,,,,0.44578329486706036,0.2631374708606785,0.2910792342722611,1.6004873554618597,1.1363751736774619,1.7136273496709244,1.5915020439605467,1.65583238155461,1.3044798640621116,,,,,,,,,,,,,,E0-NottmFor-CrystalP,0.4681984906139827,0.26034686260433326,0.2714546467816841,1.6649423344462815,1.0747108029493855
E0,35,2027-05-08 15:00:00,Tottenham,Chelsea,,,,,,,,,,,,,,,,,,,,0.3604731660342316,0.26867635416377833,0.37085047980199015,1.350095852266473,1.381227793569749,1.6901760381647284,1.6985404546521325,1.4580499141550995,1.481430765181768,,,,,,,,,,,,,,E0-Tottenha-Chelsea,0.35620728682215075,0.2688096627112093,0.37498305046663993,1.3374315231776615,1.393758814111129
E0,36,2027-05-15 15:00:00,Arsenal,Nott'm Forest,,,,,,,,,,,,,,,,,,,,0.7021700232593805,0.18533425566401882,0.11249572107660069,2.2918443254421605,0.5228214188938209,1.2523140529370123,0.9244535092992767,2.417320992102449,0.8935511696861386,,,,,,,,,,,,,,E0-Arsenal-NottmFor,0.6872256302133104,0.19361091709773232,0.11916345268895728,2.2552878077376635,0.5511012751646042
E0,36,2027-05-15 15:00:00,Aston Villa,Newcastle,,,,,,,,,,,,,,,,,,,,0.4793515273740302,0.2577844943726769,0.2628639782532929,1.6958390764947677,1.0463764291325557,1.696078067372322,1.5286566672081148,1.7382029833010586,1.2426626928794577,,,,,,,,,,,,,,E0-AstonVil-Newcastl,0.47941218290794185,0.25871695180918935,0.2618708652828688,1.696953500533015,1.0443295476577958
E0,36,2027-05-15 15:00:00,Chelsea,Everton,,,,,,,,,,,,,,,,,,,,0.5941425861847442,0.2278935970838388,0.17796381673141695,2.0103213556380717,0.7617850472780897,1.5337849198120432,1.2492514894101099,2.050946792833449,1.0531721288663423,,,,,,,,,,,,,,E0-Chelsea-Everton,0.5819056320600988,0.23212651584018065,0.18596785209972053,1.977843412020477,0.7900300721393422
E0,36,2027-05-15 15:00:00,Coventry,Tottenham,,,,,,,,,,,,,,,,,,,,0.20208164146146324,0.23879343085054172,0.559124927687995,0.8450383552349314,1.9161682139145269,1.3434383821855527,1.5992171560261093,1.1080836137465997,1.9493113815632654,,,,,,,,,,,,,,E0-Coventry-Tottenha,0.21729622788904784,0.2483824322641014,0.5343213398468508,0.900271115931245,1.8513464518046536
E0,36,2027-05-15 15:00:00,Crystal Palace,Brighton,,,,,,,,,,,,,,,,,,,,0.349261802233225,0.2684482342255863,0.3822899635411887,1.3162336409252613,1.4153181248491524,1.6793334568212417,1.7059325115697637,1.432945483574886,1.5073846316967148,,,,,,,,,,,,,,E0-CrystalP-Brighton,0.33075836611960746,0.2633046026602502,0.4059370312201424,1.2555797010190726,1.4811156963206773
E0,36,2027-05-15 15:00:00,Hull,Fulham,,,,,,,,,,,,,,,,,,,,0.23810679316813993,0.2513743833864741,0.5105188234453859,0.9656947628908938,1.7829308537226318,1.4617691468248335,1.6672013652388342,1.188253617465789,1.817793750636058,,,,,,,,,,,,,,E0-Hull-Fulham,0.24153929208912284,0.25478939646552556,0.5036713114453516,0.9794072727328941,1.7658033308015804
E0,36,2027-05-15 15:00:00,Ipswich,Man City,,,,,,,,,,,,,,,,,,,,0.11376631327685605,0.18638346944141065,0.6998502172817334,0.5276824092719787,2.2859341212866107,0.931831563878035,1.259540618114622,0.8968820744079941,2.4083433727067787,,,,,,,,,,,,,,E0-Ipswich-ManCity,0.1224740146112542,0.1948725109525522,0.6826534744361936,0.5622945547863148,2.2428329342611333
E0,36,2027-05-15 15:00:00,Liverpool,Brentford,,,,,,,,,,,,,,,,,,,,0.6244327458988144,0.21728876050057452,0.1582784936006111,2.0905869981970175,0.6921242413024079,1.4666294765594872,1.1627592375076408,2.1445906047237,1.0071852386382554,,,,,,,,,,,,,,E0-Liverpoo-Brentfor,0.608252566902779,0.22190997281098285,0.1698374602862382,2.0466676735193197,0.7314223536696973
E0,36,2027-05-15 15:00:00,Man Utd,Leeds,,,,,,,,,,,,,,,,,,,,0.6365321536154557,0.21275698794998868,0.15071085843455564,2.1223534487963556,0.6648895632536556,1.437162208871305,1.1270765825373525,2.183715214790677,0.9891399690627926,,,,,,,,,,,,,,E0-ManUtd-Leeds,0.6343091390907996,0.21410697471853987,0.15158388619066057,2.1170343919909387,0.6688586332905216
E0,36,2027-05-15 15:00:00,Sunderland,Bournemouth,,,,,,,,,,,,,,,,,,,,0.36238128159189076,0.26869139685313626,0.368927321554973,1.3558352416288084,1.375473361518055,1.6918337287375036,1.6971103226021151,1.4623381494086856,1.4770865417642445,,,,,,,,,,,,,,E0-Sunderla-Bournemo,0.3648287433692899,0.2682975279799376,0.36687372865077256,1.3627837580878073,1.3689187139322552
E0,37,2027-05-23 15:00:00,Bournemouth,Chelsea,,,,,,,,,,,,,,,,,,,,0.2622110157138652,0.2576367915445013,0.4801521927416335,1.044269838686097,1.6980933697694018,1.5270364369798008,1.6954854337644005,1.2412311799902025,1.7402076541591953,,,,,,,,,,,,,,E0-Bournemo-Chelsea,0.28307488169753614,0.262157407736031,0.45476771056643284,1.1113820528286396,1.6264605394353295
E0,37,2027-05-23 15:00:00,Brentford,Hull,,,,,,,,,,,,,,,,,,,,0.6669078477365271,0.20065480500360783,0.13243734725986506,2.201378348213189,0.597966846783203,1.356758802650524,1.0350265804905467,2.2869327640014196,0.9444965037890635,,,,,,,,,,,,,,E0-Brentfor-Hull,0.6605538240955207,0.2039814965411429,0.13546467936333645,2.185642968827705,0.6103755346311522
E0,37,2027-05-23 15:00:00,Brighton,Liverpool,,,,,,,,,,,,,,,,,,,,0.27652402146540606,0.26062271454769614,0.46285326398689774,1.0901947789439141,1.6491825065083896,1.560814251699781,1.706499150656482,1.272591677722929,1.6973236881958293,,,,,,,,,,,,,,E0-Brighton-Liverpoo,0.2912339528994333,0.25935351367944265,0.449412533421124,1.1330553723777426,1.6075911139428147
E0,37,2027-05-23 15:00:00,Everton,Arsenal,,,,,,,,,,,,,,,,,,,,0.18985106824465653,0.2335361383192025,0.5766127934361409,0.803089343053172,1.9633745186276252,1.2972432595955359,1.568211778848211,1.0804009211025118,1.9992578290249834,,,,,,,,,,,,,,E0-Everton-Arsenal,0.1900787154350555,0.23642382196102846,0.573497462603916,0.806659968266195,1.9569162097727764
E0,37,2027-05-23 15:00:00,Fulham,Coventry,,,,,,,,,,,,,,,,,,,,0.5221303298373114,0.2486482927858139,0.22922137737687465,1.8150392822977484,0.9363124249164378,1.6534536650376914,1.4349597321247858,1.8483284389498653,1.168623473232502,,,,,,,,,,,,,,E0-Fulham-Coventry,0.5287976713552587,0.24876940809240491,0.2224329205523364,1.835162422158181,0.9160681697494141
E0,37,2027-05-23 15:00:00,Leeds,Sunderland,,,,,,,,,,,,,,,,,,,,0.4557224440841252,0.2617262495896771,0.2825513063261977,1.6288935818420527,1.10938016856827,1.7099339453805724,1.573963648112893,1.679896182311773,1.2857937429368624,,,,,,,,,,,,,,E0-Leeds-Sunderla,0.4456195082550236,0.26268136014214166,0.2916991316028347,1.5995398849072124,1.1377787549506457
E0,37,2027-05-23 15:00:00,Man City,Aston Villa,,,,,,,,,,,,,,,,,,,,0.5875278598787781,0.2300660384761518,0.1824061016450701,1.9926496181124862,0.7772843434113621,1.5471642768213174,1.2675500027693505,2.031241336022469,1.0633891511038582,,,,,,,,,,,,,,E0-ManCity-AstonVil,0.593860228604367,0.2293612313652393,0.17677854003039364,2.0109419171783403,0.7596968514564203
E0,37,2027-05-23 15:00:00,Newcastle,Crystal Palace,,,,,,,,,,,,,,,,,,,,0.48236195117764524,0.25722442140331636,0.2604136274190384,1.7043102749362522,1.0384653036604314,1.69380846874884,1.52253688126811,1.7457507117914286,1.237290058317366,,,,,,,,,,,,,,E0-Newcastl-CrystalP,0.4786183982873603,0.2575353068022498,0.2638462949103899,1.6933905016643305,1.0490741915334194
E0,37,2027-05-23 15:00:00,Nott'm Forest,Ipswich,,,,,,,,,,,,,,,,,,,,0.5639656551759451,0.23737586874989122,0.19865847607416368,1.9292728342777266,0.8333512969723823,1.5909730962513846,1.3308277692518122,1.9629837902648752,1.100365683462185,,,,,,,,,,,,,,E0-NottmFor-Ipswich,0.5627850384590836,0.2391176455961304,0.19809731594478602,1.927472760973381,0.8334095934304884
E0,37,2027-05-23 15:00:00,Tottenham,Man Utd,,,,,,,,,,,,,,,,,,,,0.3502136314289608,0.26847698737352005,0.38130938119751917,1.3191178816604023,1.4124051309660774,1.6803276845179398,1.70537316417189,1.4350710140420615,1.5051519951727568,,,,,,,,,,,,,,E0-Tottenha-ManUtd,0.33136798112578425,0.2684041195922293,0.40022789928198643,1.262508062969582,1.4690878174381887
E0,38,2027-05-30 16:00:00,Arsenal,Brighton,,,,,,,,,,,,,,,,,,,,0.6535110767261403,0.2061189563743888,0.14036996689947093,2.1666521865528097,0.6272288570728016,1.3933369494155796,1.0760326193247742,2.240476523491828,0.9640806218462833,,,,,,,,,,,,,,E0-Arsenal-Brighton,0.6454888590209081,0.20825703239903265,0.14625410858005922,2.144723609461757,0.6470193581392103
E0,38,2027-05-30 16:00:00,Aston Villa,Tottenham,,,,,,,,,,,,,,,,,,,,0.3955801030628307,0.2678920718178357,0.33652782511933355,1.4546323810063277,1.2774755471758363,1.7121576355111738,1.664698724259635,1.5378012985785439,1.4046027936096697,,,,,,,,,,,,,,E0-AstonVil-Tottenha,0.39661435335202677,0.26942201974238406,0.3339636269055892,1.4592650797984643,1.2713129004591515
E0,38,2027-05-30 16:00:00,Chelsea,Brentford,,,,,,,,,,,,,,,,,,,,0.5996150811601983,0.22605703648999914,0.1743278823498025,2.0249022799705942,0.7490406835394068,1.5223635235016744,1.23394603204104,2.0674417600393817,1.04476945457407,,,,,,,,,,,,,,E0-Chelsea-Brentfor,0.5772511603968993,0.23178280424887943,0.1909660353542213,1.9635362854395773,0.8046809103115433
E0,38,2027-05-30 16:00:00,Coventry,Nott'm Forest,,,,,,,,,,,,,,,,,,,,0.2983846658286471,0.2642101613973772,0.4374051727739757,1.1593641588833186,1.5764256797193044,1.6055469009519758,1.715738792684688,1.32050076347943,1.6357430906049206,,,,,,,,,,,,,,E0-Coventry-NottmFor,0.2910832098872623,0.26750728224381,0.4414095078689278,1.140756911905597,1.5917358058505935
E0,38,2027-05-30 16:00:00,Crystal Palace,Leeds,,,,,,,,,,,,,,,,,,,,0.417269059534067,0.26633844120829725,0.31639249925763574,1.5181456198104981,1.2155159389812045,1.716993854065099,1.6363919366096595,1.588133098665638,1.3600875152182454,,,,,,,,,,,,,,E0-CrystalP-Leeds,0.40139881265888044,0.2676591927537783,0.33094199458734125,1.4718556307304196,1.260485176515802
E0,38,2027-05-30 16:00:00,Hull,Newcastle,,,,,,,,,,,,,,,,,,,,0.18727799106642817,0.23236057577305186,0.58036143316052,0.7941945489723363,1.9734448752546119,1.2871175137535327,1.5611287985490416,1.0745363851647496,2.0101692504985076,,,,,,,,,,,,,,E0-Hull-Newcastl,0.21087605058967046,0.24548515271949706,0.5436387966908325,0.8781133044885083,1.8764015427919944
E0,38,2027-05-30 16:00:00,Ipswich,Everton,,,,,,,,,,,,,,,,,,,,0.279145177578485,0.2611135836028337,0.4597412388186813,1.0985491163382888,1.6403373000588777,1.5666100208015634,1.7080782750065162,1.2783328460441374,1.68970077447687,,,,,,,,,,,,,,E0-Ipswich-Everton,0.2880893437996249,0.26421937978556953,0.44769127641480555,1.1284874111844443,1.607293209029986
E0,38,2027-05-30 16:00:00,Liverpool,Bournemouth,,,,,,,,,,,,,,,,,,,,0.6228129847468435,0.21788275965001194,0.1593042556031445,2.0863217138905426,0.6957955264594454,1.4704613285204333,1.1674896454373358,2.1394315866040574,1.009613961729242,,,,,,,,,,,,,,E0-Liverpoo-Bournemo,0.6035427238493155,0.2252024212361257,0.1712548549145588,2.0358305927840723,0.738966985979802
E0,38,2027-05-30 16:00:00,Man Utd,Fulham,,,,,,,,,,,,,,,,,,,,0.6503522245785899,0.20737836336409754,0.14226941205731258,2.158435037099867,0.6341865995360353,1.4017065751911018,1.085610428848831,2.2297432595066793,0.9687213946227561,,,,,,,,,,,,,,E0-ManUtd-Fulham,0.6417079145976485,0.21045320635587478,0.1478388790464767,2.1355769501488204,0.6539698434953048
E0,38,2027-05-30 16:00:00,Sunderland,Man City,,,,,,,,,,,,,,,,,,,,0.1638152919237329,0.22043930125976796,0.6157454068164991,0.7118851770309667,2.0676755217092655,1.1879964232969533,1.4868658995325772,1.020249313129632,2.1171295801946326,,,,,,,,,,,,,,E0-Sunderla-ManCity,0.17734439587623954,0.22740807359372406,0.5952475305300364,0.7594412612224427,2.0131506651838333
E1,1,2026-08-14 20:00:00,Wolves,Blackburn,2.0,2.0,1.79,0.79,oddalerts.com,,,1.49,3.9,6.25,1.53,4.12,6.02,1.48,4.27,6.5,1.42,4.2,7.0,0.5582458961040146,0.2521410584202353,0.18961304547575003,1.9268787467322792,0.8209801948474853,1.5634924187478085,1.2846499873701707,1.7988607830189807,0.9672788558321915,0.600918804480069,0.24874701370854713,0.15033418181138392,2.051503427148754,0.6997495591426989,0.6352043501943032,0.2201645054537632,0.14463114435193367,2.125777556036673,0.6540579385095642,closing avg,1.0,1.0,E1-Wolves-Blackbur,,,,,
E1,1,2026-08-15 12:30:00,Bolton,Preston,2.0,1.0,0.77,1.1,oddalerts.com,,,2.15,3.3,3.3,2.19,3.37,3.21,2.34,3.29,3.02,2.3,3.25,3.0,0.39587993407545563,0.28507906823977863,0.31904099768476574,1.4727188704661456,1.2422020612940758,1.6790976034917997,1.6133820863194195,1.404363975077865,1.2389950403730101,0.24108778010787446,0.3411613379867896,0.41775088190533594,1.064424678310413,1.5944139837027973,0.4022395673084708,0.2860913639823166,0.3116690687092125,1.492810065907729,1.2210985701099542,closing avg,3.0,0.0,E1-Bolton-Preston,,,,,
E1,1,2026-08-15 15:00:00,Bristol City,Millwall,0.0,2.0,0.49,3.12,oddalerts.com,,,2.5,3.4,2.65,2.59,3.37,2.63,2.49,3.38,2.73,2.4,3.4,2.75,0.3894612276112449,0.28551825340393183,0.32502051898482326,1.4539019362376666,1.2605798103584016,1.6768384617095,1.6216414659841174,1.3902114070675013,1.2516082022879809,0.028317294690653666,0.0954832148030826,0.8761994905062637,0.1804350988750436,2.7240816863218735,0.37753310994096057,0.27812350406893255,0.34434338599010694,1.4107228338918143,1.3111536620392534,closing avg,0.0,3.0,E1-BristolC-Millwall,,,,,
E1,1,2026-08-15 15:00:00,Charlton,Derby,2.0,1.0,1.37,1.48,oddalerts.com,,,2.65,3.2,2.65,2.66,3.23,2.66,2.65,3.13,2.74,2.65,3.1,2.75,0.3268175711846039,0.2856346859402252,0.38754774287517085,1.266087399494037,1.4482779145657378,1.624015523444087,1.67605545399788,1.2554051167485276,1.3860067772437974,0.33862451488147083,0.27327544836194945,0.3881000367565797,1.289148993006362,1.4375755586316887,0.3553914560515836,0.30089052988392856,0.34371801406448776,1.3670648980386795,1.332044572077392,closing avg,3.0,0.0,E1-Charlton-Derby,,,,,
E1,1,2026-08-15 15:00:00,Middlesbrough,Lincoln,2.0,1.0,2.94,0.89,oddalerts.com,,,1.3,5.5,8.0,1.32,5.11,8.91,1.49,4.34,6.28,1.49,4.5,5.75,0.595821201742307,0.2393187598286326,0.16486003842906038,2.0267823650555536,0.7338988751158138,1.4938628202092126,1.1844515467939192,1.9049006764848255,0.913433451664723,0.7825798594391005,0.13983915366400246,0.07758098689689708,2.487578731981304,0.3725821143546937,0.6326794958100235,0.21721024164906336,0.1501102625409132,2.1152487290791337,0.6675410292718029,closing avg,3.0,0.0,E1-Middlesb-Lincoln,,,,,
E1,1,2026-08-15 15:00:00,Norwich,West Brom,1.0,2.0,2.55,1.64,oddalerts.com,,,1.91,3.5,3.8,1.95,3.52,3.77,1.96,3.54,3.72,1.91,3.5,3.8,0.4497324392538338,0.2785959748520199,0.2716715858941463,1.6277932926135215,1.0936107325344588,1.6764769246589544,1.5276558135847806,1.5265033925865015,1.139859897102325,0.5685671642500687,0.19772597654247942,0.23370685920745188,1.9034274692926856,0.8988465541648352,0.48064120532585847,0.2661177295024527,0.2532410651716889,1.7080413454800283,1.0258409250175193,closing avg,0.0,3.0,E1-Norwich-WestBrom,,,,,
E1,1,2026-08-15 15:00:00,Portsmouth,QPR,1.0,3.0,1.78,1.93,oddalerts.com,,,2.25,3.4,3.0,2.28,3.38,3.03,2.34,3.2,3.1,2.25,3.2,3.2,0.41489220717105013,0.28334912700846787,0.301758665820482,1.5280257485216182,1.1886251244699138,1.6825163034028674,1.5863474328716878,1.446750987333423,1.2026948764742702,0.35407386747373704,0.23199172357418962,0.41393440895207334,1.294213325995401,1.4737949504304098,0.40223826129267704,0.29413672857027007,0.30362501013705295,1.5008515124483013,1.2050117589814289,closing avg,0.0,3.0,E1-Portsmou-QPR,,,,,
E1,1,2026-08-15 15:00:00,Stoke,Swansea,1.0,2.0,0.89,0.97,oddalerts.com,,,2.32,3.2,3.1,2.41,3.3,2.92,2.28,3.37,3.05,2.25,3.4,3.1,0.4509252761473044,0.2783985517028152,0.27067617214988043,1.6311743801447283,1.0904270681524564,1.6759961785880155,1.5254529100921774,1.5292872464851348,1.1377849413177024,0.30398519571660787,0.34888611717557266,0.34712868710781947,1.2608417043253963,1.390272178499031,0.41252443199377115,0.27909664835186887,0.30837891965436004,1.5166699443331824,1.204233407314949,closing avg,0.0,3.0,E1-Stoke-Swansea,,,,,
E1,1,2026-08-15 17:30:00,Sheffield United,Birmingham,0.0,0.0,0.42,0.83,oddalerts.com,,,2.45,3.3,2.75,2.46,3.3,2.83,2.18,3.32,3.25,2.15,3.3,3.3,0.400756474630669,0.2846959175297948,0.3145476078395362,1.4869653414218018,1.2283387410484035,1.68043826261616,1.606808325325244,1.415167640177835,1.2295363111760704,0.16520063272552934,0.4154042300901034,0.4193951371843673,0.9110061282666915,1.6735896416432055,0.4296647897868003,0.2821292896792846,0.2882059205339153,1.5711236590396855,1.1467470512810305,closing avg,1.0,1.0,E1-Sheffiel-Birmingh,,,,,
E1,1,2026-08-16 13:30:00,Watford,Southampton,2.0,1.0,1.23,1.58,oddalerts.com,,,3.4,3.5,2.05,3.31,3.53,2.09,3.6,3.66,1.96,3.7,3.5,1.91,0.34428352745715163,0.28640198667042605,0.3693144858724223,1.3192525690418808,1.3943454442876928,1.6445263928611882,1.6660331415163836,1.2924777893697041,1.3462513741520745,0.2854775351306701,0.2713419353108524,0.44318052955847753,1.1277745407028625,1.600883523986285,0.26175672125405025,0.2574656274630002,0.4807776512829494,1.042735791225151,1.6997985813118486,closing avg,3.0,0.0,E1-Watford-Southamp,,,,,
E1,1,2026-08-16 16:00:00,Burnley,West Ham,2.0,2.0,2.43,1.51,oddalerts.com,,,2.85,3.5,2.25,2.88,3.55,2.27,3.03,3.49,2.24,3.0,3.5,2.2,0.3126767729149973,0.2845227614787497,0.402800465606253,1.2225530802237417,1.4929241582975088,1.603977683749167,1.6809044095067018,1.2256027519495856,1.419709605932391,0.5716954855592944,0.2043596546958607,0.2239448597448449,1.9194461113737438,0.8761942339303954,0.31047479100061554,0.26955261224408744,0.4199725967552969,1.200976985245934,1.5294704025099781,closing avg,1.0,1.0,E1-Burnley-WestHam,,,,,
E1,1,2026-08-17 20:00:00,Cardiff,Wrexham,1.0,1.0,1.07,1.71,oddalerts.com,,,2.3,3.5,2.82,2.32,3.52,2.84,2.46,3.52,2.68,2.45,3.5,2.65,0.31977647348409766,0.28513741537402465,0.3950861111418777,1.2444668358263176,1.4703957487996577,1.6144279712593368,1.6788487575628177,1.2405447940882797,1.4026095698372483,0.22580153741137637,0.2620325392044992,0.5121659233841244,0.9394371514386283,1.7985303093568725,0.3821499173607285,0.26707068088278185,0.3507794017564896,1.4135204329649673,1.3194088861522506,closing avg,1.0,1.0,E1-Cardiff-Wrexham,,,,,
E1,2,2026-08-22 12:30:00,Birmingham,Bristol City,2.0,2.0,1.68,1.64,oddalerts.com,,,1.71,3.75,4.33,1.79,3.66,4.22,1.71,3.67,4.76,1.62,3.7,5.0,0.465052938647456,0.27589223031141824,0.25905483104112575,1.6710510462537862,1.0530567234347954,1.668957078952649,1.4984572469103226,1.5625547814744225,1.1135609583928576,0.3837304002334201,0.24934532084999333,0.3669242789165866,1.4005365215502537,1.3501181575997532,0.5478900406153461,0.2552839153820822,0.1968260440025718,1.8989540372281206,0.8457620473897978,closing avg,1.0,1.0,E1-Birmingh-BristolC,,,,,
E1,2,2026-08-22 12:30:00,Lincoln,Portsmouth,1.0,3.0,2.34,1.38,oddalerts.com,,,2.35,3.4,2.75,2.38,3.38,2.87,2.32,3.31,3.04,2.25,3.3,3.0,0.3404568921468769,0.28628946109311604,0.37325364676000705,1.3076601375337469,1.4060504013731374,1.6404264551202306,1.6685945507316187,1.2843273322847117,1.354794806791727,0.5810285663977423,0.20921532726378136,0.20975610633847638,1.952301026457008,0.8384836462792105,0.40583357532346015,0.2844513277191624,0.3097150969573775,1.5019520536895428,1.213596618591295,closing avg,0.0,3.0,E1-Lincoln-Portsmou,,,,,
E1,2,2026-08-22 12:30:00,Millwall,Norwich,3.0,0.0,3.53,1.0,oddalerts.com,,,2.15,3.4,3.1,2.2,3.4,3.17,2.78,3.47,2.41,2.82,3.5,2.3,0.40636454149786727,0.28420324700362326,0.30943221149850947,1.503296871497225,1.2124998814991517,1.6815826366310844,1.5989371878547516,1.4276491089959666,1.218786877696931,0.8316774315625903,0.1066804727808497,0.06164209565655997,2.601712767468621,0.2916067597505296,0.3384461595120826,0.2711470672748097,0.3904067732131077,1.2864855458110576,1.4423673869141327,closing avg,3.0,0.0,E1-Millwall-Norwich,,,,,
E1,2,2026-08-22 15:00:00,Blackburn,Middlesbrough,2.0,1.0,0.94,1.57,oddalerts.com,,,3.5,3.4,2.01,3.43,3.38,2.1,3.69,3.56,1.95,3.7,3.6,1.86,0.3201453549610453,0.2851662200327369,0.39468842500621776,1.2456022849158728,1.4692314950513903,1.614949362494501,1.6787208590377531,1.2413222506333128,1.4017310969107863,0.2139736799708118,0.2774080628937057,0.5086182571354825,0.919329102806141,1.803262834300153,0.25452905525062425,0.2638236555828099,0.48164728916656585,1.0274108213346826,1.7087655230825074,closing avg,3.0,0.0,E1-Blackbur-Middlesb,,,,,
E1,2,2026-08-22 15:00:00,Derby,Cardiff,2.0,2.0,1.81,2.64,oddalerts.com,,,1.91,3.5,3.75,1.96,3.5,3.74,2.15,3.43,3.25,2.15,3.5,3.1,0.4970025165145989,0.26911883984498475,0.23387864364041633,1.7601263893887817,0.9707547707662337,1.6440965818535855,1.4316618076433287,1.639993916633967,1.0609795453212973,0.2539516511513011,0.1936104396337807,0.5524379092149182,0.9554653930876839,1.8509241672785353,0.43699406103608457,0.2739175601246594,0.289088378839256,1.584899743232913,1.1411826966424274,closing avg,1.0,1.0,E1-Derby-Cardiff,,,,,
E1,2,2026-08-22 15:00:00,Preston,Wolves,1.0,3.0,0.75,1.59,oddalerts.com,,,4.2,3.4,1.81,4.03,3.64,1.85,3.6,3.44,2.02,3.7,3.2,2.05,0.26832895426827014,0.27792238027986466,0.45374866545186526,1.0829092430846752,1.6391683766354606,1.5201905399360718,1.6747874023849212,1.132892389703921,1.5358916838118626,0.16381869261424237,0.27331102525922213,0.5628702821265354,0.7647671031019492,1.9619218716388285,0.26118595140726486,0.2733341351936493,0.4654799133990859,1.0568919894154438,1.669773875390907,closing avg,0.0,3.0,E1-Preston-Wolves,,,,,
E1,2,2026-08-22 15:00:00,QPR,Bolton,0.0,0.0,2.16,0.12,oddalerts.com,,,1.86,3.6,3.75,1.9,3.63,3.82,1.88,3.63,3.9,1.81,3.7,3.9,0.46144365735275106,0.27656176521587905,0.2619945774313699,1.6608927372741324,1.0625454975099888,1.670989996660678,1.5055100278194584,1.5540025804565034,1.1196892604186397,0.85201217465311,0.13586923409874926,0.01211859124814077,2.691905758058079,0.17222500784317157,0.5000105956896734,0.2589586556188942,0.24103074869143234,1.7589904426879146,0.9820509016931912,closing avg,1.0,1.0,E1-QPR-Bolton,,,,,
E1,2,2026-08-22 15:00:00,Southampton,Stoke,3.0,1.0,2.31,0.83,oddalerts.com,,,1.57,4.0,5.0,1.59,4.1,5.11,1.62,4.13,4.89,1.56,4.0,5.0,0.4486316783022555,0.27877617403191507,0.27259214766582945,1.6246712089386814,1.0965526170294033,1.6769047415979377,1.529677861110347,1.5239377738760047,1.1417789031992163,0.6977411139947326,0.19222085888841534,0.11003802711685207,2.2854442008726132,0.5223349402389715,0.5802011600748102,0.22758495867341225,0.19221388125177763,1.9681884388978428,0.8042266024287451,closing avg,3.0,0.0,E1-Southamp-Stoke,,,,,
E1,2,2026-08-22 15:00:00,Swansea,Sheffield United,0.0,0.0,0.67,1.82,oddalerts.com,,,2.32,3.4,2.82,2.35,3.39,2.9,2.67,3.3,2.59,2.65,3.25,2.55,0.3669361423411519,0.286455438706735,0.3466084189521131,1.3872638657301908,1.3262806955630744,1.6643796866164295,1.6469107258524807,1.3411045415854488,1.297438004305748,0.1209608128351666,0.23956189601037706,0.6394772911544564,0.6024443345158769,2.1579937694737463,0.3521152871673815,0.2848932777990632,0.3629914350335554,1.3412391393012078,1.3738675828997293,closing avg,1.0,1.0,E1-Swansea-Sheffiel,,,,,
E1,2,2026-08-22 15:00:00,West Ham,Charlton,1.0,2.0,3.45,0.71,oddalerts.com,,,1.33,4.75,8.0,1.37,4.81,7.93,1.41,4.74,6.73,1.39,4.5,6.5,0.6767831792505157,0.20599524294294436,0.11722157780653997,2.236344780694491,0.5576599763625643,1.2958058780580934,0.9500047939651084,2.164354289094673,0.8039349235784424,0.8696100056427138,0.09242978846351647,0.03796020589376968,2.701259805391658,0.20631040614482551,0.663579688348321,0.19739395792639927,0.13902635372527974,2.1881330229713627,0.6144730191022385,closing avg,0.0,3.0,E1-WestHam-Charlton,,,,,
E1,2,2026-08-22 15:00:00,Wrexham,Watford,1.0,1.0,1.83,0.55,oddalerts.com,,,1.86,3.5,4.0,1.91,3.55,3.87,1.79,3.69,4.27,1.71,3.6,4.5,0.47189383832167914,0.27456900727626327,0.25353715440205765,1.6902505222413007,1.035180470482436,1.6646667242343858,1.4848047904265442,1.578868408434423,1.1020551115626867,0.6744641287470292,0.2305664494688744,0.0949694217840964,2.2539588357099616,0.5154747148211636,0.5251277299889684,0.25473675790792777,0.22013551210310384,1.8301199478748331,0.9151432942172393,closing avg,1.0,1.0,E1-Wrexham-Watford,,,,,
E1,2,2026-08-23 12:00:00,West Brom,Burnley,3.0,1.0,2.02,1.02,oddalerts.com,,,2.7,3.3,2.45,2.75,3.29,2.51,2.46,3.31,2.81,2.4,3.4,2.7,0.3566717996850577,0.28655896573864376,0.35676923457629856,1.3565743647938169,1.3568666694675395,1.6563111556884151,1.6563949182133977,1.3189859633999432,1.3191952365549147,0.5953114418445553,0.2301253627574901,0.1745631953979546,2.016059688291156,0.7538149489513538,0.3818765576052192,0.2838115805766886,0.3343118618180923,1.4294412533923462,1.2867471660309655,closing avg,3.0,0.0,E1-WestBrom-Burnley,,,,,
E1,3,2026-08-28 20:00:00,Wrexham,Birmingham,1.0,2.0,1.88,1.89,oddalerts.com,,,2.15,3.4,3.3,2.2,3.36,3.24,2.18,3.22,3.42,2.15,3.25,3.5,0.39760131980813074,0.284948662858203,0.3174500173336663,1.4777526222825952,1.2372987148592018,1.6796077284682935,1.6110907090689668,1.4081724254984829,1.2356441359686847,0.38291203487138925,0.23021161086229683,0.38687635426631395,1.3789477154764647,1.3908406736612386,0.43206892763539917,0.2925187149829721,0.2754123573816287,1.5887254978891696,1.1187557871278582,closing avg,0.0,3.0,E1-Wrexham-Birmingh,,,,,
E1,3,2026-08-29 12:30:00,Derby,Swansea,0.0,3.0,0.82,2.96,oddalerts.com,,,2.2,3.25,3.2,2.28,3.29,3.1,2.35,3.27,2.98,2.35,3.2,3.0,0.4424221182324599,0.27975678923961006,0.27782109252793,1.6070231439369898,1.1132200668234,1.6790324681826228,1.540887704812685,1.5095239259654971,1.1526812990970576,0.06782837125948467,0.13352917018442928,0.7986424585560861,0.3370142839628833,2.5294565458526876,0.39884414356522774,0.2866311123480994,0.31452474408667286,1.4831635430437826,1.230205344608118,closing avg,0.0,3.0,E1-Derby-Swansea,,,,,
E1,3,2026-08-29 12:30:00,Middlesbrough,West Brom,3.0,1.0,2.01,1.32,oddalerts.com,,,1.71,3.8,4.5,1.74,3.76,4.5,1.72,3.89,4.51,1.71,3.8,4.5,0.47897345188153295,0.2731257992512506,0.24790074886721647,1.7100461548958494,1.0168280458529,1.6596290143109673,1.4702932642231714,1.595899578762311,1.090294165845601,0.5249097565531575,0.23474719525974386,0.24034304818709862,1.8094764649192165,0.9557763398210397,0.5483856851265477,0.2424738761999131,0.20914043867353926,1.8876309315795563,0.8698951922205309,closing avg,3.0,0.0,E1-Middlesb-WestBrom,,,,,
E1,3,2026-08-29 12:30:00,Wolves,Stoke,4.0,1.0,2.44,0.7,oddalerts.com,,,1.45,4.33,6.5,1.5,4.3,6.11,1.66,3.88,4.92,1.62,3.8,4.75,0.5059908335191938,0.2669472793384942,0.22706188714231196,1.7849197798960756,0.94813294076543,1.6349261603469838,1.4115481902547995,1.6623892572983519,1.0466862633771934,0.7499491423284526,0.17024656241255168,0.07980429525899577,2.4200939893979094,0.409659448189539,0.5664973173163667,0.24236740895494038,0.1911352737286928,1.9418593609040404,0.8157732301410188,closing avg,3.0,0.0,E1-Wolves-Stoke,,,,,
E1,3,2026-08-29 15:00:00,Blackburn,QPR,1.0,2.0,1.2,1.61,oddalerts.com,,,2.5,3.3,2.65,2.48,3.29,2.78,2.8,3.37,2.43,2.82,3.4,2.32,0.41241827740883796,0.28360982393526485,0.3039718986558972,1.520864656161779,1.1955255199029564,1.6823450182527204,1.590075643099105,1.4411937894971072,1.2073324300177275,0.2730015239250929,0.26960040292202037,0.4573980731528867,1.088604974697299,1.6417946223806803,0.3352190625115129,0.278520289327073,0.38626064816141403,1.2841774768616119,1.4373022338113153,closing avg,0.0,3.0,E1-Blackbur-QPR,,,,,
E1,3,2026-08-29 15:00:00,Bolton,Lincoln,0.0,1.0,2.03,1.25,oddalerts.com,,,2.45,3.25,2.75,2.42,3.3,2.87,2.42,3.37,2.81,2.4,3.4,2.7,0.4516215114254272,0.2782822880963349,0.27009620047823796,1.6331468223726167,1.0885708895310489,1.6757073474994049,1.5241615108660576,1.530913880916336,1.1365760162541045,0.5447105093400331,0.23286120234260596,0.22242828831736097,1.8669927303627052,0.9001460672946889,0.3877004581315276,0.2784080441181889,0.33389149775028354,1.4415094185127717,1.2800825373690394,closing avg,0.0,3.0,E1-Bolton-Lincoln,,,,,
E1,3,2026-08-29 15:00:00,Bristol City,Portsmouth,2.0,1.0,0.83,1.53,oddalerts.com,,,2.1,3.4,3.3,2.15,3.34,3.3,2.14,3.46,3.25,2.15,3.5,3.1,0.4484378966467977,0.27880769932479865,0.2727544040284037,1.6241213892651918,1.0970709114100097,1.6769784820772813,1.5300327509184422,1.5234864447448742,1.1421171524052407,0.19160806495700133,0.28219204178349205,0.5261998932595067,0.857016236654496,1.860791721562012,0.43918232803736856,0.27163300057802564,0.2891846713846058,1.5891799846901313,1.139187014731843,closing avg,3.0,0.0,E1-BristolC-Portsmou,,,,,
E1,3,2026-08-29 15:00:00,Cardiff,Sheffield United,2.0,2.0,2.55,1.4,oddalerts.com,,,2.55,3.5,2.5,2.55,3.53,2.57,2.74,3.67,2.34,2.65,3.6,2.32,0.31686511956614094,0.28489927636066664,0.3982356040731924,1.2354946350590894,1.4796060885802438,1.6102383591961424,1.6797855356556703,1.2344127452004816,1.4095771505643402,0.6169676220861335,0.19372937260706968,0.18930300530679678,2.0446322388654705,0.76163838852746,0.3427551965260704,0.25589897506306075,0.4013458284108688,1.2841645646412718,1.459936460295667,closing avg,1.0,1.0,E1-Cardiff-Sheffiel,,,,,
E1,3,2026-08-29 15:00:00,Charlton,Preston,1.0,0.0,1.03,0.96,oddalerts.com,,,2.05,3.3,3.6,2.09,3.28,3.55,2.08,3.35,3.5,2.05,3.4,3.5,0.3863623843314377,0.28570344525657376,0.3279341704119886,1.4447905982508868,1.2695059564925395,1.675545031445358,1.6254656053944332,1.3834053472037968,1.257765848250456,0.350259349222668,0.3362124296312124,0.3135282211461196,1.3869904772992163,1.2767970930695711,0.4514303314980942,0.28029107149732413,0.2682785970045817,1.6345820659916068,1.085126862511069,closing avg,3.0,0.0,E1-Charlton-Preston,,,,,
E1,3,2026-08-29 15:00:00,Norwich,Burnley,4.0,1.0,2.33,1.13,oddalerts.com,,,2.2,3.6,3.0,2.24,3.52,3.0,1.99,3.66,3.43,1.91,3.6,3.6,0.38871774450375973,0.28556428904163456,0.3257179664546057,1.4517175225529138,1.2627181884054517,1.6765402242883023,1.62256876380314,1.3885769295889576,1.253081455497802,0.6331732363450613,0.204061523071895,0.1627652405830437,2.103581232107079,0.6923572448210261,0.4708340053032491,0.2559999099872857,0.2731660847094652,1.6685019258970328,1.075498164115681,closing avg,3.0,0.0,E1-Norwich-Burnley,,,,,
E1,3,2026-08-29 15:00:00,Southampton,Millwall,5.0,1.0,3.23,1.52,oddalerts.com,,,1.91,3.6,3.6,1.96,3.58,3.62,1.95,3.73,3.49,1.96,3.75,3.3,0.4378633162331137,0.2804375214672789,0.2816991622996074,1.5940274701666202,1.125535008366101,1.680283791919507,1.5489009271060659,1.4990044150014432,1.160770430418195,0.7051826004524402,0.15098023550325096,0.14383716404430885,2.266528036860571,0.5824917276361775,0.48041643447357063,0.2511560448320275,0.2684275206944019,1.6924053482527395,1.0564386069152332,closing avg,3.0,0.0,E1-Southamp-Millwall,,,,,
E1,3,2026-08-29 15:00:00,Watford,West Ham,1.0,1.0,1.61,1.07,oddalerts.com,,,3.9,3.8,1.79,3.8,3.78,1.86,4.19,3.99,1.74,4.1,4.0,1.71,0.2357350072761384,0.2696843801578382,0.4945806125660234,0.9768894019862533,1.7534262178559084,1.4369865419300243,1.6464063917875738,1.0648664474755762,1.6340077238088662,0.48731952949616786,0.27202958311109166,0.2406508873927405,1.7339881715995953,0.9939822452893132,0.22430721811361723,0.23555068769324716,0.5401420941931357,0.9084723420340989,1.8559769702726543,closing avg,1.0,1.0,E1-Watford-WestHam,,,,,
E1,4,2026-09-01 19:45:00,Lincoln,Blackburn,0.0,0.0,1.74,0.3,oddalerts.com,,,2.2,3.4,3.1,2.25,3.39,3.09,2.34,3.38,2.91,2.3,3.4,2.85,0.34278295059984315,0.28636151521395087,0.3708555341862059,1.3147103670134803,1.3989281177725688,1.642944721479819,1.6670614441951024,1.2892796580053105,1.3495908270917842,0.7281489597785831,0.22086774474321866,0.05098329547819827,2.4053146240789682,0.37381763117781347,0.40057179161372297,0.2773189326556544,0.3221092757306226,1.4790343074968233,1.2436467598475223,closing avg,1.0,1.0,E1-Lincoln-Blackbur,,,,,
E1,4,2026-09-01 19:45:00,Portsmouth,Derby,0.0,2.0,1.02,0.9,oddalerts.com,,,1.86,3.4,4.0,1.96,3.48,3.79,2.05,3.36,3.6,1.96,3.3,3.6,0.37692229200041055,0.2861580071511165,0.336919700848473,1.4169248831523482,1.2969171096965355,1.670782510658516,1.636441325363758,1.362773385431019,1.2768080288342818,0.3607649688881934,0.3423345733234196,0.296900457788387,1.424629479988,1.2330359466885805,0.45880746472462447,0.27992717341829765,0.2612653618570778,1.6563495675921711,1.0637232589895311,closing avg,0.0,3.0,E1-Portsmou-Derby,,,,,
E1,4,2026-09-01 19:45:00,Preston,Bristol City,1.0,3.0,1.85,1.14,oddalerts.com,,,2.82,3.4,2.32,2.78,3.4,2.46,2.68,3.4,2.52,2.55,3.4,2.5,0.36296415450918107,0.2865201433935609,0.350515702097258,1.3754126069211041,1.338067249685335,1.661437694698683,1.6507374975884068,1.3325276006766507,1.3057890876830145,0.5291015169397686,0.24845933533047831,0.2224391477297531,1.835763886149784,0.9157767785197375,0.35066465850304496,0.276406260231812,0.37292908126514307,1.3284002357409468,1.3951935040272412,closing avg,0.0,3.0,E1-Preston-BristolC,,,,,
E1,4,2026-09-01 19:45:00,Sheffield United,Bolton,3.0,2.0,1.96,1.97,oddalerts.com,,,1.57,3.9,5.25,1.63,3.98,5.1,1.66,3.91,4.83,1.66,3.75,4.75,0.5260271883211545,0.26170244315179275,0.21227036852705278,1.839784008115256,0.898513548732951,1.6111419415255464,1.3648091626385868,1.7133861419607868,1.0155329014210168,0.38596583268480905,0.22417943549790575,0.38985473181728525,1.3820769335523329,1.3937436309497615,0.5655348164474138,0.240099180384324,0.19436600316826227,1.9367036297265654,0.8231971898891108,closing avg,3.0,0.0,E1-Sheffiel-Bolton,,,,,
E1,4,2026-09-01 19:45:00,Swansea,Watford,2.0,0.0,3.08,1.11,oddalerts.com,,,1.76,3.6,4.2,1.83,3.65,4.08,1.85,3.61,4.05,1.81,3.6,4.0,0.4240990543312724,0.28228758300763857,0.29361336266108906,1.5545847460014557,1.1631276709909057,1.6824453394886794,1.571941867932712,1.467549029209137,1.1856503362873585,0.7595009463741248,0.14254072766256634,0.09795832596330886,2.421043566784941,0.43641570555249287,0.507806123335012,0.2602330548946738,0.23196082177031416,1.7836514248997097,0.9561155202056162,closing avg,3.0,0.0,E1-Swansea-Watford,,,,,
E1,4,2026-09-01 19:45:00,West Ham,Wolves,4.0,2.0,2.1,1.0,oddalerts.com,,,2.01,3.6,3.4,2.04,3.65,3.33,2.18,3.6,3.07,2.15,3.6,3.1,0.4861635059347623,0.27158435535042785,0.24225213871480983,1.7300748731547146,0.9983407714948573,1.6538968420419864,1.4551693077547698,1.6133569268621877,1.0784966246645247,0.6169499792511159,0.2214883182638581,0.16156170248502597,2.072338256017206,0.7061734257189359,0.43184357978478155,0.2615052788696733,0.3066511413455452,1.557036018224018,1.1814587029063088,closing avg,3.0,0.0,E1-WestHam-Wolves,,,,,
E1,4,2026-09-01 20:00:00,Birmingham,Southampton,1.0,1.0,1.42,1.02,oddalerts.com,,,2.5,3.3,2.57,2.5,3.44,2.69,2.63,3.48,2.48,2.65,3.4,2.4,0.4159581717828085,0.2832335712961601,0.3008082569210314,1.5311080866445854,1.1856583420592544,1.6825651443529925,1.5847221794907433,1.4491494885767349,1.2007042846276132,0.44944036216996053,0.29242922956571443,0.25813040826432504,1.640750316075596,1.0668204543586897,0.3550845086648125,0.2683540970656485,0.37656139426953905,1.333607623060086,1.3980382798742657,closing avg,1.0,1.0,E1-Birmingh-Southamp,,,,,
E1,4,2026-09-01 20:00:00,Stoke,Norwich,1.0,0.0,0.25,1.03,oddalerts.com,,,3.4,3.6,2.01,3.31,3.53,2.1,3.26,3.43,2.15,3.3,3.4,2.1,0.3958469897895283,0.2850815121967622,0.31907149801370954,1.4726224815653473,1.242296006237891,1.6790874470908355,1.613425627205534,1.4042911424229556,1.2390593000521346,0.08197246094830973,0.3686937440299044,0.5493337950217859,0.6146111268748335,2.016695129095262,0.2884574012430912,0.27416067873250066,0.43738192002440807,1.1395328824617743,1.5863064388057249,closing avg,3.0,0.0,E1-Stoke-Norwich,,,,,
E1,4,2026-09-02 19:45:00,Millwall,Wrexham,0.0,3.0,0.24,1.06,oddalerts.com,,,2.2,3.25,3.25,2.24,3.35,3.15,2.28,3.24,3.15,2.25,3.1,3.25,0.4141610474376598,0.2834272662293588,0.3024116863329814,1.5259104085423383,1.190662325228303,1.6824741182704517,1.5874556705081218,1.4451072280142983,1.2040629001564884,0.07640111773013908,0.36026647070404844,0.5633324115658125,0.5894698238944657,2.050263705401486,0.4119442022667829,0.28988666085440273,0.29816913687881424,1.5257192676547513,1.1843940714908454,closing avg,0.0,3.0,E1-Millwall-Wrexham,,,,,
E1,4,2026-09-02 19:45:00,QPR,Cardiff,2.0,1.0,2.2,0.64,oddalerts.com,,,1.86,3.6,3.75,1.92,3.77,3.6,1.98,3.83,3.37,2.01,3.7,3.25,0.4575421171559416,0.27726306275498963,0.26519482008906875,1.6498894142228147,1.0728475230221959,1.6730070379939619,1.5130146359017473,1.5447994032317016,1.126359834396583,0.72363036890317,0.1910542668340474,0.0853153642627826,2.3619453735435574,0.44700035962239515,0.4751703597895675,0.24564942882071633,0.2791802113897162,1.6711605081894187,1.083190062989865,closing avg,3.0,0.0,E1-QPR-Cardiff,,,,,
E1,4,2026-09-02 19:45:00,West Brom,Charlton,1.0,1.0,0.82,0.49,oddalerts.com,,,1.71,3.5,4.75,1.76,3.6,4.58,1.64,3.84,5.08,1.57,3.75,5.25,0.5066770346279061,0.2667768254660157,0.22654613990607814,1.786807929349734,0.94641524518425,1.6341875607300862,1.409990268303555,1.6641108412077674,1.045603427916589,0.39534964341160883,0.4113052440746302,0.19334511251376096,1.5973541743094568,0.9913405816159131,0.5714553550503867,0.24405905788610266,0.18448558706351065,1.9584251230372627,0.7975158190766345,closing avg,1.0,1.0,E1-WestBrom-Charlton,,,,,
E1,4,2026-09-02 20:00:00,Burnley,Middlesbrough,1.0,1.0,0.9,1.01,oddalerts.com,,,2.82,3.4,2.32,2.75,3.5,2.4,3.11,3.7,2.13,3.2,3.7,2.05,0.41558037578961277,0.2832747479493366,0.3011448762610506,1.530015875318175,1.1867093767324883,1.6825495513302102,1.5852994894739811,1.4482991399578748,1.2014092613840877,0.2989298002478665,0.34346703677559387,0.3576031629765397,1.2402564375191933,1.416276525705213,0.3029720555275774,0.2546602953218285,0.4423676491505942,1.1635764619045605,1.581763242773611,closing avg,1.0,1.0,E1-Burnley-Middlesb,,,,,
E1,5,2026-09-05 12:30:00,Lincoln,Southampton,1.0,1.0,2.88,0.79,oddalerts.com,,,4.2,3.8,1.76,4.06,3.83,1.79,4.11,3.93,1.77,4.1,3.8,1.76,0.26869753367853305,0.27799814575356907,0.4533043205678978,1.084090746789168,1.6379111074572625,1.5210232015864702,1.6749842349327735,1.1336606402903395,1.5348508523277056,0.794240748097452,0.13766693240344272,0.06809231949910524,2.520389176695799,0.34194389090075844,0.22894635504606176,0.2394324476435913,0.5316211973103468,0.9262715127817766,1.834296039574632,closing avg,1.0,1.0,E1-Lincoln-Southamp,,,,,
E1,5,2026-09-05 12:30:00,Preston,Blackburn,2.0,1.0,1.51,0.78,oddalerts.com,,,2.3,3.25,3.0,2.37,3.32,2.93,2.31,3.35,3.0,2.25,3.3,3.0,0.39637517814361745,0.2850420942069579,0.31858272764942464,1.4741676286378103,1.2407902771552317,1.6792485001758903,1.6127261311688228,1.4054590973924412,1.2380296254997638,0.5340812809526112,0.28446290086955817,0.18145581817783063,1.8867067437273919,0.8288303554030501,0.4065780690575885,0.2803568177680685,0.3130651131743431,1.500091024940834,1.2195521572910977,closing avg,3.0,0.0,E1-Preston-Blackbur,,,,,
E1,5,2026-09-05 12:30:00,Stoke,Charlton,4.0,0.0,2.16,0.55,oddalerts.com,,,2.05,3.25,3.5,2.11,3.29,3.49,2.0,3.27,3.86,1.91,3.3,3.9,0.5195317687977867,0.2634629869616219,0.21700524424059137,1.822058293354982,0.9144787196833959,1.6193524817580331,1.3802388563731616,1.6966848259827658,1.0255292988738465,0.7390922976312579,0.1882117211607145,0.07269598120802756,2.4054886140544887,0.4062996647847972,0.469537463451652,0.2871788767288391,0.24328365981950884,1.695791267083795,1.0170298561873656,closing avg,3.0,0.0,E1-Stoke-Charlton,,,,,
E1,5,2026-09-05 15:00:00,Burnley,Bristol City,1.0,2.0,0.34,0.95,oddalerts.com,,,1.81,3.6,4.0,1.87,3.63,3.93,1.95,3.57,3.67,1.91,3.5,3.75,0.4823111289971427,0.272419671284596,0.24526919971826133,1.719353058276024,1.00822727043938,1.657044893255764,1.4633202398913054,1.6039829118991014,1.0847995867610931,0.12047496372726715,0.3894083626565672,0.4901166736161656,0.7508332538383686,1.8597583835050642,0.48133534656629895,0.26291426493117165,0.2557503885025294,1.7069203046300685,1.03016543043876,closing avg,0.0,3.0,E1-Burnley-BristolC,,,,,
E1,5,2026-09-05 15:00:00,Millwall,Bolton,4.0,0.0,2.22,0.99,oddalerts.com,,,1.86,3.4,4.0,1.89,3.38,4.19,1.96,3.46,3.78,1.91,3.5,3.75,0.5205000183666575,0.2632041832892278,0.21629579834411472,1.8247042383892003,0.912091578321572,1.6181587909936335,1.377955321141124,1.6991638802508875,1.0240330672183797,0.6435141283390585,0.20921834673950104,0.14726752492144043,2.1397607317566765,0.6510209215038223,0.479618030598624,0.27169113872060785,0.24869083068076805,1.7105452305164799,1.017763630762912,closing avg,3.0,0.0,E1-Millwall-Bolton,,,,,
E1,5,2026-09-05 15:00:00,Portsmouth,Cardiff,2.0,0.0,1.63,1.23,oddalerts.com,,,2.32,3.4,2.85,2.36,3.5,2.81,2.41,3.53,2.75,2.4,3.4,2.75,0.4560700268168061,0.2775215685653781,0.26640840461781584,1.6457316490157963,1.0767467824188255,1.6737191493443806,1.5158135766764271,1.5413379736948598,1.1288893349126485,0.4557024643168506,0.26716350822731805,0.2771340274558314,1.6342709011778698,1.0985655905948122,0.39076494527479333,0.26678286632075127,0.3424521884044553,1.439077702145131,1.294139431534117,closing avg,3.0,0.0,E1-Portsmou-Cardiff,,,,,
E1,5,2026-09-05 15:00:00,QPR,Middlesbrough,0.0,1.0,1.53,2.07,oddalerts.com,,,3.2,3.4,2.15,3.14,3.52,2.17,2.89,3.56,2.28,2.7,3.5,2.4,0.3237412918240359,0.28543101324572323,0.3908276949302409,1.2566548887178308,1.4579140980364458,1.6199211303236225,1.6773667503644676,1.2489071744101605,1.3932180354570987,0.27714344910427924,0.229234192658362,0.4936223582373588,1.0606645399711998,1.7101012673704385,0.3247447428223922,0.263627052459751,0.4116282047178568,1.2378612809269276,1.4985116666133216,closing avg,0.0,3.0,E1-QPR-Middlesb,,,,,
E1,5,2026-09-05 15:00:00,Sheffield United,Norwich,1.0,3.0,0.88,1.72,oddalerts.com,,,2.55,3.3,2.57,2.53,3.47,2.64,2.56,3.49,2.58,2.55,3.3,2.55,0.41170714032844113,0.283682818026861,0.30461004164469785,1.5188042390121845,1.1975129429609546,1.6822807645414506,1.5911359442701352,1.4395987505190946,1.2086701237914979,0.17920471939907273,0.2595924207591617,0.5612028598417655,0.79720657895638,1.9432010002844584,0.3668684860288306,0.2691069696945004,0.3640245442766691,1.369712427780992,1.3611806025245075,closing avg,0.0,3.0,E1-Sheffiel-Norwich,,,,,
E1,5,2026-09-05 15:00:00,West Brom,Watford,1.0,0.0,1.43,1.26,oddalerts.com,,,1.81,3.6,4.0,1.86,3.56,4.07,1.71,3.75,4.67,1.66,3.8,4.75,0.4461134540825782,0.27918122753865876,0.27470531837876305,1.6175215897863933,1.1032971826749478,1.677826220856761,1.5342644196490491,1.5180803474070608,1.1461843920000585,0.3981362775791717,0.2821100916881352,0.3197536307326931,1.4765189244256502,1.2413709838862144,0.548797111940509,0.2502514830448721,0.20095140501461894,1.896642818866399,0.8531056980887289,closing avg,3.0,0.0,E1-WestBrom-Watford,,,,,
E1,5,2026-09-05 15:00:00,West Ham,Derby,3.0,0.0,3.84,0.15,oddalerts.com,,,1.33,5.0,7.5,1.36,4.85,8.01,1.34,5.22,7.97,1.3,5.5,7.5,0.5851070917666601,0.24315272269366306,0.17174018553967685,1.9984739979936434,0.7583732793126936,1.5152182279369066,1.2136843617752657,1.8738906544731544,0.9285493771189129,0.9641495451625464,0.032991894002769716,0.0028585608346839222,2.925440529490409,0.04156757650682148,0.7018354195485677,0.1801646479300921,0.11799993252134013,2.2856709065757954,0.5341644454941125,closing avg,3.0,0.0,E1-WestHam-Derby,,,,,
E1,5,2026-09-05 20:00:00,Swansea,Wrexham,0.0,0.0,0.87,0.94,oddalerts.com,,,2.15,3.25,3.3,2.17,3.37,3.27,2.24,3.3,3.18,2.2,3.2,3.25,0.37001391587765553,0.286384185243562,0.34360189887878245,1.3964259328765285,1.3171898818799093,1.666504042132379,1.6438120902257947,1.3477665909239902,1.2910247306301794,0.30379692990114954,0.3542383137558148,0.3419647563430356,1.2656291034592635,1.3801325827849213,0.4196055851446668,0.28482318506789506,0.29557122978743827,1.5436399405018955,1.17153687443021,closing avg,1.0,1.0,E1-Swansea-Wrexham,,,,,
E1,5,2026-09-06 12:00:00,Birmingham,Wolves,2.0,2.0,1.77,1.64,oddalerts.com,,,2.85,3.25,2.35,2.87,3.24,2.41,2.85,3.37,2.39,2.82,3.4,2.3,0.36107564931153835,0.28654004256339255,0.3523843081250691,1.3697669904980077,1.3436929669386,1.6599592781092685,1.652488026288757,1.3284576015753402,1.3097896371977813,0.40457717575503893,0.24477558805722216,0.3506472361877389,1.458507115322339,1.296717296620439,0.32914594426713195,0.27835784604193653,0.39249620969093146,1.2657956788433324,1.4558464751147309,closing avg,1.0,1.0,E1-Birmingh-Wolves,,,,,
E1,6,2026-09-08 19:45:00,Blackburn,Sheffield United,1.0,2.0,1.83,0.53,oddalerts.com,,,3.0,3.4,2.25,2.98,3.42,2.31,2.85,3.39,2.39,2.85,3.4,2.3,0.35114237648473506,0.2865276097524336,0.3623300137628314,1.3399547392066389,1.373517651040928,1.6513302949927176,1.6609469958969278,1.307130256845306,1.3311603727997265,0.6800359671291941,0.22906413294391065,0.09089989992689523,2.269172034331493,0.5017638327245963,0.32968736648070607,0.2771707948289122,0.3931418386903818,1.2662328942710304,1.4565963109000575,closing avg,0.0,3.0,E1-Blackbur-Sheffiel,,,,,
E1,6,2026-09-08 19:45:00,Cardiff,Stoke,1.0,1.0,2.73,0.95,oddalerts.com,,,1.96,3.6,3.5,2.03,3.68,3.35,2.06,3.64,3.29,2.01,3.6,3.25,0.3315643650182174,0.2859081323023172,0.3825275026794654,1.2806012273569694,1.4334906403407133,1.6300479139580977,1.6737602404730771,1.2654491593170143,1.3750058524193174,0.7407984956568706,0.16058166339466795,0.09861984094846143,2.3829771503652797,0.45644118624005225,0.4561890032531599,0.25817289744546956,0.28563809930137063,1.6267399072049493,1.1150871953495813,closing avg,1.0,1.0,E1-Cardiff-Stoke,,,,,
E1,6,2026-09-08 19:45:00,Southampton,Swansea,3.0,1.0,1.72,1.34,oddalerts.com,,,1.76,3.8,4.0,1.82,3.75,4.03,1.83,3.78,3.96,1.79,3.8,3.8,0.48366341455208306,0.27212892289196783,0.2442076625559491,1.723119166548217,1.0047519105598153,1.655959991734893,1.4604714841219106,1.6072680013969114,1.0825823686452591,0.4537165639891718,0.2573056386787039,0.2889777973321243,1.6184553306462193,1.1242390306750767,0.5138090824837812,0.24874884151992588,0.23744207599629286,1.7901760889712695,0.9610750695088044,closing avg,3.0,0.0,E1-Southamp-Swansea,,,,,
E1,6,2026-09-08 19:45:00,Watford,Preston,2.0,1.0,2.02,1.93,oddalerts.com,,,2.05,3.4,3.4,2.09,3.44,3.42,2.19,3.34,3.23,2.15,3.25,3.3,0.4454245783050661,0.279290283628879,0.2752851380660549,1.6155640185440774,1.1051456978270437,1.678064390360186,1.5355095127977498,1.5164808898282467,1.1473932917130716,0.4058234223302999,0.2232620017208965,0.3709145759488036,1.440732268711796,1.3360057295673071,0.4285027704406887,0.280964391396739,0.29053283816257225,1.566472702718805,1.1525629058844558,closing avg,3.0,0.0,E1-Watford-Preston,,,,,
E1,6,2026-09-08 19:45:00,Wrexham,Burnley,1.0,1.0,1.76,1.57,oddalerts.com,,,2.01,3.4,3.6,2.02,3.52,3.53,2.08,3.31,3.54,2.05,3.2,3.6,0.38106161148627427,0.28597916187992783,0.3329592266337979,1.4291639963387506,1.2848568417813215,1.673023936825448,1.631755097711837,1.371801744444957,1.268404860283961,0.41589362439489896,0.24783283196036993,0.3362735436447311,1.4955137051450669,1.2566534628945634,0.4512697666895175,0.28357737604658506,0.2651528572638973,1.6373866761151374,1.079035947838277,closing avg,1.0,1.0,E1-Wrexham-Burnley,,,,,
E1,6,2026-09-08 20:00:00,Bolton,West Ham,2.0,3.0,1.73,2.46,oddalerts.com,,,5.0,4.0,1.56,5.03,4.2,1.59,4.43,4.03,1.69,4.5,3.9,1.62,0.1984244451493825,0.2560905821127413,0.5454849727378761,0.8513639175608889,1.8925455003263696,1.31709006833256,1.5837268659480377,0.9861384255710716,1.7644581682255898,0.26256330501773983,0.20380499266964922,0.5336317023126109,0.9914949077228687,1.804700099607482,0.21183939185637463,0.23286563422425294,0.5552949739193724,0.8683838097933769,1.8987505559823703,closing avg,0.0,3.0,E1-Bolton-WestHam,,,,,
E1,6,2026-09-09 19:45:00,Derby,West Brom,0.0,1.0,1.37,0.77,oddalerts.com,,,3.0,3.25,2.3,2.93,3.37,2.34,3.37,3.33,2.13,3.4,3.25,2.1,0.4204473028744191,0.2827257443854771,0.2968269527401038,1.5440676530087345,1.1732066026057886,1.6826065531873473,1.5777545866485945,1.4592774196059173,1.1923709478557494,0.4984915105165283,0.30342430943194515,0.19808418005152656,1.79889884098153,0.8976768495865248,0.2782282264612777,0.2815703072596114,0.44020146627911083,1.1162549866434446,1.6021747060969438,closing avg,0.0,3.0,E1-Derby-WestBrom,,,,,
E1,6,2026-09-09 19:45:00,Norwich,Birmingham,2.0,1.0,1.13,1.94,oddalerts.com,,,1.86,3.5,3.9,1.9,3.63,3.77,1.92,3.57,3.81,1.86,3.5,4.0,0.4053526406955607,0.28429622559921985,0.3103511337052194,1.500354147685902,1.215349626714878,1.681407423380977,1.6003817137902006,1.4253923723662216,1.2207165084737435,0.20810718904323205,0.23993174973942827,0.5519610612173398,0.8642533168691244,1.8958149333914476,0.48977541562692417,0.2634086268917911,0.2468159574812846,1.7327348737725634,1.003856499335645,closing avg,3.0,0.0,E1-Norwich-Birmingh,,,,,
E1,6,2026-09-09 20:00:00,Charlton,QPR,0.0,0.0,0.8,0.81,oddalerts.com,,,3.2,3.25,2.2,3.09,3.35,2.26,3.18,3.34,2.23,3.2,3.2,2.25,0.36307489042895436,0.28651875840966523,0.3504063511613804,1.3757434296965285,1.3377378118938066,1.6615227879170873,1.6506334654916597,1.3327664097174279,1.3055551125188647,0.308206549101381,0.3778772332600563,0.3139162176385627,1.3024968805641994,1.3196258861757444,0.29602397380051504,0.28184318463641855,0.42213284156306635,1.1699151060379638,1.5482417093256178,closing avg,1.0,1.0,E1-Charlton-QPR,,,,,
E1,7,2026-09-11 20:00:00,West Ham,Wrexham,6.0,0.0,2.52,0.43,oddalerts.com,,,1.56,4.0,5.25,1.57,4.21,5.36,1.47,4.43,6.12,1.46,4.2,6.25,0.5635083416174995,0.25045151236607943,0.18604014601642105,1.940976537218578,0.8085719504153426,1.5546366688905526,1.2710242275153973,1.8132718877200587,0.9595913397123319,0.8229599786978176,0.13775207529572142,0.039287946006461016,2.6066320113891743,0.25561591331510447,0.6361223929554364,0.21108350285428706,0.1527941041902764,2.119450681720596,0.6694658154251163,closing avg,3.0,0.0,E1-WestHam-Wrexham,,,,,
E1,7,2026-09-12 12:30:00,Bolton,Cardiff,1.0,0.0,0.53,2.34,oddalerts.com,,,2.57,3.4,2.5,2.53,3.63,2.53,2.68,3.73,2.36,2.82,3.6,2.3,0.41251586296933734,0.2835997394788924,0.3038843975517703,1.5211473283869044,1.1952529321342034,1.6823533115443117,1.5899297456694148,1.4414127510830501,1.2071490270171379,0.05990594162425373,0.1661375109768352,0.773956547398911,0.3458553358495964,2.4880071531735677,0.35037414424454705,0.2517433529692724,0.3978825027861806,1.3028657857029136,1.4453908613278141,closing avg,3.0,0.0,E1-Bolton-Cardiff,,,,,
E1,7,2026-09-12 12:30:00,Derby,Birmingham,1.0,2.0,1.18,2.63,oddalerts.com,,,3.4,3.3,2.1,3.33,3.28,2.17,3.21,3.38,2.19,3.2,3.4,2.2,0.37685151089644664,0.28616078484245006,0.3369877042611033,1.41671531753179,1.29712389762576,1.6707420919812694,1.6365197174005366,1.3626192468187837,1.2769524605367655,0.14277832687659237,0.18041360841294796,0.6768080647104597,0.6087485890427251,2.2108378025443276,0.29278653898638946,0.2780605888006835,0.4291528722129271,1.1564202057598518,1.5655192054394649,closing avg,0.0,3.0,E1-Derby-Birmingh,,,,,
E1,7,2026-09-12 12:30:00,West Brom,QPR,1.0,1.0,1.72,0.58,oddalerts.com,,,2.01,3.3,3.6,2.06,3.46,3.44,,,,,,,0.4510447259729869,0.2783786588873457,0.27057661513966746,1.6315128368063063,1.090108504306348,1.6759470559804663,1.5252316439833293,1.5295662284195344,1.1375774174864608,0.6414070408922115,0.24817019447889335,0.11042276462889519,2.172391317155528,0.5794384883655789,0.4557442832855983,0.27133908195616546,0.2729166347582362,1.6385719318129603,1.090088986230874,pre-match avg,1.0,1.0,E1-WestBrom-QPR,,,,,
E1,7,2026-09-12 15:00:00,Blackburn,Millwall,3.0,1.0,1.14,2.0,oddalerts.com,,,2.7,3.2,2.57,2.71,3.37,2.51,,,,,,,0.35624579863679184,0.2865587421687135,0.35719545919449464,1.355296138079089,1.3581451197521974,1.6559433080077466,1.6567597086124546,1.318071137132284,1.3201108430199775,0.2025839902723022,0.234435021221631,0.5629809885060668,0.8421869920385376,1.9233779867398315,0.34676040748560066,0.2788488736753643,0.374390718839035,1.3191300961321664,1.4020210301924694,pre-match avg,3.0,0.0,E1-Blackbur-Millwall,,,,,
E1,7,2026-09-12 15:00:00,Charlton,Portsmouth,0.0,0.0,0.96,0.56,oddalerts.com,,,2.7,3.1,2.57,2.72,3.19,2.6,,,,,,,0.36446207060020996,0.2864993680421546,0.34903856135763545,1.3798855798427845,1.333615052115061,1.6625737899859865,1.6493173130330168,1.3357594437534657,1.3026297572792176,0.4273901684941506,0.376586344255933,0.19602348724991642,1.6587568497383849,0.9646568060056822,0.3449681401500657,0.29414211323140405,0.3608897466185303,1.329046533681601,1.3768113530869948,pre-match avg,1.0,1.0,E1-Charlton-Portsmou,,,,,
E1,7,2026-09-12 15:00:00,Middlesbrough,Norwich,4.0,3.0,2.1,1.64,oddalerts.com,,,1.79,3.9,3.8,1.85,3.91,3.72,,,,,,,0.4451821378906309,0.27932848523411635,0.27548937687525277,1.614874898906009,1.1057966158598747,1.6781467871331017,1.5359467214642402,1.5159182746947097,1.1478191331590206,0.47786666444805126,0.22600338123828048,0.2961299543136683,1.6596033745824341,1.1143932441792854,0.5074963277240262,0.24011974585407894,0.2523839264218948,1.7626087290261574,0.9972715251197632,pre-match avg,3.0,0.0,E1-Middlesb-Norwich,,,,,
E1,7,2026-09-12 15:00:00,Preston,Lincoln,0.0,1.0,0.69,0.87,oddalerts.com,,,2.25,3.4,3.0,2.3,3.47,2.93,,,,,,,0.4726425207103023,0.2744199163345408,0.25293756295515685,1.6923474784654478,1.0332326052000114,1.6641626148589022,1.4832883664825498,1.5806622547446145,1.1008044221826057,0.2572071324172633,0.38175209647650793,0.36104077110622873,1.1533734937282978,1.4648744097951942,0.4085289165873083,0.2707828553748729,0.3206882280378187,1.4963696051367976,1.2328475394883291,pre-match avg,0.0,3.0,E1-Preston-Lincoln,,,,,
E1,7,2026-09-12 15:00:00,Southampton,Bristol City,4.0,1.0,1.95,2.43,oddalerts.com,,,1.61,4.0,4.75,1.66,4.02,4.64,,,,,,,0.46543903249707747,0.27581943330412045,0.25874153419880214,1.6721365307953528,1.0520440359005268,1.6687301481575,1.4976965876194708,1.563471850901419,1.1129077885200196,0.30965840938007827,0.20442817468172952,0.4859134159381922,1.1334034028219644,1.6621684224963063,0.5647503360744087,0.23320536265759167,0.20204430126799966,1.9274563708808177,0.8393382664615907,pre-match avg,3.0,0.0,E1-Southamp-BristolC,,,,,
E1,7,2026-09-12 15:00:00,Swansea,Burnley,3.0,1.0,1.46,1.24,oddalerts.com,,,2.1,3.4,3.3,2.14,3.47,3.23,,,,,,,0.3361067360822895,0.2861240366380492,0.3777692272796612,1.2944442448849176,1.4194317184770329,1.63549875826297,1.671260678736337,1.2750817658856295,1.3646183692317597,0.4102437859877222,0.28070158922893,0.30905462478334783,1.5114329471920966,1.2078654635789734,0.4387401599461366,0.2705775049811909,0.29068233507267255,1.5867979848196008,1.1426245101992085,pre-match avg,3.0,0.0,E1-Swansea-Burnley,,,,,
E1,7,2026-09-12 15:00:00,Watford,Stoke,1.0,2.0,0.43,1.62,oddalerts.com,,,2.25,3.3,3.1,2.34,3.38,2.94,,,,,,,0.37490487806667583,0.2862334592254166,0.3388616627079076,1.4109480934254441,1.3028184473491393,1.669602839484603,1.6386525168433628,1.35838325870086,1.280934514508161,0.08521316612342503,0.2532273731828199,0.6615594606937552,0.5088668715530951,2.2379057552640855,0.40189274447949536,0.27823343848580445,0.3198738170347003,1.4839116719242906,1.2378548895899053,pre-match avg,0.0,3.0,E1-Watford-Stoke,,,,,
E1,7,2026-09-13 12:00:00,Sheffield United,Wolves,0.0,1.0,0.85,2.04,oddalerts.com,,,3.2,3.5,2.1,3.16,3.52,2.12,,,,,,,0.3461900711249048,0.2864466471431554,0.3673632817319398,1.3250168605178696,1.3885364923389747,1.6464876066106668,1.6646825921735895,1.2965449717915043,1.34202826578067,0.13740930311623045,0.22198210006399585,0.6406085968197737,0.6342100094126872,2.1438078905233167,0.2951338353477188,0.2649496930962476,0.43991647155603364,1.150351199139404,1.5846991077643486,pre-match avg,0.0,3.0,E1-Sheffiel-Wolves,,,,,
E1,6,2026-09-15 19:45:00,Bristol City,Lincoln,0.0,1.0,1.39,0.64,oddalerts.com,,,,,,,,,,,,,,,0.5285851459105019,0.26099347293256386,0.21042138115693426,1.8467489106640693,0.8922576164033666,1.6077782470881545,1.3586622493151546,1.7200096029649559,1.011622258969127,0.5398340586719019,0.3002396609674941,0.15992628036060397,1.9197418369831998,0.780018502049306,,,,,,,0.0,3.0,E1-BristolC-Lincoln,,,,,
E1,6,2026-09-15 19:45:00,Middlesbrough,Millwall,2.0,2.0,1.73,1.37,oddalerts.com,,,,,,,,,,,,,,,0.45535169821092714,0.27764649143405273,0.26700181035502013,1.6437015860668343,1.0786519224991131,1.6740568712937707,1.517172814718201,1.5396510840490703,1.1301261812020682,0.4497184062797015,0.25581813972698647,0.29446345399331203,1.604973358566091,1.1392085017069227,,,,,,,1.0,1.0,E1-Middlesb-Millwall,,,,,
E1,8,2026-09-18 20:00:00,Bristol City,Watford,1.0,0.0,1.59,0.55,oddalerts.com,,,,,,,,,,,,,,,0.44204778603598904,0.27981394245501223,0.2781382715089987,1.6059573005629795,1.1142287569820084,1.6791451655473817,1.541552663150329,1.508658178763509,1.1533427680921717,0.6186997287069059,0.26592565872697255,0.11537461256612153,2.1220248448476906,0.6120494964253371,,,,,,,3.0,0.0,E1-BristolC-Watford,,,,,
E1,8,2026-09-19 12:30:00,Cardiff,Charlton,3.0,1.0,2.82,0.6,oddalerts.com,,,,,,,,,,,,,,,0.4298936586706369,0.2815466844194956,0.2885596569098675,1.5712276604314062,1.1472256551490982,1.681833251550478,1.5624568927760254,1.4807368183902245,1.1750906564825152,0.8243838387676499,0.12746685983064518,0.04814930140170495,2.6006183761335944,0.27191476403576004,,,,,,,3.0,0.0,E1-Cardiff-Charlton,,,,,
E1,8,2026-09-19 12:30:00,Millwall,West Ham,2.0,2.0,2.68,1.9,oddalerts.com,,,,,,,,,,,,,,,0.27921751124328575,0.2800064351090334,0.44077605364768085,1.1176589688388907,1.602334596052076,1.543802465672593,1.6795147602327916,1.1555936507985123,1.5057195916554786,0.5428415365844899,0.19181231730384557,0.26534614611166457,1.820336927057315,0.9878507556388392,,,,,,,1.0,1.0,E1-Millwall-WestHam,,,,,
E1,8,2026-09-19 12:30:00,Stoke,Sheffield United,2.0,1.0,0.63,0.4,oddalerts.com,,,,,,,,,,,,,,,0.4004274579818717,0.28472309961986997,0.3148494423982584,1.486005473565485,1.2292714268146452,1.6803579539901334,1.6072598404212821,1.4144372907930483,1.230171186326977,0.341108905347347,0.47079493247386084,0.1880961621787921,1.4941216485159017,1.0350834190102371,,,,,,,3.0,0.0,E1-Stoke-Sheffiel,,,,,
E1,8,2026-09-19 15:00:00,Birmingham,Middlesbrough,2.0,2.0,1.29,2.39,oddalerts.com,,,,,,,,,,,,,,,0.398829017437176,0.2848524226023817,0.3163185599604423,1.4813394749139097,1.2338081024837084,1.6799469395987487,1.6094370284919133,1.4108920546211081,1.233262313938874,0.18658140467890214,0.20351098327642023,0.6099076120446776,0.7632551973131266,2.033233819410453,,,,,,,1.0,1.0,E1-Birmingh-Middlesb,,,,,
E1,8,2026-09-19 15:00:00,Burnley,Derby,1.0,1.0,0.81,1.29,oddalerts.com,,,,,,,,,,,,,,,0.47398932823017387,0.2741496063236515,0.2518610654461746,1.696117591014173,1.0297328026621753,1.6632386778474944,1.4805495504607242,1.5838934779137297,1.0985587252318825,0.2213696163854426,0.31357208268809655,0.46505830092646083,0.9776809318444244,1.708746985467479,,,,,,,1.0,1.0,E1-Burnley-Derby,,,,,
E1,8,2026-09-19 15:00:00,Lincoln,Swansea,1.0,2.0,1.56,0.8,oddalerts.com,,,,,,,,,,,,,,,0.32739144191889014,0.2856703668634954,0.38693819121761447,1.2678446926201659,1.446484940516339,1.624763179528384,1.6757954046814687,1.2566182562633081,1.384668726025102,0.5418727715119072,0.27810542457830056,0.18002180390979228,1.903723739114022,0.8181708363076774,,,,,,,0.0,3.0,E1-Lincoln-Swansea,,,,,
E1,8,2026-09-19 15:00:00,Portsmouth,Blackburn,2.0,2.0,1.92,0.88,oddalerts.com,,,,,,,,,,,,,,,0.4188156532969416,0.2829142701984071,0.2982700765046513,1.5393612300892319,1.177724499712361,1.6826221531690475,1.5803099615175376,1.4555911543065072,1.195390611472213,0.6074638689775522,0.2365732388262727,0.15596289219617507,2.0589648457589296,0.7044619154147979,,,,,,,1.0,1.0,E1-Portsmou-Blackbur,,,,,
E1,8,2026-09-19 15:00:00,QPR,Preston,2.0,2.0,3.41,1.34,oddalerts.com,,,,,,,,,,,,,,,0.44050477209465055,0.2800471613348372,0.27944806657051224,1.6015614776187888,1.118391361046374,1.6795909435942145,1.5442805240062862,1.5050932697732098,1.1560745336813485,0.7614936452107666,0.13220223272807494,0.1063041220611585,2.416683168360375,0.4511145989115505,,,,,,,1.0,1.0,E1-QPR-Preston,,,,,
E1,8,2026-09-19 15:00:00,Wrexham,Southampton,2.0,1.0,0.75,1.46,oddalerts.com,,,,,,,,,,,,,,,0.39722820013194116,0.28497737901777465,0.3177944208502842,1.4766619794135982,1.2383606415686272,1.6795005787595594,1.6115900880840701,1.4073464484406804,1.236369340277154,0.18025602190620732,0.2910178718067379,0.5287261062870549,0.8317859375253599,1.8771961906679024,,,,,,,3.0,0.0,E1-Wrexham-Southamp,,,,,
E1,8,2026-09-20 12:00:00,Wolves,West Brom,1.0,0.0,1.96,0.26,oddalerts.com,,,,,,,,,,,,,,,0.518845340517857,0.26364568784162706,0.2175089716405159,1.8201817093951982,0.9161726027631749,1.6201922972855143,1.3818541945524196,1.6949295430872817,1.0265913454022537,0.7822521839792661,0.18249047904371235,0.03525733697702155,2.5292470309815105,0.288262489974777,,,,,,,3.0,0.0,E1-Wolves-WestBrom,,,,,
E1,8,2026-09-20 13:30:00,Norwich,Bolton,3.0,4.0,0.93,1.04,oddalerts.com,,,,,,,,,,,,,,,0.5307997367339923,0.26037257555826787,0.20882768770773985,1.8527717857602446,0.8868556386814874,1.6048069160549927,1.3533088410667777,1.725765533588651,1.0082482041356735,0.3022024627403357,0.33765598205911324,0.3601415552005511,1.2442633702801202,1.4180806476607664,,,,,,,0.0,3.0,E1-Norwich-Bolton,,,,,
E1,9,2026-10-09 20:00:00,West Ham,QPR,,,,,,,,,,,,,,,,,,,,0.6238635278853679,0.22863283674724966,0.14750363536738242,2.1002234204033536,0.6711437428493969,1.4324661721047987,1.105731631487794,1.9893646174022228,0.8746511246752485,,,,,,,,,,,,,,E1-WestHam-QPR,0.6266121808374678,0.2229924367397026,0.15039538242282957,2.102828979252106,0.6741785840081913
E1,9,2026-10-10 12:30:00,Charlton,Bristol City,,,,,,,,,,,,,,,,,,,,0.33433786833574564,0.2860452380266117,0.37961689363764267,1.2890588430338485,1.4248959189395396,1.6334133522445584,1.6722689009548408,1.2713281434984305,1.368647432921513,,,,,,,,,,,,,,E1-Charlton-BristolC,0.32751382208397023,0.28707042193466553,0.3854157559813643,1.2696118881865763,1.4433176898787585
E1,9,2026-10-10 12:30:00,Swansea,Norwich,,,,,,,,,,,,,,,,,,,,0.362480339998011,0.28652591143773476,0.35099374856425425,1.3739669314317677,1.3395071571304975,1.6610638427518056,1.6511902245121954,1.3314844292288932,1.3068121277300189,,,,,,,,,,,,,,E1-Swansea-Norwich,0.3738705543069377,0.2830369249362931,0.34309252075676916,1.4046485878571062,1.3123144872066006
E1,9,2026-10-10 12:30:00,West Brom,Birmingham,,,,,,,,,,,,,,,,,,,,0.3728675384479684,0.28630180587220927,0.34083065567982235,1.4049044212161146,1.3087937729116763,1.6683532191513388,1.6408365669782299,1.3539563357465003,1.2851226838424263,,,,,,,,,,,,,,E1-WestBrom-Birmingh,0.3665186370561657,0.2842006393280868,0.34928072361574747,1.3837565504965839,1.332042810175329
E1,9,2026-10-10 15:00:00,Blackburn,Cardiff,,,,,,,,,,,,,,,,,,,,0.4535462380443455,0.2779569344535659,0.26849682750208853,1.6385956485866024,1.0834474169598316,1.6748773772857275,1.5205700766554313,1.5354174523837005,1.13324229661366,,,,,,,,,,,,,,E1-Blackbur-Cardiff,0.4258209888268053,0.2788239773064701,0.29535503386672457,1.556286943786886,1.164889078906644
E1,9,2026-10-10 15:00:00,Bolton,Stoke,,,,,,,,,,,,,,,,,,,,0.3280235490093727,0.28570883070376524,0.38626762028686207,1.2697794777318834,1.4445116915643514,1.6255808497190651,1.67550338621942,1.257954864887497,1.3831974807423746,,,,,,,,,,,,,,E1-Bolton-Stoke,0.32994794572488717,0.2865656590394433,0.3834863952356695,1.2764094962141048,1.437024844746452
E1,9,2026-10-10 15:00:00,Derby,Wrexham,,,,,,,,,,,,,,,,,,,,0.3953052364999162,0.28512142245565847,0.3195733410444253,1.4710371319554072,1.2438414455889344,1.6789183073633143,1.6141399500907163,1.4030937349080799,1.2401167197243537,,,,,,,,,,,,,,E1-Derby-Wrexham,0.3756260288944141,0.28453638900755046,0.33983758209803544,1.411414475690793,1.3040491353016568
E1,9,2026-10-10 15:00:00,Middlesbrough,Wolves,,,,,,,,,,,,,,,,,,,,0.3780730829269587,0.28611151921878575,0.3358153978542555,1.4203307679996617,1.2935577127815523,1.671429775034905,1.6351585436104445,1.365280579740409,1.2744633050671816,,,,,,,,,,,,,,E1-Middlesb-Wolves,0.3819834037087796,0.2824065753503651,0.3356100209408553,1.4283567864767037,1.289236638172931
E1,9,2026-10-10 15:00:00,Preston,Millwall,,,,,,,,,,,,,,,,,,,,0.33728446576570836,0.28617279115926325,0.3765427430750284,1.2980261884563884,1.4158010203843485,1.6368609971320187,1.6705649495131563,1.2775828073744608,1.361946943835167,,,,,,,,,,,,,,E1-Preston-Millwall,0.3232031541179793,0.279864068806625,0.3969327770753957,1.249473531160563,1.4706624000328121
E1,9,2026-10-10 15:00:00,Sheffield United,Lincoln,,,,,,,,,,,,,,,,,,,,0.5619526627410125,0.25095463909808435,0.18709269816090313,1.936812627321122,0.8122327335807937,1.55728545041665,1.275066909046084,1.8089976745499703,0.9618586162267261,,,,,,,,,,,,,,E1-Sheffiel-Lincoln,0.5318526375976929,0.2600435757705061,0.20810378663180107,1.8556014885635848,0.8843549356659093
E1,9,2026-10-10 15:00:00,Watford,Burnley,,,,,,,,,,,,,,,,,,,,0.3289120501668978,0.28576141441958447,0.3853265354135177,1.2724975649202777,1.4417410206601375,1.626719813193628,1.6750830624871083,1.2598342704301462,1.3811340434531203,,,,,,,,,,,,,,E1-Watford-Burnley,0.3297981408935704,0.2844561719006178,0.3857456872058118,1.273850594581329,1.4416932335180532
E1,9,2026-10-11 12:00:00,Southampton,Portsmouth,,,,,,,,,,,,,,,,,,,,0.4980983396121346,0.26886020727422993,0.2330414531136355,1.7631552261106338,0.9679845666151363,1.6430289124222015,1.429239164091856,1.6427090838541318,1.0592258952617488,,,,,,,,,,,,,,E1-Southamp-Portsmou,0.5015169486062616,0.2647906906712721,0.2336923607224663,1.7693415364900569,0.9658677728386709
E1,10,2026-10-13 19:45:00,Bristol City,Blackburn,,,,,,,,,,,,,,,,,,,,0.45095683935480074,0.2783932974357166,0.2706498632094827,1.631263815500119,1.0903428870641647,1.6759832158689174,1.5253944549496432,1.5293609604665575,1.1377301009888363,,,,,,,,,,,,,,E1-BristolC-Blackbur,0.4571665151159175,0.2776079061736199,0.26522557871046265,1.6491074515213724,1.0732846423050078
E1,10,2026-10-13 19:45:00,Burnley,Charlton,,,,,,,,,,,,,,,,,,,,0.5693417162722276,0.24853768832562087,0.1821205954021515,1.9565628371423038,0.7948994745320753,1.5444749990893287,1.255757872333615,1.8294059123505653,0.9511284446240311,,,,,,,,,,,,,,E1-Burnley-Charlton,0.5670133889072535,0.2503770625946013,0.1826095484981452,1.9514172293163619,0.798205708089037
E1,10,2026-10-13 19:45:00,Cardiff,Watford,,,,,,,,,,,,,,,,,,,,0.37141215596773547,0.2863457734909329,0.34224207054133166,1.4005822413941393,1.313071985114928,1.667424562291921,1.6423663702692601,1.3507979204370837,1.2881275383049007,,,,,,,,,,,,,,E1-Cardiff-Watford,0.40479126336928317,0.27930707002823546,0.31590166660248137,1.493680860136085,1.2270120698356795
E1,10,2026-10-13 19:45:00,Millwall,Swansea,,,,,,,,,,,,,,,,,,,,0.46174885571142765,0.2765059200758975,0.2617452242126748,1.6617524872101805,1.061741592713922,1.6708242927295256,1.5049177282912751,1.554724308149071,1.1191694828979057,,,,,,,,,,,,,,E1-Millwall-Swansea,0.4742349420810025,0.26918272313026087,0.25658233478873665,1.6918875493732681,1.0389297274964708
E1,10,2026-10-13 19:45:00,Wolves,Bolton,,,,,,,,,,,,,,,,,,,,0.5996612973116615,0.2379107573699585,0.16242794531837998,2.036894649304943,0.7251945933250984,1.4859226208078056,1.1738550670474235,1.9161771939235561,0.9080579841560389,,,,,,,,,,,,,,E1-Wolves-Bolton,0.6182797756504474,0.22971408009399405,0.1520061442555585,2.084553407045336,0.6857325128606696
E1,10,2026-10-13 19:45:00,Wrexham,West Brom,,,,,,,,,,,,,,,,,,,,0.44178989425137016,0.27985318705340295,0.2783569186952269,1.6052228698075133,1.1149239431390836,1.6792217735626656,1.5420100563256427,1.5080619389745913,1.1537987631881454,,,,,,,,,,,,,,E1-Wrexham-WestBrom,0.4446801744230944,0.28046132298246573,0.2748585025944399,1.6145018462517489,1.1050368307657854
E1,10,2026-10-13 20:00:00,Birmingham,Preston,,,,,,,,,,,,,,,,,,,,0.5209455470292281,0.26308466874406183,0.21596978422671004,1.8259213098317462,0.9109940214241918,1.6176059623094359,1.3769026197138317,1.7003058187968483,1.0233453186858112,,,,,,,,,,,,,,E1-Birmingh-Preston,0.5316267457928345,0.25791751442255606,0.2104557397846094,1.8527977518010597,0.8892847337763843
E1,10,2026-10-13 20:00:00,Stoke,Middlesbrough,,,,,,,,,,,,,,,,,,,,0.36791734047739594,0.2864347153973778,0.3456479441252263,1.3901867368295657,1.3233785477730569,1.6650716164371049,1.6459354318184898,1.3432268681656732,1.2953880250892873,,,,,,,,,,,,,,E1-Stoke-Middlesb,0.3487775782915071,0.2853866096279092,0.3658358120805838,1.3317193445024305,1.3828940458696606
E1,10,2026-10-14 19:45:00,Norwich,Southampton,,,,,,,,,,,,,,,,,,,,0.40497751674293747,0.2843302388079292,0.31069224444913335,1.4992627890367416,1.2164069721553292,1.681338978904137,1.6009145169420333,1.4245562947832335,1.22143295170007,,,,,,,,,,,,,,E1-Norwich-Southamp,0.4071953132702605,0.27810473088358567,0.31469995584615384,1.499690670694367,1.222204598422047
E1,10,2026-10-14 19:45:00,Portsmouth,Sheffield United,,,,,,,,,,,,,,,,,,,,0.353495391732661,0.2865485104735509,0.3599560977937881,1.3470346856715336,1.3664168038549152,1.6535045916652924,1.6590585087605623,1.3121705099244276,1.3260471766738704,,,,,,,,,,,,,,E1-Portsmou-Sheffiel,0.3673672310236338,0.28691887754646184,0.3457138914299044,1.389020570617363,1.3240605518361748
E1,10,2026-10-14 19:45:00,QPR,Derby,,,,,,,,,,,,,,,,,,,,0.3783268785872438,0.28610093072863196,0.33557219068412425,1.4210815664903633,1.2928175027810047,1.671570019395121,1.6348735513888375,1.3658338070444853,1.2739470871387855,,,,,,,,,,,,,,E1-QPR-Derby,0.41352634094532276,0.27926242961326403,0.30721122944141327,1.5198414524492323,1.2008961179375037
E1,10,2026-10-14 20:00:00,Lincoln,West Ham,,,,,,,,,,,,,,,,,,,,0.17424331558225442,0.24449433323384837,0.5812623511838971,0.7672242799806116,1.9882813867855396,1.22405107768237,1.5225926208510936,0.9340177360088858,1.8629196565743225,,,,,,,,,,,,,,E1-Lincoln-WestHam,0.17962191218681567,0.24078572438592125,0.5795923634272631,0.7796514609463683,1.9795628146677104
E1,11,2026-10-16 20:00:00,Burnley,Wolves,,,,,,,,,,,,,,,,,,,,0.3773381230331381,0.28614149738797234,0.3365203795788896,1.4181558664873866,1.295702636124641,1.6710185430336248,1.6359795923376343,1.3636790961649816,1.2759600150015717,,,,,,,,,,,,,,E1-Burnley-Wolves,0.3581531896281563,0.28577584711118376,0.35607096326066,1.3602354159956527,1.3539887368931638
E1,11,2026-10-17 12:30:00,Middlesbrough,Cardiff,,,,,,,,,,,,,,,,,,,,0.556288804866441,0.25276039009663803,0.19095080503692102,1.9216268046959608,0.825612805207401,1.566710057368598,1.2896811313064935,1.7935353247881416,0.9701509504450571,,,,,,,,,,,,,,E1-Middlesb-Cardiff,0.5552316590927251,0.2477558208812877,0.1970125200259872,1.913450798159463,0.8387933809592493
E1,11,2026-10-17 12:30:00,Millwall,Lincoln,,,,,,,,,,,,,,,,,,,,0.5564531304252606,0.2527085769139052,0.19083829266083424,1.9220679681896868,0.8252234548964079,1.5664414764004189,1.2892594603502496,1.79398177257086,0.969909520042948,,,,,,,,,,,,,,E1-Millwall-Lincoln,0.563158025195553,0.24646853366292948,0.1903734411415175,1.9359426092495886,0.8175888570874821
E1,11,2026-10-17 12:30:00,Watford,Charlton,,,,,,,,,,,,,,,,,,,,0.47631308085268764,0.273676862699517,0.25001005644779534,1.70261610525758,1.023707032042903,1.6615929884912153,1.4757912832755862,1.5894815606253592,1.0946965621390545,,,,,,,,,,,,,,E1-Watford-Charlton,0.47548169788428807,0.2744230612982783,0.2500952408174336,1.7008681549511426,1.024708783750579
E1,11,2026-10-17 15:00:00,Birmingham,QPR,,,,,,,,,,,,,,,,,,,,0.4962237608915429,0.26930160029173983,0.2344746388167172,1.7579728829663686,0.9727255167418916,1.64484679107054,1.433378418721415,1.6380668804843748,1.0622276909020243,,,,,,,,,,,,,,E1-Birmingh-QPR,0.4926883375420011,0.26640970935528263,0.24090195310271634,1.744474721981286,0.9891155686634316
E1,11,2026-10-17 15:00:00,Bristol City,Sheffield United,,,,,,,,,,,,,,,,,,,,0.38420261001955724,0.28582207173825475,0.329975318242188,1.4384299017969264,1.2757480264648187,1.674564979530755,1.6280669088890671,1.3786717138371274,1.2620843544814748,,,,,,,,,,,,,,E1-BristolC-Sheffiel,0.39461522006356786,0.2854100784738811,0.319974701462551,1.4692557386645848,1.245334182861534
E1,11,2026-10-17 15:00:00,Derby,Stoke,,,,,,,,,,,,,,,,,,,,0.4079823002154113,0.28405088775824316,0.30796681202634557,1.5079977884044773,1.2079513238372799,1.68183425986415,1.5966057952351163,1.4312613262686007,1.2157109034283087,,,,,,,,,,,,,,E1-Derby-Stoke,0.3980642091666212,0.284332813756714,0.3176029770766648,1.4785254412565778,1.2371417449867084
E1,11,2026-10-17 15:00:00,Norwich,Portsmouth,,,,,,,,,,,,,,,,,,,,0.486379463899846,0.2715368883349804,0.2420836477651736,1.7306752800345184,0.9977878316305013,1.6537151385110351,1.4547091612716452,1.613883838553105,1.078144509805589,,,,,,,,,,,,,,E1-Norwich-Portsmou,0.48647062165118216,0.26922892473438,0.24430045361443786,1.7286407896879263,1.0021302855776937
E1,11,2026-10-17 15:00:00,Southampton,Bolton,,,,,,,,,,,,,,,,,,,,0.5425268814219288,0.2569759611868015,0.20049715739126966,1.884556605452588,0.8584674333606104,1.58816429482918,1.3244840435674745,1.7565890746945267,0.9905560868312858,,,,,,,,,,,,,,E1-Southamp-Bolton,0.555250142485693,0.24938338743857447,0.1953664700757325,1.9151338148956536,0.8354827976657719
E1,11,2026-10-17 15:00:00,Swansea,West Ham,,,,,,,,,,,,,,,,,,,,0.2418969308328689,0.2714841851357377,0.4866188840313934,0.9971749776343444,1.731340837229918,1.454198626611503,1.653513046758286,1.0777542905035618,1.6144681726917696,,,,,,,,,,,,,,E1-Swansea-WestHam,0.24396532416479344,0.26539375255772873,0.4906409232774778,0.9972897250521091,1.7373165223901623
E1,11,2026-10-17 15:00:00,West Brom,Blackburn,,,,,,,,,,,,,,,,,,,,0.4550369656026122,0.2777009735080459,0.2672620608893419,1.6428118703158825,1.0794871561760715,1.6742028226807877,1.517767001163021,1.5389124261923395,1.130668627002514,,,,,,,,,,,,,,E1-WestBrom-Blackbur,0.4618564303992918,0.2773605688148646,0.2607830007858436,1.66292986001274,1.0597095711723954
E1,11,2026-10-17 15:00:00,Wrexham,Preston,,,,,,,,,,,,,,,,,,,,0.5015375634078343,0.2680374314576746,0.2304250051344911,1.7726501216811774,0.9593124468611478,1.6395870482318897,1.4215821069653718,1.6512577716857528,1.0537422017542728,,,,,,,,,,,,,,E1-Wrexham-Preston,0.5044993373201485,0.2677659554135538,0.2277347072662977,1.7812639673739994,0.950970077212447
E1,6,2026-10-20 19:45:00,Wolves,Portsmouth,,,,,,,,,,,,,,,,,,,,0.5557053051886436,0.25294409270748075,0.19135060210387567,1.9200600082734116,0.8269958990191077,1.56766140403438,1.2911772946479392,1.7919510761387027,0.97100865261866,,,,,,,,,,,,,,E1-Wolves-Portsmou,0.5656790874845607,0.24923762664661764,0.1850832858688216,1.9462748891002999,0.8044874842530825
E1,12,2026-10-23 20:00:00,Bolton,Middlesbrough,,,,,,,,,,,,,,,,,,,,0.28388108930451983,0.28080335433744785,0.4353155563580323,1.1324466222510075,1.586750023411545,1.5532978058304105,1.6808677247631998,1.1653232920390382,1.4931478774061184,,,,,,,,,,,,,,E1-Bolton-Middlesb,0.269206315999251,0.2734874715287387,0.45730621247201025,1.0811064195264917,1.6454061089447696
E1,12,2026-10-24 12:30:00,Charlton,Norwich,,,,,,,,,,,,,,,,,,,,0.3005283328841083,0.2831991217910279,0.4162725453248638,1.1847841204433527,1.5320167577656194,1.584240705693274,1.682576683640121,1.200118092253139,1.4498573192353679,,,,,,,,,,,,,,E1-Charlton-Norwich,0.2933006082833914,0.2813912297765996,0.4253081619400091,1.161293054626774,1.5573157155966268
E1,12,2026-10-24 12:30:00,Portsmouth,Millwall,,,,,,,,,,,,,,,,,,,,0.35861106220172745,0.2865553930359283,0.35483354476234424,1.3623885796411106,1.351056027322961,1.6579523109149525,1.6547049069313247,1.3231535779010148,1.3150400898739583,,,,,,,,,,,,,,E1-Portsmou-Millwall,0.3468081133460089,0.28120002003153455,0.37199186662245654,1.3216243600695614,1.3971756198989043
E1,12,2026-10-24 12:30:00,Sheffield United,Derby,,,,,,,,,,,,,,,,,,,,0.44086204666206896,0.2799935007241095,0.27914445261382154,1.6025796407103163,1.117426858565574,1.6794904158635235,1.543650790004776,1.505918166830912,1.1554412705317811,,,,,,,,,,,,,,E1-Sheffiel-Derby,0.44788004774001666,0.2771655772093856,0.2749543750505977,1.6208057204294355,1.1020287023611788
E1,12,2026-10-24 15:00:00,Blackburn,Wrexham,,,,,,,,,,,,,,,,,,,,0.35417310895657356,0.2865524482185177,0.35927444282490867,1.3490717750882384,1.3643757766932438,1.654115774487949,1.6585011736154036,1.3136235360737163,1.3245804084788844,,,,,,,,,,,,,,E1-Blackbur-Wrexham,0.34275990890083596,0.28800276955839726,0.36923732154076677,1.3162824962609052,1.3957147341806977
E1,12,2026-10-24 15:00:00,Cardiff,Birmingham,,,,,,,,,,,,,,,,,,,,0.302744060085927,0.2834666447376672,0.4137892951764058,1.1916988249954483,1.5248345302668846,1.588017096015478,1.682449956631089,1.204759290779868,1.4442719083524629,,,,,,,,,,,,,,E1-Cardiff-Birmingh,0.31833665063756295,0.27799759449073186,0.40366575487170525,1.2330075464034207,1.4889948591058475
E1,12,2026-10-24 15:00:00,Lincoln,Burnley,,,,,,,,,,,,,,,,,,,,0.25496268482187356,0.27491927545312017,0.47011803972500626,1.039807329918741,1.685273394628139,1.488384155497241,1.6658352183367255,1.1050282932691995,1.5746203156954939,,,,,,,,,,,,,,E1-Lincoln-Burnley,0.2769831053199111,0.27861199747867543,0.44440489720141346,1.1095613134384088,1.6118266890829158
E1,12,2026-10-24 15:00:00,Preston,West Brom,,,,,,,,,,,,,,,,,,,,0.3591241460358787,0.28655319215601543,0.35432266180810584,1.3639256302636515,1.3495211775803329,1.6583773815888252,1.65424973969116,1.3242570899640866,1.3139442583971275,,,,,,,,,,,,,,E1-Preston-WestBrom,0.3595022677722857,0.2864968585095975,0.35400087371811684,1.3650036618264547,1.348499479663948
E1,12,2026-10-24 15:00:00,QPR,Swansea,,,,,,,,,,,,,,,,,,,,0.403786057362462,0.28443663452315254,0.3117773081143855,1.4957948066105384,1.219768558866309,1.6811090473022525,1.6025970703538295,1.421902628018064,1.223712486153373,,,,,,,,,,,,,,E1-QPR-Swansea,0.4103903541189263,0.28131872451152323,0.30829092136955044,1.5124897868683023,1.2061914886201746
E1,12,2026-10-24 15:00:00,Stoke,Bristol City,,,,,,,,,,,,,,,,,,,,0.4329026876189428,0.28114009088777886,0.28595722149327835,1.5798481537446072,1.1390117553676138,1.68134409056802,1.5574073054616708,1.4876159792542256,1.1696567019079076,,,,,,,,,,,,,,E1-Stoke-BristolC,0.42592564687411366,0.2835231694555503,0.290551183670336,1.5613001100778912,1.1551767204665582
E1,12,2026-10-24 15:00:00,West Ham,Southampton,,,,,,,,,,,,,,,,,,,,0.5437854016991936,0.2566006747839948,0.19961392351681156,1.8879568798815758,0.8554424453344296,1.5862881097845625,1.3213442091555503,1.759932242234588,0.9886744263465052,,,,,,,,,,,,,,E1-WestHam-Southamp,0.5604843158512437,0.24469285623580644,0.19482282791294986,1.9261458037895376,0.829161339974656
E1,12,2026-10-24 15:00:00,Wolves,Watford,,,,,,,,,,,,,,,,,,,,0.549242291847083,0.2549495440851951,0.19580816406772195,1.9026764196264438,0.8423740362883609,1.5779526129064387,1.3076290036819478,1.7745098135175392,0.980552480885337,,,,,,,,,,,,,,E1-Wolves-Watford,0.5715072448117331,0.24668386321043392,0.18180889197783298,1.9612055976456333,0.7921105391439328
E1,13,2026-10-30 20:00:00,Sheffield United,Wrexham,,,,,,,,,,,,,,,,,,,,0.41952942184639136,0.28283235226603026,0.2976382258875783,1.5414206178052043,1.1757470299287653,1.6826196278885743,1.579195306867922,1.4572029966653197,1.19406836520501,,,,,,,,,,,,,,E1-Sheffiel-Wrexham,0.4028673855942245,0.2859875478354826,0.3111450665702929,1.494589704618156,1.2194227475463613
E1,13,2026-10-31 12:30:00,Lincoln,Birmingham,,,,,,,,,,,,,,,,,,,,0.26901674284555654,0.27806346298578904,0.4529197941686544,1.0851136915224586,1.6368228454917522,1.5217424250663003,1.6751525829799623,1.1343259900919116,1.5339505708222483,,,,,,,,,,,,,,E1-Lincoln-Birmingh,0.27794381766933235,0.27633119580907556,0.44572498652159215,1.1101626488170726,1.613506155373852
E1,13,2026-10-31 12:30:00,Norwich,Watford,,,,,,,,,,,,,,,,,,,,0.47991475987198573,0.2729283135657749,0.24715692656223937,1.7126725931817322,1.0143990932524931,1.6589137409778072,1.468335132234449,1.5981757245074302,1.0887413526045648,,,,,,,,,,,,,,E1-Norwich-Watford,0.4921582914556277,0.2672313348293037,0.24061037371506855,1.743706209196187,0.9890624559745094
E1,13,2026-10-31 12:30:00,Stoke,Preston,,,,,,,,,,,,,,,,,,,,0.48837527580140444,0.2710950086667128,0.2405297155318828,1.7362208360709261,0.9926841552623611,1.652009699272527,1.4504406163447106,1.6187605936442078,1.074896440419799,,,,,,,,,,,,,,E1-Stoke-Preston,0.4793976074173012,0.274437215234776,0.24616517734792281,1.7126300374866796,1.0129327472785445
E1,13,2026-10-31 15:00:00,Bolton,Bristol City,,,,,,,,,,,,,,,,,,,,0.34339735390198844,0.2863786543158342,0.37022399178217735,1.3165707160217994,1.3970506296623662,1.6435963891475764,1.666644118515417,1.2905887987498144,1.3482218361770437,,,,,,,,,,,,,,E1-Bolton-BristolC,0.34097834251198395,0.2846111873883459,0.3744104700996702,1.3075462149242978,1.4078425976873565
E1,13,2026-10-31 15:00:00,Burnley,Portsmouth,,,,,,,,,,,,,,,,,,,,0.5150563267129089,0.26464257336325325,0.22030109992383784,1.80981155350198,0.9255458731347668,1.6247316545901827,1.390717309400996,1.6852732578487537,1.0324735124683013,,,,,,,,,,,,,,E1-Burnley-Portsmou,0.5037583757583542,0.26715883789207623,0.22908278634956952,1.778433965167139,0.9544071969407848
E1,13,2026-10-31 15:00:00,Middlesbrough,Charlton,,,,,,,,,,,,,,,,,,,,0.5701138550010281,0.248281154534983,0.18160499046398892,1.9586227195380672,0.7930961259269498,1.543102892053542,1.2537246037505472,1.8315543382739798,0.9500127643713486,,,,,,,,,,,,,,E1-Middlesb-Charlton,0.5936539729727155,0.23922089137637823,0.16712513565090628,2.0201828102945245,0.7405962983290971
E1,13,2026-10-31 15:00:00,Millwall,Derby,,,,,,,,,,,,,,,,,,,,0.43543323228288955,0.2807866891851625,0.283780078531948,1.5870863860338311,1.1321269247810064,1.6808425829972413,1.5530960221585957,1.4934180293792043,1.1651124907895323,,,,,,,,,,,,,,E1-Millwall-Derby,0.47779640436177934,0.26690418789173564,0.2552994077464851,1.7002934009770736,1.0328024111311909
E1,13,2026-10-31 15:00:00,Southampton,QPR,,,,,,,,,,,,,,,,,,,,0.4966123832688711,0.2692105053571201,0.23417711137400876,1.7590476551637333,0.9717418394791464,1.6444733016399313,1.4325223051288836,1.6390282682534814,1.061604631050148,,,,,,,,,,,,,,E1-Southamp-QPR,0.48864777896391237,0.26624874554031375,0.24510347549577394,1.732192082432051,1.0015591720276356
E1,13,2026-10-31 15:00:00,Swansea,Blackburn,,,,,,,,,,,,,,,,,,,,0.4329340028037265,0.28113578142937623,0.28593021576689726,1.5799377898405558,1.138926428730068,1.6813383868966545,1.5573543132716248,1.4876876846169103,1.1696003253855407,,,,,,,,,,,,,,E1-Swansea-Blackbur,0.45113388056124226,0.2783581160694094,0.2705080033693483,1.6317597577531364,1.0898821261774545
E1,13,2026-10-31 15:00:00,West Ham,West Brom,,,,,,,,,,,,,,,,,,,,0.5892763602199262,0.2416773904795004,0.16904624930057335,2.009506471139279,0.7488161383812205,1.5070483749081989,1.2023680250844975,1.8858802199194682,0.92264608410512,,,,,,,,,,,,,,E1-WestHam-WestBrom,0.60448728967445,0.23272022686073943,0.1627924834648106,2.0461820958840895,0.7210976772551713
E1,13,2026-10-31 15:00:00,Wolves,Cardiff,,,,,,,,,,,,,,,,,,,,0.5957967426748058,0.23932767097530347,0.16487558634989077,2.026717898999721,0.7339544300249758,1.4939129129227124,1.1845188427710331,1.9048291314868637,0.9134677600409218,,,,,,,,,,,,,,E1-Wolves-Cardiff,0.5906270563017679,0.2379917115442694,0.17138123215396267,2.0098728804495734,0.7521354080061573
E1,14,2026-11-03 19:45:00,Blackburn,Stoke,,,,,,,,,,,,,,,,,,,,0.3664229055718672,0.2864655330458146,0.3471115613823182,1.385734249761416,1.3278002171927692,1.664012272230785,1.6474161687095137,1.339994982289397,1.2985123250440755,,,,,,,,,,,,,,E1-Blackbur-Stoke,0.3644149146400085,0.2892012019380369,0.3463838834219546,1.3824459458580622,1.3283528522039005
E1,14,2026-11-03 19:45:00,Charlton,Bolton,,,,,,,,,,,,,,,,,,,,0.40668324319019156,0.28417359270198117,0.3091431641078273,1.5042233222725558,1.2116030850254629,1.68163497814502,1.598480034029208,1.4283603033425052,1.2181800319766847,,,,,,,,,,,,,,E1-Charlton-Bolton,0.402986853146695,0.2849721129203735,0.3120410339329315,1.4939326723604587,1.2210952147191678
E1,14,2026-11-03 19:45:00,Derby,Norwich,,,,,,,,,,,,,,,,,,,,0.3876098621716789,0.2856310114044173,0.32675912642390376,1.4484605979194543,1.2659083906761286,1.6760816672243446,1.6239390956353255,1.386143174463123,1.2552815842230236,,,,,,,,,,,,,,E1-Derby-Norwich,0.3730639266864839,0.28122960727301816,0.34570646604049793,1.4004213873324698,1.318349005394512
E1,14,2026-11-03 19:45:00,Portsmouth,Swansea,,,,,,,,,,,,,,,,,,,,0.4023538917591335,0.28456122263667993,0.31308488560418657,1.4916228979140804,1.2238158794492398,1.6808073788872822,1.6045998862822426,1.418716573087671,1.2264606144785444,,,,,,,,,,,,,,E1-Portsmou-Swansea,0.39539908893292397,0.2842490434592464,0.32035186760782963,1.4704463102580183,1.2453046462827353
E1,14,2026-11-03 19:45:00,Preston,Sheffield United,,,,,,,,,,,,,,,,,,,,0.3322859787789403,0.2859454041364492,0.3817686170846105,1.28280334047327,1.4312512553902805,1.6309348028175314,1.6733828018416896,1.2669780075587265,1.373346648181143,,,,,,,,,,,,,,E1-Preston-Sheffiel,0.34363057068739666,0.28670510733087035,0.369664321981733,1.3175968193930605,1.3956980732760693
E1,14,2026-11-03 19:45:00,QPR,Burnley,,,,,,,,,,,,,,,,,,,,0.3244360173898829,0.28547884270424784,0.39008513990586924,1.2587868948738965,1.4557342624218557,1.6208585525069281,1.6770828590681668,1.2503738716211656,1.391583781052632,,,,,,,,,,,,,,E1-QPR-Burnley,0.34765015231147545,0.28428271514398146,0.3680671325445431,1.3272331720784079,1.3884841127776109
E1,14,2026-11-03 19:45:00,Watford,Lincoln,,,,,,,,,,,,,,,,,,,,0.5022901019219206,0.26785516987769625,0.22985472820038316,1.774725475643458,0.9574193544788459,1.6388155732770824,1.4198959033504548,1.6531338638572661,1.052546341250338,,,,,,,,,,,,,,E1-Watford-Lincoln,0.4775745454992794,0.2719136729328362,0.25051178156788434,1.7046373094306744,1.0234490176364892
E1,14,2026-11-03 20:00:00,Birmingham,Millwall,,,,,,,,,,,,,,,,,,,,0.437481257288735,0.2804930513391368,0.2820256913721282,1.5929368232053418,1.1265701254555214,1.6803766442142254,1.5495640261194215,1.4981251595680063,1.161451691060138,,,,,,,,,,,,,,E1-Birmingh-Millwall,0.43300269701224836,0.27421296069838935,0.2927843422893623,1.5732210517351344,1.1525659875664762
E1,14,2026-11-03 20:00:00,West Brom,Southampton,,,,,,,,,,,,,,,,,,,,0.3725017286361727,0.2863132387534195,0.3411850326104078,1.4038184246619376,1.3098683365846429,1.6681226270586493,1.6412234730600705,1.3531621596567385,1.2858769273014492,,,,,,,,,,,,,,E1-WestBrom-Southamp,0.3720417866662372,0.28283764146737495,0.34512057186638784,1.3989630014660865,1.3181993570665385
E1,14,2026-11-04 19:45:00,Cardiff,West Ham,,,,,,,,,,,,,,,,,,,,0.20118157436350736,0.25726474272272365,0.541553682913769,0.8608094658132457,1.8819257914640308,1.3269059755606045,1.5896032043691255,0.9920133674436094,1.7540086223675908,,,,,,,,,,,,,,E1-Cardiff-WestHam,0.21134714744877764,0.2510177199369999,0.5376351326142226,0.8850591622833328,1.8639231177796676
E1,14,2026-11-04 19:45:00,Wrexham,Middlesbrough,,,,,,,,,,,,,,,,,,,,0.380324805158751,0.2860133488901097,0.3336618459511393,1.4269877643663627,1.2869988867435276,1.672642515667559,1.6326038279712838,1.370192611498168,1.2698944552747842,,,,,,,,,,,,,,E1-Wrexham-Middlesb,0.3719282222257137,0.28416888336457047,0.3439028944097159,1.3999535500417117,1.3158775665937181
E1,14,2026-11-04 20:00:00,Bristol City,Wolves,,,,,,,,,,,,,,,,,,,,0.31608246181663674,0.28483197231198737,0.39908556587137595,1.2330793577618977,1.4820886699261153,1.609089426123224,1.6800152396310093,1.2327654333287608,1.4114607312614085,,,,,,,,,,,,,,E1-BristolC-Wolves,0.30470430684952066,0.282709178423727,0.41258651472675234,1.196822098972289,1.520468722603984
E1,15,2026-11-06 20:00:00,Derby,Bolton,,,,,,,,,,,,,,,,,,,,0.5009378934769277,0.268182096854874,0.23088000966819827,1.7709957772856573,0.9608221258594689,1.640197094983594,1.422923026327549,1.6497642173155986,1.0546961691478722,,,,,,,,,,,,,,E1-Derby-Bolton,0.4913211661440249,0.2672367390558946,0.2414420948000805,1.7412002374879694,0.9915630234561361
E1,15,2026-11-07 12:30:00,Bristol City,Norwich,,,,,,,,,,,,,,,,,,,,0.3796786154317492,0.2860424950342553,0.33427888953399554,1.4250783413295027,1.2888791636362418,1.6723017549935517,1.633343002384557,1.3687821218041019,1.2712030441386974,,,,,,,,,,,,,,E1-BristolC-Norwich,0.3797556162994039,0.2831429138192988,0.3371014698812973,1.4224097627175105,1.2944473234631908
E1,15,2026-11-07 12:30:00,Portsmouth,Stoke,,,,,,,,,,,,,,,,,,,,0.36881139681173875,0.2864142068791849,0.3447743963090763,1.392848397314401,1.3207373958064137,1.6656901202835381,1.6450365049793643,1.3451619607141732,1.2935245351988687,,,,,,,,,,,,,,E1-Portsmou-Stoke,0.3772311321921539,0.2879275886446757,0.3348412791631704,1.4196209852211374,1.292451426134187
E1,15,2026-11-07 12:30:00,Wrexham,Wolves,,,,,,,,,,,,,,,,,,,,0.343184923311766,0.28637281768113193,0.3704422590071021,1.3159275876164298,1.3976995947024382,1.6433717116370292,1.6667889917136907,1.2901361124015476,1.3486949037966582,,,,,,,,,,,,,,E1-Wrexham-Wolves,0.3355226728793782,0.2864623584684369,0.3780149686521849,1.2930303771065716,1.4205072644249916
E1,15,2026-11-07 15:00:00,Birmingham,Swansea,,,,,,,,,,,,,,,,,,,,0.48327558048213404,0.27221258297357065,0.2445118365442953,1.7220393244199728,1.0057480926064566,1.6562733724639807,1.4612898860907026,1.6063252429172998,1.0832177404122274,,,,,,,,,,,,,,E1-Birmingh-Swansea,0.48354813039993116,0.26938992773142806,0.24706194186864078,1.7200343189312215,1.0105757533373503
E1,15,2026-11-07 15:00:00,Blackburn,West Ham,,,,,,,,,,,,,,,,,,,,0.22885601317928578,0.2675334347064477,0.5036105521142664,0.954101474244305,1.778365091049247,1.4169279301648632,1.6374460066722492,1.0504514740488569,1.656430632910009,,,,,,,,,,,,,,E1-Blackbur-WestHam,0.2165445355255815,0.2581657481276624,0.525289716346756,0.907799354704407,1.8340348971679306
E1,15,2026-11-07 15:00:00,Cardiff,Burnley,,,,,,,,,,,,,,,,,,,,0.28786617889205973,0.28144001572359945,0.43069380538434077,1.1450385523997786,1.5735214318766217,1.5611223392703566,1.6817145676076124,1.1736424224775255,1.482563996218635,,,,,,,,,,,,,,E1-Cardiff-Burnley,0.317056263199178,0.28027038351033207,0.4026733532904899,1.2314391731078662,1.488290443381802
E1,15,2026-11-07 15:00:00,Charlton,Sheffield United,,,,,,,,,,,,,,,,,,,,0.3046667784806931,0.2836892609640239,0.41164396055528296,1.1976895964061032,1.5186211426298728,1.5912298979508481,1.6822747311191102,1.208789069273348,1.4394570932428963,,,,,,,,,,,,,,E1-Charlton-Sheffiel,0.30743620000112803,0.28651403320244273,0.40604976679642923,1.208822633205827,1.5046633335917303
E1,15,2026-11-07 15:00:00,Preston,Southampton,,,,,,,,,,,,,,,,,,,,0.31753209384704295,0.2849555308131673,0.3975123753397897,1.2375518123542961,1.4774926568325364,1.6112098871751508,1.6795823578772078,1.235816954342449,1.407975504694233,,,,,,,,,,,,,,E1-Preston-Southamp,0.31711679780927965,0.2806157244310637,0.4022674777596566,1.2319661178589025,1.4874181577100334
E1,15,2026-11-07 15:00:00,QPR,Lincoln,,,,,,,,,,,,,,,,,,,,0.49729575688762095,0.26904979758516967,0.23365444552720938,1.7609370682480328,0.9700131341667978,1.6438122512437814,1.4310143268739601,1.6407200837245974,1.0605099658742685,,,,,,,,,,,,,,E1-QPR-Lincoln,0.49756643397580774,0.2668397108410361,0.23559385518315623,1.7595390127684594,0.9736212763905048
E1,15,2026-11-07 15:00:00,Watford,Middlesbrough,,,,,,,,,,,,,,,,,,,,0.32821344334509994,0.2857202144868532,0.38606634216804686,1.270360544522153,1.4439192409909938,1.6258252915141314,1.6754145194952672,1.258356476105819,1.38275602584786,,,,,,,,,,,,,,E1-Watford-Middlesb,0.3097180178311952,0.279903506445266,0.41037847572353886,1.2090575599388516,1.5110389336158825
E1,15,2026-11-07 15:00:00,West Brom,Millwall,,,,,,,,,,,,,,,,,,,,0.3934030815177877,0.2852573698501538,0.3213395486320585,1.4654666144035167,1.2492760157463292,1.6782927055789378,1.6166227440196577,1.3988938286471302,1.2438399286404411,,,,,,,,,,,,,,E1-WestBrom-Millwall,0.37868752635852465,0.28143939251334515,0.3398730811281302,1.4175019715889192,1.3010586358977356
E1,16,2026-11-21 12:30:00,Millwall,QPR,,,,,,,,,,,,,,,,,,,,0.4746357406707531,0.2740189072588594,0.2513453520703875,1.6979261292711187,1.028054963470022,1.6627874328340333,1.4792300679769987,1.5854462903401523,1.0974827785725172,,,,,,,,,,,,,,E1-Millwall-QPR,0.4833749321515898,0.2663442696901394,0.2502807981582708,1.716469066144909,1.0171866641649518
E1,16,2026-11-21 12:30:00,Norwich,Cardiff,,,,,,,,,,,,,,,,,,,,0.5268621097064989,0.2614720021942882,0.21166588809921288,1.842058331313785,0.8964696664919269,1.6100520935902525,1.3628071321470574,1.7155451348236725,1.0142548655117958,,,,,,,,,,,,,,E1-Norwich-Cardiff,0.5108815798562248,0.2602836018335414,0.22883481831023378,1.7929283414022161,0.9467880567642427
E1,16,2026-11-21 12:30:00,Southampton,Derby,,,,,,,,,,,,,,,,,,,,0.45715552693690187,0.27733127443051464,0.2655131986325835,1.6487978552412201,1.0738708703282651,1.6731966494145838,1.5137514159841805,1.5438898065394362,1.1270234395161507,,,,,,,,,,,,,,E1-Southamp-Derby,0.48309640139897836,0.26686001340984317,0.2500435851911785,1.7161492176067783,1.0169907689833786
E1,16,2026-11-21 15:00:00,Bolton,Portsmouth,,,,,,,,,,,,,,,,,,,,0.3738067060097503,0.28627128265171664,0.33992201133853306,1.4076914006809675,1.3060373166673158,1.6689365571883248,1.6398359121709516,1.3559962349206294,1.2831894036209084,,,,,,,,,,,,,,E1-Bolton-Portsmou,0.3674648383275674,0.28501792341208904,0.3475172382603436,1.3874124383947912,1.32756963819312
E1,16,2026-11-21 15:00:00,Lincoln,Wrexham,,,,,,,,,,,,,,,,,,,,0.2851728590792349,0.2810141678556417,0.43381297306512345,1.1365327450933465,1.582453087051012,1.5558632188993384,1.6811731527244742,1.1680193816116191,1.489701307523826,,,,,,,,,,,,,,E1-Lincoln-Wrexham,0.2970938788024934,0.28297209513766214,0.4199340260598445,1.1742537315451422,1.5427741733171956
E1,16,2026-11-21 15:00:00,Middlesbrough,Bristol City,,,,,,,,,,,,,,,,,,,,0.4830868331048663,0.2722532182574235,0.24465994863771018,1.7215137175720223,1.0062330641705541,1.6564252364125758,1.4616877765667524,1.6058666045478314,1.0835271093329304,,,,,,,,,,,,,,E1-Middlesb-BristolC,0.5016241283369438,0.26518115862361313,0.23319471303944306,1.7700535436344444,0.9647652977419423
E1,16,2026-11-21 15:00:00,Sheffield United,Watford,,,,,,,,,,,,,,,,,,,,0.475162065208274,0.2739120292156774,0.2509259055760486,1.6993982248404993,1.0266897459438231,1.6624162894991024,1.4781533449739228,1.5867115697316176,1.0966076211912352,,,,,,,,,,,,,,E1-Sheffiel-Watford,0.47167290162934017,0.2742466662880904,0.2540804320825694,1.689265371176111,1.0364879625357988
E1,16,2026-11-21 15:00:00,Stoke,Birmingham,,,,,,,,,,,,,,,,,,,,0.385018616846873,0.28577826476658885,0.32920311838653815,1.440834115307208,1.2733876199262033,1.6749428685553407,1.6270902996641112,1.380459229649054,1.2604501187929682,,,,,,,,,,,,,,E1-Stoke-Birmingh,0.370978732936752,0.28578906118931685,0.34323220587393116,1.3987252599995728,1.3154856788111102
E1,16,2026-11-21 15:00:00,Swansea,West Brom,,,,,,,,,,,,,,,,,,,,0.3946901136691089,0.2851660983234181,0.320143788007473,1.4692364393307447,1.2455974623458372,1.6787214066881133,1.6149471521882857,1.4017348264786258,1.2413189478720084,,,,,,,,,,,,,,E1-Swansea-WestBrom,0.4053146401386018,0.28387822979161387,0.3108071300697843,1.4998221502074192,1.2162996200009666
E1,16,2026-11-21 15:00:00,West Ham,Preston,,,,,,,,,,,,,,,,,,,,0.6475645347118195,0.21888581511572,0.13354965017246048,2.1615794192511784,0.6195347656331015,1.3745410417918347,1.0370093408398025,2.0649512391565814,0.8426349092440042,,,,,,,,,,,,,,E1-WestHam-Preston,0.6634109233912948,0.20881294431647862,0.12777613229222656,2.1990457144903632,0.5921413411931583
E1,16,2026-11-21 15:00:00,Wolves,Charlton,,,,,,,,,,,,,,,,,,,,0.6094103192763872,0.23425684143452438,0.1563328392890884,2.0624877992636863,0.7032553593017896,1.4650937928104453,1.1466842946496305,1.9452073294723267,0.8945061915184163,,,,,,,,,,,,,,E1-Wolves-Charlton,0.6275627882946567,0.22789022379056986,0.1445469879147734,2.11057858867454,0.6615311875348902
E1,16,2026-11-22 12:00:00,Burnley,Blackburn,,,,,,,,,,,,,,,,,,,,0.5176085876921184,0.26397323885039725,0.21841817345748438,1.8167990019267524,0.9192277592228504,1.621691914677419,1.3847571266418943,1.6917716184234173,1.028507619498622,,,,,,,,,,,,,,E1-Burnley-Blackbur,0.5160867808095249,0.2647509902688157,0.21916222892165943,1.8130113326973902,0.9222376770337939
E1,17,2026-11-24 19:45:00,Bristol City,Wrexham,,,,,,,,,,,,,,,,,,,,0.38732619869042606,0.28564773325251214,0.3270260680570618,1.44762632932379,1.2667259374236974,1.6759615321148762,1.6242877452241231,1.3855203812559824,1.255845834922096,,,,,,,,,,,,,,E1-BristolC-Wrexham,0.3822182222266553,0.28640163404544505,0.3313801437278997,1.433056300725411,1.2805420652291442
E1,17,2026-11-24 19:45:00,Cardiff,Preston,,,,,,,,,,,,,,,,,,,,0.3996581963899174,0.28478590386249186,0.31555589974759074,1.483760493032244,1.231453603105264,1.6801644706884602,1.6083110249898713,1.4127305050776373,1.2316574136015965,,,,,,,,,,,,,,E1-Cardiff-Preston,0.4248953373421126,0.27796462195976357,0.29714004069812383,1.5526506339861013,1.1693847440541352
E1,17,2026-11-24 19:45:00,Charlton,Lincoln,,,,,,,,,,,,,,,,,,,,0.4417919240943248,0.27985287857841395,0.2783551973272613,1.6052286508613882,1.1149184705601978,1.6792211738810638,1.5420064585274746,1.5080666312668343,1.153795173186965,,,,,,,,,,,,,,E1-Charlton-Lincoln,0.41552706315754906,0.284273805827506,0.30019913101494494,1.5308549953001533,1.1848711988723408
E1,17,2026-11-24 19:45:00,Middlesbrough,Swansea,,,,,,,,,,,,,,,,,,,,0.5013740206382757,0.2680769351438356,0.23054904421788863,1.772198997058663,0.9597240677975016,1.6397538357125865,1.4219480467950498,1.6508503216821775,1.054002278187753,,,,,,,,,,,,,,E1-Middlesb-Swansea,0.5083675382162727,0.2632958355607789,0.22833662622294842,1.7883984502095969,0.9483057142296241
E1,17,2026-11-24 19:45:00,Norwich,QPR,,,,,,,,,,,,,,,,,,,,0.484896080275768,0.2718615639666075,0.24324235575762448,1.7265498047939116,1.001588631239481,1.6549520580146253,1.457862979557051,1.6102676116332135,1.080565731701705,,,,,,,,,,,,,,E1-Norwich-QPR,0.4736175753173091,0.2703889290595344,0.25599349562315654,1.6912416550114617,1.038369415929004
E1,17,2026-11-24 19:45:00,Portsmouth,West Ham,,,,,,,,,,,,,,,,,,,,0.23078738429427442,0.2681527015225032,0.5010599141832224,0.9605148544053264,1.7713324440721703,1.422650374637688,1.6400733017488158,1.0545019818301706,1.6500680226130005,,,,,,,,,,,,,,E1-Portsmou-WestHam,0.22653589436692445,0.26068845692710146,0.512775648705974,0.9402961400278749,1.7990154030450236
E1,17,2026-11-24 19:45:00,Sheffield United,Southampton,,,,,,,,,,,,,,,,,,,,0.4003825227159714,0.28472679710734783,0.31489068017668076,1.485874365255262,1.22939883763739,1.680346872228363,1.6073214167133087,1.4143375600096926,1.230257930778615,,,,,,,,,,,,,,E1-Sheffiel-Southamp,0.3881086735853867,0.2825311966391986,0.3293601297754147,1.4468572173953587,1.2706115859654425
E1,17,2026-11-24 20:00:00,Wolves,Derby,,,,,,,,,,,,,,,,,,,,0.5146157275807055,0.2647572153875205,0.220627057031774,1.8086043981296371,0.9266383864828425,1.6252488946800034,1.3917420293699607,1.6841539548664122,1.0331597031092192,,,,,,,,,,,,,,E1-Wolves-Derby,0.5479441641777636,0.2530292234374704,0.199026612384766,1.8968617159707613,0.8501090605917685
E1,17,2026-11-25 19:45:00,Bolton,West Brom,,,,,,,,,,,,,,,,,,,,0.3396348362411751,0.28626127360648185,0.3741038901523431,1.305165782330007,1.408572944063511,1.6395170804119588,1.6691185462298228,1.282578586818628,1.3566420162338613,,,,,,,,,,,,,,E1-Bolton-WestBrom,0.33582736110856193,0.2851079648059647,0.3790646740854734,1.2925900481316506,1.422301987062385
E1,17,2026-11-25 19:45:00,Burnley,Birmingham,,,,,,,,,,,,,,,,,,,,0.4332642198101644,0.2810902408566451,0.28564553933319053,1.5808829002871383,1.1380268588562168,1.68127747472785,1.5567949633772125,1.4884439571834416,1.169006056024154,,,,,,,,,,,,,,E1-Burnley-Birmingh,0.41878816779237216,0.2803070412125957,0.30090479099503215,1.5366715445897121,1.183021414197692
E1,17,2026-11-25 19:45:00,Watford,Blackburn,,,,,,,,,,,,,,,,,,,,0.42513359109016224,0.28215939595027867,0.2927070129595591,1.5575601692207652,1.160280434828956,1.6823680350187202,1.5702718251394396,1.469897836297168,1.1837557393670628,,,,,,,,,,,,,,E1-Watford-Blackbur,0.42475077019547247,0.2818764191366457,0.29337281066788184,1.556128729723063,1.161994851140291
E1,17,2026-11-25 20:00:00,Stoke,Millwall,,,,,,,,,,,,,,,,,,,,0.40574911729007046,0.2842600085876464,0.30999087412228316,1.5015073604578577,1.2142326309544957,1.6814777106891574,1.5998169936135178,1.426276347375942,1.2199599349742043,,,,,,,,,,,,,,E1-Stoke-Millwall,0.38318567658855174,0.2829070835073445,0.33390723990410376,1.4324641132729998,1.2846288032196558
E1,18,2026-11-27 20:00:00,Southampton,Middlesbrough,,,,,,,,,,,,,,,,,,,,0.39920256229264317,0.2848226072746413,0.3159748304327155,1.4824302941525709,1.232747098572788,1.6800460908871524,1.608930672129454,1.411720112608851,1.2325389320865379,,,,,,,,,,,,,,E1-Southamp-Middlesb,0.3923612500793107,0.27869533688580045,0.3289434130348888,1.4557790871237326,1.2655255759904669
E1,18,2026-11-28 12:30:00,Blackburn,Charlton,,,,,,,,,,,,,,,,,,,,0.4673280258151623,0.27546000823355826,0.25721196595127943,1.6774440856790453,1.0470959060873966,1.6675935799904114,1.493957865250087,1.5679649333403205,1.1097186952345826,,,,,,,,,,,,,,E1-Blackbur-Charlton,0.46562190059808095,0.2779315409569412,0.2564465584449778,1.674797242751184,1.0472712162918747
E1,18,2026-11-28 12:30:00,Lincoln,Wolves,,,,,,,,,,,,,,,,,,,,0.22351937801875538,0.2657587328328818,0.5107218891483627,0.936316866889148,1.79792440027797,1.40074385978057,1.6297235860532475,1.0392441270359134,1.6742938013638355,,,,,,,,,,,,,,E1-Lincoln-Wolves,0.22796489157369168,0.2659263995846535,0.5061087088416548,0.9498210743057285,1.7842525261096178
E1,18,2026-11-28 12:30:00,Preston,Norwich,,,,,,,,,,,,,,,,,,,,0.3279927001364483,0.28570697390675653,0.38630032595679514,1.2696850743161014,1.444607951777142,1.6255410871937073,1.6755177731801636,1.2578896252529068,1.3832692193881173,,,,,,,,,,,,,,E1-Preston-Norwich,0.32903467138648734,0.2827941701779005,0.3881711584356122,1.2698981843373625,1.447307645484737
E1,18,2026-11-28 15:00:00,Birmingham,Bolton,,,,,,,,,,,,,,,,,,,,0.5421384826585129,0.2570913614281099,0.20077015591337716,1.8835068094036487,0.8594018291682413,1.5887398042848133,1.3254512606707856,1.7555587305055542,0.9911374480185725,,,,,,,,,,,,,,E1-Birmingh-Bolton,0.5590388507188888,0.24912635500329106,0.19183479427782013,1.9262429071599576,0.8246307378367514
E1,18,2026-11-28 15:00:00,Derby,Watford,,,,,,,,,,,,,,,,,,,,0.4502853713676395,0.27850473838487244,0.271209890247488,1.629360852487791,1.0921344091273364,1.676256293073887,1.5266361830123478,1.527793360081814,1.1388974749221463,,,,,,,,,,,,,,E1-Derby-Watford,0.4438297622658218,0.2762478723860579,0.27992236534812026,1.6077371591835234,1.1160149684304188
E1,18,2026-11-28 15:00:00,Millwall,Burnley,,,,,,,,,,,,,,,,,,,,0.3789409656671814,0.2860748092492746,0.33498422508354403,1.4228977062508188,1.2910274844999068,1.6719056178000655,1.634180869267014,1.3671728388276074,1.2726993622050766,,,,,,,,,,,,,,E1-Millwall-Burnley,0.4083055714926936,0.27904549944973317,0.3126489290575733,1.503962213927814,1.216992286622453
E1,18,2026-11-28 15:00:00,QPR,Sheffield United,,,,,,,,,,,,,,,,,,,,0.35486953038707875,0.28655552821797214,0.35857494139494905,1.3511641193792083,1.3622803524028193,1.6547368242038893,1.657922242229764,1.3151172911222833,1.3230759048990484,,,,,,,,,,,,,,E1-QPR-Sheffiel,0.3818486850973187,0.28469588458879225,0.33345543031388913,1.4302419398807484,1.2850621755304594
E1,18,2026-11-28 15:00:00,West Brom,Bristol City,,,,,,,,,,,,,,,,,,,,0.4203492920686901,0.28273719566444433,0.2969135122668656,1.5437850718705146,1.1734777324650412,1.6826084761524056,1.5779088174749394,1.4590558250539878,1.1925520395599782,,,,,,,,,,,,,,E1-WestBrom-BristolC,0.4215985531807298,0.2824774842192667,0.2959239626000035,1.5472731437614562,1.1702493720192773
E1,18,2026-11-28 15:00:00,West Ham,Stoke,,,,,,,,,,,,,,,,,,,,0.5765826226714552,0.24610270904684625,0.17731466828169853,1.9758505770612118,0.7780467138919419,1.5313608102168197,1.2365780345840838,1.8496739471748853,0.9407063351125224,,,,,,,,,,,,,,E1-WestHam-Stoke,0.5967872164999067,0.23662651652984834,0.16658626697024492,2.0269881660295685,0.7363853174405831
E1,18,2026-11-28 15:00:00,Wrexham,Portsmouth,,,,,,,,,,,,,,,,,,,,0.4783471831474475,0.273256465532868,0.24839635131968452,1.7082980149752105,1.0184455194919215,1.6600990058916514,1.4715923512368585,1.5943867551609354,1.0913286844410386,,,,,,,,,,,,,,E1-Wrexham-Portsmou,0.47866371759860604,0.27379919777230827,0.2475370846290857,1.7097903505681264,1.0164104516595653
E1,18,2026-11-29 12:00:00,Swansea,Cardiff,,,,,,,,,,,,,,,,,,,,0.4704129974678513,0.27486142430871496,0.2547255782234338,1.6861004167122688,1.0390381589790163,1.6656437862820903,1.4877913325051153,1.5753252652807606,1.104533799049995,,,,,,,,,,,,,,E1-Swansea-Cardiff,0.4623146914578726,0.27207198223895157,0.2656133263031758,1.6590160566125691,1.068911961148479
E1,19,2026-12-04 20:00:00,Sheffield United,West Ham,,,,,,,,,,,,,,,,,,,,0.28385370671154964,0.2807988392405945,0.43534745404785585,1.1323599593752434,1.586841201384162,1.5532431220482383,1.6808609272609667,1.1652661465024157,1.493221102511788,,,,,,,,,,,,,,E1-Sheffiel-WestHam,0.267105999917883,0.2724811233729552,0.4604128767091618,1.0737991231266042,1.6537197535004406
E1,19,2026-12-05 12:30:00,Bolton,Blackburn,,,,,,,,,,,,,,,,,,,,0.37621105850799275,0.28618548764039237,0.3376034538516149,1.4148186631643707,1.2989958491952371,1.67037316457411,1.637226356078471,1.361224913671308,1.2782604715242185,,,,,,,,,,,,,,E1-Bolton-Blackbur,0.3794312402331653,0.28552078089046745,0.3350479788763672,1.4238145015899635,1.2906647175195691
E1,19,2026-12-05 12:30:00,Bristol City,Swansea,,,,,,,,,,,,,,,,,,,,0.4342126612997899,0.2809584503223606,0.28482888837784953,1.5835964342217304,1.135445115455909,1.6810947355406909,1.5551828355103239,1.4906175641613568,1.167301420454514,,,,,,,,,,,,,,E1-BristolC-Swansea,0.4233448608206122,0.28133532500632147,0.29531981417306635,1.551369907468158,1.1672947675255205
E1,19,2026-12-05 12:30:00,Middlesbrough,Derby,,,,,,,,,,,,,,,,,,,,0.47476359697221937,0.2739929820558621,0.25124342097191854,1.6982837729725202,1.0277232449716176,1.6626975812640583,1.4789687025481373,1.58575357784284,1.0972701082390033,,,,,,,,,,,,,,E1-Middlesb-Derby,0.5121220512192544,0.2608789475720572,0.22699900120868843,1.7972451012298203,0.9418759511981225
E1,19,2026-12-05 12:30:00,Watford,Millwall,,,,,,,,,,,,,,,,,,,,0.364646951782552,0.2864964987391234,0.34885654947832456,1.3804373540867796,1.333066147174097,1.6627117762239827,1.6491400913024534,1.3361585603837876,1.3022406558546584,,,,,,,,,,,,,,E1-Watford-Millwall,0.3427210698599228,0.2801718692904872,0.37710706084959,1.3083350788702557,1.4114930518392574
E1,19,2026-12-05 15:00:00,Cardiff,Lincoln,,,,,,,,,,,,,,,,,,,,0.45551495091530836,0.27761817083884643,0.2668668782458452,1.6441630235847717,1.0782188055763822,1.673980680953203,1.5168642823528933,1.5400343348293213,1.1298449395888568,,,,,,,,,,,,,,E1-Cardiff-Lincoln,0.4647347766174337,0.2716684895963127,0.26359673378625365,1.6658728194486137,1.0624586909550735
E1,19,2026-12-05 15:00:00,Charlton,Birmingham,,,,,,,,,,,,,,,,,,,,0.29079071740356843,0.28188164250288256,0.427327640093549,1.1542537947135878,1.5638645627835295,1.5666962765242813,1.6821580326147036,1.179751154921604,1.4748873037684165,,,,,,,,,,,,,,E1-Charlton-Birmingh,0.2773168732069844,0.2788041915061841,0.44387893528683153,1.1107548111271373,1.6104409973666787
E1,19,2026-12-05 15:00:00,Norwich,Wrexham,,,,,,,,,,,,,,,,,,,,0.42417943534576674,0.282277687159157,0.29354287749507624,1.5548159931964574,1.1629063196443856,1.6824398325715717,1.5718124763459929,1.4677314386406781,1.185502983850697,,,,,,,,,,,,,,E1-Norwich-Wrexham,0.4220927266675385,0.28098469372984786,0.29692257960261365,1.5472628737324634,1.171752432537689
E1,19,2026-12-05 15:00:00,Portsmouth,West Brom,,,,,,,,,,,,,,,,,,,,0.3809201397579691,0.285985804743651,0.3330940554983799,1.4287462240175584,1.2852679712387907,1.6729512899209422,1.6319185463367933,1.371492709930619,1.2686906663091364,,,,,,,,,,,,,,E1-Portsmou-WestBrom,0.3836231223704132,0.28595613879657583,0.330420738833011,1.4368255059078154,1.277218355295609
E1,19,2026-12-05 15:00:00,Stoke,QPR,,,,,,,,,,,,,,,,,,,,0.4637683158161384,0.2761328103386358,0.2600988738452258,1.667437757787051,1.0564294318743133,1.6696989765899737,1.5009795304153835,1.5595065820324758,1.115737515985531,,,,,,,,,,,,,,E1-Stoke-QPR,0.4411108443970384,0.28001034812901565,0.27887880747394594,1.603342881320131,1.1166467705508536
E1,19,2026-12-05 15:00:00,Wolves,Southampton,,,,,,,,,,,,,,,,,,,,0.47308955284150733,0.27433049551557975,0.2525799516429129,1.6935991540401019,1.0320703504443185,1.6638583765237973,1.4823808520355373,1.5817341524068935,1.1000584373500923,,,,,,,,,,,,,,E1-Wolves-Southamp,0.4865831172166107,0.26784803595929174,0.24556884682409763,1.7275973876091237,1.0045545764315846
E1,19,2026-12-06 12:00:00,Burnley,Preston,,,,,,,,,,,,,,,,,,,,0.5382904218092317,0.2582239795486865,0.20348559864208182,1.8730952449763816,0.8686807754749319,1.5943519790786413,1.3349880776476937,1.7453861526565604,0.996914062456401,,,,,,,,,,,,,,E1-Burnley-Preston,0.5297337985611406,0.26022720064217786,0.21003900079668159,1.8494285963255996,0.8903442030322226
E1,20,2026-12-08 19:45:00,Blackburn,Norwich,,,,,,,,,,,,,,,,,,,,0.346756356224996,0.28645846098862665,0.36678518278637734,1.3267275296636147,1.3868140093477588,1.6470597290462732,1.664272009542817,1.2977538513932454,1.3407781438151518,,,,,,,,,,,,,,E1-Blackbur-Norwich,0.3400326222681448,0.28440015259246976,0.37556722513938545,1.304498019396904,1.411101828010626
E1,20,2026-12-08 19:45:00,Millwall,Sheffield United,,,,,,,,,,,,,,,,,,,,0.4109778174027246,0.2837567742096112,0.30526540838766425,1.516690226417785,1.199552999372604,1.6822078879229005,1.5922180513947795,1.4379640210841476,1.2100441836424625,,,,,,,,,,,,,,E1-Millwall-Sheffiel,0.44424665719492507,0.27554499411217703,0.2802083486928979,1.6082849656969522,1.1161700401908707
E1,20,2026-12-08 19:45:00,QPR,Wolves,,,,,,,,,,,,,,,,,,,,0.2889649042359562,0.28160845632050724,0.42942663944353654,1.148503169028376,1.5698883746511167,1.5632330651758908,1.681898702447611,1.1759370421521793,1.4796710517898835,,,,,,,,,,,,,,E1-QPR-Wolves,0.29273513619312463,0.2795690842395049,0.4276957795673705,1.157774492818879,1.5626564229416162
E1,20,2026-12-08 19:45:00,Swansea,Bolton,,,,,,,,,,,,,,,,,,,,0.474329425491085,0.27408091920419075,0.2515896553047242,1.6970691956774457,1.0288498851183634,1.6630018937066624,1.479855730838639,1.5847103010159873,1.097992484105425,,,,,,,,,,,,,,E1-Swansea-Bolton,0.49153058609618583,0.2687360089951205,0.23973340490869366,1.743327767283678,0.9879362237212015
E1,20,2026-12-08 19:45:00,West Brom,Cardiff,,,,,,,,,,,,,,,,,,,,0.49277896595352483,0.2700996438652028,0.23712139018127232,1.7484365417257772,0.9814638144090198,1.6480799970049311,1.440920936502351,1.6295675840454216,1.0677679263111188,,,,,,,,,,,,,,E1-WestBrom-Cardiff,0.47321960049942513,0.27091240298077,0.25586799651980485,1.6905712044790455,1.0385163925401846
E1,20,2026-12-08 19:45:00,Wrexham,Charlton,,,,,,,,,,,,,,,,,,,,0.5327098471224088,0.2598317757820225,0.20745837709556875,1.8579613171492488,0.8822069070687288,1.6022001438607294,1.3486681427623686,1.7307463599037407,1.0053466182628712,,,,,,,,,,,,,,E1-Wrexham-Charlton,0.541893505923394,0.25914833969276346,0.1989581543838425,1.8848288574629455,0.8560228028442909
E1,20,2026-12-08 20:00:00,Birmingham,Watford,,,,,,,,,,,,,,,,,,,,0.4912329777455418,0.27045226659700355,0.2383147556574547,1.744151199833629,0.9853965335693675,1.6494856584257924,1.4442787391435703,1.6257662419568377,1.0702645651601583,,,,,,,,,,,,,,E1-Birmingh-Watford,0.511233596462354,0.26272239331782077,0.22604401021982523,1.7964231827048827,0.9408544239772965
E1,20,2026-12-08 20:00:00,West Ham,Middlesbrough,,,,,,,,,,,,,,,,,,,,0.5260597029476621,0.2616934865937586,0.2122468104585793,1.839872595436745,0.8984339179694965,1.6110996456835731,1.3647312757629524,1.7134701677181794,1.0154831013586598,,,,,,,,,,,,,,E1-WestHam-Middlesb,0.5297976435429506,0.25402841565580103,0.2161739408012484,1.8434213462846527,0.9025502380595463
E1,20,2026-12-09 19:45:00,Derby,Bristol City,,,,,,,,,,,,,,,,,,,,0.42447010728105683,0.28224181200738985,0.2932880807115533,1.5556521338505602,1.1621060541420498,1.6824192159830997,1.5713440573377648,1.4683911858246663,1.1849703381478653,,,,,,,,,,,,,,E1-Derby-BristolC,0.41031872599450925,0.28100346784022173,0.308677806165269,1.5119596458237496,1.2070368863360288
E1,20,2026-12-09 19:45:00,Lincoln,Stoke,,,,,,,,,,,,,,,,,,,,0.296395220637644,0.28266835510773514,0.42093642425462086,1.1718540170206673,1.5454776278715976,1.5769835036390567,1.6825950751477028,1.191467774134418,1.4603836022875916,,,,,,,,,,,,,,E1-Lincoln-Stoke,0.31779800361159466,0.28632448590742166,0.39587751048098374,1.2397184967422057,1.4739570173503729
E1,20,2026-12-09 19:45:00,Preston,Portsmouth,,,,,,,,,,,,,,,,,,,,0.3939317798775347,0.2852202380137015,0.3208479821087638,1.4670155776463054,1.247764184339993,1.6784715518545905,1.6159366172709277,1.4000605081926123,1.2428034287219683,,,,,,,,,,,,,,E1-Preston-Portsmou,0.39181945041190586,0.2848722722760283,0.3233082773120658,1.4603306235117457,1.2547971042122257
E1,20,2026-12-09 20:00:00,Southampton,Burnley,,,,,,,,,,,,,,,,,,,,0.3999500946765734,0.28476219628103655,0.31528770904239006,1.4846124803107568,1.2306253234082067,1.6802388316757395,1.6079128910489937,1.4133780148087172,1.2310931553831241,,,,,,,,,,,,,,E1-Southamp-Burnley,0.41363954232692934,0.27967521263008516,0.3066852450429855,1.5205938396108731,1.1997309477590417
E1,21,2026-12-11 20:00:00,Bolton,Wrexham,,,,,,,,,,,,,,,,,,,,0.3162879965930837,0.2848497824433805,0.3988622209635358,1.2337137722226317,1.4814364453339879,1.6093920800093384,1.679955829551401,1.2331979893024436,1.4109656479283006,,,,,,,,,,,,,,E1-Bolton-Wrexham,0.30890492005319564,0.2837614536078619,0.4073336263389424,1.2104762137674487,1.505762332624689
E1,21,2026-12-12 12:30:00,Preston,Middlesbrough,,,,,,,,,,,,,,,,,,,,0.3019957323835568,0.28337761229802005,0.41462665531842313,1.1893648094486906,1.5272575782532893,1.5867505537951112,1.6825017998317255,1.2031914827229309,1.4461538541331953,,,,,,,,,,,,,,E1-Preston-Middlesb,0.29119263387026073,0.27834092325134413,0.43046644287839514,1.1519188248621264,1.5697402518865295
E1,21,2026-12-12 12:30:00,QPR,Watford,,,,,,,,,,,,,,,,,,,,0.41148985384240433,0.28370494759588716,0.3048051985617085,1.5181745091231003,1.1981205432810127,1.6822597920263598,1.5914588984192748,1.4391116009502278,1.209079267272322,,,,,,,,,,,,,,E1-QPR-Watford,0.43730252039623063,0.277796724692959,0.28490075491081035,1.589704285881651,1.13249898942539
E1,21,2026-12-12 12:30:00,Stoke,West Brom,,,,,,,,,,,,,,,,,,,,0.42886186784565294,0.2816826774366398,0.2894554547177073,1.5682682809735984,1.1500490415897615,1.681974086939631,1.5641689718344762,1.4783828917847008,1.1769616718842542,,,,,,,,,,,,,,E1-Stoke-WestBrom,0.42026858173820214,0.28485944151179526,0.2948719767500026,1.5456651867264017,1.1694753717618032
E1,21,2026-12-12 15:00:00,Blackburn,Derby,,,,,,,,,,,,,,,,,,,,0.37451645853234794,0.2862470995895408,0.33923644187811125,1.4097964751865846,1.3039564252238744,1.6693691249321543,1.6390727176099165,1.3575387587570362,1.2817313603577298,,,,,,,,,,,,,,E1-Blackbur-Derby,0.38517832018486076,0.2839488451137187,0.33087283470142054,1.439483805668301,1.2765673492179803
E1,21,2026-12-12 15:00:00,Cardiff,Southampton,,,,,,,,,,,,,,,,,,,,0.3024067832335871,0.28342668334552096,0.414166533420892,1.1906470330462824,1.525926283608197,1.5874473751458902,1.6824744611272249,1.204052627649459,1.4451195571050848,,,,,,,,,,,,,,E1-Cardiff-Southamp,0.32345112281232014,0.27712671388532306,0.3994221633023568,1.2474800823222836,1.4753932037923934
E1,21,2026-12-12 15:00:00,Charlton,Swansea,,,,,,,,,,,,,,,,,,,,0.3510538329598396,0.28652660342308683,0.36241956361707356,1.3396881023026057,1.3737852942743076,1.6512468886104865,1.6610166412124028,1.3069407313871797,1.3313534104589222,,,,,,,,,,,,,,E1-Charlton-Swansea,0.33336145346447754,0.2870526750046974,0.37958587153082507,1.28713703539813,1.4258102895971725
E1,21,2026-12-12 15:00:00,Portsmouth,Birmingham,,,,,,,,,,,,,,,,,,,,0.3387274223563354,0.28622850109705733,0.3750440765466072,1.3024107681660635,1.411360730736879,1.63850149326916,1.6696860777503855,1.2806491338211716,1.3586859617108613,,,,,,,,,,,,,,E1-Portsmou-Birmingh,0.33522641834697564,0.28328812862023744,0.3814854530327869,1.2889673836611641,1.427744487718598
E1,21,2026-12-12 15:00:00,Sheffield United,Burnley,,,,,,,,,,,,,,,,,,,,0.38417729809094964,0.28582341089445584,0.32999929101459446,1.4383553051673048,1.2758212839382392,1.674553109810072,1.628097081475989,1.3786162847144168,1.2621350982811324,,,,,,,,,,,,,,E1-Sheffiel-Burnley,0.3806250070230071,0.2863992622144758,0.33297573076251713,1.4282742832834971,1.285326454502027
E1,21,2026-12-12 15:00:00,West Ham,Bristol City,,,,,,,,,,,,,,,,,,,,0.5933391539890902,0.24021935452063964,0.16644149149027015,2.0202368164879103,0.7395438289914501,1.4989149457292443,1.191267702933736,1.8976582898121352,0.9169195578263234,,,,,,,,,,,,,,E1-WestHam-BristolC,0.610583866548345,0.23003233892251956,0.15938379452913548,2.0617839385675545,0.708183722509926
E1,21,2026-12-12 15:00:00,Wolves,Millwall,,,,,,,,,,,,,,,,,,,,0.4950598573460128,0.2695731359919808,0.23536700666200644,1.7547527080300194,0.9756741559780002,1.6459547857674095,1.4359361373066557,1.635190674356206,1.0640960881733614,,,,,,,,,,,,,,E1-Wolves-Millwall,0.49403007180930264,0.26521801140960183,0.24075191678109548,1.7473082268375097,0.9874737617528884
E1,21,2026-12-13 14:00:00,Lincoln,Norwich,,,,,,,,,,,,,,,,,,,,0.2784096409330289,0.27986263128987654,0.44172772777709457,1.1150915540889632,1.6050458146211604,1.5421202256865971,1.679240114250824,1.1539087184133503,1.507918236715065,,,,,,,,,,,,,,E1-Lincoln-Norwich,0.2940584165597495,0.2789308242058061,0.42701075923444437,1.1611060738850547,1.5599631019091393
E1,22,2026-12-18 20:00:00,West Brom,Sheffield United,,,,,,,,,,,,,,,,,,,,0.38812842566330674,0.2856000607666477,0.3262715135700456,1.449985337756568,1.2644146014767843,1.6762984120273803,1.6232993984693624,1.3872820654560176,1.2542510591946847,,,,,,,,,,,,,,E1-WestBrom-Sheffiel,0.39927320606835837,0.28570925621439924,0.3150175377172424,1.4835288744194743,1.2307618693661264
E1,22,2026-12-19 12:30:00,Birmingham,West Ham,,,,,,,,,,,,,,,,,,,,0.29758047981966596,0.2828248170912675,0.41959470308906655,1.1755662565502654,1.5416089263584671,1.5790931119286564,1.6826190630647608,1.1939475327574456,1.4573504716588637,,,,,,,,,,,,,,E1-Birmingh-WestHam,0.29910209531949217,0.2745720400670154,0.4263258646134924,1.171878326025492,1.5535496339074926
E1,22,2026-12-19 12:30:00,Bristol City,Cardiff,,,,,,,,,,,,,,,,,,,,0.48865839591748333,0.2710318571811655,0.2403097469013512,1.7370070449336157,0.9919610978852191,1.651763946289504,1.449832759575677,1.6194534549618282,1.0744365604759003,,,,,,,,,,,,,,E1-BristolC-Cardiff,0.46845224619412196,0.271234991644558,0.26031276216132004,1.6765917302269238,1.0521732781285182
E1,22,2026-12-19 12:30:00,Millwall,Charlton,,,,,,,,,,,,,,,,,,,,0.5304696233776455,0.26046554487518014,0.20906483174717438,1.8518744150081163,0.8876600401167033,1.6052533063123366,1.3541086837797622,1.7249062583147114,1.0087504707067592,,,,,,,,,,,,,,E1-Millwall-Charlton,0.560527413071761,0.2490498335088924,0.19042275341934659,1.9306320727241755,0.8203180937669322
E1,22,2026-12-19 12:30:00,Swansea,Preston,,,,,,,,,,,,,,,,,,,,0.45329734734271077,0.2779993323081078,0.26870332034918143,1.6378913743362402,1.084109293355652,1.674987304267447,1.5210362555106494,1.53483452253907,1.133672701811219,,,,,,,,,,,,,,E1-Swansea-Preston,0.46447127512851405,0.2750788132759156,0.26044991159557035,1.6684926386614578,1.0564285480626268
E1,22,2026-12-19 12:30:00,Watford,Bolton,,,,,,,,,,,,,,,,,,,,0.466401674310562,0.27563694406157335,0.25796138162786464,1.6748419669932595,1.0495210889451672,1.6681563984547814,1.4957948625717057,1.565760251098039,1.1112812442261002,,,,,,,,,,,,,,E1-Watford-Bolton,0.4646708317842485,0.2739317637275145,0.261397404488237,1.66794425908026,1.0581239771922255
E1,22,2026-12-19 15:00:00,Burnley,Stoke,,,,,,,,,,,,,,,,,,,,0.465419088725467,0.27582319919847337,0.25875771207605963,1.6720804653748744,1.0520963354266524,1.6687419150394196,1.4977359088648188,1.5634244688737875,1.1129415169339192,,,,,,,,,,,,,,E1-Burnley-Stoke,0.4623052984639073,0.27792718965737867,0.259767511878714,1.6648430850491005,1.0572297252935208
E1,22,2026-12-19 15:00:00,Derby,Lincoln,,,,,,,,,,,,,,,,,,,,0.5369377497167305,0.2586174817019868,0.20444476858128274,1.8694307308521783,0.8719517874458351,1.5962859716980518,1.3383204793035446,1.7418254762258794,0.9989519752404616,,,,,,,,,,,,,,E1-Derby-Lincoln,0.5043058635645021,0.2647054490494385,0.23098868738605938,1.7776230397429449,0.9576715112076166
E1,22,2026-12-19 15:00:00,Middlesbrough,Portsmouth,,,,,,,,,,,,,,,,,,,,0.5158346868996655,0.2644393948992543,0.21972591820108023,1.8119434555982508,0.923617149502495,1.6238124907109137,1.3889040198538622,1.6872524166186886,1.0312624138876738,,,,,,,,,,,,,,E1-Middlesb-Portsmou,0.5303328800339127,0.25799963326900777,0.21166748669707958,1.8489982733707457,0.8930020933602465
E1,22,2026-12-19 15:00:00,Norwich,Wolves,,,,,,,,,,,,,,,,,,,,0.35057344421075143,0.28652086487260964,0.36290569091663893,1.3382411975048638,1.3752379376225263,1.6507923600701204,1.6613926980461002,1.3059126429637347,1.3324015272959724,,,,,,,,,,,,,,E1-Norwich-Wolves,0.34131357018650604,0.2831696179977912,0.3755168118157028,1.3071103285573094,1.4097200534448995
E1,22,2026-12-19 15:00:00,Southampton,Blackburn,,,,,,,,,,,,,,,,,,,,0.500648266438185,0.2682517850733611,0.23109994848845383,1.7701965843879162,0.9615516305387226,1.640490235638382,1.4235697832777698,1.6490433183151865,1.055157242186787,,,,,,,,,,,,,,E1-Southamp-Blackbur,0.5139889656548414,0.26245481417944105,0.22355622016571752,1.8044217111439655,0.9331234746765936
E1,22,2026-12-19 15:00:00,Wrexham,QPR,,,,,,,,,,,,,,,,,,,,0.47686623651642834,0.27356314637306817,0.2495706171105035,1.704161855922353,1.0222749977045786,1.6611916438402048,1.4746525294357031,1.590814215324425,1.0937795144388691,,,,,,,,,,,,,,E1-Wrexham-QPR,0.4659506620191991,0.2748257035066257,0.2592236344741752,1.672677689564223,1.0524966069291513
E1,23,2026-12-26 12:30:00,Bolton,Burnley,,,,,,,,,,,,,,,,,,,,0.2845368233978344,0.2809109029023088,0.4345522736998567,1.134521373095812,1.5845677240018792,1.5546035674716123,1.681026494252524,1.1666918296352453,1.4913964046049706,,,,,,,,,,,,,,E1-Bolton-Burnley,0.288429150678432,0.27993647162373986,0.43163437769782814,1.1452239236590358,1.5748396047172242
E1,23,2026-12-26 12:30:00,Sheffield United,Middlesbrough,,,,,,,,,,,,,,,,,,,,0.38343861038252547,0.2858619690701209,0.33069942054735363,1.4361778002176975,1.2779602307121818,1.6742027886747053,1.6289744027143702,1.376999158264697,1.2636173301607234,,,,,,,,,,,,,,E1-Sheffiel-Middlesb,0.35994645259905605,0.28411851664477816,0.3559350307561657,1.3639578744419463,1.3519236089132753
E1,23,2026-12-26 15:00:00,Blackburn,Birmingham,,,,,,,,,,,,,,,,,,,,0.33641203476232806,0.2861369592446512,0.3774510059930207,1.2953730635316354,1.4184899772237134,1.6358538983822697,1.6710821976977068,1.2757299592998752,1.3639250119632822,,,,,,,,,,,,,,E1-Blackbur-Birmingh,0.3229238914655661,0.283469558746889,0.3936065497875449,1.2522412331435873,1.4642892081095236
E1,23,2026-12-26 15:00:00,Cardiff,Millwall,,,,,,,,,,,,,,,,,,,,0.3217686891289677,0.2852893428804972,0.3929419679905351,1.2505954102674004,1.4641152468521026,1.617218664859319,1.6781335987305197,1.2447449687866399,1.3978767085888506,,,,,,,,,,,,,,E1-Cardiff-Millwall,0.3296612319059128,0.2763311268639591,0.3940076412301281,1.2653148225816975,1.4583540505543433
E1,23,2026-12-26 15:00:00,Charlton,Southampton,,,,,,,,,,,,,,,,,,,,0.29045950684714134,0.281832706370648,0.4277077867822106,1.153211226912072,1.56495606671728,1.5660721341188735,1.6821152966553243,1.179059160553417,1.4757529208146716,,,,,,,,,,,,,,E1-Charlton-Southamp,0.2819261243259287,0.27828309039707483,0.4397907852769965,1.124061463374861,1.5976554462280643
E1,23,2026-12-26 15:00:00,Lincoln,West Brom,,,,,,,,,,,,,,,,,,,,0.3075279826501588,0.2840042814886033,0.4084677358612379,1.2065882294390797,1.509407489072317,1.5959009699190994,1.6819029361721478,1.214790050615946,1.4323462717839612,,,,,,,,,,,,,,E1-Lincoln-WestBrom,0.32352384531332834,0.28499173233006336,0.3914844223566083,1.2555632682700484,1.4594449993998881
E1,23,2026-12-26 15:00:00,Portsmouth,Watford,,,,,,,,,,,,,,,,,,,,0.41005044944578795,0.2838494874018189,0.30610006315239313,1.5140008357391828,1.2021496768589983,1.6821050017949668,1.5935862102011633,1.4358869859018797,1.2117945333330724,,,,,,,,,,,,,,E1-Portsmou-Watford,0.421926148972193,0.2813896116644887,0.2966842393633182,1.5471680585810677,1.1714423297544434
E1,23,2026-12-26 15:00:00,Preston,Derby,,,,,,,,,,,,,,,,,,,,0.355205465824503,0.2865566643057475,0.35823786986974954,1.3521730617792567,1.3612702739149962,1.6550338677247851,1.6576407344888842,1.3158380679709787,1.3223511633791525,,,,,,,,,,,,,,E1-Preston-Derby,0.37381088309634863,0.2833898876671908,0.3427992292364605,1.4048225369562366,1.3117875753765722
E1,23,2026-12-26 15:00:00,QPR,Bristol City,,,,,,,,,,,,,,,,,,,,0.38624937651351426,0.28570986560062017,0.3280407578858656,1.4444579951411631,1.269832139258217,1.6754953544950202,1.625603024680311,1.3831574645279108,1.2579912588577786,,,,,,,,,,,,,,E1-QPR-BristolC,0.4039815047691022,0.28220752178396236,0.3138109734469354,1.494152036091269,1.2236404421247686
E1,23,2026-12-26 15:00:00,Stoke,Wrexham,,,,,,,,,,,,,,,,,,,,0.40358882972012533,0.2844540062298108,0.31195716405006385,1.4952204953901869,1.2203254983800025,1.681069143876063,1.6028741606839838,1.421463626716418,1.2240904144831346,,,,,,,,,,,,,,E1-Stoke-Wrexham,0.3912205399640321,0.28819242917980353,0.3205870308561644,1.4618540490718999,1.2499535217482967
E1,23,2026-12-26 15:00:00,West Ham,Norwich,,,,,,,,,,,,,,,,,,,,0.5554896743361577,0.2530118690884583,0.191498456575384,1.9194808920969315,0.8275072388146103,1.5680120429886455,1.2917297479763339,1.7913660278539292,0.9713257776159424,,,,,,,,,,,,,,E1-WestHam-Norwich,0.5730838831317835,0.24162871879646955,0.18528739807174696,1.96088036819182,0.7974909130117104
E1,23,2026-12-26 15:00:00,Wolves,Swansea,,,,,,,,,,,,,,,,,,,,0.5412824303257708,0.25734501125285686,0.2013725584213723,1.8811923022301693,0.8614626865169737,1.5900024062147495,1.327580076784166,1.7532901309519069,0.9924198906288877,,,,,,,,,,,,,,E1-Wolves-Swansea,0.5440168454095702,0.25558836821981246,0.20039478637061736,1.8876389044485231,0.8567727273316645
E1,24,2026-12-29 18:00:00,Wrexham,Blackburn,,,,,,,,,,,,,,,,,,,,0.480889092524173,0.27272252447030493,0.24638838300552207,1.7153898020428238,1.0118876734868711,1.6581621842353438,1.4663013077653306,1.6005346602453185,1.0871367195092825,,,,,,,,,,,,,,E1-Wrexham-Blackbur,0.4909744171830284,0.2718495179128802,0.23717606490409143,1.7447727694619655,0.9833777126251544
E1,24,2026-12-29 19:45:00,Bristol City,Stoke,,,,,,,,,,,,,,,,,,,,0.3999307876361369,0.28476376904485534,0.3153054433190078,1.484556131953266,1.2306800990018787,1.6802339488500442,1.6079392528366512,1.413335181472055,1.231130465589704,,,,,,,,,,,,,,E1-BristolC-Stoke,0.404598889267039,0.28587082140117276,0.3095302893317882,1.4996674892022896,1.2144616893965374
E1,24,2026-12-29 19:45:00,Burnley,Lincoln,,,,,,,,,,,,,,,,,,,,0.5950567399114539,0.23959693373370722,0.16534632635483887,2.024767153468069,0.7356359127982238,1.495425567173605,1.186553674728781,1.9026662147987217,0.9145061737400272,,,,,,,,,,,,,,E1-Burnley-Lincoln,0.5697152624455479,0.2477556182280077,0.18252911932644436,1.9569014055646514,0.7953429762073408
E1,24,2026-12-29 19:45:00,Derby,Sheffield United,,,,,,,,,,,,,,,,,,,,0.3921624777550837,0.28534251711714864,0.32249500512776763,1.4618299503823997,1.2528275325004516,1.677858013077893,1.618220737075887,1.396158201892569,1.246277103584203,,,,,,,,,,,,,,E1-Derby-Sheffiel,0.38802785977183507,0.28372515833821715,0.3282469818899478,1.4478087376537223,1.2684661040080605
E1,24,2026-12-29 19:45:00,Middlesbrough,Bolton,,,,,,,,,,,,,,,,,,,,0.5602087592440292,0.25151498695254276,0.188276253803428,1.9321412646846305,0.8163437483628269,1.5602239534516822,1.2795841556923242,1.8042203518657265,0.9644054830667901,,,,,,,,,,,,,,E1-Middlesb-Bolton,0.5838125355945836,0.24064622175113615,0.17554124265428028,1.992083828534887,0.767269949713977
E1,24,2026-12-29 19:45:00,Millwall,Portsmouth,,,,,,,,,,,,,,,,,,,,0.47611591319586694,0.2737172861572022,0.2501668006469308,1.702065025744803,1.0242176880979945,1.6617351530563482,1.4761966193667786,1.5890067752643662,1.095023650676702,,,,,,,,,,,,,,E1-Millwall-Portsmou,0.49631479613354096,0.2650024712287317,0.23868273263772727,1.7539468596293546,0.9810506691419136
E1,24,2026-12-29 19:45:00,Norwich,Charlton,,,,,,,,,,,,,,,,,,,,0.540761398298235,0.25749892292554477,0.20173967877622023,1.8797831178202498,0.8627179592542055,1.5907669375676408,1.3288737546917857,1.751910927409403,0.9932011797957012,,,,,,,,,,,,,,E1-Norwich-Charlton,0.5503022342560184,0.25402895205788045,0.19566881368610112,1.9049356548259357,0.8410353931161838
E1,24,2026-12-29 19:45:00,Swansea,QPR,,,,,,,,,,,,,,,,,,,,0.4289801383707881,0.28166717812974734,0.2893526834994646,1.5686075932421115,1.149725228628141,1.6819586418900299,1.5639732282808978,1.4786525874353258,1.176747002497708,,,,,,,,,,,,,,E1-Swansea-QPR,0.42602061349407255,0.2796041002655623,0.2943752862403652,1.55766594074778,1.1627299589866578
E1,24,2026-12-29 19:45:00,Watford,Wolves,,,,,,,,,,,,,,,,,,,,0.2932229781866106,0.2822326198243268,0.4245444019890626,1.1619015543841584,1.5558658257915148,1.5712242014234987,1.682413769859978,1.1848342477364489,1.4685598456696878,,,,,,,,,,,,,,E1-Watford-Wolves,0.2762846707456692,0.27776166992486,0.4459536593294708,1.1066156821618676,1.6156226479132723
E1,24,2026-12-29 19:45:00,West Brom,Preston,,,,,,,,,,,,,,,,,,,,0.47556576933083894,0.27382977174025747,0.2506044589289036,1.7005270797327743,1.0256431485269681,1.6621293468133302,1.4773260339800778,1.5876826455631958,1.095936902039244,,,,,,,,,,,,,,E1-WestBrom-Preston,0.47523823890196626,0.27385015384473826,0.2509116072532955,1.699564870550637,1.0265849756046246
E1,24,2026-12-29 20:00:00,Birmingham,Cardiff,,,,,,,,,,,,,,,,,,,,0.538205313854089,0.2582488093284822,0.2035458768174288,1.8728647508907492,0.8688864397807687,1.594474258886215,1.3351980554504421,1.745161889259226,0.997042171679891,,,,,,,,,,,,,,E1-Birmingh-Cardiff,0.5301349127035255,0.2553279751133797,0.2145371121830948,1.8457327132239563,0.898939311662664
E1,24,2026-12-29 20:15:00,Southampton,West Ham,,,,,,,,,,,,,,,,,,,,0.2979153498804519,0.2828684004959235,0.41921624962362464,1.176614450137279,1.5405171493667973,1.579684985148139,1.6826215596153422,1.1946482651686938,1.456495648745866,,,,,,,,,,,,,,E1-Southamp-WestHam,0.29493334648257563,0.2726974313547447,0.43236922216267965,1.1574974708024717,1.5698050978427838
E1,25,2027-01-01 12:30:00,Millwall,Wolves,,,,,,,,,,,,,,,,,,,,0.34114079850394385,0.2863118261052269,0.37254737539082927,1.3097342216170584,1.4039539522777147,1.6411752813658798,1.668151504506475,1.2857827732094784,1.353261247743067,,,,,,,,,,,,,,E1-Millwall-Wolves,0.3493834452421279,0.28089474459050007,0.3697218101673721,1.3290450803168838,1.3900601750926165
E1,25,2027-01-01 15:00:00,Birmingham,Portsmouth,,,,,,,,,,,,,,,,,,,,0.4977096506244718,0.26895213978596183,0.23333820958956636,1.7620810916593772,0.9689667685546608,1.643409221822706,1.4300994275287977,1.6417455370672907,1.0598475590244179,,,,,,,,,,,,,,E1-Birmingh-Portsmou,0.5054873567298201,0.2648612849067146,0.22965135836346523,1.7813233550961751,0.9538153599971104
E1,25,2027-01-01 15:00:00,Bristol City,West Ham,,,,,,,,,,,,,,,,,,,,0.25636108107666494,0.27525716517660487,0.46838175374673013,1.0443404084065997,1.6804024264167954,1.491860006235726,1.6669406341897228,1.1079444657068074,1.5704758260514222,,,,,,,,,,,,,,E1-BristolC-WestHam,0.24901823323210814,0.26709588342599255,0.4838858833418993,1.014150583122317,1.7187535334516904
E1,25,2027-01-01 15:00:00,Derby,Blackburn,,,,,,,,,,,,,,,,,,,,0.459222827336235,0.27696382898791383,0.2638133436758512,1.6546323109966186,1.0684038600154673,1.672161190420018,1.5097971139746242,1.5487587270989234,1.1234803520747887,,,,,,,,,,,,,,E1-Derby-Blackbur,0.450738973656857,0.27676559497252207,0.27249543137062093,1.628982515943093,1.0942518890843849
E1,25,2027-01-01 15:00:00,Middlesbrough,Preston,,,,,,,,,,,,,,,,,,,,0.5390677558886268,0.2579967543118554,0.2029354897995178,1.8752000219777356,0.8668032237104089,1.5932314348841956,1.3330683338727587,1.7474359070776109,0.9957446753569082,,,,,,,,,,,,,,E1-Middlesb-Preston,0.5564661888200109,0.2502208908047456,0.19331292037524356,1.9196194572647782,0.8301596519304764
E1,25,2027-01-01 15:00:00,Norwich,Lincoln,,,,,,,,,,,,,,,,,,,,0.566696218877669,0.2494109435368801,0.18389283758545094,1.949499600169887,0.8010894562932329,1.5491282223733513,1.262702164821751,1.8220678693640369,0.9549589393765657,,,,,,,,,,,,,,E1-Norwich-Lincoln,0.5528886521136451,0.2514436265027374,0.1956677213836175,1.9101095828436727,0.8384467906535897
E1,25,2027-01-01 15:00:00,Southampton,Cardiff,,,,,,,,,,,,,,,,,,,,0.5385939174970104,0.2581353585165056,0.20327072398648405,1.8739171110075366,0.8679475304759577,1.593915277062767,1.3342389587355483,1.7461861315019773,0.996457347020242,,,,,,,,,,,,,,E1-Southamp-Cardiff,0.5261769761386331,0.2554121523230176,0.21841087153834926,1.833943080738917,0.9106447669380654
E1,25,2027-01-01 15:00:00,Swansea,Charlton,,,,,,,,,,,,,,,,,,,,0.4842598203037655,0.2719998425637852,0.24374033713244925,1.7247793034750818,1.003220853961133,1.6554745796016865,1.4592107949333237,1.608718704304531,1.0816061225273212,,,,,,,,,,,,,,E1-Swansea-Charlton,0.5021577882203072,0.2687220116757959,0.2291202001038969,1.7751953763367174,0.9560826119874866
E1,25,2027-01-01 15:00:00,Watford,QPR,,,,,,,,,,,,,,,,,,,,0.42119596202347637,0.282637739665324,0.29616629831119956,1.5462256257357532,1.1711366345989227,1.6825877121946897,1.5765734075664295,1.460970781287389,1.190988911131223,,,,,,,,,,,,,,E1-Watford-QPR,0.3997671184791085,0.28191089319806334,0.31832198832282815,1.481212248635389,1.236876858166548
E1,25,2027-01-01 15:00:00,West Brom,Stoke,,,,,,,,,,,,,,,,,,,,0.4039025767468937,0.28442633943220064,0.3116710838209056,1.4961340696728818,1.2194395908949174,1.6811323757183048,1.602433177978387,1.422162020193474,1.2234892897528558,,,,,,,,,,,,,,E1-WestBrom-Stoke,0.4092477035989594,0.28607350157597994,0.3046787948250606,1.513816612372858,1.2001098860511616
E1,25,2027-01-01 15:00:00,Wrexham,Bolton,,,,,,,,,,,,,,,,,,,,0.5227414498593124,0.2626001750302687,0.2146583751104189,1.8308245246082058,0.9065753003615253,1.6153547838572173,1.372646775798449,1.70491682458003,1.0205776463192637,,,,,,,,,,,,,,E1-Wrexham-Bolton,0.5316675723405517,0.2598430870514191,0.20848934060802915,1.8548458040730744,0.8853111088755066
E1,25,2027-01-01 17:30:00,Burnley,Sheffield United,,,,,,,,,,,,,,,,,,,,0.4491218737459972,0.27869616258795904,0.27218196366604375,1.6260617838259508,1.0952420535860903,1.6767161014827008,1.5287786796388765,1.5250799104230348,1.1409238218326208,,,,,,,,,,,,,,E1-Burnley-Sheffiel,0.45224139874415303,0.27854043750927426,0.2692181637465727,1.6352646337417331,1.0861949287489923
E1,26,2027-01-16 15:00:00,Blackburn,West Brom,,,,,,,,,,,,,,,,,,,,0.378506123458099,0.28609337947721586,0.33540049706468517,1.4216117498515126,1.2922948706712714,1.6716685232842274,1.6346718202961048,1.366224590961371,1.2735826975384879,,,,,,,,,,,,,,E1-Blackbur-WestBrom,0.3706636413496042,0.28735781710512265,0.3419785415452731,1.3993487411539354,1.3132934417409419
E1,26,2027-01-16 15:00:00,Bolton,Southampton,,,,,,,,,,,,,,,,,,,,0.2990017144281958,0.2830079115876513,0.4179903739841529,1.1800130548722387,1.5369790335401101,1.5815925317725001,1.6826167279031363,1.1969219382544705,1.453728889402367,,,,,,,,,,,,,,E1-Bolton-Southamp,0.2942589307517524,0.27704139402682565,0.4286996752214219,1.1598181862820829,1.5631404196910914
E1,26,2027-01-16 15:00:00,Cardiff,Middlesbrough,,,,,,,,,,,,,,,,,,,,0.2872068822416154,0.2813374764191662,0.43145564133921843,1.1429581231440125,1.5757044004368215,1.5598461453328207,1.6815938909161692,1.1722657317877774,1.484305096376393,,,,,,,,,,,,,,E1-Cardiff-Middlesb,0.29700514568631914,0.2750879004855503,0.4279069538281305,1.1661033375445076,1.5588087619699418
E1,26,2027-01-16 15:00:00,Charlton,Watford,,,,,,,,,,,,,,,,,,,,0.358427256129889,0.28655605387376104,0.35501668999634994,1.361837822263428,1.351606123862811,1.6577991048955663,1.654867149777458,1.3227583459180243,1.3154330156899523,,,,,,,,,,,,,,E1-Charlton-Watford,0.3583019564883636,0.2872333608232936,0.3544646826883428,1.3621392302883844,1.350627408888322
E1,26,2027-01-16 15:00:00,Lincoln,Millwall,,,,,,,,,,,,,,,,,,,,0.2870671642280991,0.28131560481465934,0.4316172309572416,1.1425170974989567,1.5761672976863843,1.5595747647901106,1.6815673331338346,1.1719740033852288,1.4846745704034703,,,,,,,,,,,,,,E1-Lincoln-Millwall,0.28825533940107945,0.2754762676358994,0.4362683929630212,1.140242285839138,1.584281446524963
E1,26,2027-01-16 15:00:00,Portsmouth,Norwich,,,,,,,,,,,,,,,,,,,,0.3490985221803069,0.2865002984009193,0.3644011794187738,1.33379586494184,1.3797038366572407,1.6493755886877302,1.662528236283174,1.3027579493484203,1.335628004319811,,,,,,,,,,,,,,E1-Portsmou-Norwich,0.35262624083523886,0.28379050780654114,0.36358325135822,1.3416692303122577,1.3745402618812013
E1,26,2027-01-16 15:00:00,Preston,Wrexham,,,,,,,,,,,,,,,,,,,,0.3352540091062626,0.2860868868805597,0.3786591040131777,1.2918489141993474,1.4220641989200928,1.6344993517188897,1.6717522371489135,1.2732718271197463,1.3665581558778646,,,,,,,,,,,,,,E1-Preston-Wrexham,0.33185719729642194,0.2864951738123979,0.38164762889118015,1.2820667657016638,1.4314380604859385
E1,26,2027-01-16 15:00:00,QPR,Birmingham,,,,,,,,,,,,,,,,,,,,0.34007983279110005,0.2862767091338831,0.3736434580750168,1.3065162075071832,1.4072070833589336,1.6400106037748303,1.6688360563534779,1.2835251265066125,1.355641556262931,,,,,,,,,,,,,,E1-QPR-Birmingh,0.3491970339404171,0.28197803128104487,0.368824934778538,1.3295691331022963,1.388452835616659
E1,26,2027-01-16 15:00:00,Sheffield United,Bristol City,,,,,,,,,,,,,,,,,,,,0.4490955645912843,0.27870046647364793,0.27220396893506776,1.625987160247501,1.0953123732788512,1.6767263025054748,1.5288269918315085,1.525018594998449,1.1409696942100365,,,,,,,,,,,,,,E1-Sheffiel-BristolC,0.4379903860401182,0.28064381033105806,0.28136580362882374,1.5946149684514126,1.1247412212175292
E1,26,2027-01-16 15:00:00,Stoke,Derby,,,,,,,,,,,,,,,,,,,,0.4247312212936838,0.2822094647485581,0.2930593139577581,1.5564031286296096,1.1613874066218324,1.682399757583675,1.5709225821085955,1.4689840083092063,1.184492132084359,,,,,,,,,,,,,,E1-Stoke-Derby,0.4356629190523585,0.28020336371531535,0.2841337172323262,1.587192120872391,1.1326045154122941
E1,26,2027-01-16 15:00:00,West Ham,Swansea,,,,,,,,,,,,,,,,,,,,0.6112710902754044,0.2335465761355611,0.15518233358903452,2.067359846961774,0.6990935769026646,1.4610096517843898,1.14145574917031,1.9508157086692215,0.891934585244327,,,,,,,,,,,,,,E1-WestHam-Swansea,0.6172739880750506,0.22731615659595739,0.15540985532899199,2.079138120821109,0.6935457225829333
E1,26,2027-01-16 15:00:00,Wolves,Burnley,,,,,,,,,,,,,,,,,,,,0.45626029071824287,0.2774883461608559,0.2662513631209012,1.6462692183155845,1.0762424355235596,1.673628623451636,1.5154528342272835,1.5417850181268993,1.128562010619295,,,,,,,,,,,,,,E1-Wolves-Burnley,0.4777219440592311,0.27272379268138125,0.24955426325938768,1.7058896248590745,1.0213865824595443
E1,27,2027-01-23 15:00:00,Birmingham,Lincoln,,,,,,,,,,,,,,,,,,,,0.5779469805677308,0.24563659223805936,0.17641642719420988,1.9794775339412516,0.774885873820689,1.5288281099694978,1.2329363195390957,1.8535236064102167,0.9387525435243407,,,,,,,,,,,,,,E1-Birmingh-Lincoln,0.5718410099763311,0.2454235071376526,0.18273548288601626,1.9609465370666461,0.7936299557957014
E1,27,2027-01-23 15:00:00,Blackburn,Swansea,,,,,,,,,,,,,,,,,,,,0.39990008128002186,0.2847662690411066,0.31533364967887156,1.484466512881172,1.2307672180777214,1.6802261726957166,1.607981171056177,1.4132670598408617,1.2311898079588224,,,,,,,,,,,,,,E1-Blackbur-Swansea,0.3822525796357993,0.28591551479353594,0.3318319055706648,1.432673253700934,1.2814112315055302
E1,27,2027-01-23 15:00:00,Bristol City,Bolton,,,,,,,,,,,,,,,,,,,,0.4925895407731501,0.27014303429048314,0.23726742493636677,1.7479116566099335,0.9819453090995834,1.6482537419359522,1.4413332686551072,1.6291013853805945,1.068073488620536,,,,,,,,,,,,,,E1-BristolC-Bolton,0.4976241215165612,0.2676066568361687,0.2347692216472701,1.7604790213858523,0.971914321777979
E1,27,2027-01-23 15:00:00,Cardiff,Wolves,,,,,,,,,,,,,,,,,,,,0.2543610521868972,0.27477216680671634,0.47086678100638646,1.037855323367408,1.6873725098258756,1.4868779642467245,1.6653472089481203,1.1037735433827804,1.5764103157132665,,,,,,,,,,,,,,E1-Cardiff-Wolves,0.264057515698198,0.271933139051336,0.464009345250466,1.06410568614593,1.663961174802734
E1,27,2027-01-23 15:00:00,Charlton,Middlesbrough,,,,,,,,,,,,,,,,,,,,0.27554355198129654,0.2793385997607798,0.44511784825792367,1.1059692557046694,1.6146921445345508,1.5360625730285082,1.6781685124605064,1.1479320902820462,1.5157691075370867,,,,,,,,,,,,,,E1-Charlton-Middlesb,0.2576194931747565,0.2741331288379903,0.4682473779872532,1.04699160836226,1.6788752627997499
E1,27,2027-01-23 15:00:00,Derby,Millwall,,,,,,,,,,,,,,,,,,,,0.39745309131974316,0.28496010065137023,0.3175868080288866,1.4773193746105997,1.23772052473803,1.6795653879292054,1.6112892755535655,1.4078442597040184,1.2359321622448587,,,,,,,,,,,,,,E1-Derby-Millwall,0.36720873896025275,0.27891740347904703,0.3538738575607002,1.3805436203598052,1.3405389761611475
E1,27,2027-01-23 15:00:00,Portsmouth,Burnley,,,,,,,,,,,,,,,,,,,,0.3231087629247481,0.285386531653531,0.3915047054217209,1.2547128204277753,1.4599006479186936,1.6190611362304412,1.6776189786555977,1.2475721608991974,1.3947089030472444,,,,,,,,,,,,,,E1-Portsmou-Burnley,0.3337865793669227,0.28559130076458333,0.380622119868494,1.2869510388653513,1.4274576603700653
E1,27,2027-01-23 15:00:00,Preston,Stoke,,,,,,,,,,,,,,,,,,,,0.34726181004751605,0.2864684460739603,0.3662697438785237,1.3282538762165086,1.3852776777095315,1.6475663768174247,1.6639018966203607,1.2988331988405906,1.3396639395676202,,,,,,,,,,,,,,E1-Preston-Stoke,0.35336277630412544,0.28821296441984917,0.35842425927602545,1.3483012933322256,1.3634857422479256
E1,27,2027-01-23 15:00:00,QPR,Southampton,,,,,,,,,,,,,,,,,,,,0.3397258974174846,0.28626446626337204,0.37400963631914336,1.3054421585158258,1.408293375220802,1.6396183137902751,1.6690609624448633,1.2827722625189288,1.3564371875201224,,,,,,,,,,,,,,E1-QPR-Southamp,0.3545883789017529,0.2807960156871191,0.36461560541112803,1.344561152392378,1.3746428319205033
E1,27,2027-01-23 15:00:00,Watford,Norwich,,,,,,,,,,,,,,,,,,,,0.3550770238963606,0.2865562567756213,0.35836671932801817,1.351787328464703,1.3616564147596757,1.6549204904451276,1.6577485388716109,1.3155624677305158,1.3226281857992526,,,,,,,,,,,,,,E1-Watford-Norwich,0.3485664769961625,0.2828216267506792,0.3686118962531583,1.3285210577391666,1.388657315510154
E1,27,2027-01-23 15:00:00,West Brom,West Ham,,,,,,,,,,,,,,,,,,,,0.2596798700677653,0.2760366300619219,0.4642834998703128,1.0550762402652176,1.6688871296728605,1.4999695878996218,1.669403877307019,1.1148640182936866,1.5607284578643874,,,,,,,,,,,,,,E1-WestBrom-WestHam,0.2532120419288486,0.2688924900808315,0.4778954679903199,1.0285286158673772,1.7025788940517912
E1,27,2027-01-23 15:00:00,Wrexham,Sheffield United,,,,,,,,,,,,,,,,,,,,0.4131484399026025,0.283533972502883,0.3033175875945145,1.5229792922106906,1.1934867352864265,1.68240400712373,1.5889816735488609,1.4428326079560536,1.2059611006885405,,,,,,,,,,,,,,E1-Wrexham-Sheffiel,0.4277394870215604,0.28324992463903675,0.28901058833940285,1.566468385703718,1.1502816896572452
E1,28,2027-01-26 19:45:00,Bolton,Charlton,,,,,,,,,,,,,,,,,,,,0.42604430472561694,0.2820450759839597,0.29191061929042333,1.5601779901608106,1.1577769338552297,1.682288457532286,1.5687932210305529,1.471967538638494,1.1820912855248318,,,,,,,,,,,,,,E1-Bolton-Charlton,0.4291034029755538,0.2821001381406701,0.2887964588837761,1.5694103470673315,1.1484895147919982
E1,28,2027-01-26 19:45:00,Burnley,QPR,,,,,,,,,,,,,,,,,,,,0.5135687178199626,0.2650285703256906,0.2214027118543468,1.8057347237855783,0.929236705888731,1.6264691380203757,1.394172121443872,1.6814970687719302,1.0347921696175164,,,,,,,,,,,,,,E1-Burnley-QPR,0.4910571363295747,0.26869272963497454,0.24025013403545076,1.7418641386236986,0.9894431317413268
E1,28,2027-01-26 19:45:00,Lincoln,Watford,,,,,,,,,,,,,,,,,,,,0.3345729594803267,0.28605609739290977,0.3793709431267635,1.28977497583389,1.4241689267732003,1.633693244428539,1.6721374535474522,1.271826829010825,1.3681107838818753,,,,,,,,,,,,,,E1-Lincoln-Watford,0.35960827619213376,0.28478235407313407,0.3556093697347322,1.3636071826495353,1.3516104632773305
E1,28,2027-01-26 19:45:00,Millwall,Birmingham,,,,,,,,,,,,,,,,,,,,0.39545323498350426,0.2851105719280901,0.31943619308840565,1.4714702768786028,1.243419151193307,1.6789649110424367,1.6139451241694571,1.4034207933643335,1.2398277182631776,,,,,,,,,,,,,,E1-Millwall-Birmingh,0.41032921818650336,0.2766894564571743,0.31298132535632234,1.5076771110166842,1.2156334325261413
E1,28,2027-01-26 19:45:00,Norwich,Derby,,,,,,,,,,,,,,,,,,,,0.44556144788767316,0.27926867571681385,0.275169876395513,1.6159530193798333,1.1047783049033528,1.678017545863073,1.535262460291305,1.5167985809361537,1.147152971969481,,,,,,,,,,,,,,E1-Norwich-Derby,0.4680805290903374,0.27087060226856613,0.2610488686410965,1.6751121895395784,1.0540172081918555
E1,28,2027-01-26 19:45:00,Sheffield United,Preston,,,,,,,,,,,,,,,,,,,,0.5048219186434961,0.26723612289241255,0.22794195846409132,1.7817018788229009,0.9510619982846864,1.6361718056828223,1.4141948244879736,1.659460533218881,1.0485335234968771,,,,,,,,,,,,,,E1-Sheffiel-Preston,0.4918832848949265,0.2705653306141582,0.23755138449091528,1.7462151852989378,0.9832194840869041
E1,28,2027-01-26 19:45:00,Southampton,West Brom,,,,,,,,,,,,,,,,,,,,0.4613444162653697,0.2765798935906162,0.2620756901440141,1.6606131423867252,1.0628069640226585,1.6710436313114294,1.5057024621116826,1.5537679538225846,1.1198583390262662,,,,,,,,,,,,,,E1-Southamp-WestBrom,0.4668710110201435,0.2724847228658011,0.2606442661140554,1.6730977559262317,1.0544175212079674
E1,28,2027-01-26 19:45:00,Stoke,Blackburn,,,,,,,,,,,,,,,,,,,,0.46777756511692625,0.2753736769448368,0.25684875793823697,1.6787063722956155,1.0459199507595476,1.667316678611268,1.493063954992115,1.5690357260949248,1.108961364653294,,,,,,,,,,,,,,E1-Stoke-Blackbur,0.46604225569743984,0.27805455782042404,0.2559031864821361,1.6761813249127435,1.0457641172668324
E1,28,2027-01-27 19:45:00,Middlesbrough,Wrexham,,,,,,,,,,,,,,,,,,,,0.4531356077026427,0.27802683242150744,0.26883755987584984,1.6374336555294355,1.0845395120490569,1.6750583254848013,1.5213389181085495,1.5344558001236974,1.1339525060674494,,,,,,,,,,,,,,E1-Middlesb-Wrexham,0.46507085947874605,0.2739869704931806,0.26094217002807335,1.6691995489294187,1.0568134805774005
E1,28,2027-01-27 19:45:00,Swansea,Portsmouth,,,,,,,,,,,,,,,,,,,,0.4304351784333944,0.2814746088321398,0.2880902127344658,1.572780144132323,1.1457452470355372,1.6817538329557986,1.5615543523378077,1.481973242494908,1.1741102673829003,,,,,,,,,,,,,,E1-Swansea-Portsmou,0.4388096783521218,0.2794834957440056,0.2817068259038726,1.595912530800371,1.1246039734556232
E1,28,2027-01-27 19:45:00,West Ham,Cardiff,,,,,,,,,,,,,,,,,,,,0.663847201217975,0.2118197476599606,0.12433305112206439,2.2033613513138857,0.5848189010261537,1.3316433141579838,0.9888040607611018,2.119427085360839,0.8209765799533318,,,,,,,,,,,,,,E1-WestHam-Cardiff,0.6632660279797689,0.20673673016003832,0.12999724186019282,2.196534814099345,0.5967284557406168
E1,28,2027-01-27 19:45:00,Wolves,Bristol City,,,,,,,,,,,,,,,,,,,,0.5229740850737343,0.26253709497654354,0.21448881994972213,1.8314593501977465,0.9060035548257099,1.615060509213401,1.3720940331672196,1.7055150502742018,1.020219668961733,,,,,,,,,,,,,,E1-Wolves-BristolC,0.5372925684078029,0.2578023123131187,0.2049051192790784,1.8696800175365276,0.8725176701503539
E1,29,2027-01-30 15:00:00,Bolton,Derby,,,,,,,,,,,,,,,,,,,,0.33579713431291003,0.28611072847555286,0.3780921372115371,1.293502131414283,1.4203871401101642,1.6351371733184505,1.6714403355890552,1.2744245377203458,1.3653221108818747,,,,,,,,,,,,,,E1-Bolton-Derby,0.34962403961474753,0.28262238238758525,0.3677535779976672,1.331494501231828,1.385883116380587
E1,29,2027-01-30 15:00:00,Burnley,Cardiff,,,,,,,,,,,,,,,,,,,,0.5555138076930827,0.2530042865347729,0.1914819057721444,1.9195457096140212,0.8274500038512062,1.5679728244749205,1.2916679296107116,1.7914314954308506,0.9712902806710556,,,,,,,,,,,,,,E1-Burnley-Cardiff,0.5282819122480147,0.2576145661629424,0.2141035215890429,1.8424603029069866,0.8999251309300711
E1,29,2027-01-30 15:00:00,Lincoln,QPR,,,,,,,,,,,,,,,,,,,,0.3391039031140972,0.28624230972544973,0.37465378716045306,1.3035540190677413,1.410203671206809,1.6389243571246634,1.669451999884366,1.2814495420980745,1.3578373106686323,,,,,,,,,,,,,,E1-Lincoln-QPR,0.3422742019556634,0.28368710692831156,0.37403869111602506,1.3105097127953016,1.4058031802763868
E1,29,2027-01-30 15:00:00,Middlesbrough,Watford,,,,,,,,,,,,,,,,,,,,0.5093487632609575,0.2661069018997792,0.22454433483926334,1.7941531916826516,0.9397399064175693,1.6312600960233512,1.403894823739447,1.6708301978994975,1.041398462984126,,,,,,,,,,,,,,E1-Middlesb-Watford,0.5361427252581104,0.25568916787477286,0.2081681068671168,1.8641173436491039,0.8801934884761231
E1,29,2027-01-30 15:00:00,Millwall,West Brom,,,,,,,,,,,,,,,,,,,,0.439585923552114,0.2801842252357027,0.2802298512121833,1.5989419958920448,1.1208737788722527,1.6798420309774929,1.5458948579819887,1.5029732471071997,1.1577052375010732,,,,,,,,,,,,,,E1-Millwall-WestBrom,0.4615984762367341,0.2723880763645349,0.266013447398731,1.6571835050747374,1.070428418560728
E1,29,2027-01-30 15:00:00,Norwich,Bristol City,,,,,,,,,,,,,,,,,,,,0.4538106896770284,0.277911780020343,0.2682775303026286,1.6393438490514283,1.0827443709282287,1.6747597316908465,1.5200741799672346,1.5360370116675928,1.1327852042516704,,,,,,,,,,,,,,E1-Norwich-BristolC,0.45793972298016483,0.2745916238863043,0.26746865313353085,1.648410792826799,1.076997583286897
E1,29,2027-01-30 15:00:00,Sheffield United,Charlton,,,,,,,,,,,,,,,,,,,,0.53599329172256,0.2588907965698774,0.20511591170756255,1.8668706717375576,0.8742385316925652,1.5976243170790787,1.3406409916419677,1.7393439876684997,1.0003771607779433,,,,,,,,,,,,,,E1-Sheffiel-Charlton,0.5293751758053232,0.26262438093821017,0.2080004432564666,1.8507499083541799,0.88662571070761
E1,29,2027-01-30 15:00:00,Southampton,Preston,,,,,,,,,,,,,,,,,,,,0.521334636767789,0.2629800731535492,0.21568529007866177,1.8269839834569161,0.9100359433895345,1.6171213282555494,1.375982265600625,1.7013037348388649,1.0227450656627166,,,,,,,,,,,,,,E1-Southamp-Preston,0.527743875795756,0.25801500603325705,0.21424111817098695,1.841246633420525,0.900738360546218
E1,29,2027-01-30 15:00:00,Stoke,Portsmouth,,,,,,,,,,,,,,,,,,,,0.46524411257646825,0.27585621326706244,0.2588996741564693,1.671588550996467,1.0525552357364703,1.6688449426328091,1.4980807563990297,1.5630088133652997,1.1132374847289708,,,,,,,,,,,,,,E1-Stoke-Portsmou,0.4537917472702623,0.27951917385895,0.26668907887078774,1.6408944156697367,1.0795864104713133
E1,29,2027-01-30 15:00:00,Swansea,Birmingham,,,,,,,,,,,,,,,,,,,,0.35196339449820807,0.2865361803449506,0.3615004251568413,1.3424263638395748,1.3710374558154745,1.6520981884972805,1.6602963015075525,1.308888102998108,1.3293726148281102,,,,,,,,,,,,,,E1-Swansea-Birmingh,0.35606589475765527,0.2832636611915091,0.36067044405083565,1.351461345464475,1.365274993344016
E1,29,2027-01-30 15:00:00,West Ham,Blackburn,,,,,,,,,,,,,,,,,,,,0.6277631635263559,0.22707357470585304,0.1451632617677911,2.1103630652849206,0.6625633600092263,1.4233097791242901,1.0945527245892572,2.0015203480995942,0.8693391509369851,,,,,,,,,,,,,,E1-WestHam-Blackbur,0.6500430725590969,0.2150934594725291,0.134863467968374,2.1652226771498198,0.6196838633776511
E1,29,2027-01-30 15:00:00,Wolves,Wrexham,,,,,,,,,,,,,,,,,,,,0.4928217951588634,0.27008982611042104,0.2370883787307156,1.748555211587011,0.9813549623025677,1.6480406545720947,1.4408276726509874,1.6296730087542954,1.0676988516426602,,,,,,,,,,,,,,E1-Wolves-Wrexham,0.5007317641399397,0.26852115235543117,0.23074708350462914,1.7707164447752501,0.9607624028693186
E1,30,2027-02-06 15:00:00,Birmingham,Stoke,,,,,,,,,,,,,,,,,,,,0.44824784265387574,0.2788385606650043,0.27291359668112,1.6235820886266314,1.0975793507083642,1.6770503460406716,1.5303804996936896,1.5230438935415034,1.1424490176405966,,,,,,,,,,,,,,E1-Birmingh-Stoke,0.46377229301186096,0.27563117101138224,0.2605965359767568,1.666948050046965,1.0574207789416525
E1,30,2027-02-06 15:00:00,Blackburn,Burnley,,,,,,,,,,,,,,,,,,,,0.32083688884098416,0.28521939379050437,0.39394371736851147,1.247730060313457,1.4670505458960388,1.615921089949539,1.6784755458932419,1.2427800402275015,1.4000868566262763,,,,,,,,,,,,,,E1-Blackbur-Burnley,0.3215820435462022,0.2857697495986161,0.39264820685518165,1.2505158802372227,1.463714370164161
E1,30,2027-02-06 15:00:00,Bristol City,Middlesbrough,,,,,,,,,,,,,,,,,,,,0.35213793903999446,0.2865378256243643,0.36132423533564123,1.3429516427443475,1.370510531631288,1.6522601622345732,1.66015682633286,1.3092619237772911,1.3289930520395845,,,,,,,,,,,,,,E1-BristolC-Middlesb,0.33970482077413755,0.2827171483511262,0.37757803087473624,1.3018316106735388,1.4154512409753348
E1,30,2027-02-06 15:00:00,Cardiff,Norwich,,,,,,,,,,,,,,,,,,,,0.31265546353305484,0.2845207426795003,0.4028237937874449,1.2224871332786649,1.492992124041835,1.6039451234451059,1.6809094043155541,1.2255579624934199,1.4197614908885565,,,,,,,,,,,,,,E1-Cardiff-Norwich,0.33559513765827564,0.2791731173213657,0.3852317450203587,1.2859585302961927,1.4348683523824417
E1,30,2027-02-06 15:00:00,Charlton,Wolves,,,,,,,,,,,,,,,,,,,,0.2433839903470209,0.2719009696332671,0.48471504001971194,1.0020529406743297,1.7260460896924028,1.4582467868423836,1.6551012260682407,1.080861648084753,1.6098267554253738,,,,,,,,,,,,,,E1-Charlton-Wolves,0.22771978387736272,0.26846933776125387,0.5038108783613835,0.9516286893933421,1.7799019728454044
E1,30,2027-02-06 15:00:00,Derby,Southampton,,,,,,,,,,,,,,,,,,,,0.37648442893753054,0.28617503843819064,0.3373405326242788,1.4156283252507824,1.298196636311027,1.67053134362363,1.6369253255274345,1.3618199894153489,1.277701908860223,,,,,,,,,,,,,,E1-Derby-Southamp,0.3606315414633893,0.2801600824472048,0.3592083760894058,1.3620547068373727,1.3577852107154222
E1,30,2027-02-06 15:00:00,Portsmouth,Bolton,,,,,,,,,,,,,,,,,,,,0.45996962661296487,0.27682947237859734,0.26320090100843774,1.6567383522174919,1.0664321754039106,1.6717741441869505,1.50835999671782,1.5505205293752642,1.1222037806239693,,,,,,,,,,,,,,E1-Portsmou-Bolton,0.4687235287996961,0.2739498792436742,0.25732659195662977,1.6801204656427626,1.0459296551135635
E1,30,2027-02-06 15:00:00,Preston,West Ham,,,,,,,,,,,,,,,,,,,,0.21352484938549393,0.2621765492630721,0.5242986013514339,0.9027510974195538,1.8350723533173738,1.3689406498403087,1.6133734195162135,1.0181838486698385,1.7089251634399294,,,,,,,,,,,,,,E1-Preston-WestHam,0.20732541318846873,0.2535517687252731,0.5391228180862582,0.8755280082906792,1.8709202229840476
E1,30,2027-02-06 15:00:00,QPR,Millwall,,,,,,,,,,,,,,,,,,,,0.35999226767444314,0.28654827574409575,0.3534594565814611,1.3665250787674252,1.3469266454884792,1.6590878939137663,1.6534719966503983,1.3261250241084583,1.3120934816608156,,,,,,,,,,,,,,E1-QPR-Millwall,0.3610969527137411,0.27961811190507163,0.3592849353811873,1.3629089700462949,1.3574729180486333
E1,30,2027-02-06 15:00:00,Watford,Sheffield United,,,,,,,,,,,,,,,,,,,,0.35950086290036365,0.2865512426647224,0.3539478944349139,1.3650538313658132,1.348394925969464,1.6586870462415093,1.653913416198751,1.3250675422727427,1.3131406094330629,,,,,,,,,,,,,,E1-Watford-Sheffiel,0.3633351617403756,0.2860904001667747,0.35057443809284966,1.3760958853879017,1.3378137144453237
E1,30,2027-02-06 15:00:00,West Brom,Swansea,,,,,,,,,,,,,,,,,,,,0.4382640615083465,0.2803790222103971,0.28135691628125636,1.5951712067354364,1.124449771054166,1.6801843969877277,1.5482039811179378,1.49992706201201,1.160056408120242,,,,,,,,,,,,,,E1-WestBrom-Swansea,0.4280544807974369,0.2813793534912541,0.290566165711309,1.5655427958835648,1.153077850625181
E1,30,2027-02-06 15:00:00,Wrexham,Lincoln,,,,,,,,,,,,,,,,,,,,0.5586841217236935,0.25200170882297246,0.189314169453334,1.928054073994053,0.8199442171829745,1.5627662920911494,1.2835207146111776,1.8000557465912896,0.9666367296096159,,,,,,,,,,,,,,E1-Wrexham-Lincoln,0.5444523979554949,0.256550485107858,0.19899711693664707,1.8899076789743428,0.8535418359177991
E1,31,2027-02-13 15:00:00,Birmingham,Derby,,,,,,,,,,,,,,,,,,,,0.45677046767082197,0.27739898621855946,0.26583054611061857,1.6477103892310254,1.0748906245504153,1.6733836684760992,1.514484046467745,1.5429842231485915,1.1276848939189934,,,,,,,,,,,,,,E1-Birmingh-Derby,0.4871645397773129,0.26706107378762267,0.24577438643506444,1.7285546931195612,1.004384233092816
E1,31,2027-02-13 15:00:00,Bristol City,Southampton,,,,,,,,,,,,,,,,,,,,0.3686273802850274,0.2864185544699925,0.3449540652449801,1.3923006953250745,1.3212807502049329,1.6655637508325531,1.6452223208127033,1.3447635777950235,1.2939077386770363,,,,,,,,,,,,,,E1-BristolC-Southamp,0.3673613143689559,0.28226393250985676,0.3503747531211873,1.3843478756167245,1.3333881918734187
E1,31,2027-02-13 15:00:00,Burnley,Swansea,,,,,,,,,,,,,,,,,,,,0.5005962440739242,0.26826428980432243,0.23113946612175335,1.770053022026095,0.9616826881695824,1.6405427856859287,1.4236858921750286,1.6489138628217095,1.055240082112245,,,,,,,,,,,,,,E1-Burnley-Swansea,0.48196831062662276,0.27167642297736544,0.24635526639601174,1.7175813548572336,1.0107422221654006
E1,31,2027-02-13 15:00:00,Cardiff,Bolton,,,,,,,,,,,,,,,,,,,,0.42016464365897094,0.28275872543031516,0.29707663091071385,1.543252656407228,1.1739886181624568,1.6826117568530878,1.5781991280517451,1.4586384076457082,1.1928933112411448,,,,,,,,,,,,,,E1-Cardiff-Bolton,0.45173700981334736,0.2733842288025317,0.274878761384121,1.6285952582425738,1.0980205129548946
E1,31,2027-02-13 15:00:00,Lincoln,Preston,,,,,,,,,,,,,,,,,,,,0.3618559627525253,0.2865326735569661,0.3516113636905086,1.372100561814542,1.341366764628492,1.6605763865979113,1.6517701495216353,1.3301386768039818,1.3081342797886466,,,,,,,,,,,,,,E1-Lincoln-Preston,0.37892207546554807,0.28506886371284,0.33600906082161197,1.4218350901094843,1.293096046177676
E1,31,2027-02-13 15:00:00,Millwall,Blackburn,,,,,,,,,,,,,,,,,,,,0.47865655921745454,0.27319198893807184,0.24815145184447363,1.7091616665904354,1.0176463444714927,1.6598674193529677,1.4709509731221424,1.5951339353158063,1.0908174927991314,,,,,,,,,,,,,,E1-Millwall-Blackbur,0.5088429412862978,0.2627727754078338,0.2283842833058684,1.7893015992667272,0.9479256253254389
E1,31,2027-02-13 15:00:00,Norwich,Middlesbrough,,,,,,,,,,,,,,,,,,,,0.38797639459143074,0.2856091858686094,0.32641441953995987,1.4495383696429016,1.264852444488489,1.676235252124485,1.6234872553997421,1.3869481192338164,1.2545530549197599,,,,,,,,,,,,,,E1-Norwich-Middlesb,0.37831201890424915,0.2805866708189763,0.34110131027677454,1.415522727531724,1.3038906016493
E1,31,2027-02-13 15:00:00,Portsmouth,Charlton,,,,,,,,,,,,,,,,,,,,0.4698629906173071,0.2749691937021918,0.2551678156805011,1.684558165554113,1.0404726407436953,1.665999896122917,1.4888962186905428,1.5740109567123879,1.1054560913821785,,,,,,,,,,,,,,E1-Portsmou-Charlton,0.4794706792032014,0.2743586750958394,0.2461706457009592,1.7127707127054437,1.012870612198717
E1,31,2027-02-13 15:00:00,QPR,West Brom,,,,,,,,,,,,,,,,,,,,0.38232943647745343,0.2859179635266117,0.33175259999593487,1.4329062729589719,1.2811757635144163,1.6736625047385214,1.6302800264732782,1.37457271279614,1.265847913174787,,,,,,,,,,,,,,E1-QPR-WestBrom,0.39839397634766593,0.2833129672635839,0.31829305638875016,1.4784948963065818,1.2381921364298343
E1,31,2027-02-13 15:00:00,Stoke,Watford,,,,,,,,,,,,,,,,,,,,0.4588144084016864,0.2770369445226189,0.2641486470756947,1.653480169727678,1.069482885749703,1.6723699484551258,1.5105811252923593,1.5477958716973612,1.124179248580022,,,,,,,,,,,,,,E1-Stoke-Watford,0.45930176467718004,0.2777478714409536,0.26295036388186643,1.6556531654724937,1.0665989630865529
E1,31,2027-02-13 15:00:00,Wolves,Sheffield United,,,,,,,,,,,,,,,,,,,,0.4895419774740587,0.27083402379968397,0.23962399872625734,1.7394599562218602,0.989706019978456,1.6509908817668566,1.4479320063544039,1.6216174878183096,1.0730027352757276,,,,,,,,,,,,,,E1-Wolves-Sheffiel,0.5138300661600951,0.2650511523573672,0.22111878148253772,1.8065413508376524,0.9284074968049804
E1,31,2027-02-13 15:00:00,Wrexham,West Ham,,,,,,,,,,,,,,,,,,,,0.28109318115027376,0.2803337353104402,0.4385730835392861,1.1236132787612616,1.5960529859282986,1.5476655654542715,1.680106353273377,1.159506202152401,1.5006388036303933,,,,,,,,,,,,,,E1-Wrexham-WestHam,0.27783248805092875,0.2748457446200231,0.44732176732904816,1.1083432087728093,1.6168110466071677
E1,32,2027-02-16 19:45:00,Blackburn,Bristol City,,,,,,,,,,,,,,,,,,,,0.38241380499494093,0.2859137847322239,0.33167241027283517,1.4331551997170466,1.2809310155507294,1.6737042032106846,1.6301812105879174,1.3747572053615105,1.2656780362481854,,,,,,,,,,,,,,E1-Blackbur-BristolC,0.3760444359546621,0.28650317416199705,0.33745238988334086,1.4146364820259834,1.2988603438120196
E1,32,2027-02-16 19:45:00,Charlton,Burnley,,,,,,,,,,,,,,,,,,,,0.27619010017961454,0.2794587097864731,0.4443511900339124,1.1080290103253168,1.6125122798882103,1.5374413236805031,1.6784235673014103,1.1492802039207044,1.51399109987633,,,,,,,,,,,,,,E1-Charlton-Burnley,0.2763504910130411,0.2810971617227195,0.4425523472642394,1.1101486347618428,1.6087542035154376
E1,32,2027-02-16 19:45:00,Derby,QPR,,,,,,,,,,,,,,,,,,,,0.4552245874191989,0.27766851358422523,0.26710689899657586,1.643342275841822,1.0789892105739527,1.6741159647880366,1.5174128880184063,1.539352730292699,1.1303452196230224,,,,,,,,,,,,,,E1-Derby-QPR,0.42547137736358287,0.27795408260453675,0.2965745400318804,1.5543682146952853,1.167677702700178
E1,32,2027-02-16 19:45:00,Preston,Birmingham,,,,,,,,,,,,,,,,,,,,0.3178765347054694,0.2849841858430666,0.397139279451464,1.2386137899594747,1.4764020241974587,1.6117088775145176,1.6794747638518892,1.2365422600786886,1.4071496431422192,,,,,,,,,,,,,,E1-Preston-Birmingh,0.31210603839515283,0.2814539881730804,0.40643997343176674,1.217772103358539,1.5007739084683807
E1,32,2027-02-16 19:45:00,Sheffield United,Portsmouth,,,,,,,,,,,,,,,,,,,,0.4816203265055332,0.2725671633078418,0.24581251018662498,1.7174281428244416,1.0100046938677167,1.65759067609223,1.4647702733526464,1.6023070051475934,1.085934215109871,,,,,,,,,,,,,,E1-Sheffiel-Portsmou,0.46609609014503045,0.27610742349476214,0.25779648636020747,1.6743956939298537,1.0494968825753845
E1,32,2027-02-16 19:45:00,Watford,Cardiff,,,,,,,,,,,,,,,,,,,,0.46249396503098494,0.27636898121186615,0.2611370537571489,1.663850876304821,1.0597801424833129,1.6704149279104104,1.5034685146242552,1.5564874421184216,1.1179017272582763,,,,,,,,,,,,,,E1-Watford-Cardiff,0.43543919437074274,0.27595370954390086,0.2886070960853564,1.582271292656129,1.14177499779997
E1,32,2027-02-16 19:45:00,West Brom,Wrexham,,,,,,,,,,,,,,,,,,,,0.3912616220462646,0.2854025987728786,0.3233357791808568,1.4591874649116723,1.255409936315449,1.677529139433907,1.6193705032010306,1.3941735055190092,1.2480512598410411,,,,,,,,,,,,,,E1-WestBrom-Wrexham,0.38685241223051775,0.2868163620401088,0.3263312257293735,1.447373598731662,1.2658100392282292
E1,32,2027-02-16 19:45:00,West Ham,Lincoln,,,,,,,,,,,,,,,,,,,,0.7005144093918068,0.19483273502260742,0.10465285558558582,2.296375963198028,0.5087913017793649,1.226119855195198,0.877839846526539,2.2510279183606396,0.7729801953176987,,,,,,,,,,,,,,E1-WestHam-Lincoln,0.700839100251779,0.1916887700692894,0.10747212967893163,2.294206070824626,0.5141051591060843
E1,32,2027-02-17 19:45:00,Bolton,Wolves,,,,,,,,,,,,,,,,,,,,0.2512274236006592,0.2739889105042984,0.4747836658950424,1.027671181306276,1.6983399081894257,1.4789276660227941,1.6626834598108138,1.0972367308552138,1.585801815660874,,,,,,,,,,,,,,E1-Bolton-Wolves,0.23828179756083465,0.268514087413834,0.49320411502533135,0.9833594800963379,1.748126432489828
E1,32,2027-02-17 19:45:00,Middlesbrough,Stoke,,,,,,,,,,,,,,,,,,,,0.46619155781178023,0.27567689604686346,0.2581315461413563,1.6742515694822042,1.0500715344709324,1.6682825984392609,1.4962105838129318,1.5652605303162221,1.111636028826764,,,,,,,,,,,,,,E1-Middlesb-Stoke,0.48829812022318364,0.27019753920609785,0.2415043405707185,1.7350918998756486,0.9947105609182534
E1,32,2027-02-17 19:45:00,Southampton,Norwich,,,,,,,,,,,,,,,,,,,,0.42777155158666,0.2818244745194758,0.2904039738938642,1.5651391292794559,1.1530363962010683,1.6821079447977625,1.5659673085999066,1.4758981499709178,1.1789431405102622,,,,,,,,,,,,,,E1-Southamp-Norwich,0.43448111844468035,0.2751216713889506,0.290397210166369,1.5785650267229916,1.1463133018880576
E1,32,2027-02-17 19:45:00,Swansea,Millwall,,,,,,,,,,,,,,,,,,,,0.37211822407877815,0.286324949691843,0.34155682622937883,1.4026796219281774,1.3109954283799794,1.6678788446282715,1.6416273725230468,1.3523297918349695,1.2866683929509553,,,,,,,,,,,,,,E1-Swansea-Millwall,0.36806735423109793,0.28073937738244364,0.3511932683864584,1.3849414400757374,1.3343191825418188
E1,33,2027-02-20 15:00:00,Blackburn,Portsmouth,,,,,,,,,,,,,,,,,,,,0.4138598060169493,0.28345919393996616,0.30268100004308446,1.5250386119908141,1.1915021940692196,1.682454680029641,1.5879107158559618,1.444430322195591,1.2046271621846956,,,,,,,,,,,,,,E1-Blackbur-Portsmou,0.4032026575635772,0.2850058582236884,0.3117914842127344,1.4946138309144201,1.2203803108618916
E1,33,2027-02-20 15:00:00,Bolton,Norwich,,,,,,,,,,,,,,,,,,,,0.3092002670944426,0.2841794665727195,0.40662026633283793,1.2117802678560472,1.5040402655712333,1.5985704528574294,1.6816247431086748,1.2182999133306056,1.4282197519354354,,,,,,,,,,,,,,E1-Bolton-Norwich,0.3059227225742194,0.27984066932297746,0.41423660810280316,1.1976088370456357,1.5225504936313872
E1,33,2027-02-20 15:00:00,Charlton,Cardiff,,,,,,,,,,,,,,,,,,,,0.40288661096476336,0.28451530177231643,0.31259808726292027,1.4931751346666067,1.2223095635610772,1.6809228176685473,1.6038574179657277,1.4199012099163726,1.225437366943634,,,,,,,,,,,,,,E1-Charlton-Cardiff,0.37453027107006576,0.28379350649805485,0.3416762224318794,1.407384319708252,1.308822173793693
E1,33,2027-02-20 15:00:00,Derby,Burnley,,,,,,,,,,,,,,,,,,,,0.3605962029815149,0.2865439729971577,0.35285982402132743,1.3683325819417025,1.34512344506114,1.6595757450275457,1.6529253067359544,1.327425126321858,1.3108083955148109,,,,,,,,,,,,,,E1-Derby-Burnley,0.3535857916667029,0.28370066077743067,0.36271354755586643,1.3444580357775393,1.3718413034450299
E1,33,2027-02-20 15:00:00,Middlesbrough,Birmingham,,,,,,,,,,,,,,,,,,,,0.434027026913965,0.28098436061212095,0.28498861247391405,1.583065441354016,1.135950198033863,1.6811314112284204,1.5554990204641748,1.4901919626761395,1.1676348038243654,,,,,,,,,,,,,,E1-Middlesb-Birmingh,0.44427997655836127,0.2744127275975917,0.281307295844047,1.6072526572726757,1.1183346151297329
E1,33,2027-02-20 15:00:00,Preston,QPR,,,,,,,,,,,,,,,,,,,,0.39250962064401845,0.2853189720347763,0.3221714073212053,1.4628478339668316,1.2518331939983922,1.6779817724894914,1.6177752923294078,1.3969233948649629,1.245594430157139,,,,,,,,,,,,,,E1-Preston-QPR,0.379198653092478,0.28384971257295116,0.3369516343345708,1.4214456718503852,1.2947046155766635
E1,33,2027-02-20 15:00:00,Sheffield United,Stoke,,,,,,,,,,,,,,,,,,,,0.43239633006588885,0.281209550963981,0.2863941189701302,1.5783985411616475,1.1403919078743714,1.6814345668157635,1.558262918149804,1.4864568501450972,1.1705687923804537,,,,,,,,,,,,,,E1-Sheffiel-Stoke,0.4254271066041375,0.2845619018743856,0.29001099152147686,1.5608432216867982,1.1545948764388163
E1,33,2027-02-20 15:00:00,Southampton,Wrexham,,,,,,,,,,,,,,,,,,,,0.43566329405914916,0.2807540430573638,0.28358266288348705,1.5877439252348113,1.131502031707825,1.6807929174696605,1.5527011612498116,1.4939462861682278,1.164700509054356,,,,,,,,,,,,,,E1-Southamp-Wrexham,0.4365701307520744,0.2779655771122897,0.2854642921356359,1.587675969368513,1.1343584535191975
E1,33,2027-02-20 15:00:00,Swansea,Lincoln,,,,,,,,,,,,,,,,,,,,0.5102653241860198,0.265874789686121,0.22385988612785923,1.7966707622441804,0.9374544480696987,1.6302368794572146,1.4017929226311907,1.6731413772803316,1.0399599362179102,,,,,,,,,,,,,,E1-Swansea-Lincoln,0.5044428420205272,0.2661821230749737,0.22937503490449906,1.7795106491365555,0.9543072277884709
E1,33,2027-02-20 15:00:00,Watford,Bristol City,,,,,,,,,,,,,,,,,,,,0.39101140673071727,0.2854190251824233,0.3235695680868594,1.458453245374575,1.2561277294430016,1.6774358168152483,1.6196882652885272,1.3936225114447076,1.248544699666352,,,,,,,,,,,,,,E1-Watford-BristolC,0.38503079782584393,0.28433856847708877,0.3306306336970673,1.4394309619546204,1.2762304695682907
E1,33,2027-02-20 15:00:00,West Brom,Wolves,,,,,,,,,,,,,,,,,,,,0.31973839319401154,0.2851344243467152,0.39512718245927325,1.2443496039287498,1.4705159717245349,1.6143740262951827,1.6788618433832214,1.2404645423610565,1.402700311520509,,,,,,,,,,,,,,E1-WestBrom-Wolves,0.3091271999474595,0.2839047852631709,0.40696801478936956,1.2112863851055495,1.5048088296312796
E1,33,2027-02-21 12:00:00,West Ham,Millwall,,,,,,,,,,,,,,,,,,,,0.5657352947440611,0.24972595426841407,0.18453875098752479,1.9469318385005974,0.8033422072309884,1.5508000231976484,1.265216011237381,1.8194111732503702,0.9563533661780792,,,,,,,,,,,,,,E1-WestHam-Millwall,0.56820972418465,0.241439734538738,0.19035054127661202,1.946068907092688,0.8124913583685741
E1,34,2027-02-27 15:00:00,Birmingham,West Brom,,,,,,,,,,,,,,,,,,,,0.4609588147895948,0.27665018815920356,0.26239099705120167,1.659526632527988,1.0638231793128086,1.671250877195873,1.5064494047768062,1.5528565763095985,1.120515588204,,,,,,,,,,,,,,E1-Birmingh-WestBrom,0.4709294656420163,0.27279960627296185,0.25627092808502183,1.6855880031990107,1.0416123905280275
E1,34,2027-02-27 15:00:00,Bristol City,Charlton,,,,,,,,,,,,,,,,,,,,0.5025500215346623,0.2677920330045446,0.22965794546079304,1.7754420976085317,0.9567658693869239,1.6385475848559228,1.4193126133279659,1.6537823147801616,1.052133635998701,,,,,,,,,,,,,,E1-BristolC-Charlton,0.508192668026739,0.2674828371586398,0.2243244948146212,1.7920608412388568,0.9404563216025033
E1,34,2027-02-27 15:00:00,Burnley,Watford,,,,,,,,,,,,,,,,,,,,0.508570549308475,0.26630306201506415,0.22512638867646084,1.7920147099404893,0.9416822280444467,1.632121285148243,1.4056751414884585,1.6688703025058538,1.0426214651835692,,,,,,,,,,,,,,E1-Burnley-Watford,0.5094747288863107,0.2650175204922862,0.22550775062140305,1.7934417071512183,0.9415407723564954
E1,34,2027-02-27 15:00:00,Cardiff,Blackburn,,,,,,,,,,,,,,,,,,,,0.3799316883583048,0.28603117347892887,0.3340371381627663,1.4258262385538434,1.288142587967228,1.6724359061550707,1.6330540900089183,1.3693344417415059,1.2706903054209935,,,,,,,,,,,,,,E1-Cardiff-Blackbur,0.4118023495934724,0.2803607033310434,0.3078369470754842,1.5157677521114605,1.203871544557496
E1,34,2027-02-27 15:00:00,Lincoln,Sheffield United,,,,,,,,,,,,,,,,,,,,0.28240630504883263,0.28055743066087385,0.4370362642902936,1.1277763458073717,1.5916662235317545,1.5503346899377393,1.6804824421416789,1.1622458279406274,1.4971015237654925,,,,,,,,,,,,,,E1-Lincoln-Sheffiel,0.3083304040839314,0.2840461891418528,0.40762340677421577,1.2090374013936471,1.5069164094645002
E1,34,2027-02-27 15:00:00,Millwall,Preston,,,,,,,,,,,,,,,,,,,,0.4992978301684218,0.2685751520310521,0.23212701780052614,1.7664686425363172,0.9649562054326305,1.6418441584827486,1.4265778338328463,1.6456858904674934,1.057309909551278,,,,,,,,,,,,,,E1-Millwall-Preston,0.522622398261654,0.2584405529098807,0.21893704882846526,1.8263077476948428,0.9152516993952766
E1,34,2027-02-27 15:00:00,Norwich,Swansea,,,,,,,,,,,,,,,,,,,,0.4719757781488065,0.2745527308604873,0.25347149099070615,1.6904800653069068,1.0349672038326059,1.6646118829997025,1.4846390367677598,1.5790646543404394,1.10191814832736,,,,,,,,,,,,,,E1-Norwich-Swansea,0.4645786379142022,0.2731282700650828,0.26229309202071505,1.6668641838076892,1.060007546127228
E1,34,2027-02-27 15:00:00,QPR,West Ham,,,,,,,,,,,,,,,,,,,,0.2319171540788355,0.26850935338582516,0.49957349253533934,0.9642608156223317,1.767229830991843,1.4259648195507002,1.6415695106564212,1.056870108982592,1.6463707178501155,,,,,,,,,,,,,,E1-QPR-WestHam,0.23777397478006546,0.2623553934462599,0.49987063177367463,0.9756773177864563,1.7619672887672837
E1,34,2027-02-27 15:00:00,Stoke,Bolton,,,,,,,,,,,,,,,,,,,,0.5095604165600356,0.26605340592267374,0.22438617751729067,1.7947346556027806,0.9392119384745459,1.631024670941363,1.4034099382051755,1.6713636225637025,1.0410660950793078,,,,,,,,,,,,,,E1-Stoke-Bolton,0.5063795903224491,0.2674347020918562,0.22618570758569473,1.7865734730592033,0.9459918248489403
E1,34,2027-02-27 15:00:00,Wolves,Middlesbrough,,,,,,,,,,,,,,,,,,,,0.4554903143851363,0.2776224473617413,0.2668872382531224,1.6440933905171502,1.0782841621211083,1.6739922000857894,1.516910857358622,1.5399764936228446,1.1298873763368904,,,,,,,,,,,,,,E1-Wolves-Middlesb,0.45654400592788635,0.2742540591428557,0.2692019349292579,1.643886076926515,1.0818598639306294
E1,34,2027-02-27 15:00:00,Wrexham,Derby,,,,,,,,,,,,,,,,,,,,0.43763301673618515,0.2804710223053497,0.28189596095846514,1.593370072513905,1.1261589051807452,1.680339984948049,1.5493007912136416,1.4984743696669274,1.1611810219928935,,,,,,,,,,,,,,E1-Wrexham-Derby,0.4604763659442945,0.27525074930748383,0.26427288474822164,1.6566798471403672,1.0680694035521487
E1,34,2027-02-28 12:00:00,Portsmouth,Southampton,,,,,,,,,,,,,,,,,,,,0.33837403127708243,0.2862152660681078,0.37541070265480975,1.3013373598993552,1.4124473740325372,1.6381026232920257,1.6699040055499859,1.2798979567746132,1.3594833797413506,,,,,,,,,,,,,,E1-Portsmou-Southamp,0.3404677680420099,0.2822271927068813,0.37730503925110886,1.303630496832911,1.414142310460208
E1,35,2027-03-02 19:45:00,Bolton,QPR,,,,,,,,,,,,,,,,,,,,0.37240760782735705,0.2863161389595069,0.34127625321313604,1.4035389624415782,1.310144898598915,1.6680629903141386,1.6413227625529696,1.3529578563391897,1.286071101067451,,,,,,,,,,,,,,E1-Bolton-QPR,0.3549518961384237,0.2833556800323762,0.3616924238292001,1.3482113684476473,1.3684329515199765
E1,35,2027-03-02 19:45:00,Bristol City,Birmingham,,,,,,,,,,,,,,,,,,,,0.36899191737961917,0.28640987824599584,0.34459820437438493,1.3933856303848533,1.3202044913691506,1.6658136196995734,1.6448538185841826,1.345552824724703,1.2931487846684875,,,,,,,,,,,,,,E1-BristolC-Birmingh,0.36187156623159455,0.2835777555108106,0.35455067825759484,1.3691924542055942,1.347229790283595
E1,35,2027-03-02 19:45:00,Burnley,West Brom,,,,,,,,,,,,,,,,,,,,0.4781984187009193,0.27328741894229164,0.24851416235678908,1.7078826750450495,1.0188299060126589,1.6602099555315304,1.4719005027676302,1.594027577503855,1.091574590399953,,,,,,,,,,,,,,E1-Burnley-WestBrom,0.46942703724447105,0.2750881610544351,0.2554848017010938,1.6833692727878482,1.0415425661577165
E1,35,2027-03-02 19:45:00,Cardiff,Derby,,,,,,,,,,,,,,,,,,,,0.33937074526542654,0.2862519153149845,0.37437733941958895,1.3043641511112642,1.4093839335737515,1.639222783999614,1.669284897875464,1.2820169505965677,1.3572363448005242,,,,,,,,,,,,,,E1-Cardiff-Derby,0.3811949278556942,0.27931779383277944,0.33948727831152636,1.4229025773998618,1.2977796287673584
E1,35,2027-03-02 19:45:00,Charlton,West Ham,,,,,,,,,,,,,,,,,,,,0.19154302675535634,0.25303228297018004,0.5554246902744635,0.8276613632362491,1.9193063537935706,1.291896191574301,1.5681176157279806,0.9714213659906179,1.791189756492143,,,,,,,,,,,,,,E1-Charlton-WestHam,0.17974558231650284,0.24338314897364782,0.5768712687098494,0.7826198959231563,1.973996955103196
E1,35,2027-03-02 19:45:00,Middlesbrough,Blackburn,,,,,,,,,,,,,,,,,,,,0.5183869537945347,0.26376733441738925,0.21784571178807605,1.8189281958009933,0.9173044697816173,1.6207501370883448,1.3829312502287399,1.6937584087672002,1.027301172937914,,,,,,,,,,,,,,E1-Middlesb-Blackbur,0.5426945748505956,0.25515578071535266,0.20214964443405176,1.8832395052671393,0.8616047140175078
E1,35,2027-03-02 19:45:00,Norwich,Millwall,,,,,,,,,,,,,,,,,,,,0.4263667594444127,0.2820042683322065,0.2916289722233808,1.5611045466654447,1.1568911850023489,1.6822576977123975,1.5682678044064944,1.4727008105504584,1.1815027108932137,,,,,,,,,,,,,,E1-Norwich-Millwall,0.4141808785556061,0.2763309182838954,0.3094882031604986,1.5188735539507137,1.204795527765391
E1,35,2027-03-02 19:45:00,Watford,Wrexham,,,,,,,,,,,,,,,,,,,,0.3625571066100376,0.2865250269901879,0.3509178663997745,1.374196346820301,1.3392786261895115,1.6611233868662656,1.6511185860200932,1.3316499264715798,1.3066497173250398,,,,,,,,,,,,,,E1-Watford-Wrexham,0.3512736678004435,0.28634256865242896,0.3623837635471275,1.3401635720537595,1.3734938592938115
E1,35,2027-03-03 19:45:00,Portsmouth,Lincoln,,,,,,,,,,,,,,,,,,,,0.4958099394976566,0.26939836526522604,0.23479169523711735,1.756828183758196,0.9737734509765781,1.645242553497014,1.4342888885724476,1.6370437248733367,1.0628915853390717,,,,,,,,,,,,,,E1-Portsmou-Lincoln,0.4815990048870782,0.2718398477064694,0.2465611474064524,1.716636862367704,1.0115232899258266
E1,35,2027-03-03 19:45:00,Sheffield United,Swansea,,,,,,,,,,,,,,,,,,,,0.4672325500684099,0.27547830442260063,0.25728914550898946,1.6771759546278302,1.047345740949569,1.6676520722565158,1.494147512918304,1.5677375885361124,1.1098796206224404,,,,,,,,,,,,,,E1-Sheffiel-Swansea,0.4445074100602714,0.2793669888256082,0.27612560111412043,1.6128892190064223,1.1077437921679696
E1,35,2027-03-03 19:45:00,Stoke,Southampton,,,,,,,,,,,,,,,,,,,,0.38464904106668796,0.28579825787349294,0.3295527010598191,1.439745381073557,1.2744563610529502,1.6747728651510427,1.6275335511835372,1.3796495080323863,1.2611898818284177,,,,,,,,,,,,,,E1-Stoke-Southamp,0.3765223744976351,0.2843711436496352,0.3391064818527296,1.4139382671425405,1.301690589207824
E1,35,2027-03-03 19:45:00,Wolves,Preston,,,,,,,,,,,,,,,,,,,,0.5787765387180658,0.24535205576400668,0.17587140551792754,1.9816816719182042,0.7729662723177892,1.5272786554100697,1.230717847284496,1.8558691179393338,0.937566115617038,,,,,,,,,,,,,,E1-Wolves-Preston,0.5914159650981683,0.24032869168654086,0.16825534321529084,2.014576586981046,0.7450947213324133
E1,36,2027-03-06 15:00:00,Birmingham,Sheffield United,,,,,,,,,,,,,,,,,,,,0.43206106255004806,0.28125531070550075,0.2866836267444512,1.5774384983556449,1.1413061909388542,1.6814926575614217,1.558828129930205,1.485689709337752,1.1711732194575186,,,,,,,,,,,,,,E1-Birmingh-Sheffiel,0.45362743181325405,0.27625257673030956,0.2701199914564364,1.6371348721700718,1.0866125510996187
E1,36,2027-03-06 15:00:00,Blackburn,Wolves,,,,,,,,,,,,,,,,,,,,0.28554456897516955,0.2810740386438551,0.43338139238097534,1.1377077455693638,1.5812182157867811,1.5565962450918567,1.6812555241367018,1.1687952841305647,1.4887123721536393,,,,,,,,,,,,,,E1-Blackbur-Wolves,0.2689550086153739,0.2782450951570577,0.4527998962275684,1.0851101210031795,1.6366447838397629
E1,36,2027-03-06 15:00:00,Derby,Charlton,,,,,,,,,,,,,,,,,,,,0.5109057827499912,0.26571190619271084,0.22338231105729794,1.7984292544426845,0.9358588393646048,1.6295161677073615,1.4003209384915272,1.6747581891695884,1.0389559586884365,,,,,,,,,,,,,,E1-Derby-Charlton,0.502035043158428,0.2672335878201315,0.23073136902144054,1.7733387172954154,0.9594276948844531
E1,36,2027-03-06 15:00:00,Lincoln,Middlesbrough,,,,,,,,,,,,,,,,,,,,0.25434117536247014,0.2747672887127546,0.4708915359247753,1.0377908148001649,1.6874418964870805,1.4868280916913954,1.6653309580158178,1.103732087428207,1.576469525366752,,,,,,,,,,,,,,E1-Lincoln-Middlesb,0.25808466236530914,0.2716425695996626,0.47027276803502827,1.04589655669559,1.6824608737047475
E1,36,2027-03-06 15:00:00,Millwall,Bristol City,,,,,,,,,,,,,,,,,,,,0.4436472652077853,0.2795681677360632,0.2767845670561515,1.6105099633594189,1.1099218689045176,1.6786512125261743,1.5387027161689295,1.512359911097977,1.1505197851593114,,,,,,,,,,,,,,E1-Millwall-BristolC,0.46752678501053474,0.270727017717914,0.2617461972715513,1.6733073727495182,1.0559656095325678
E1,36,2027-03-06 15:00:00,Preston,Bolton,,,,,,,,,,,,,,,,,,,,0.4370438663981573,0.2805563335172634,0.2823998000845793,1.5916879327117353,1.1277557337710014,1.6804806559605212,1.5503215392251075,1.4971190071173872,1.1622322552368538,,,,,,,,,,,,,,E1-Preston-Bolton,0.4432443040864174,0.27819324334545265,0.27856245256813,1.6079261556047049,1.1138806010498425
E1,36,2027-03-06 15:00:00,QPR,Portsmouth,,,,,,,,,,,,,,,,,,,,0.4177808408346956,0.2830315028559041,0.2991876563094003,1.5363740253599907,1.180594471784105,1.682613924567303,1.5819171028333172,1.4532563090730766,1.1973111619311088,,,,,,,,,,,,,,E1-QPR-Portsmou,0.4318557978214538,0.2793621234857682,0.288782078692778,1.5749295169501294,1.1457083595641022
E1,36,2027-03-06 15:00:00,Southampton,Watford,,,,,,,,,,,,,,,,,,,,0.4916213404256447,0.27036400864127774,0.2380146509330776,1.745228029918212,0.9844079614405106,1.649135196059877,1.4434368324915146,1.6267204104337567,1.0696367912025138,,,,,,,,,,,,,,E1-Southamp-Watford,0.5072657123151469,0.2626889343890114,0.23004535329584164,1.7844860713344524,0.9528249942765363
E1,36,2027-03-06 15:00:00,Swansea,Stoke,,,,,,,,,,,,,,,,,,,,0.3824441068423723,0.28591228064047597,0.33164361251715174,1.4332446011675928,1.280843118191931,1.6737191554457742,1.6301456998752124,1.3748234707588904,1.2656170315739048,,,,,,,,,,,,,,E1-Swansea-Stoke,0.39870620250128985,0.2860704785267689,0.3152233189719412,1.4821890860306386,1.2317404354425925
E1,36,2027-03-06 15:00:00,West Brom,Norwich,,,,,,,,,,,,,,,,,,,,0.38359009425781243,0.2858541443522645,0.33055576138992304,1.4366244271257016,1.2775214285220335,1.674275248058326,1.6287949965285946,1.3773307089986426,1.2633131524853807,,,,,,,,,,,,,,E1-WestBrom-Norwich,0.3844414524250194,0.2835930436163706,0.3319655039586099,1.4369174008914287,1.2794895554922003
E1,36,2027-03-06 15:00:00,West Ham,Burnley,,,,,,,,,,,,,,,,,,,,0.526837880029806,0.26147870289347996,0.211683417076714,1.8419923429828982,0.896528954123622,1.6100838315541073,1.3628652910019108,1.7154824405016391,1.014291932647933,,,,,,,,,,,,,,E1-WestHam-Burnley,0.5508853173364068,0.2501959441451883,0.19891873851840491,1.9028518961544085,0.846952159700403
E1,36,2027-03-06 15:00:00,Wrexham,Cardiff,,,,,,,,,,,,,,,,,,,,0.5188024380647416,0.2636570854650602,0.2175404764701982,1.820064399659285,0.9162785148756547,1.6202446091406215,1.3819550568741088,1.694819896886675,1.026657760624783,,,,,,,,,,,,,,E1-Wrexham-Cardiff,0.5028056109344652,0.26500806023513396,0.23218632883040086,1.7734248930385295,0.9615670467263364
E1,37,2027-03-13 15:00:00,Bolton,Birmingham,,,,,,,,,,,,,,,,,,,,0.2993372993689607,0.2830504278282973,0.417612272802742,1.1810623259351793,1.5358872462365232,1.582177904405528,1.682611249900965,1.1976244163557752,1.4528761907632173,,,,,,,,,,,,,,E1-Bolton-Birmingh,0.2894831471329139,0.2776577129868891,0.432859139880197,1.1461071543856307,1.5762351326274802
E1,37,2027-03-13 15:00:00,Bristol City,West Brom,,,,,,,,,,,,,,,,,,,,0.4123320728398851,0.28361871866695465,0.3040492084931602,1.5206149371866098,1.1957663441464352,1.682337587030883,1.5902044453120652,1.4410003811349736,1.2074944759067485,,,,,,,,,,,,,,E1-BristolC-WestBrom,0.41125856634359964,0.2836142660583226,0.30512716759807773,1.5173899650891214,1.1989957688525557
E1,37,2027-03-13 15:00:00,Burnley,Millwall,,,,,,,,,,,,,,,,,,,,0.4545819717946179,0.2777794635107604,0.2676385646946217,1.6415253788946143,1.0806951575946255,1.6744116401072149,1.518624522113883,1.5378450626644675,1.1314533838573304,,,,,,,,,,,,,,E1-Burnley-Millwall,0.4318066458591814,0.27647355888768155,0.29171979525313707,1.5718934964652256,1.1516329446470928
E1,37,2027-03-13 15:00:00,Cardiff,Swansea,,,,,,,,,,,,,,,,,,,,0.36394571326563874,0.28650702702339487,0.3495472597109664,1.3783441668203111,1.3351488061562942,1.6621858042065658,1.6498100298415148,1.3346450071854108,1.3037174609220086,,,,,,,,,,,,,,E1-Cardiff-Swansea,0.3782992579972482,0.2812413889999936,0.3404593530027582,1.4161391629917381,1.3026194480082682
E1,37,2027-03-13 15:00:00,Charlton,Blackburn,,,,,,,,,,,,,,,,,,,,0.3668462100483151,0.2864572445315649,0.34669654542012,1.3869958746765103,1.326546880791925,1.6643155785967425,1.6469995263738593,1.3409100900751207,1.2976261517299204,,,,,,,,,,,,,,E1-Charlton-Blackbur,0.3651265235814918,0.28895303985976284,0.3459204365587454,1.3843326106042382,1.326714349535999
E1,37,2027-03-13 15:00:00,Middlesbrough,Southampton,,,,,,,,,,,,,,,,,,,,0.43364566329602516,0.28103741389083803,0.2853169228131368,1.5819744037789136,1.1369881823302483,1.6812053693434152,1.5561475924504273,1.4893178762712331,1.1683200931935318,,,,,,,,,,,,,,E1-Middlesb-Southamp,0.45040994242349075,0.27235958676230615,0.2772304708142031,1.6235894140327782,1.1040509992049155
E1,37,2027-03-13 15:00:00,Norwich,Preston,,,,,,,,,,,,,,,,,,,,0.5095948050956376,0.2660447082418395,0.2243604866625229,1.7948291235287523,0.9391261682294083,1.630986371435589,1.4033311283512946,1.6714503067606419,1.0410121036575781,,,,,,,,,,,,,,E1-Norwich-Preston,0.5125793176379816,0.2629767952838745,0.2244438870781439,1.8007147481978194,0.9363084565183062
E1,37,2027-03-13 15:00:00,Portsmouth,Wrexham,,,,,,,,,,,,,,,,,,,,0.35653344660541586,0.28655893304040353,0.3569076203541806,1.356159272856651,1.3572817941029454,1.656191979134066,1.6565136476247186,1.3186888270329218,1.3194924870297398,,,,,,,,,,,,,,E1-Portsmou-Wrexham,0.35528534086154195,0.2872782235339092,0.35743643560454885,1.3531342461185352,1.359587530347556
E1,37,2027-03-13 15:00:00,Sheffield United,QPR,,,,,,,,,,,,,,,,,,,,0.4801383207157499,0.27288121874819055,0.24698046053605954,1.7132961808954403,1.0138226003563693,1.6587423017190384,1.467869098579376,1.5987167184196833,1.0883729305839585,,,,,,,,,,,,,,E1-Sheffiel-QPR,0.45335827134961204,0.27685983553727317,0.2697818931131148,1.6369346495861092,1.0862055148766174
E1,37,2027-03-13 15:00:00,Stoke,West Ham,,,,,,,,,,,,,,,,,,,,0.2701493588692212,0.27829298242430606,0.45155765870647274,1.0887410590319697,1.6329659585437244,1.524280118625242,1.6757340890199361,1.136686821594298,1.5307646459378361,,,,,,,,,,,,,,E1-Stoke-WestHam,0.25757810963099115,0.2717626013783422,0.47065928899066667,1.0444969302713156,1.6837404683503423
E1,37,2027-03-13 15:00:00,Watford,Derby,,,,,,,,,,,,,,,,,,,,0.38305868023974343,0.2858814065271574,0.3310599132330992,1.4350574472463877,1.279061146226455,1.6740196517875292,1.6294232098389174,1.3761677821975935,1.2643807117918462,,,,,,,,,,,,,,E1-Watford-Derby,0.3943170044389698,0.2816691862747139,0.32401380928631635,1.4646201995916233,1.253710614133663
E1,37,2027-03-13 15:00:00,Wolves,Lincoln,,,,,,,,,,,,,,,,,,,,0.6346041162158294,0.2242957138372608,0.14110016994690985,2.128108062484749,0.6475962236779903,1.4068888341671322,1.074816374437456,2.0231050099813013,0.8600641051331697,,,,,,,,,,,,,,E1-Wolves-Lincoln,0.6305692334449549,0.22520181678044454,0.1442289497746006,2.116909517115309,0.6578886661042463
E1,38,2027-03-16 19:45:00,Derby,Middlesbrough,,,,,,,,,,,,,,,,,,,,0.3598728666382546,0.2865490407498782,0.35357809261186723,1.3661676406646417,1.3472833185854798,1.6589908180949757,1.6535795337179797,1.3258680474554625,1.3123477885595916,,,,,,,,,,,,,,E1-Derby-Middlesb,0.33301777617516437,0.28018609214117407,0.38679613168366156,1.2792394206666673,1.4405744871921586
E1,38,2027-03-16 19:45:00,Lincoln,Cardiff,,,,,,,,,,,,,,,,,,,,0.37804955657688577,0.286112494606968,0.3358379488161462,1.4202611643376253,1.2936263410554065,1.6714167288732726,1.635184923679885,1.3652293020032018,1.2745111736518522,,,,,,,,,,,,,,E1-Lincoln-Cardiff,0.3759498428841621,0.28135501588134076,0.3426951412344971,1.409204544533827,1.309440439584832
E1,38,2027-03-16 19:45:00,Preston,Burnley,,,,,,,,,,,,,,,,,,,,0.30267018036304505,0.28345791459413416,0.4138719050428208,1.1914684556832693,1.5250736297225966,1.5878924569732646,1.6824554839042651,1.204604492134818,1.4444575056468085,,,,,,,,,,,,,,E1-Preston-Burnley,0.31085932110696746,0.2837436456658572,0.40539703322717535,1.2163216089867595,1.499934745347383
E1,38,2027-03-16 19:45:00,QPR,Stoke,,,,,,,,,,,,,,,,,,,,0.37020599418082945,0.28637913149107186,0.3434148743280987,1.3969971140335602,1.3166237544753678,1.6666321425004411,1.6436148895951468,1.3481828318158497,1.2906261368544627,,,,,,,,,,,,,,E1-QPR-Stoke,0.3918380516021982,0.28542245947900197,0.32273948891879983,1.4609366142855966,1.2536409262354016
E1,38,2027-03-16 19:45:00,Southampton,Wolves,,,,,,,,,,,,,,,,,,,,0.36143760549437876,0.28653677399947003,0.3520256205061512,1.3708495904826064,1.3426136355179237,1.6602466237225493,1.652155984276175,1.3292372784646949,1.309021367509153,,,,,,,,,,,,,,E1-Southamp-Wolves,0.35466801172689766,0.282183407974412,0.36314858029869035,1.346187443155105,1.371629148870483
E1,38,2027-03-16 19:45:00,Swansea,Bristol City,,,,,,,,,,,,,,,,,,,,0.3986472496670891,0.2848668409734302,0.31648590935948073,1.4808085899746972,1.2343245690518723,1.6798980078343808,1.6096828834436665,1.410489216382538,1.2336145358576747,,,,,,,,,,,,,,E1-Swansea-BristolC,0.4109263529976639,0.2826994336930933,0.3063742133092428,1.515478492686085,1.2018220736208216
E1,38,2027-03-16 19:45:00,West Brom,Portsmouth,,,,,,,,,,,,,,,,,,,,0.45251412525794066,0.27813212134993315,0.2693537533921262,1.635674497123755,1.0861933815263116,1.6753281881303508,1.5224998398075051,1.5330012217902065,1.1350284495977536,,,,,,,,,,,,,,E1-WestBrom-Portsmou,0.44954703216596426,0.27872119661116307,0.2717317712228727,1.627362293109056,1.0939165102797812
E1,38,2027-03-16 19:45:00,Wrexham,Norwich,,,,,,,,,,,,,,,,,,,,0.40852879475884296,0.28399839029549284,0.3074728149456642,1.5095847745720217,1.2064168351324853,1.681911351505418,1.5958121447153881,1.4324827721529254,1.2146742940474577,,,,,,,,,,,,,,E1-Wrexham-Norwich,0.4129216064195276,0.2819916678484407,0.3050867257320317,1.5207564871070234,1.1972518450445357
E1,38,2027-03-17 19:45:00,Blackburn,Bolton,,,,,,,,,,,,,,,,,,,,0.4574423976100415,0.2772806798189007,0.26527692257105784,1.6496078726490253,1.0731114475320742,1.6730561248036318,1.5132048041340378,1.5445647364250974,1.1265309630383238,,,,,,,,,,,,,,E1-Blackbur-Bolton,0.45484268758288526,0.2772542587107832,0.26790305370633155,1.641782321459439,1.0809634198297777
E1,38,2027-03-17 19:45:00,Millwall,Watford,,,,,,,,,,,,,,,,,,,,0.4696661465490599,0.2750076531382445,0.2553262003126956,1.6840060927854243,1.0409862540763313,1.6661264515413525,1.4892910747766326,1.5735407924910456,1.1057863948003759,,,,,,,,,,,,,,E1-Millwall-Watford,0.5020613940777605,0.2629469662382661,0.2349916396839734,1.7691311484715477,0.9679218852901863
E1,38,2027-03-17 19:45:00,West Ham,Sheffield United,,,,,,,,,,,,,,,,,,,,0.5602411069235509,0.2515046282660048,0.18825426481044433,1.9322279490366574,0.8162674226973377,1.5601697435395554,1.2795005062030498,1.804308832201744,0.9643581902088958,,,,,,,,,,,,,,E1-WestHam-Sheffiel,0.5870904313364611,0.23915296461456162,0.17375660404897728,2.000424258623945,0.7604227767614934
E1,38,2027-03-17 20:00:00,Birmingham,Charlton,,,,,,,,,,,,,,,,,,,,0.5520843028858138,0.254074311819781,0.1938413852944052,1.9103272204772224,0.8355984677029966,1.573482948495875,1.300421980241832,1.7821554920535032,0.9763457833833964,,,,,,,,,,,,,,E1-Birmingh-Charlton,0.569143086265169,0.24803179806283934,0.1828251156719917,1.9554610568583461,0.7965071450788145
E1,39,2027-03-20 15:00:00,Birmingham,Blackburn,,,,,,,,,,,,,,,,,,,,0.5002594746036402,0.26834514726127234,0.23139537813508748,1.7691235710721929,0.9625312816665348,1.6408822089708055,1.424437082290438,1.6480760561222993,1.0557765180412761,,,,,,,,,,,,,,E1-Birmingh-Blackbur,0.5179024054134707,0.2624425812348569,0.21965501335167242,1.816149797475269,0.9214076212898743
E1,39,2027-03-20 15:00:00,Bristol City,QPR,,,,,,,,,,,,,,,,,,,,0.4469708364898915,0.2790444443971685,0.27398471911294003,1.619956953866843,1.1009986017359885,1.677521440424651,1.532708995389027,1.5200727711198159,1.1446820396093054,,,,,,,,,,,,,,E1-BristolC-QPR,0.4320583858891599,0.27912744451302596,0.28881416959781414,1.5753026021805057,1.1455699533064685
E1,39,2027-03-20 15:00:00,Burnley,Bolton,,,,,,,,,,,,,,,,,,,,0.5594344832303417,0.25176253537942384,0.18880298139023444,1.9300659850704491,0.8181714795501271,1.5615181777265357,1.2815847979422894,1.8021039888976729,0.9655380659050306,,,,,,,,,,,,,,E1-Burnley-Bolton,0.5569898320140023,0.25144688081653294,0.19156328716946475,1.9224163768585398,0.8261367423249271
E1,39,2027-03-20 15:00:00,Derby,Preston,,,,,,,,,,,,,,,,,,,,0.47977640095080576,0.2729574230563493,0.24726617599284495,1.7122866259087668,1.0147559510348843,1.659019542347572,1.4686233668312416,1.5978409890831426,1.0889694355621893,,,,,,,,,,,,,,E1-Derby-Preston,0.46413302120697136,0.27352008168485376,0.2623468971081748,1.6659191453057678,1.0605607730093782
E1,39,2027-03-20 15:00:00,Middlesbrough,Sheffield United,,,,,,,,,,,,,,,,,,,,0.44989002061586253,0.27857002211954485,0.2715399572645927,1.6282400839671325,1.0931898939133229,1.6764144366250124,1.5273654933466565,1.526870940610874,1.1395855102880252,,,,,,,,,,,,,,E1-Middlesb-Sheffiel,0.47815992604963914,0.2712304531094529,0.25060962084090793,1.7057102312583703,1.0230593156321768
E1,39,2027-03-20 15:00:00,Millwall,Cardiff,,,,,,,,,,,,,,,,,,,,0.5165608838600999,0.26424908236419375,0.21919003377570634,1.8139317339444934,0.9218191836913128,1.622948701694217,1.3872087789242324,1.6891010228781944,1.030133767271702,,,,,,,,,,,,,,E1-Millwall-Cardiff,0.5209681991637898,0.2558166978688461,0.22321510296736413,1.8187212953602154,0.9254620067709385
E1,39,2027-03-20 15:00:00,Norwich,West Ham,,,,,,,,,,,,,,,,,,,,0.2878867187332248,0.2814431925706142,0.430670088696161,1.1451033487702886,1.5734534586590974,1.561161981804708,1.6817182042697878,1.1736853146192638,1.482509816154976,,,,,,,,,,,,,,E1-Norwich-WestHam,0.2826326688774128,0.2720790886121801,0.4452882425104071,1.1199770952444186,1.6079438161434014
E1,39,2027-03-20 15:00:00,Southampton,Charlton,,,,,,,,,,,,,,,,,,,,0.5524720268009518,0.25395409876882824,0.19357387443022,1.9113701791716835,0.8346757220594883,1.5728663781506,1.29943540764528,1.7832014459843948,0.9757730983890347,,,,,,,,,,,,,,E1-Southamp-Charlton,0.5654512810167664,0.2483452659423724,0.18620345304086114,1.9446991089926717,0.8069556250649558
E1,39,2027-03-20 15:00:00,Swansea,Wolves,,,,,,,,,,,,,,,,,,,,0.30007747406146024,0.28314323809194514,0.4167792878465946,1.183375660276326,1.5334811016317291,1.583462551310657,1.6825925396496348,1.199174034509906,1.450998729063647,,,,,,,,,,,,,,E1-Swansea-Wolves,0.29926987224982116,0.2817154303531024,0.4190146973970764,1.1795250471025658,1.5387595225443318
E1,39,2027-03-20 15:00:00,Watford,Portsmouth,,,,,,,,,,,,,,,,,,,,0.4226449445784324,0.2824647359659896,0.29489031945557803,1.5503995697012867,1.1671356943327236,1.6825304114419461,1.5742718820806632,1.4642517277774625,1.188320264194659,,,,,,,,,,,,,,E1-Watford-Portsmou,0.41250824644781026,0.28242404265879134,0.3050677108933984,1.5199487820022222,1.1976271753389867
E1,39,2027-03-20 15:00:00,West Brom,Lincoln,,,,,,,,,,,,,,,,,,,,0.5327119091497613,0.25983118934041155,0.20745690150982715,1.8579669167896955,0.882201893869893,1.6021973078032565,1.3486631213812301,1.7307517450722867,1.0053434901649208,,,,,,,,,,,,,,E1-WestBrom-Lincoln,0.5151787068754817,0.26428543367879753,0.22053585944572074,1.8098215543052425,0.9258930120159597
E1,39,2027-03-20 15:00:00,Wrexham,Stoke,,,,,,,,,,,,,,,,,,,,0.4291803677554331,0.28164088552924615,0.28917874671532073,1.5691819887955454,1.1491771256752084,1.6819320813678007,1.5636415397919994,1.4791092508337875,1.1763836910756564,,,,,,,,,,,,,,E1-Wrexham-Stoke,0.43775182477744445,0.2830687478223998,0.2791794274001557,1.5963242221547331,1.120607030022867
E1,40,2027-04-03 12:30:00,Charlton,Millwall,,,,,,,,,,,,,,,,,,,,0.30948933753980934,0.2842090846254493,0.40630157783474136,1.2126770972448773,1.5031138181296733,1.5990273803014723,1.6815721348857573,1.2189068187706673,1.4275086275707958,,,,,,,,,,,,,,E1-Charlton-Millwall,0.28755928679004866,0.27792882066765673,0.43451189254229455,1.1406066810378026,1.5814644982945403
E1,40,2027-04-03 15:00:00,Blackburn,Southampton,,,,,,,,,,,,,,,,,,,,0.3360595857033508,0.28612202311700846,0.3778183911796407,1.294300780227061,1.4195771966559307,1.635443784750787,1.671288126468264,1.2749816676423675,1.3647255048125682,,,,,,,,,,,,,,E1-Blackbur-Southamp,0.32803489462295865,0.2825202614124988,0.38944484396454254,1.2666249452813747,1.4508547933061264
E1,40,2027-04-03 15:00:00,Bolton,Watford,,,,,,,,,,,,,,,,,,,,0.3677191974045373,0.28643905086587645,0.34584175172958626,1.3895966430794884,1.3239643060546353,1.664932997048929,1.6461333327254206,1.342798170106538,1.2958015871156185,,,,,,,,,,,,,,E1-Bolton-Watford,0.372507803275514,0.2840061718016983,0.3434860249227877,1.4015295816282403,1.3144642465700613
E1,40,2027-04-03 15:00:00,Cardiff,Bristol City,,,,,,,,,,,,,,,,,,,,0.34700160172616623,0.28646337161629465,0.3665350266575391,1.3274681767947931,1.386068451588912,1.6473060267488986,1.664092859044063,1.2982775105750461,1.340237342037375,,,,,,,,,,,,,,E1-Cardiff-BristolC,0.3720349434730754,0.2817499040583705,0.34621515246855405,1.3978547344775967,1.3203953614640325
E1,40,2027-04-03 15:00:00,Lincoln,Derby,,,,,,,,,,,,,,,,,,,,0.30384524768111804,0.2835952215655334,0.4125595307533486,1.1951309646088877,1.5212738138255792,1.5898644281286256,1.682356981714248,1.2070669700822245,1.4415107389455553,,,,,,,,,,,,,,E1-Lincoln-Derby,0.33700506758790877,0.28281213950517925,0.3801827929069119,1.2938273422689055,1.423360518225915
E1,40,2027-04-03 15:00:00,Portsmouth,Middlesbrough,,,,,,,,,,,,,,,,,,,,0.32241520699383297,0.28533673272876175,0.3922480602774053,1.2525823537102607,1.4620809135609776,1.6181110428469219,1.6778886774261061,1.2461087501142725,1.396346827546501,,,,,,,,,,,,,,E1-Portsmou-Middlesb,0.3136974236187896,0.28123387588405796,0.40506870049715243,1.2223261467404267,1.4964399773755153
E1,40,2027-04-03 15:00:00,Preston,Swansea,,,,,,,,,,,,,,,,,,,,0.38016994127938974,0.28602040523414535,0.3338096534864649,1.4265302290723145,1.28744936569354,1.6725613822915433,1.6327814173876314,1.3698545146885561,1.270207880721989,,,,,,,,,,,,,,E1-Preston-Swansea,0.37097278446493137,0.2853090591192112,0.3437181564158575,1.3982274125140053,1.3164635283667836
E1,40,2027-04-03 15:00:00,QPR,Wrexham,,,,,,,,,,,,,,,,,,,,0.3579118104013131,0.2865575475790467,0.35553064201964024,1.360292978782986,1.3531494736379674,1.6573668530645753,1.6553198277491004,1.3216502466136335,1.316535902337455,,,,,,,,,,,,,,E1-QPR-Wrexham,0.3695375473719803,0.2853723860597566,0.3450900665682631,1.3939850281756974,1.3206425857645459
E1,40,2027-04-03 15:00:00,Sheffield United,West Brom,,,,,,,,,,,,,,,,,,,,0.4450248563558613,0.27935321832341753,0.27562192532072116,1.6144277873910013,1.1062189942855811,1.6781998448259645,1.5362300828917053,1.5155533631935774,1.1480955024463593,,,,,,,,,,,,,,E1-Sheffiel-WestBrom,0.4322580344221309,0.2820813211722968,0.28566064440557226,1.5788554244386894,1.1390632543890136
E1,40,2027-04-03 15:00:00,Stoke,Burnley,,,,,,,,,,,,,,,,,,,,0.36864620653172625,0.28641811268786393,0.34493568078040987,1.3923567322830428,1.3212251550290937,1.6655767015394873,1.6452033294299,1.3448043329618191,1.2938685259645137,,,,,,,,,,,,,,E1-Stoke-Burnley,0.3692340819346681,0.28813508260251974,0.34263083546281214,1.3958373284065242,1.3160275889909563
E1,40,2027-04-03 15:00:00,West Ham,Birmingham,,,,,,,,,,,,,,,,,,,,0.5441737042551573,0.25648446597872343,0.19934182976611925,1.8890055787441953,0.8545099552770812,1.5857057277484472,1.3203736702061577,1.7609651532544603,0.9880945098682308,,,,,,,,,,,,,,E1-WestHam-Birmingh,0.5538925241249263,0.2475978335864416,0.1985096422886321,1.9092754059612203,0.8431267604523379
E1,40,2027-04-03 15:00:00,Wolves,Norwich,,,,,,,,,,,,,,,,,,,,0.4847801025418518,0.27188681346818083,0.2433330839899674,1.7262271210937363,1.001886065438083,1.6550476627452784,1.4581088812588843,1.6099851788159667,1.080755290728608,,,,,,,,,,,,,,E1-Wolves-Norwich,0.49930355113274805,0.26604334656419015,0.2346531023030618,1.763953999962434,0.9700026534733756
E1,41,2027-04-06 19:45:00,Burnley,Wrexham,,,,,,,,,,,,,,,,,,,,0.4523665062175227,0.27815704167326255,0.2694764521092147,1.6352565603258309,1.0865863980009067,1.675391579542299,1.52277511033561,1.5326558728431197,1.1352842022992748,,,,,,,,,,,,,,E1-Burnley-Wrexham,0.4393818251996424,0.28080272610190554,0.27981544869845204,1.5989482017008327,1.1202490721972616
E1,41,2027-04-06 19:45:00,Lincoln,Bristol City,,,,,,,,,,,,,,,,,,,,0.3111416127150367,0.28437463337512814,0.40448375390983515,1.2177994715202383,1.4978258951046337,1.6016135949754866,1.681246006517647,1.2223768962543617,1.4234562231434118,,,,,,,,,,,,,,E1-Lincoln-BristolC,0.3285685074962089,0.284614959565898,0.3868165329378931,1.2703204820545246,1.4450645583795774
E1,41,2027-04-06 19:45:00,Millwall,Middlesbrough,,,,,,,,,,,,,,,,,,,,0.37820546533377014,0.28610601128715696,0.33568852337907296,1.4207224072884674,1.2931715814243758,1.67150304071955,1.6350099826951925,1.3655691356191657,1.274194000592334,,,,,,,,,,,,,,E1-Millwall-Middlesb,0.3869747116678045,0.27782632448805744,0.33519896384413805,1.4387504594914708,1.2834232160204717
E1,41,2027-04-06 19:45:00,Portsmouth,Wolves,,,,,,,,,,,,,,,,,,,,0.2877032159510705,0.2814147728048841,0.4308820112440454,1.1445244206580956,1.5740608065370203,1.5608075668817691,1.6816854513253179,1.1733021219142141,1.482993994045823,,,,,,,,,,,,,,E1-Portsmou-Wolves,0.2801135866817871,0.279407717510521,0.4404786958076919,1.1197484775558824,1.6008438049335967
E1,41,2027-04-06 19:45:00,QPR,Charlton,,,,,,,,,,,,,,,,,,,,0.4713413648580805,0.2746784872274546,0.253980147914465,1.688702581801696,1.0366189309708496,1.665034361166465,1.4859210104104925,1.577545760960295,1.1029790976971816,,,,,,,,,,,,,,E1-QPR-Charlton,0.4953375604809315,0.2693646021322196,0.23529783738684884,1.755377283575014,0.9752581142927661
E1,41,2027-04-06 19:45:00,Stoke,Cardiff,,,,,,,,,,,,,,,,,,,,0.5056223173228367,0.2670385477178918,0.2273391349592715,1.7839054996864019,0.9490559525957063,1.6353205718120312,1.4123835611939919,1.661465405006675,1.047268269779598,,,,,,,,,,,,,,E1-Stoke-Cardiff,0.4774672713459762,0.27151894140135396,0.2510137872526698,1.7039207554392826,1.0245603031593633
E1,41,2027-04-06 19:45:00,Swansea,Southampton,,,,,,,,,,,,,,,,,,,,0.35160486352638043,0.28653260643383077,0.3618625300397888,1.341347197012972,1.372120196553197,1.6517640752366978,1.660581543002746,1.3081203621130215,1.3301528287422715,,,,,,,,,,,,,,E1-Swansea-Southamp,0.36150735204344664,0.28200746235227386,0.3564851856042795,1.3665295184826138,1.3514630191651125
E1,41,2027-04-06 19:45:00,West Ham,Bolton,,,,,,,,,,,,,,,,,,,,0.667527362760802,0.21018160333283217,0.12229103390636578,2.2127636916152382,0.5770547050519296,1.3216047132493536,0.9778087758675548,2.132053619939254,0.8161145590933006,,,,,,,,,,,,,,E1-WestHam-Bolton,0.6892731362852369,0.19679713969943455,0.11392972401532855,2.264616548555145,0.5385863117454203
E1,41,2027-04-07 19:45:00,Preston,Watford,,,,,,,,,,,,,,,,,,,,0.38774210233223916,0.2856231654414193,0.32663473222634154,1.4488494724381367,1.265527362120444,1.6761372926473048,1.623776251202964,1.3864335608199614,1.2550186674440662,,,,,,,,,,,,,,E1-Preston-Watford,0.397017568550899,0.28363925957172886,0.31934317187737216,1.4746919652244257,1.2416687752038453
E1,41,2027-04-07 19:45:00,Sheffield United,Blackburn,,,,,,,,,,,,,,,,,,,,0.4841639578637069,0.2720206251582599,0.24381541697803316,1.7245124987493807,1.0034668760923595,1.6555528875887893,1.4594136065459993,1.6084854504663362,1.0817629711823222,,,,,,,,,,,,,,E1-Sheffiel-Blackbur,0.4784127053647921,0.2744066108857458,0.24718068374946212,1.7096447269801223,1.0159486621341323
E1,41,2027-04-07 19:45:00,West Brom,Derby,,,,,,,,,,,,,,,,,,,,0.4122345339684547,0.2836287674836525,0.3041366985478927,1.5203323693890165,1.1960388631273307,1.6823290597877238,1.5903500923037692,1.4407815619923638,1.2076778645014488,,,,,,,,,,,,,,E1-WestBrom-Derby,0.43131554393861615,0.2792428952152223,0.28944156084616157,1.573189527031071,1.147567577753707
E1,41,2027-04-07 20:00:00,Birmingham,Norwich,,,,,,,,,,,,,,,,,,,,0.42739139217317296,0.28187345242662504,0.29073515540020206,1.564047628946144,1.1540789186272313,1.6821509963731263,1.5665917006086443,1.4750324477391066,1.1796350667858384,,,,,,,,,,,,,,E1-Birmingh-Norwich,0.4386549195878606,0.2756931689859517,0.2856519114261877,1.5916579277495335,1.1326489032645146
E1,42,2027-04-10 15:00:00,Blackburn,Preston,,,,,,,,,,,,,,,,,,,,0.43653649499230907,0.28062935251400317,0.28283415249368776,1.5902388374909302,1.1291318099950665,1.68059824718028,1.551198080614458,1.495952464145548,1.1631385633592617,,,,,,,,,,,,,,E1-Blackbur-Preston,0.4283019557724805,0.2821084395650294,0.28958960466249006,1.567014306882471,1.1508772535524996
E1,42,2027-04-10 15:00:00,Bolton,Millwall,,,,,,,,,,,,,,,,,,,,0.3182711267183267,0.2850166820870302,0.3967121911946431,1.2398300622420102,1.4751532556709595,1.6122782393129436,1.6793492751221875,1.237373289555542,1.4062045905524585,,,,,,,,,,,,,,E1-Bolton-Millwall,0.3000853007329978,0.2765652478532768,0.42334945141372543,1.17682115005227,1.546613602094453
E1,42,2027-04-10 15:00:00,Bristol City,Burnley,,,,,,,,,,,,,,,,,,,,0.35285567285043323,0.28654394067008115,0.36060038647948556,1.3451109592213808,1.3683451001085378,1.6529215037065168,1.659579105994407,1.310799500669654,1.3274341339854632,,,,,,,,,,,,,,E1-BristolC-Burnley,0.3602131633908222,0.28590176102518033,0.35388507558399745,1.3665412511976471,1.3475569877771727
E1,42,2027-04-10 15:00:00,Cardiff,Portsmouth,,,,,,,,,,,,,,,,,,,,0.37751967286129895,0.2861341869228724,0.33634614021582865,1.4186932055067691,1.2951726075703585,1.671120831323491,1.6357773654647283,1.3640746130194503,1.275590047195746,,,,,,,,,,,,,,E1-Cardiff-Portsmou,0.39950277144997975,0.2805817959033815,0.3199154326466388,1.479090110253321,1.240328093843298
E1,42,2027-04-10 15:00:00,Charlton,Stoke,,,,,,,,,,,,,,,,,,,,0.31912937297282407,0.28508614386994635,0.3957844831572296,1.2424742627884187,1.472439593341635,1.6135082069337383,1.6790681362449331,1.2391812361392311,1.4041529594340132,,,,,,,,,,,,,,E1-Charlton-Stoke,0.31681740766242394,0.2887949930484308,0.39438759928914524,1.2392472160357026,1.4719577909158665
E1,42,2027-04-10 15:00:00,Derby,West Ham,,,,,,,,,,,,,,,,,,,,0.2631017764009785,0.27680762818088794,0.46009059541813363,1.0661129573838235,1.657079414435289,1.508126777888012,1.6717108011988904,1.1219971640186865,1.5508060588743346,,,,,,,,,,,,,,E1-Derby-WestHam,0.24264402578431882,0.26305737207529967,0.49429860214038157,0.9909894494282562,1.7459531784964444
E1,42,2027-04-10 15:00:00,Middlesbrough,QPR,,,,,,,,,,,,,,,,,,,,0.5143470610994161,0.26482699010757943,0.2208259487930045,1.8078681734058277,0.927304836486593,1.6255632075886002,1.3923662694731929,1.6834717928439942,1.0335783512359948,,,,,,,,,,,,,,E1-Middlesb-QPR,0.5176209944987094,0.2600204593931404,0.22235854610815026,1.8128834428892684,0.927096097717591
E1,42,2027-04-10 15:00:00,Norwich,Sheffield United,,,,,,,,,,,,,,,,,,,,0.42097744580164587,0.282663523688499,0.2963590305098551,1.5455958610934366,1.1717406152180643,1.6825939700741501,1.5769187289255873,1.4604763995813932,1.1913920693951128,,,,,,,,,,,,,,E1-Norwich-Sheffiel,0.43491760790238665,0.2791217963740405,0.28596059572357285,1.5838746200812004,1.137003583544759
E1,42,2027-04-10 15:00:00,Southampton,Lincoln,,,,,,,,,,,,,,,,,,,,0.5783318882028414,0.24550467579009977,0.1761634360070588,1.980500340398624,0.7739949838112763,1.5281100712966067,1.2319073648886112,1.8546114465626444,0.9382019092057982,,,,,,,,,,,,,,E1-Southamp-Lincoln,0.5681191646131375,0.2457499385785188,0.18613089680834372,1.9501074324179313,0.8041426290035499
E1,42,2027-04-10 15:00:00,Watford,West Brom,,,,,,,,,,,,,,,,,,,,0.38707674194660746,0.2856623165418712,0.32726094151152135,1.4468925423816936,1.2674451410764354,1.6758549648615775,1.6245936045072984,1.3849728070000709,1.2563423564748089,,,,,,,,,,,,,,E1-Watford-WestBrom,0.379569178532299,0.28526852167801003,0.335162299789691,1.423976057274907,1.2907554210470829
E1,42,2027-04-10 15:00:00,Wolves,Birmingham,,,,,,,,,,,,,,,,,,,,0.4734765050184982,0.2742528514927198,0.2522706434887821,1.6946823665482145,1.0310647819590661,1.6635930731697468,1.4815940582954616,1.5826624782806524,1.0994131875106263,,,,,,,,,,,,,,E1-Wolves-Birmingh,0.4802878390773502,0.2702290407707661,0.24948312015188373,1.7110925580028167,1.0186784012264174
E1,42,2027-04-10 15:00:00,Wrexham,Swansea,,,,,,,,,,,,,,,,,,,,0.46397142746525605,0.27609493948728686,0.25993363304745715,1.6680092218830551,1.0558958386296584,1.6695830223876764,1.5005816148789715,1.5599882161781335,1.1153930407646815,,,,,,,,,,,,,,E1-Wrexham-Swansea,0.4570222813888782,0.27750132881944906,0.2654763897916727,1.6485681729860835,1.073930498194467
E1,43,2027-04-17 15:00:00,Birmingham,Wrexham,,,,,,,,,,,,,,,,,,,,0.4352816298568205,0.28080815479615107,0.2839102153470284,1.5866530443666127,1.1325388008372363,1.680874940309696,1.5533559575175613,1.4930699976288273,1.1653840762746064,,,,,,,,,,,,,,E1-Birmingh-Wrexham,0.4406790168580713,0.278513998291618,0.2808069848503107,1.600551048865832,1.12093495284255
E1,43,2027-04-17 15:00:00,Burnley,Norwich,,,,,,,,,,,,,,,,,,,,0.44441545893907064,0.27944867687540853,0.27613586418552083,1.6126950536926206,1.107856269431971,1.6784024711224004,1.5373259408253723,1.514140092059844,1.1491671141425857,,,,,,,,,,,,,,E1-Burnley-Norwich,0.4373994000471919,0.2779650562638862,0.2846355436889219,1.590163256405462,1.131871687330652
E1,43,2027-04-17 15:00:00,Lincoln,Bolton,,,,,,,,,,,,,,,,,,,,0.3817759547160684,0.2859450488936759,0.3322789963902557,1.431272913041881,1.282782038064443,1.6733864897308988,1.6309262592252114,1.373362686307043,1.2669632117928298,,,,,,,,,,,,,,E1-Lincoln-Bolton,0.4046578164707187,0.28250401037820005,0.3128381731510813,1.496477459790356,1.221018529831444
E1,43,2027-04-17 15:00:00,Millwall,Southampton,,,,,,,,,,,,,,,,,,,,0.3950806948210152,0.28513780959236945,0.3197814955866153,1.470379894055415,1.2444822963522153,1.6788470301390928,1.6144350839378236,1.4025976034219856,1.240555377932229,,,,,,,,,,,,,,E1-Millwall-Southamp,0.4162563863347618,0.27495650521127624,0.30878710845396196,1.5237256642155619,1.2013178305731622
E1,43,2027-04-17 15:00:00,Portsmouth,Bristol City,,,,,,,,,,,,,,,,,,,,0.38483560280130125,0.28578819691894514,0.3293762002797536,1.440295005322849,1.273916797758206,1.6748589197727108,1.627309991826206,1.3800582258229992,1.2608163680647235,,,,,,,,,,,,,,E1-Portsmou-BristolC,0.3890992445381156,0.284981108478465,0.3259196469834194,1.4522788420928119,1.2627400494287233
E1,43,2027-04-17 15:00:00,Preston,Charlton,,,,,,,,,,,,,,,,,,,,0.44685367796148767,0.27906320402943735,0.274083118009075,1.6196242379139003,1.1013125580566623,1.6775636336446444,1.5329219155778029,1.5198003999693008,1.1448871838927974,,,,,,,,,,,,,,E1-Preston-Charlton,0.45412336799913056,0.27911122668864613,0.2667654053122233,1.6414813306860379,1.0794074426253162
E1,43,2027-04-17 15:00:00,QPR,Blackburn,,,,,,,,,,,,,,,,,,,,0.4202626798947826,0.2827473016884717,0.2969900184167457,1.5435353413728194,1.1737173569387087,1.6826100706746092,1.5780450334599947,1.458860019604754,1.1927121016527784,,,,,,,,,,,,,,E1-QPR-Blackbur,0.4442066067959499,0.27839742412628954,0.27739596907776054,1.6110172445141395,1.1105853313595713
E1,43,2027-04-17 15:00:00,Sheffield United,Cardiff,,,,,,,,,,,,,,,,,,,,0.5220885627229978,0.2627768160081589,0.21513462126884336,1.8290425041771523,0.908180679814689,1.6161773984285102,1.3741962602390787,1.7032390569319111,1.021582961545226,,,,,,,,,,,,,,E1-Sheffiel-Cardiff,0.49004910096665716,0.2677328142792824,0.24221808475406037,1.737880117179254,0.9943870685414635
E1,43,2027-04-17 15:00:00,Stoke,Wolves,,,,,,,,,,,,,,,,,,,,0.33123234570855686,0.28589060410884387,0.38287705018259927,1.2795876412345144,1.4345217546566416,1.6296371838857475,1.6739313911690674,1.2647459015807754,1.3757704198331189,,,,,,,,,,,,,,E1-Stoke-Wolves,0.3135378971596565,0.28611586005036554,0.40034624278997794,1.226729551529335,1.4871545884202992
E1,43,2027-04-17 15:00:00,Swansea,Derby,,,,,,,,,,,,,,,,,,,,0.39064835168145906,0.28544265703177585,0.3239089912867651,1.457387712076153,1.2571696308920712,1.677298878854344,1.6201480977753548,1.3928232364089446,1.249261180109377,,,,,,,,,,,,,,E1-Swansea-Derby,0.42053557820451504,0.2796355765205845,0.29982884527490045,1.5412423111341296,1.1791221123452857
E1,43,2027-04-17 15:00:00,West Brom,Middlesbrough,,,,,,,,,,,,,,,,,,,,0.355951268684185,0.2865583746461998,0.35749035666961515,1.3544121806987546,1.3590294446550453,1.6556874375787085,1.6570105532333352,1.3174387837301011,1.3207444789757057,,,,,,,,,,,,,,E1-WestBrom-Middlesb,0.34429802958421346,0.28356197095184266,0.3721399994639438,1.316456059704483,1.3999819693436741
E1,43,2027-04-17 15:00:00,West Ham,Watford,,,,,,,,,,,,,,,,,,,,0.6190244816923492,0.23054309588417804,0.1504324224234727,2.0876165409612257,0.6818403631545962,1.4436206090204085,1.119528616868641,1.97442599960238,0.8812687841177184,,,,,,,,,,,,,,E1-WestHam-Watford,0.6442491739153628,0.2164633948115023,0.13928743127313484,2.149210916557591,0.6343256886309069
E1,44,2027-04-20 19:45:00,Bolton,Sheffield United,,,,,,,,,,,,,,,,,,,,0.31339009666272766,0.284589734902031,0.40202016843524135,1.224760024890214,1.490650240207755,1.6050634862975026,1.6807331121877653,1.2271022558837286,1.4179747381744443,,,,,,,,,,,,,,E1-Bolton-Sheffiel,0.32035749531312796,0.284548080607634,0.39509442407923806,1.245620566547018,1.4698313528453482
E1,44,2027-04-20 19:45:00,Charlton,West Brom,,,,,,,,,,,,,,,,,,,,0.33061447864870797,0.285857347944246,0.38352817340704604,1.2777007838903698,1.4364418681653839,1.628868362628552,1.6742456679892022,1.2634374753992117,1.377195178930566,,,,,,,,,,,,,,E1-Charlton-WestBrom,0.3225065543336474,0.2874518975482348,0.3900415481181178,1.254971560549177,1.4575765419025881
E1,44,2027-04-20 19:45:00,Derby,Portsmouth,,,,,,,,,,,,,,,,,,,,0.4566962400384565,0.27741201259909165,0.2658917473624519,1.647500732714461,1.0750872546864474,1.6734195086505137,1.5146251336719165,1.5428097015080904,1.1278124569084294,,,,,,,,,,,,,,E1-Derby-Portsmou,0.4383429809097116,0.2778628305499905,0.2837941885402979,1.592891773279125,1.1292453961708842
E1,44,2027-04-20 19:45:00,Middlesbrough,Burnley,,,,,,,,,,,,,,,,,,,,0.41709177112838347,0.28310855969003834,0.2997996691815782,1.5343838730751886,1.182507567234773,1.6826006298922733,1.582981435756741,1.4517028575057727,1.1985923916892758,,,,,,,,,,,,,,E1-Middlesb-Burnley,0.44198709456130986,0.2768305828872451,0.2811823225514451,1.6027918665711747,1.1203775505415803
E1,44,2027-04-20 19:45:00,Norwich,Stoke,,,,,,,,,,,,,,,,,,,,0.4370776281547229,0.28055145985726193,0.2823709119880152,1.5917843443214306,1.1276641958213076,1.6804727144229612,1.5502631292120825,1.4971966542296626,1.162171979936239,,,,,,,,,,,,,,E1-Norwich-Stoke,0.4450577374839092,0.278833825408861,0.2761084371072298,1.6140070378605884,1.1071591367305504
E1,44,2027-04-20 19:45:00,Southampton,Birmingham,,,,,,,,,,,,,,,,,,,,0.4167137203484956,0.28315049349607685,0.3001357861554275,1.5332916545415636,1.1835578519623595,1.6825906787457314,1.58356337995317,1.4508510105916994,1.1992961284772978,,,,,,,,,,,,,,E1-Southamp-Birmingh,0.41571117301299454,0.27730493370663917,0.3069838932803663,1.5244384527456227,1.198256613547738
E1,44,2027-04-20 19:45:00,Wolves,West Ham,,,,,,,,,,,,,,,,,,,,0.3492975184134567,0.2865033332016749,0.3641991483848684,1.334395888442045,1.37910077835628,1.6495686118317503,1.662376711802593,1.303183421469634,1.3351919394721554,,,,,,,,,,,,,,E1-Wolves-WestHam,0.35505976698369734,0.28047753459042923,0.3644626984258734,1.3456568355415213,1.3738656298680496
E1,44,2027-04-20 19:45:00,Wrexham,Millwall,,,,,,,,,,,,,,,,,,,,0.41851357680476664,0.2829486795066102,0.2985377436886232,1.5384894099209103,1.1785619105724798,1.6826212063107193,1.580780195651965,1.4549093376890903,1.1959508093911433,,,,,,,,,,,,,,E1-Wrexham-Millwall,0.40726608801513214,0.28020582839189123,0.31252808359297657,1.5020040924372875,1.217790079170821
E1,44,2027-04-21 19:45:00,Blackburn,Lincoln,,,,,,,,,,,,,,,,,,,,0.49326144968681096,0.2699888917402761,0.2367496585729129,1.7497732408007092,0.9802378674590149,1.6476355446993578,1.4398695420958947,1.6307555827359062,1.0669900617974983,,,,,,,,,,,,,,E1-Blackbur-Lincoln,0.4676552657093351,0.27542097983058045,0.2569237544600844,1.6783867769585856,1.0461922432108337
E1,44,2027-04-21 19:45:00,Bristol City,Preston,,,,,,,,,,,,,,,,,,,,0.4714594899390814,0.2746551176329599,0.2538853924279587,1.689033587450204,1.036311294916836,1.6649560675497859,1.485682549512379,1.5778284809503091,1.1027814626289523,,,,,,,,,,,,,,E1-BristolC-Preston,0.470537725009592,0.27420133998096413,0.25526093500944386,1.6858145150097401,1.0399841450092957
E1,44,2027-04-21 19:45:00,Cardiff,QPR,,,,,,,,,,,,,,,,,,,,0.3761160532087411,0.2861890859546001,0.33769486083665884,1.4145372455808234,1.2992736684645767,1.6703179456978874,1.637330767919131,1.3610181332292046,1.2784546785365807,,,,,,,,,,,,,,E1-Cardiff-QPR,0.38667383142413014,0.27971335261399294,0.3336128159618769,1.4397348468863835,1.2805518004996237
E1,44,2027-04-21 19:45:00,Watford,Swansea,,,,,,,,,,,,,,,,,,,,0.4086084347524115,0.2839906966017792,0.3074008686458093,1.5098160008590136,1.206193302539207,1.6819222529235778,1.5956962313236236,1.4326608230138915,1.2145233345179065,,,,,,,,,,,,,,E1-Watford-Swansea,0.39132210030723447,0.2836590535247812,0.3250188461679843,1.4576253544464846,1.258715592028734
E1,45,2027-04-24 15:00:00,Bolton,Swansea,,,,,,,,,,,,,,,,,,,,0.3602783978616917,0.28654632736712254,0.35317527477118577,1.3673815209521976,1.3460721516806797,1.659319684280803,1.6532135627775395,1.3267409182940553,1.3114843870477135,,,,,,,,,,,,,,E1-Bolton-Swansea,0.34697833918006005,0.2844504495589706,0.36857121126096937,1.3253854670991507,1.3901640833418787
E1,45,2027-04-24 15:00:00,Bristol City,Derby,,,,,,,,,,,,,,,,,,,,0.40824086574813734,0.28402611405589545,0.3077330201959672,1.5087487113003075,1.2072251746437972,1.6818712319387927,1.5962306735258538,1.4318391585953372,1.2152202917169652,,,,,,,,,,,,,,E1-BristolC-Derby,0.4265730938413979,0.27922091307045405,0.2942059930881481,1.5589401945946477,1.1618388923348983
E1,45,2027-04-24 15:00:00,Burnley,Southampton,,,,,,,,,,,,,,,,,,,,0.4328829983610233,0.2811427996162335,0.2859742020227432,1.5797917946993032,1.1390654056844631,1.6813476702661978,1.5574406193938122,1.4875708960879417,1.1696921501865245,,,,,,,,,,,,,,E1-Burnley-Southamp,0.42472300771245,0.2784607545316586,0.29681623775589144,1.5526297776690086,1.168909467799333
E1,45,2027-04-24 15:00:00,Cardiff,West Brom,,,,,,,,,,,,,,,,,,,,0.3432240926063901,0.28637390096488047,0.37040200642872945,1.3160461787840507,1.3975799202510688,1.6434131897302902,1.6667623253344614,1.2902195776259353,1.3486076557617281,,,,,,,,,,,,,,E1-Cardiff-WestBrom,0.3666197820471595,0.28253336834565607,0.35084684960718443,1.3823927144871346,1.3350739171672095
E1,45,2027-04-24 15:00:00,Charlton,Wrexham,,,,,,,,,,,,,,,,,,,,0.30752978401832864,0.2840044737305112,0.40846574225116017,1.2065938257854971,1.5094017004839917,1.5959038694717864,1.681902660566987,1.2147938304009696,1.432341815092751,,,,,,,,,,,,,,E1-Charlton-Wrexham,0.2962906013813756,0.2854474003404951,0.4182619982781294,1.1743192044846218,1.5402333951748832
E1,45,2027-04-24 15:00:00,Middlesbrough,West Ham,,,,,,,,,,,,,,,,,,,,0.31336147444403484,0.28458707019621365,0.4020514553597515,1.224671493528318,1.4907414362754683,1.6050200731316457,1.6807401386053313,1.2270420808083808,1.4180442767322863,,,,,,,,,,,,,,E1-Middlesb-WestHam,0.3209187474136658,0.2763640886356007,0.40271716395073354,1.239120330876598,1.4845155804878014
E1,45,2027-04-24 15:00:00,Norwich,Blackburn,,,,,,,,,,,,,,,,,,,,0.4889253203742176,0.27097221197757515,0.2401024676482072,1.7377481731002278,0.9912796149221967,1.6515313822323545,1.449259145851141,1.6201069237766417,1.0740031873599272,,,,,,,,,,,,,,E1-Norwich-Blackbur,0.4989124257026745,0.26716140948206757,0.23392616481525796,1.7638986865900912,0.9689399039278415
E1,45,2027-04-24 15:00:00,Portsmouth,Preston,,,,,,,,,,,,,,,,,,,,0.4390426689488508,0.28026462312569833,0.28069270792545087,1.597392629972251,1.122342746902051,1.6799854293756908,1.5468457529311148,1.5017208097057115,1.1586707654007826,,,,,,,,,,,,,,E1-Portsmou-Preston,0.4419385832234899,0.279370055893355,0.2786913608831551,1.6051858055638246,1.1154441385428202
E1,45,2027-04-24 15:00:00,Sheffield United,Millwall,,,,,,,,,,,,,,,,,,,,0.42171112044148906,0.28257663533232336,0.2957122442261876,1.5477099966567907,1.169713368010886,1.6825704855543617,1.5757574700646413,1.4621367219013088,1.1900391898627427,,,,,,,,,,,,,,E1-Sheffiel-Millwall,0.39489249866704046,0.28094569940261904,0.3241618019303405,1.4656231954037402,1.2534311051936404
E1,45,2027-04-24 15:00:00,Stoke,Lincoln,,,,,,,,,,,,,,,,,,,,0.545549473530383,0.2560711492193227,0.1983793772502943,1.8927195698104717,0.8512092809702057,1.5836290410492322,1.3169283044621567,1.7646301860975064,0.9860422958353804,,,,,,,,,,,,,,E1-Stoke-Lincoln,0.5191772425377246,0.26457642240167856,0.21624633506059687,1.8221081500148522,0.9133154275834692
E1,45,2027-04-24 15:00:00,Watford,Birmingham,,,,,,,,,,,,,,,,,,,,0.3446392656784798,0.2864108927982518,0.3689498415232684,1.3203286898336912,1.393260417368057,1.6448964347066186,1.6657848759030551,1.2932363495685248,1.3454617174815209,,,,,,,,,,,,,,E1-Watford-Birmingh,0.33120024975369733,0.28216026076923884,0.38663948947706384,1.275761010030331,1.4420787292004302
E1,45,2027-04-24 15:00:00,Wolves,QPR,,,,,,,,,,,,,,,,,,,,0.5542237915226156,0.25340855366849246,0.19236765480889195,1.9160799282363392,0.8305115180951683,1.5700603859818583,1.2949680652597788,1.7879358542461092,0.9731892762638725,,,,,,,,,,,,,,E1-Wolves-QPR,0.5533127664965272,0.25189035382095315,0.19479687968251969,1.9118286533105346,0.8362809928685122
E1,46,2027-05-01 12:30:00,Birmingham,Burnley,,,,,,,,,,,,,,,,,,,,0.3995763533169382,0.28479252388175513,0.3156311228013067,1.48352158383257,1.2316858922856753,1.680143414037102,1.6084224918379553,1.4125489843625194,1.2318156887035379,,,,,,,,,,,,,,E1-Birmingh-Burnley,0.41779990725371874,0.28041545057990264,0.3017846421663786,1.5338151723410587,1.1857693770790385
E1,46,2027-05-01 12:30:00,Blackburn,Watford,,,,,,,,,,,,,,,,,,,,0.4075840140039424,0.28408882095711646,0.30832716503894114,1.5068408629689436,1.2090703160739398,1.6817755606796077,1.59718227709645,1.4303715184018675,1.2164671748666218,,,,,,,,,,,,,,E1-Blackbur-Watford,0.4084603597216717,0.2836669061710577,0.30787273410727056,1.5090479853360728,1.2072851084928695
E1,46,2027-05-01 12:30:00,Derby,Wolves,,,,,,,,,,,,,,,,,,,,0.3235016322890355,0.2854142644465046,0.3910841032644599,1.2559191613136111,1.4586665742398843,1.6195960152931397,1.6774630190219235,1.24840130792364,1.3937825833377204,,,,,,,,,,,,,,E1-Derby-Wolves,0.2981693524761325,0.2796182550535394,0.4222123924703281,1.174126312481937,1.5462554324645237
E1,46,2027-05-01 12:30:00,Lincoln,Charlton,,,,,,,,,,,,,,,,,,,,0.391259652328434,0.28540272852730236,0.3233376191442637,1.4591816855126045,1.2554155859600935,1.6775284081478032,1.6193730073541508,1.3941691676009158,1.24805514311738,,,,,,,,,,,,,,E1-Lincoln-Charlton,0.4156621645014885,0.28425893727328966,0.3000788982252218,1.531245430777755,1.184495631948955
E1,46,2027-05-01 12:30:00,Millwall,Stoke,,,,,,,,,,,,,,,,,,,,0.42698977911193087,0.281924934259633,0.2910852866284362,1.5628942715954257,1.1551807941449417,1.6821944420812147,1.5672498467542206,1.4741182547604967,1.1803666323111246,,,,,,,,,,,,,,E1-Millwall-Stoke,0.45447893583121346,0.27510632095845766,0.2704147432103289,1.6385431284520982,1.0863505505894442
E1,46,2027-05-01 12:30:00,Preston,Cardiff,,,,,,,,,,,,,,,,,,,,0.43318072407511565,0.2811017726708192,0.28571750325406514,1.5806439448961662,1.1382542824330146,1.6812930088099454,1.5569364904803085,1.4882527081019292,1.1691562800642514,,,,,,,,,,,,,,E1-Preston-Cardiff,0.41418620845076726,0.2791375514591746,0.3066762400900581,1.5216961768114765,1.199166271729349
E1,46,2027-05-01 12:30:00,QPR,Norwich,,,,,,,,,,,,,,,,,,,,0.3504663985910722,0.2865195219640149,0.3630140794449129,1.3379187177372316,1.3755617602987535,1.6506906140120265,1.6614760805720254,1.3056835924728933,1.3326352647999007,,,,,,,,,,,,,,E1-QPR-Norwich,0.3669442587760229,0.2820126617459404,0.3510430794780367,1.382845438074009,1.3351419001800504
E1,46,2027-05-01 12:30:00,Southampton,Sheffield United,,,,,,,,,,,,,,,,,,,,0.43244212932841336,0.28120328566203573,0.28635458500955097,1.5785296736472758,1.1402670406906885,1.6814265190327808,1.558185626662494,1.4865616663574932,1.1704862565597456,,,,,,,,,,,,,,E1-Southamp-Sheffiel,0.44953780014431965,0.27580638543265573,0.2746558144230246,1.6244197858656149,1.0997738287017296
E1,46,2027-05-01 12:30:00,Swansea,Middlesbrough,,,,,,,,,,,,,,,,,,,,0.33540209378006375,0.28609344999310965,0.37850445622682666,1.292299731333301,1.4216068186735895,1.6346736984095618,1.6716676091353055,1.2735860861435349,1.3662209558749054,,,,,,,,,,,,,,E1-Swansea-Middlesb,0.33400547204436787,0.2821367211011927,0.3838578068544394,1.2841531372342962,1.4337101416645108
E1,46,2027-05-01 12:30:00,West Brom,Bolton,,,,,,,,,,,,,,,,,,,,0.49671239691202373,0.2691870268642713,0.23410057622370495,1.7593242176003425,0.9714887555353862,1.6443768964374277,1.4323018107459227,1.6392757696159157,1.061444347711968,,,,,,,,,,,,,,E1-WestBrom-Bolton,0.5023112950282946,0.26705224913852654,0.23063645583317882,1.7739861342234104,0.958961616638063
E1,46,2027-05-01 12:30:00,West Ham,Portsmouth,,,,,,,,,,,,,,,,,,,,0.6253007060100453,0.2280602393072484,0.14663905468270633,2.1039623573373842,0.6679774033553674,1.4291089923049727,1.1016179200582261,1.9938321939907089,0.8726912953077275,,,,,,,,,,,,,,E1-WestHam-Portsmou,0.6384256053628625,0.2193608256084357,0.14221356902870178,2.134637641697023,0.6460015326945411
E1,46,2027-05-01 12:30:00,Wrexham,Bristol City,,,,,,,,,,,,,,,,,,,,0.44585511581578025,0.27922221335881636,0.27492267082540345,1.616787560806157,1.1039902258350267,1.677916238923316,1.534731832048174,1.5174803838641995,1.1466375569015026,,,,,,,,,,,,,,E1-Wrexham-BristolC,0.45046495945776666,0.2789104376724338,0.27062460286979956,1.6303053160457337,1.0907842462818325
E2,1,2026-08-15 12:30:00,Notts County,Leicester,1.0,1.0,2.08,1.18,oddalerts.com,,,3.6,3.4,1.96,3.56,3.38,2.02,3.6,3.46,1.99,3.5,3.4,1.96,0.25508038176502346,0.27346649168816756,0.471453126546809,1.038707636983238,1.6878258713285945,1.4902763724460766,1.6677884586833196,1.1139733617747114,1.588009247529709,0.5712066752342924,0.22770887306968465,0.201084451696023,1.9413288987725617,0.8309622281577537,0.25977348012103196,0.2702845457906691,0.4699419740882989,1.0496049861537649,1.6801104680555659,closing avg,1.0,1.0,E2-NottsCou-Leiceste,,,,,
E2,1,2026-08-15 12:30:00,Oxford,MK Dons,2.0,2.0,1.22,2.31,oddalerts.com,,,2.1,3.3,3.3,2.18,3.32,3.23,2.2,3.32,3.18,2.2,3.3,3.1,0.3779649675650203,0.2847577273328791,0.33727730510210063,1.4186526300279398,1.296589642639181,1.673867150732871,1.639108771852586,1.3746393936139625,1.2868829514257214,0.18210229011620083,0.20842387888982827,0.6094738309939709,0.7547307492384308,2.036845371871741,0.4247232234809475,0.28144309989701344,0.29383367662203913,1.555612770339856,1.1629441297631309,closing avg,1.0,1.0,E2-Oxford-MKDons,,,,,
E2,1,2026-08-15 12:30:00,Reading,Luton,3.0,4.0,1.62,1.7,oddalerts.com,,,3.3,3.4,2.05,3.15,3.41,2.16,2.93,3.44,2.28,2.85,3.4,2.25,0.3459371310839701,0.28503733235213513,0.3690255365638948,1.3228487256040455,1.3921139420438196,1.6485427612756187,1.6682859337944054,1.305381037354165,1.3551598723890836,0.35859740164030574,0.24919883934547044,0.39220375901422383,1.3249910442663877,1.425810116388142,0.31879298291251396,0.27153006974815874,0.40967694733932725,1.2279090184857004,1.5005609117661405,closing avg,0.0,3.0,E2-Reading-Luton,,,,,
E2,1,2026-08-15 15:00:00,Barnsley,Bromley,0.0,1.0,1.34,0.94,oddalerts.com,,,2.05,3.5,3.3,2.1,3.43,3.28,2.22,3.45,3.02,2.15,3.4,3.0,0.49100762886845095,0.2693537279021782,0.23963864322937084,1.7423766145075312,0.9882696575902907,1.652546120935511,1.4494246008528853,1.6355298399995868,1.081606679827038,0.446642459400394,0.30360817193879786,0.2497493686608082,1.6435355501399798,1.0528562779212225,0.4204193298469881,0.270530699205888,0.3090499709471237,1.5317886887468524,1.1976806120472592,closing avg,0.0,3.0,E2-Barnsley-Bromley,,,,,
E2,1,2026-08-15 15:00:00,Blackpool,Wycombe,1.0,1.0,2.55,1.34,oddalerts.com,,,2.45,3.3,2.65,2.54,3.35,2.62,2.67,3.35,2.51,2.57,3.3,2.5,0.40346921165632976,0.2831475248397599,0.3133832635039103,1.4935551598087493,1.2232973153514908,1.6836634143553892,1.607140574628788,1.4309606423930221,1.2362324634181887,0.6293573858033973,0.19219897969771224,0.17844363449889047,2.080271137107904,0.7275298831943837,0.3495574669399327,0.2786025184267523,0.3718400146333149,1.3272749192465505,1.394122562326697,closing avg,1.0,1.0,E2-Blackpoo-Wycombe,,,,,
E2,1,2026-08-15 15:00:00,Bradford,Peterborough,2.0,0.0,1.39,1.46,oddalerts.com,,,1.62,3.8,4.75,1.66,3.84,4.75,1.62,4.04,4.78,1.61,4.0,4.5,0.46509516216622504,0.27468162385784506,0.2602232139759299,1.6699671103565201,1.0553512657856348,1.671747933681364,1.5029242554458726,1.5728114225498944,1.1247375080300712,0.347479033147056,0.2735483825680996,0.3789725842848443,1.3159854820092676,1.4104661354226324,0.5747449374397314,0.23046702936939728,0.19478803319087135,1.9547018416885915,0.8148311289420114,closing avg,3.0,0.0,E2-Bradford-Peterbor,,,,,
E2,1,2026-08-15 15:00:00,Burton,Stevenage,1.0,1.0,0.96,0.44,oddalerts.com,,,2.25,3.2,3.1,2.33,3.09,3.11,2.81,3.1,2.56,2.7,3.2,2.45,0.3767813564112027,0.28480344839197563,0.33841519519682167,1.4151475176255839,1.3000490339824406,1.6731931594509475,1.6404127144046936,1.3720529959722314,1.2893087987075116,0.46244604157478797,0.3831217098553611,0.15443224856985094,1.7704598345797251,0.8464184555649139,0.332877528250128,0.3017373723815676,0.36538509936830454,1.3003699571319518,1.3978926704864811,closing avg,1.0,1.0,E2-Burton-Stevenag,,,,,
E2,1,2026-08-15 15:00:00,Cambridge,Wigan,3.0,2.0,2.27,2.36,oddalerts.com,,,2.35,3.2,2.85,2.37,3.17,2.94,2.16,3.26,3.33,2.1,3.3,3.25,0.3788909037790654,0.2847201256868528,0.3363889705340818,1.421392837024049,1.293887037289098,1.674380662555167,1.6380771952288293,1.376664310873638,1.2849900923758122,0.38301221221042203,0.20156355560607214,0.4154242321835058,1.3506001922373383,1.4478362521565897,0.43267092330870216,0.28667766697754504,0.2806514097137528,1.5846904369036514,1.1286318961188035,closing avg,3.0,0.0,E2-Cambridg-Wigan,,,,,
E2,1,2026-08-15 15:00:00,Huddersfield,AFC Wimbledon,3.0,0.0,0.99,0.4,oddalerts.com,,,1.57,3.75,5.25,1.61,4.05,4.95,1.59,4.03,5.13,1.56,3.8,5.5,0.5399500892747006,0.25669433912203077,0.20335557160326867,1.8765446069461325,0.8667610539318368,1.5948254807357207,1.3356197589384202,1.7603813135350321,1.0048959202183647,0.4855874656362646,0.37764109410506463,0.13677144025867072,1.8344034910138585,0.7879554148810768,0.5866883476217638,0.23147257387558423,0.18183907850265196,1.9915376167408756,0.7769898093835401,closing avg,3.0,0.0,E2-Huddersf-AFCWimbl,,,,,
E2,1,2026-08-15 15:00:00,Leyton Orient,Sheffield Wed,1.0,2.0,0.88,2.8,oddalerts.com,,,2.85,3.4,2.25,2.93,3.38,2.3,2.36,3.43,2.8,2.25,3.4,2.82,0.3080031194334433,0.28260786336882665,0.4093890171977301,1.2066172216691564,1.5107749149620169,1.5987108186412222,1.6846681744699077,1.224892399537968,1.4442084877555537,0.08422804347750236,0.15037691269646944,0.7653950438260282,0.4030610431289765,2.4465620441745544,0.39511577007257226,0.27185808086625957,0.33302614906116806,1.4572053910839764,1.2709365280497638,closing avg,0.0,3.0,E2-LeytonOr-Sheffiel,,,,,
E2,1,2026-08-15 15:00:00,Mansfield,Doncaster,2.0,1.0,1.17,0.98,oddalerts.com,,,2.05,3.4,3.3,2.1,3.43,3.28,2.19,3.48,3.07,2.1,3.4,3.1,0.4082272592871581,0.2827185726002526,0.3090541681125893,1.5074003504617268,1.2098810769380204,1.6845080896125384,1.6003938652808523,1.4416030190185676,1.2271061982128213,0.38806227826460327,0.3202858656407355,0.2916518560946612,1.4844727004345453,1.195241433924719,0.4268642046339914,0.2686300598127704,0.3045057355532382,1.5492226737147445,1.182147266472485,closing avg,3.0,0.0,E2-Mansfiel-Doncaste,,,,,
E2,1,2026-08-15 15:00:00,Plymouth,Stockport,1.0,3.0,1.7,1.34,oddalerts.com,,,2.05,3.5,3.2,2.13,3.56,3.1,2.26,3.51,2.91,2.25,3.4,2.85,0.42197615512197206,0.28126039163318284,0.2967634532448451,1.547188856999099,1.1715507513677181,1.6852524285087536,1.5796003078065237,1.4726200469126212,1.2012603004479978,0.4488994203680112,0.2588150658015307,0.2922855138304581,1.6055133269055644,1.135671607292905,0.41313659584278795,0.26600817851985775,0.3208552256373542,1.5054179660482216,1.2285738554319203,closing avg,0.0,3.0,E2-Plymouth-Stockpor,,,,,
E2,2,2026-08-20 20:00:00,Sheffield Wed,Bradford,0.0,1.0,1.66,0.6,oddalerts.com,,,2.4,3.3,2.7,2.44,3.36,2.68,2.67,3.4,2.46,2.57,3.4,2.4,0.4661499489268481,0.2744842509597825,0.25936580011336935,1.6729340977403266,1.0525816512998905,1.671125295919175,1.5008483193269022,1.575324541946256,1.122943211317247,0.6215624551826902,0.25799946336752705,0.1204380814497828,2.1226868289155973,0.6193137077168754,0.34835195042107103,0.27355873753654697,0.37808931204238194,1.31861458879976,1.4078266736636929,closing avg,0.0,3.0,E2-Sheffiel-Bradford,,,,,
E2,2,2026-08-22 12:30:00,Doncaster,Barnsley,0.0,0.0,1.49,0.67,oddalerts.com,,,1.96,3.5,3.5,1.97,3.62,3.46,1.87,3.77,3.71,1.81,3.7,3.8,0.40804986818582034,0.28273527149103417,0.3092148603231455,1.5068848760484954,1.2103798524604708,1.684482055499728,1.6006496271571127,1.441205427542826,1.2274447252228609,0.5587169388002897,0.28560767849299035,0.15567538270671993,1.9617584948938596,0.7526338266131501,0.49998391380660107,0.24800263098629818,0.25201345520710083,1.7479543724061013,1.0040429966076008,closing avg,1.0,1.0,E2-Doncaste-Barnsley,,,,,
E2,2,2026-08-22 12:30:00,Luton,Notts County,2.0,2.0,2.19,0.55,oddalerts.com,,,1.57,3.9,5.0,1.6,4.0,5.04,1.51,4.32,5.73,1.46,4.2,5.75,0.5044395000819746,0.2662089603648593,0.22935153955316612,1.7795274606107832,0.9542635790243577,1.6394464780347682,1.419753838090978,1.6689029589679114,1.059977747953656,0.7443419572105305,0.18470591972271316,0.0709521230667563,2.4177317913543046,0.39756228892298207,0.6199388415967303,0.21669158583589412,0.1633695725673757,2.0765081106260848,0.7068003035380211,closing avg,1.0,1.0,E2-Luton-NottsCou,,,,,
E2,2,2026-08-22 15:00:00,AFC Wimbledon,Reading,0.0,0.0,0.45,1.07,oddalerts.com,,,2.5,3.25,2.57,2.54,3.32,2.63,2.84,3.33,2.38,2.85,3.25,2.25,0.33881621191804906,0.28481890903121476,0.3763648790507361,1.3012675447853619,1.4139135461834231,1.6408675931819323,1.6729513044068567,1.2901640534008014,1.3711434567852154,0.14367522064986282,0.3584592958902111,0.4978654834599261,0.7894849578397996,1.8520557462699894,0.32828538054329004,0.2799791233462293,0.39173549611048053,1.2648352649760994,1.455185611677671,closing avg,1.0,1.0,E2-AFCWimbl-Reading,,,,,
E2,2,2026-08-22 15:00:00,Bromley,Cambridge,1.0,1.0,0.66,1.05,oddalerts.com,,,2.65,3.1,2.55,2.67,3.27,2.54,2.66,3.28,2.55,2.57,3.1,2.55,0.3707214546176084,0.2849959976058942,0.34428254777649736,1.3971603614587194,1.3178436409353864,1.6694320135329108,1.6468270656405346,1.3588458484601516,1.3018400887816939,0.2147334780876024,0.3547354806153429,0.43053104129705466,0.99893591487815,1.6463286045065069,0.3503715681264086,0.2841427961025143,0.3654856357710773,1.33525750048174,1.3805997034157462,closing avg,1.0,1.0,E2-Bromley-Cambridg,,,,,
E2,2,2026-08-22 15:00:00,Leicester,Burton,1.0,2.0,1.1,0.96,oddalerts.com,,,1.49,4.2,5.5,1.53,4.23,5.47,1.54,4.13,5.49,1.49,4.0,5.5,0.6197690878855812,0.22939234167510114,0.1508385704393177,2.0886996053318443,0.6819080529930542,1.4446480913319295,1.1219408828921824,1.9878112188942734,0.889923541624849,0.37170959740434395,0.3289520138446848,0.29933838875097124,1.4440808060577168,1.2269671800975985,0.6048174773597237,0.2255251610493885,0.16965736159088787,2.0399775931285595,0.7344972458220521,closing avg,0.0,3.0,E2-Leiceste-Burton,,,,,
E2,2,2026-08-22 15:00:00,MK Dons,Huddersfield,1.0,1.0,1.46,2.06,oddalerts.com,,,2.57,3.3,2.5,2.59,3.38,2.55,2.47,3.38,2.7,2.4,3.3,2.65,0.4001881796777167,0.2834202292142391,0.3163915911080442,1.4839847682473892,1.2325950025383718,1.682903053923432,1.6116541089040681,1.4236480230740742,1.2425824159683863,0.2635531181273735,0.23049085979857534,0.5059560220740512,1.0211502141806958,1.7483589260207288,0.3779883695886281,0.27622227008399747,0.34578936032737456,1.4101873788498818,1.313590351066121,closing avg,1.0,1.0,E2-MKDons-Huddersf,,,,,
E2,2,2026-08-22 15:00:00,Peterborough,Mansfield,2.0,1.0,1.72,0.87,oddalerts.com,,,2.75,3.5,2.25,2.72,3.58,2.36,2.78,3.62,2.29,2.75,3.5,2.25,0.40517673877299376,0.28299812653816125,0.311825134688845,1.4985283428571425,1.218473530604696,1.6840015811489315,1.6047465939534928,1.4347746722451522,1.2329462139388396,0.5637441051585669,0.2594054410913462,0.1768504537500869,1.9506377565670467,0.7899568023416069,0.3353533228693021,0.25753652971730934,0.4071101474133886,1.2635964983252157,1.4788669719574752,closing avg,3.0,0.0,E2-Peterbor-Mansfiel,,,,,
E2,2,2026-08-22 15:00:00,Stevenage,Oxford,1.0,2.0,0.88,1.32,oddalerts.com,,,2.32,3.2,2.85,2.35,3.18,2.98,2.61,3.07,2.76,2.57,3.0,2.7,0.38793664414240153,0.2842689535328335,0.32779440232476503,1.4480788859600382,1.2676521605071287,1.6787662908511818,1.6274765744173276,1.3965217575830555,1.2667185386796895,0.23633645869591252,0.3078222035481069,0.4558413377559806,1.0168315796358445,1.6753462168160487,0.357677452035712,0.30408408788703856,0.33823846007724945,1.3771164439941745,1.318799468118787,closing avg,0.0,3.0,E2-Stevenag-Oxford,,,,,
E2,2,2026-08-22 15:00:00,Stockport,Blackpool,1.0,2.0,3.01,1.85,oddalerts.com,,,1.56,3.7,5.5,1.58,3.94,5.42,1.58,4.04,5.2,1.56,3.8,5.25,0.4387751303378022,0.279050322665266,0.28217454699693173,1.5953757136786726,1.1255739636560613,1.6828028279097516,1.551704497977235,1.5110949325812437,1.1706742983898464,0.6102047386842049,0.1731704357959311,0.216624825519864,2.003784651848546,0.8230449123555232,0.5899930351164934,0.2307398503673415,0.17926711451616528,2.0007189557168217,0.7685411939158373,closing avg,0.0,3.0,E2-Stockpor-Blackpoo,,,,,
E2,2,2026-08-22 15:00:00,Wigan,Leyton Orient,0.0,2.0,1.61,0.73,oddalerts.com,,,2.15,3.1,3.25,2.21,3.22,3.23,1.99,3.42,3.63,1.91,3.3,3.75,0.4271090150685386,0.2806343404318992,0.2922566444995622,1.561961385637515,1.1574042739305856,1.6848921058260808,1.5713594876151726,1.4843058445419839,1.1918028932547016,0.5733193553985316,0.270128294969837,0.1565523496316314,1.9900863611654318,0.7397853438647312,0.46946577875594175,0.27316868412991935,0.2573655371141389,1.6815660203977445,1.045265295472336,closing avg,0.0,3.0,E2-Wigan-LeytonOr,,,,,
E2,2,2026-08-22 15:00:00,Wycombe,Plymouth,1.0,1.0,2.26,0.93,oddalerts.com,,,2.4,3.3,2.7,2.45,3.44,2.67,2.43,3.43,2.7,2.4,3.3,2.75,0.3841678079717088,0.28447530868736776,0.33135688334092345,1.436978732602494,1.278545958710138,1.6770777024808767,1.6320074902216528,1.3882313973764444,1.274283237897625,0.6651673204166246,0.2026269076941111,0.13220577188926427,2.198128868943985,0.5992442233619039,0.38336872694758023,0.27159941879959765,0.34503185425282223,1.4217055996423382,1.3066949815580642,closing avg,1.0,1.0,E2-Wycombe-Plymouth,,,,,
E2,3,2026-08-29 12:30:00,Blackpool,Peterborough,4.0,0.0,4.09,1.55,oddalerts.com,,,1.71,3.8,4.2,1.77,3.88,3.97,2.15,3.56,3.02,2.15,3.5,3.0,0.44859450412904844,0.2775472014553585,0.27385829441559306,1.623330713842504,1.0991220847021377,1.6796951321123812,1.5342024941157226,1.5339039961350809,1.1532664393973036,0.805222930866727,0.1047708015206501,0.09000626761262287,2.5204395941208313,0.3747896043585187,0.43180631531596664,0.2607819039127327,0.3074117807713008,1.5562008498606326,1.183017246226635,closing avg,3.0,0.0,E2-Blackpoo-Peterbor,,,,,
E2,3,2026-08-29 12:30:00,MK Dons,Leicester,0.0,0.0,0.7,1.51,oddalerts.com,,,2.7,3.4,2.35,2.73,3.47,2.38,2.37,3.56,2.69,2.35,3.5,2.65,0.30768117131444683,0.28257343524655376,0.4097453934389994,1.2056169491898943,1.511809615563552,1.598191748902627,1.6847136624871335,1.2242144334789076,1.4450082858220756,0.1609533253836124,0.2833325212277991,0.5557141533885885,0.7661924973786363,1.9504749813935647,0.3926540352373415,0.2614017032338482,0.34594426152881025,1.4393638089458727,1.299234487820279,closing avg,1.0,1.0,E2-MKDons-Leiceste,,,,,
E2,3,2026-08-29 15:00:00,Cambridge,Huddersfield,1.0,2.0,1.14,1.15,oddalerts.com,,,3.0,3.3,2.3,2.81,3.4,2.35,2.71,3.32,2.49,2.65,3.2,2.55,0.319099390935893,0.2836480997813955,0.3972525092827115,1.2409462725890745,1.47540562762953,1.6155949667517149,1.682098917284912,1.2483040221739974,1.4171227269773423,0.34203687104894853,0.3109769552943227,0.3469861736567288,1.3370875684411683,1.351935476264509,0.34427929484963704,0.2810231593501556,0.37469754580020737,1.3138610438990668,1.4051157967507777,closing avg,0.0,3.0,E2-Cambridg-Huddersf,,,,,
E2,3,2026-08-29 15:00:00,Leyton Orient,Barnsley,1.0,3.0,0.5,1.99,oddalerts.com,,,2.15,3.4,3.0,2.22,3.51,2.95,2.05,3.66,3.21,2.01,3.6,3.3,0.3946862141643478,0.28383472428061024,0.32147906155504197,1.4678933667736538,1.2482719089457361,1.6812997155416478,1.618963519612956,1.411431793080128,1.2533372201709874,0.07429875237193564,0.20484236516546594,0.7208588824625984,0.4277386222812729,2.3674190125532615,0.45480622945869675,0.25474119409571805,0.2904525764455851,1.6191598824718083,1.1260989234324734,closing avg,0.0,3.0,E2-LeytonOr-Barnsley,,,,,
E2,3,2026-08-29 15:00:00,Notts County,Burton,2.0,1.0,2.62,0.17,oddalerts.com,,,2.2,3.4,3.0,2.26,3.33,3.02,2.15,3.33,3.28,2.15,3.4,3.2,0.44569832587908764,0.2780064522514082,0.27629522186950417,1.615101429888671,1.1068921178599207,1.680738756334767,1.5394532884965253,1.5271508593690626,1.15836624073332,0.8912432190424373,0.09745988336131595,0.011296897596246747,2.7711895404886278,0.1313505761500562,0.43456845137443845,0.2805772283648777,0.28485432026068375,1.5842825824881932,1.135140189146929,closing avg,3.0,0.0,E2-NottsCou-Burton,,,,,
E2,3,2026-08-29 15:00:00,Plymouth,Bradford,2.0,0.0,1.38,0.59,oddalerts.com,,,2.15,3.3,3.2,2.17,3.48,3.06,2.37,3.39,2.79,2.4,3.25,2.75,0.4325258809641413,0.27992643740182355,0.2875476816340352,1.5775040802942475,1.1425694823039292,1.6841402427340957,1.5623905502158721,1.496704207468556,1.1819302646258947,0.5513593057154356,0.30102493144856585,0.1476157628359986,1.9551028485948725,0.7438722199565616,0.39237576074375535,0.27431579733412986,0.3333084419221148,1.4514430795653959,1.2742411231004742,closing avg,3.0,0.0,E2-Plymouth-Bradford,,,,,
E2,3,2026-08-29 15:00:00,Sheffield Wed,Bromley,7.0,2.0,4.38,1.3,oddalerts.com,,,1.79,3.6,4.1,1.83,3.62,4.04,1.74,3.72,4.39,1.66,3.8,4.5,0.5850467131238988,0.2422334903792328,0.17271979649686842,1.9973736297509292,0.7603928798698381,1.5181524916699196,1.2185143270943026,1.8846053870343382,0.9386580406541988,0.864596172633065,0.0802540843895995,0.05514974297733552,2.6740426022887944,0.24570331332160605,0.5364526873879023,0.2509214182943414,0.2126258943177563,1.8602794804580483,0.8887991012476102,closing avg,3.0,0.0,E2-Sheffiel-Bromley,,,,,
E2,3,2026-08-29 15:00:00,Stevenage,Doncaster,2.0,2.0,0.59,0.59,oddalerts.com,,,2.15,3.2,3.3,2.24,3.23,3.16,2.35,3.21,2.98,2.35,3.1,3.0,0.406236047182121,0.2829028843056463,0.3108610685122328,1.5016110258520092,1.2154860898423445,1.684191635984412,1.6032460663155095,1.437143724436427,1.2309137700849717,0.27734414613029607,0.445311707739408,0.2773441461302959,1.2773441461302961,1.2773441461302957,0.3967186871430764,0.29043268373402786,0.3128486291228958,1.4805887451632571,1.2289785711027152,closing avg,1.0,1.0,E2-Stevenag-Doncaste,,,,,
E2,3,2026-08-29 15:00:00,Stockport,Wycombe,5.0,1.0,1.46,1.38,oddalerts.com,,,1.86,3.5,3.9,1.88,3.58,3.83,1.79,3.72,4.02,1.71,3.7,4.2,0.4301481053157744,0.2802431080352438,0.28960878664898176,1.5706874239825672,1.1490694679821891,1.6845170720202205,1.5663615456272086,1.4912533623746878,1.186250468654787,0.38099001938817423,0.27406658551454266,0.3449433950972831,1.4170366436790651,1.3088967708063919,0.5190877850671665,0.2497761116317817,0.23113610330105178,1.807039466833281,0.9431844215349371,closing avg,3.0,0.0,E2-Stockpor-Wycombe,,,,,
E2,3,2026-08-30 14:00:00,AFC Wimbledon,Wigan,1.0,0.0,0.87,2.49,oddalerts.com,,,3.2,3.2,2.2,3.08,3.25,2.24,2.86,3.27,2.4,2.82,3.2,2.4,0.35142777147943366,0.2851341822874377,0.3634380462331287,1.3394174967257388,1.3754483209868238,1.6539448950672964,1.6642185146801236,1.3171551627827751,1.3430460206849169,0.10312904687081803,0.1770534499135504,0.7198175032156315,0.4864405905260045,2.3365059595604447,0.3261276086468696,0.285236991048944,0.3886354003041863,1.263619816989553,1.451143191961503,closing avg,3.0,0.0,E2-AFCWimbl-Wigan,,,,,
E2,3,2026-08-30 15:00:00,Mansfield,Luton,5.0,2.0,1.96,1.79,oddalerts.com,,,2.85,3.4,2.25,2.77,3.58,2.27,3.04,3.57,2.16,3.2,3.3,2.15,0.328417996228867,0.2843070695419976,0.3872749342291354,1.2695610582285988,1.4461318722294036,1.6282837550312812,1.6784840857264958,1.2680418213599516,1.3950643978782813,0.4186182762707167,0.2302570828358879,0.35112464089339546,1.486111911648038,1.2836310055160742,0.3068474835259288,0.2612930952153567,0.4318594212587145,1.181835545793143,1.5568713589915002,closing avg,3.0,0.0,E2-Mansfiel-Luton,,,,,
E2,4,2026-09-01 19:45:00,Bradford,Cambridge,1.0,2.0,2.79,0.58,oddalerts.com,,,1.71,3.4,4.5,1.76,3.57,4.47,1.92,3.33,3.98,1.86,3.2,4.1,0.486973351481081,0.27024793904711336,0.24277870947180563,1.7311679934903563,0.9985840674625301,1.6560654806914163,1.4580861845033533,1.6256257919992563,1.088196317200662,0.8247879498868282,0.12818704142336637,0.047025008689805387,2.602550891083851,0.26926206749278253,0.48567533695389287,0.2800290231085508,0.2342956399375563,1.7370550339702295,0.9829159429212198,closing avg,0.0,3.0,E2-Bradford-Cambridg,,,,,
E2,4,2026-09-01 19:45:00,Bromley,Leyton Orient,0.0,5.0,0.63,1.8,oddalerts.com,,,2.57,3.1,2.57,2.52,3.36,2.63,2.33,3.37,2.89,2.25,3.1,3.1,0.35305118972374716,0.2851510555660209,0.36179775471023196,1.3443046247372623,1.3705443196967166,1.655456838989754,1.6629391157051727,1.3206436231178091,1.3394983847525037,0.11420570467743618,0.23997172554900129,0.6458225697735626,0.5825888395813098,2.1774394348696893,0.4003806767495303,0.27682106137282064,0.322798261877649,1.4779630916214115,1.2452158470057675,closing avg,0.0,3.0,E2-Bromley-LeytonOr,,,,,
E2,4,2026-09-01 19:45:00,Doncaster,Notts County,1.0,1.0,1.15,1.24,oddalerts.com,,,2.15,3.4,3.0,2.2,3.42,3.08,2.08,3.41,3.35,1.96,3.4,3.5,0.41992908545064433,0.28149780469051466,0.298573109858841,1.5412850610424478,1.1772171342670377,1.6852999343536923,1.582815612208187,1.4679760792977543,1.2050605081019088,0.3265962961103901,0.3030855863375733,0.3703181175520366,1.2828744746687435,1.414039938993683,0.4482563774559239,0.2734232448998011,0.27832037764427514,1.6181923772675728,1.1083843778326266,closing avg,1.0,1.0,E2-Doncaste-NottsCou,,,,,
E2,4,2026-09-01 19:45:00,Huddersfield,Oxford,3.0,1.0,3.53,1.06,oddalerts.com,,,1.66,3.8,4.5,1.72,3.82,4.34,1.69,3.84,4.5,1.62,3.8,4.5,0.45876796642050255,0.27583003849780313,0.2654019950816943,1.6521339377593107,1.072036023742886,1.6751951879862403,1.515186758030594,1.557803200708207,1.13557347885521,0.8220967713410503,0.11020427233467607,0.06769895632427363,2.576494586357827,0.3133011413074969,0.5507639938039052,0.24239352852307286,0.20684247767302213,1.8946855099347883,0.8629209615421393,closing avg,3.0,0.0,E2-Huddersf-Oxford,,,,,
E2,4,2026-09-01 19:45:00,Leicester,Plymouth,2.0,0.0,1.9,0.91,oddalerts.com,,,1.86,3.6,3.6,1.91,3.72,3.55,1.98,3.69,3.4,1.96,3.7,3.4,0.5138018163624749,0.2638671841076551,0.22233099952987,1.80527263319508,0.9308601826972651,1.629074251206832,1.3983455001452993,1.692544953629518,1.0451716488868026,0.5955734938763224,0.23976028419623904,0.16466622192743854,2.026480765825206,0.7337589499785547,0.4719344573092288,0.25323312343422033,0.2748324192565509,1.6690364953619068,1.077730381203873,closing avg,3.0,0.0,E2-Leiceste-Plymouth,,,,,
E2,4,2026-09-01 19:45:00,Peterborough,Stevenage,0.0,0.0,0.96,0.55,oddalerts.com,,,2.4,3.1,2.82,2.45,3.3,2.75,2.04,3.44,3.41,1.91,3.3,3.75,0.40716656833415454,0.28281760971619696,0.3100158219496485,1.5043173147186606,1.2128650755651424,1.684346141361226,1.601918315737395,1.439226615926042,1.2291323551307254,0.430208575463652,0.3772087946992332,0.19258262983711483,1.6678345210901893,0.9549566842105777,0.4563576663917462,0.2706307091392914,0.2730116244689625,1.63970370831453,1.089665582546179,closing avg,1.0,1.0,E2-Peterbor-Stevenag,,,,,
E2,4,2026-09-01 19:45:00,Wycombe,Sheffield Wed,1.0,2.0,0.76,2.65,oddalerts.com,,,2.57,3.3,2.45,2.56,3.56,2.48,2.26,3.58,2.86,2.15,3.3,3.0,0.35226247924041604,0.2851435241543022,0.3625939966052817,1.3419309618755504,1.3729255139701473,1.6547271308778067,1.6635650266916446,1.3189483932157027,1.3412200273333177,0.07631247816613618,0.1549384180596466,0.7687491037742172,0.3838758525580551,2.461185729382298,0.41296807189067974,0.2607005146572447,0.3263314134520756,1.4996047303292839,1.2396947550134716,closing avg,0.0,3.0,E2-Wycombe-Sheffiel,,,,,
E2,4,2026-09-02 19:45:00,Barnsley,Blackpool,2.0,1.0,1.87,2.76,oddalerts.com,,,2.1,3.5,3.0,2.2,3.54,2.97,2.25,3.68,2.81,2.2,3.6,2.75,0.3903310169460804,0.28412435937491254,0.32554462367900705,1.4551174102131539,1.2607582304119336,1.6797368343842005,1.6245146569345454,1.4018016234032966,1.2619474613713304,0.24963821357594013,0.1873077201702735,0.5630540662537864,0.936222360898094,1.8764699189316327,0.41457224986268854,0.2534748810301764,0.331952869107135,1.497191630618242,1.2493334883515814,closing avg,3.0,0.0,E2-Barnsley-Blackpoo,,,,,
E2,4,2026-09-02 19:45:00,Burton,AFC Wimbledon,4.0,1.0,0.96,1.39,oddalerts.com,,,1.91,3.25,4.0,1.97,3.38,3.73,2.38,3.21,2.93,2.45,3.0,2.85,0.431038101930667,0.28012566225522895,0.288836235814104,1.57323996804723,1.146634369697541,1.684384582569983,1.564881406810488,1.4932920348707945,1.184630975516494,0.2469377661181319,0.29738470008991486,0.45567753379195325,1.0381979984443106,1.6644173014657746,0.3915856527260237,0.29033453379686486,0.31807981347711134,1.4650914919749358,1.244573974228199,closing avg,3.0,0.0,E2-Burton-AFCWimbl,,,,,
E2,4,2026-09-02 19:45:00,Luton,Stockport,2.0,0.0,1.21,0.95,oddalerts.com,,,2.15,3.4,3.1,2.16,3.62,2.99,2.55,3.69,2.46,2.5,3.6,2.45,0.442605127432291,0.2784822853372585,0.2789125872304504,1.6062976676341316,1.1152200470286098,1.6817362351810266,1.5449798171168179,1.519962258385647,1.1638446877482709,0.40687299251920084,0.3177327409421667,0.27539426653863247,1.538351718499769,1.143915540558064,0.36661698956780925,0.2533532041728763,0.38002980625931443,1.353204172876304,1.3934426229508197,closing avg,3.0,0.0,E2-Luton-Stockpor,,,,,
E2,4,2026-09-02 19:45:00,Wigan,MK Dons,3.0,1.0,2.37,3.11,oddalerts.com,,,2.3,3.25,2.85,2.4,3.3,2.84,2.4,3.45,2.74,2.3,3.4,2.7,0.36163153784341284,0.2851524705371155,0.35321599161947165,1.370047084067354,1.3448004453955305,1.662807298566372,1.6556081571763432,1.339139101532206,1.3209979441089867,0.292034935958079,0.1732945052546268,0.5346705587872942,1.049399313128864,1.7773061816165094,0.3888683203751697,0.27051709243490063,0.34061458718992965,1.43712205356041,1.2923608540046896,closing avg,3.0,0.0,E2-Wigan-MKDons,,,,,
E2,4,2026-09-02 20:00:00,Reading,Mansfield,5.0,0.0,2.86,1.11,oddalerts.com,,,1.96,3.5,3.4,2.01,3.58,3.36,2.02,3.58,3.37,1.91,3.5,3.5,0.4307785165429474,0.280160051756472,0.2890614317005806,1.5724956013853142,1.1473443468582136,1.684424284266838,1.565313886794196,1.4926972220313235,1.1851030295297746,0.7280477779904837,0.15891890844634526,0.11303331356317103,2.3430622424177963,0.49801884913585837,0.4621814615608575,0.26078395317121006,0.27703458526793234,1.6473283378537826,1.091887708975007,closing avg,3.0,0.0,E2-Reading-Mansfiel,,,,,
E2,5,2026-09-05 12:30:00,Peterborough,Sheffield Wed,1.0,2.0,2.64,1.31,oddalerts.com,,,,,,,,,,,,,,,0.31063209233689837,0.2828799471536349,0.40648796050946673,1.21477622416433,1.5023438286820352,1.6028875033907735,1.6842346121598393,1.2304311383207183,1.4377074383978252,0.6516368522236355,0.1843913347454761,0.16397181303088837,2.1393018914163826,0.6763067738381412,,,,,,,0.0,3.0,E2-Peterbor-Sheffiel,,,,,
E2,5,2026-09-05 12:30:00,Wigan,Stockport,0.0,4.0,0.8,1.91,oddalerts.com,,,,,,,,,,,,,,,0.3621800821459201,0.2851475946902441,0.3526723231638358,1.3716878411280042,1.3431645641817513,1.6632408005051202,1.655107456691212,1.3403249455324695,1.3198291995507336,0.1399499657756305,0.23464081479896282,0.6254092194254067,0.6544907121258543,2.110868473075183,,,,,,,0.0,3.0,E2-Wigan-Stockpor,,,,,
E2,5,2026-09-05 15:00:00,Barnsley,Stevenage,1.0,5.0,2.03,1.95,oddalerts.com,,,,,,,,,,,,,,,0.4216584429588366,0.28129769953061257,0.29704385751055085,1.5462730284071222,1.172429272062265,1.6852634077808086,1.5801020191371173,1.471898676919999,1.2018490319603359,0.4043503945505855,0.22222237014648674,0.37342723530292776,1.4352735537982433,1.34250407605527,,,,,,,0.0,3.0,E2-Barnsley-Stevenag,,,,,
E2,5,2026-09-05 15:00:00,Bradford,Mansfield,1.0,0.0,0.95,0.53,oddalerts.com,,,,,,,,,,,,,,,0.45813014790709683,0.2759424057990515,0.2659274462938517,1.6503328495203418,1.0737247446806064,1.6755152227569923,1.516404595104283,1.5562965470982457,1.13667282967269,0.4323408630194361,0.38043665925217474,0.18722247772838918,1.677459248310483,0.9421040924373423,,,,,,,3.0,0.0,E2-Bradford-Mansfiel,,,,,
E2,5,2026-09-05 15:00:00,Burton,Cambridge,2.0,2.0,1.7,0.9,oddalerts.com,,,,,,,,,,,,,,,0.40247448232925775,0.2832322029961932,0.314293314674549,1.4906556499839665,1.2261121470198404,1.6834482771303914,1.6085210379975314,1.4287414133836738,1.238152672995245,0.5512842360381749,0.26224819753372103,0.18646756642810408,1.9161009056482456,0.8216508968180332,,,,,,,1.0,1.0,E2-Burton-Cambridg,,,,,
E2,5,2026-09-05 15:00:00,Doncaster,Plymouth,2.0,3.0,2.52,2.53,oddalerts.com,,,,,,,,,,,,,,,0.35109042075537644,0.28513000582947245,0.3637795734151511,1.338401268095602,1.376468726074926,1.6536258381879454,1.6644800127035027,1.316430671531037,1.3437851595653079,0.40288803908247756,0.1907669427166221,0.4063450182009003,1.3994310599640547,1.409801997319323,,,,,,,0.0,3.0,E2-Doncaste-Plymouth,,,,,
E2,5,2026-09-05 15:00:00,Huddersfield,Notts County,1.0,1.0,1.85,1.08,oddalerts.com,,,,,,,,,,,,,,,0.48589635435186684,0.2704826795038973,0.24362096614423584,1.7281717425594978,1.0013455779366047,1.6569722968895682,1.460378408348827,1.6229908255502352,1.089963031306886,0.5431012235395463,0.24814575066582625,0.20875302579462748,1.877449421284465,0.8744048280497086,,,,,,,1.0,1.0,E2-Huddersf-NottsCou,,,,,
E2,5,2026-09-05 15:00:00,Leicester,Oxford,0.0,4.0,1.36,1.69,oddalerts.com,,,,,,,,,,,,,,,0.5589753160091633,0.2509084151091594,0.19011626888167732,1.9278343631366492,0.8212572217541914,1.5651409275011385,1.2874914107608424,1.811580868822451,0.9764951874049491,0.2987581924977657,0.2590163499310252,0.4422254575712091,1.1552909274243222,1.5856927226446527,,,,,,,0.0,3.0,E2-Leiceste-Oxford,,,,,
E2,5,2026-09-05 15:00:00,Luton,Leyton Orient,1.0,1.0,2.01,0.58,oddalerts.com,,,,,,,,,,,,,,,0.5101323563910911,0.26479950538412894,0.22506813822477995,1.7951965745574023,0.9400039200584689,1.6332599716013183,1.4068053796818598,1.6832402255326038,1.0509492187547147,0.7033858811597704,0.20901557002829552,0.08759854881193407,2.319173213507607,0.47181121646409774,,,,,,,1.0,1.0,E2-Luton-LeytonOr,,,,,
E2,5,2026-09-05 15:00:00,Reading,Blackpool,3.0,1.0,2.94,0.61,oddalerts.com,,,,,,,,,,,,,,,0.4012538131514885,0.28333373777774973,0.3154124490707618,1.4870951772322152,1.2295710849900352,1.683165989993833,1.6102007263710338,1.4260207619335505,1.2405148979748386,0.8363328824714391,0.11882554123353291,0.04484157629502798,2.62782418864785,0.2533502701186168,,,,,,,3.0,0.0,E2-Reading-Blackpoo,,,,,
E2,5,2026-09-05 15:00:00,Wycombe,MK Dons,3.0,3.0,1.15,1.45,oddalerts.com,,,,,,,,,,,,,,,0.39342545897531533,0.2839220854380593,0.32265245558662536,1.4641984623640054,1.2518794521979353,1.6808740790267795,1.6205920228822852,1.4086404627487719,1.2558208050818267,0.2874046985250339,0.2851582155008645,0.42743708597410157,1.1473723110759662,1.5674694734231693,,,,,,,1.0,1.0,E2-Wycombe-MKDons,,,,,
E2,5,2026-09-07 20:00:00,Bromley,AFC Wimbledon,0.0,2.0,0.78,1.32,oddalerts.com,,,,,,,,,,,,,,,0.3986552266759401,0.28354112737457954,0.31780364594948035,1.4795068074024,1.2369520652230206,1.6824977743079979,1.6137235292604066,1.4202385841935996,1.2455653716832544,0.20824074947190457,0.31016882104768007,0.4815904294804154,0.9348910694633938,1.7549401094889263,,,,,,,0.0,3.0,E2-Bromley-AFCWimbl,,,,,
E2,6,2026-09-10 20:00:00,Stevenage,Luton,2.0,1.0,1.39,1.03,oddalerts.com,,,,,,,,,,,,,,,0.32656906498637867,0.2841915783648558,0.3892393566487656,1.263898773323992,1.4519096483111527,1.6258730540323723,1.679304161344731,1.2641194016998096,1.399393125065004,0.4389110502690714,0.29519570145071106,0.26589324828021754,1.6119288522579254,1.0928754462913637,,,,,,,3.0,0.0,E2-Stevenag-Luton,,,,,
E2,6,2026-09-12 12:30:00,Leyton Orient,Wycombe,2.0,3.0,1.31,1.31,oddalerts.com,,,2.45,3.3,2.65,2.49,3.45,2.63,,,,,,,0.36507881867113745,0.28511203538964136,0.3498091459392212,1.3803484914030535,1.3345394732073048,1.6654594457111929,1.6523987432942013,1.3465985390071202,1.3136803202714944,0.3561379242870383,0.2877241514259236,0.3561379242870381,1.3561379242870384,1.356137924287038,0.37474135474358494,0.27046549951058746,0.35479314574582765,1.3946895637413423,1.3348449367480704,pre-match avg,0.0,3.0,E2-LeytonOr-Wycombe,,,,,
E2,6,2026-09-12 12:30:00,Notts County,Bradford,0.0,1.0,0.55,0.64,oddalerts.com,,,3.0,3.1,2.3,2.93,3.24,2.37,,,,,,,0.3630438368070758,0.2851387191217998,0.35181744407112436,1.3742702295430271,1.3405910513351729,1.6639145865772376,1.654311348841975,1.3421930729713993,1.3179921992025474,0.25009395990177313,0.4425246734975708,0.3073813666006561,1.1928065532028902,1.364668773299539,0.3184096931095824,0.28794456815156677,0.3936457387388508,1.243173647480314,1.468881784368119,pre-match avg,0.0,3.0,E2-NottsCou-Bradford,,,,,
E2,6,2026-09-12 15:00:00,AFC Wimbledon,Doncaster,1.0,0.0,1.16,2.28,oddalerts.com,,,2.57,3.25,2.57,2.59,3.36,2.55,,,,,,,0.3529673191712524,0.2851503144109892,0.36188236641775845,1.3440522719247465,1.3707974136642647,1.655379677286188,1.663006062862178,1.3204633164244406,1.3396812906473692,0.1737954371175243,0.20942114096601164,0.6167834219164641,0.7308074523185845,2.059771406715404,0.35887061307063073,0.27662943090861114,0.3644999560207583,1.3532412701205034,1.3701292989708862,pre-match avg,3.0,0.0,E2-AFCWimbl-Doncaste,,,,,
E2,6,2026-09-12 15:00:00,Blackpool,Bromley,2.0,2.0,1.71,1.32,oddalerts.com,,,1.68,3.8,4.33,1.75,3.69,4.35,,,,,,,0.5134948079819371,0.26394589941839475,0.2225592925996681,1.8044303233642063,0.9316237772173991,1.6294303793795746,1.3990566705385938,1.6917645324463417,1.045653792872684,0.45560873427780724,0.258548856236102,0.28584240948609074,1.6253750590695237,1.1160760846943742,0.5328917882575568,0.25272645784572484,0.2143817538967183,1.8514018226183953,0.8958717195358796,pre-match avg,1.0,1.0,E2-Blackpoo-Bromley,,,,,
E2,6,2026-09-12 15:00:00,Cambridge,Reading,2.0,1.0,0.81,1.68,oddalerts.com,,,2.55,3.1,2.65,2.57,3.29,2.6,,,,,,,0.36593495198583864,0.285098395760791,0.3489666522533704,1.3829032517183069,1.3319983525209023,1.6660915600202721,1.6515786549227267,1.3484537415747666,1.3118729589745557,0.1675221711132868,0.263006697088248,0.5694711317984652,0.7655732104281083,1.9714200924836436,0.3610608113526907,0.28204446357945745,0.3568947250678519,1.3652268976375295,1.352728638783013,pre-match avg,3.0,0.0,E2-Cambridg-Reading,,,,,
E2,6,2026-09-12 15:00:00,MK Dons,Peterborough,1.0,1.0,1.5,1.35,oddalerts.com,,,1.96,3.75,3.3,2.0,3.74,3.28,,,,,,,0.47641328755128054,0.27247648307688904,0.2511102293718304,1.7017163457307307,1.0258071711923804,1.6643575497112617,1.480188194953649,1.59994972166907,1.1056597442040719,0.39727843013997943,0.2728815198567479,0.32984005000327266,1.4647168102766863,1.2624016698665659,0.4663058022138426,0.24936139155820455,0.2843328062279528,1.6482787981997322,1.1023598102420629,pre-match avg,1.0,1.0,E2-MKDons-Peterbor,,,,,
E2,6,2026-09-12 15:00:00,Mansfield,Huddersfield,0.0,0.0,0.75,2.28,oddalerts.com,,,3.5,3.5,1.96,3.36,3.52,2.02,,,,,,,0.3452513171090442,0.2850208865007152,0.36972779639024056,1.320774837827848,1.394204275671437,1.6478365682429348,1.668765491712364,1.3039129454383847,1.3566856638617464,0.09850968574247387,0.19026393147648565,0.7112263827810404,0.4857929887039073,2.323943079819607,0.27640253762905836,0.2638387859186466,0.4597586764522951,1.0930463988058217,1.643114815275532,pre-match avg,1.0,1.0,E2-Mansfiel-Huddersf,,,,,
E2,6,2026-09-12 15:00:00,Oxford,Burton,3.0,0.0,1.35,0.49,oddalerts.com,,,1.79,3.5,4.2,1.84,3.58,3.98,,,,,,,0.4727216399496505,0.2732167932495597,0.25406156680078973,1.6913817130985112,1.035401493651929,1.6669394533923598,1.487714641400022,1.5910558104260855,1.1118403191188253,0.572576653293333,0.3035918823482108,0.12383146435845627,2.0213218422282098,0.6750862754235796,0.5060016762077929,0.26006790062076507,0.23393042317144194,1.778072929244144,0.9618591701350909,pre-match avg,3.0,0.0,E2-Oxford-Burton,,,,,
E2,6,2026-09-12 15:00:00,Plymouth,Barnsley,3.0,0.0,0.44,1.15,oddalerts.com,,,1.57,4.0,5.0,1.64,4.13,4.52,,,,,,,0.47121371836845105,0.27351334782699666,0.2552729338045523,1.6871545029323498,1.0393321492406535,1.6679464963781525,1.4907584356227717,1.5874348077188722,1.1143764716499034,0.13105964534090161,0.3415598895900544,0.5273804650690439,0.7347388256127592,1.9237012847971862,0.5682056152141621,0.22563128546034528,0.20616309932549248,1.9302481311028317,0.8441205834368227,pre-match avg,3.0,0.0,E2-Plymouth-Barnsley,,,,,
E2,6,2026-09-12 15:00:00,Sheffield Wed,Wigan,0.0,0.0,0.67,1.19,oddalerts.com,,,1.56,4.0,5.25,1.66,3.95,4.62,,,,,,,0.5075831071092682,0.26543623560038454,0.22698065729034722,1.7881855569281893,0.9463782074714262,1.6360766135772207,1.4126304396366796,1.6768054209531011,1.0549822763541015,0.19582119002032441,0.3316582179194755,0.47252059206020014,0.9191217879804487,1.7492199941000757,0.5619364930777948,0.2361555894959846,0.20190791742622063,1.921965068729369,0.8418793417746465,pre-match avg,1.0,1.0,E2-Sheffiel-Wigan,,,,,
E2,6,2026-09-12 15:00:00,Stockport,Leicester,3.0,4.0,2.4,0.85,oddalerts.com,,,1.79,3.8,3.8,1.86,3.75,3.7,,,,,,,0.30716676191577197,0.2825179219650238,0.41031531611920424,1.2040182077123398,1.5134638703226364,1.5973589347041364,1.684782880265888,1.2231313175182479,1.4462878798568644,0.7090326943552367,0.18445258323389058,0.10651472241087268,2.311550666299601,0.5039967504665086,0.5003245348334056,0.24816096927736914,0.2515144958892255,1.7491345737775859,1.0027044569450456,pre-match avg,0.0,3.0,E2-Stockpor-Leiceste,,,,,
E2,7,2026-09-17 20:00:00,AFC Wimbledon,MK Dons,0.0,0.0,1.13,0.89,oddalerts.com,,,,,,,,,,,,,,,0.30399230696629953,0.2821615637261245,0.41384612930757597,1.1941384846250231,1.5236999516488525,1.5921256059602735,1.685115184839593,1.216451021563746,1.4542303542365007,0.3972776298809829,0.33028600462086477,0.2724363654981523,1.5221188942638135,1.1475951011153218,,,,,,,1.0,1.0,E2-AFCWimbl-MKDons,,,,,
E2,7,2026-09-19 12:30:00,Barnsley,Leicester,1.0,1.0,1.35,2.15,oddalerts.com,,,,,,,,,,,,,,,0.26496807294869784,0.2757366715298019,0.45929525552150025,1.0706408903758955,1.6536224380943028,1.514177411923192,1.6749268034543578,1.1346656186607973,1.5590496185897333,0.2277236020326827,0.22367863208260502,0.5485977658847123,0.9068494381806531,1.869471929736742,,,,,,,1.0,1.0,E2-Barnsley-Leiceste,,,,,
E2,7,2026-09-19 12:30:00,Burton,Mansfield,2.0,2.0,0.63,1.86,oddalerts.com,,,,,,,,,,,,,,,0.37483687392916165,0.28487282748348397,0.3402902985873544,1.409383449270969,1.305743723245547,1.672042985767005,1.6425188439745295,1.367808839702696,1.2933093782202094,0.10898818559456222,0.23194705461036938,0.6590647597950684,0.558911611394056,2.2091413339955746,,,,,,,1.0,1.0,E2-Burton-Mansfiel,,,,,
E2,7,2026-09-19 15:00:00,Blackpool,Plymouth,2.0,4.0,0.72,2.37,oddalerts.com,,,,,,,,,,,,,,,0.3758425297820988,0.284837837398324,0.3393196328195771,1.4123654267446204,1.3027967358570554,1.6726445067736995,1.6414351978147197,1.3700030980551448,1.2912379559661367,0.08732751818566409,0.17880332906584545,0.7338691527484904,0.4407858836228377,2.3804107873113165,,,,,,,0.0,3.0,E2-Blackpoo-Plymouth,,,,,
E2,7,2026-09-19 15:00:00,Bromley,Huddersfield,2.0,1.0,0.57,3.41,oddalerts.com,,,,,,,,,,,,,,,0.2817711065533052,0.2789815591196614,0.43924733432703345,1.124294878779577,1.5967235621007616,1.550882543649424,1.682681434295218,1.1698294745843072,1.5121862104120816,0.02794471692759889,0.08429965076374601,0.8877556323086551,0.16813380154654267,2.7475665476897113,,,,,,,3.0,0.0,E2-Bromley-Huddersf,,,,,
E2,7,2026-09-19 15:00:00,Leyton Orient,Stevenage,1.0,0.0,0.59,1.6,oddalerts.com,,,,,,,,,,,,,,,0.4042697240460118,0.28307811989032067,0.31265215606366753,1.4958872920283561,1.2210345880813234,1.683826845852498,1.6060220591724015,1.432747992274112,1.234690266215049,0.12391143653761905,0.2664050776245054,0.6096834858378756,0.6381393872373625,2.095455535138132,,,,,,,3.0,0.0,E2-LeytonOr-Stevenag,,,,,
E2,7,2026-09-19 15:00:00,Luton,Bradford,0.0,1.0,1.15,0.33,oddalerts.com,,,,,,,,,,,,,,,0.4532563439181686,0.2767803102253734,0.269963345856458,1.6365493419798791,1.0866703477947475,1.6777936567541158,1.5255979781571376,1.5448206834401397,1.1451167238780353,0.5628131584265822,0.3398539403540804,0.09733290121933741,2.028293415633827,0.6318526440120926,,,,,,,0.0,3.0,E2-Luton-Bradford,,,,,
E2,7,2026-09-19 15:00:00,Oxford,Cambridge,1.0,1.0,1.03,1.25,oddalerts.com,,,,,,,,,,,,,,,0.4629579567127026,0.27507636530160323,0.2619656779856941,1.663950235439711,1.0609733992586856,1.6729675896960572,1.5071029132383198,1.567729191283084,1.1283836582466062,0.2909373312794207,0.30927919549363253,0.3997834732269468,1.1820911893318946,1.508629615174473,,,,,,,1.0,1.0,E2-Oxford-Cambridg,,,,,
E2,7,2026-09-19 15:00:00,Peterborough,Doncaster,0.0,2.0,1.38,1.15,oddalerts.com,,,,,,,,,,,,,,,0.4014536041901745,0.28331729882353723,0.31522909698628826,1.487678111394061,1.229004589782402,1.6832135734141076,1.6099268899939214,1.4264658614620602,1.2401278206453943,0.4087558170810872,0.2912981895764432,0.2999459933424696,1.517565640819705,1.191136169603852,,,,,,,0.0,3.0,E2-Peterbor-Doncaste,,,,,
E2,7,2026-09-19 15:00:00,Reading,Notts County,2.0,0.0,2.44,0.52,oddalerts.com,,,,,,,,,,,,,,,0.43502650033880785,0.27958345662487877,0.2853900430363134,1.5846629576413023,1.1357535857338188,1.6836652703536692,1.5581576364444722,1.5024512247041155,1.1774092702066763,0.7913872782757868,0.15476478392096962,0.05384793780324357,2.52892661874833,0.3163085973307003,,,,,,,3.0,0.0,E2-Reading-NottsCou,,,,,
E2,7,2026-09-19 15:00:00,Sheffield Wed,Stockport,0.0,0.0,1.15,1.62,oddalerts.com,,,,,,,,,,,,,,,0.45544891638964424,0.2764079120281701,0.26814317158218565,1.642754661197103,1.0808374267747272,1.6768052826501596,1.5214869131508273,1.5499752651775962,1.1413085355251187,0.25897803818361875,0.2697891050401089,0.47123285677627236,1.046723219590965,1.683487675368926,,,,,,,1.0,1.0,E2-Sheffiel-Stockpor,,,,,
E2,7,2026-09-19 15:00:00,Wigan,Wycombe,0.0,1.0,0.58,1.59,oddalerts.com,,,,,,,,,,,,,,,0.37971056522470875,0.2846854999195772,0.335603934855714,1.4238171955937033,1.291497304486719,1.674825180473638,1.6371556261245421,1.3784579873792864,1.283318038124041,0.12251031968236278,0.2674433065860496,0.6100463737315875,0.6349742656331379,2.097582427780812,,,,,,,0.0,3.0,E2-Wigan-Wycombe,,,,,
E2,8,2026-09-26 15:00:00,Cambridge,AFC Wimbledon,1.0,1.0,1.46,0.77,oddalerts.com,,,,,,,,,,,,,,,0.44068455291258707,0.2787700658047529,0.28054538128266,1.600823724542514,1.120406209652733,1.6822944449598696,1.5483684227202892,1.5155110856867073,1.1672629891707007,0.5233618977492457,0.2911187860070855,0.1855193162436688,1.8612044792548228,0.8476767347380919,,,,,,,1.0,1.0,E2-Cambridg-AFCWimbl,,,,,
E2,8,2026-09-26 15:00:00,MK Dons,Bromley,,,,,,,,,,,,,,,,,,,,0.5415436491861556,0.2562277480129224,0.20222860280092197,1.8808586955713893,0.8629135564156885,1.592491157981815,1.3316653673752485,1.7646073024369147,1.0024893343448251,,,,,,,,,,,,,,E2-MKDons-Bromley,0.5661707902360562,0.24570679077493593,0.18812241898900786,1.9442191614831046,0.8100740477419596
E2,8,2026-09-26 15:00:00,Mansfield,Leyton Orient,,,,,,,,,,,,,,,,,,,,0.4217088467388157,0.28129179205811106,0.29699936120307324,1.5464183322745582,1.1722898756673308,1.6852617543126267,1.5800224902936444,1.4720131043935851,1.2017556057890955,,,,,,,,,,,,,,E2-Mansfiel-LeytonOr,0.4341161566128299,0.27931355246844325,0.2865702909187269,1.5816620223069329,1.139024425224624
E2,8,2026-09-26 15:00:00,Notts County,Blackpool,,,,,,,,,,,,,,,,,,,,0.37869590655551283,0.2847281779916561,0.336575915452831,1.4208158976581946,1.2944559243501492,1.67427352195301,1.6382952769819359,1.3762377578752052,1.2853883639489638,,,,,,,,,,,,,,E2-NottsCou-Blackpoo,0.3875510717923122,0.2776054242489519,0.3348435039587359,1.4402586396258883,1.2821359361251596
E2,8,2026-09-26 15:00:00,Plymouth,Burton,0.0,1.0,1.64,0.97,oddalerts.com,,,,,,,,,,,,,,,0.5178832464045202,0.26280843418142946,0.21930831941405032,1.81645817339499,0.9207333924235803,1.6242373561286474,1.3888333289840475,1.7029540404323054,1.038783172064308,0.5189914951857149,0.2695269308317809,0.21148157398250422,1.8265014163889255,0.9039716527792936,,,,,,,0.0,3.0,E2-Plymouth-Burton,,,,,
E2,8,2026-09-26 15:00:00,Stockport,Peterborough,1.0,0.0,2.12,1.06,oddalerts.com,,,,,,,,,,,,,,,0.475826883870732,0.2725954301121209,0.2515776860171471,1.700076081724317,1.0273284881635623,1.6647787012976023,1.4813907816740144,1.5985341762936829,1.1066388358999957,0.6070898688042491,0.22135762678616283,0.17155250440958808,2.04262723319891,0.7360151400149271,,,,,,,3.0,0.0,E2-Stockpor-Peterbor,,,,,
E2,8,2026-09-26 15:00:00,Wycombe,Reading,2.0,2.0,2.58,1.83,oddalerts.com,,,,,,,,,,,,,,,0.4313467855040279,0.2800846247090116,0.2885685897869606,1.5741249812210953,1.1457903940698935,1.6843362377409488,1.5643663056488153,1.4939995585421104,1.1840699616579828,0.5373847354090544,0.19706850480774932,0.2655467597831963,1.8092227110349126,0.9937087841573382,,,,,,,1.0,1.0,E2-Wycombe-Reading,,,,,
E2,9,2026-10-03 15:00:00,AFC Wimbledon,Stevenage,,,,,,,,,,,,,,,,,,,,0.35845292068669143,0.2851690377658428,0.3563780415474658,1.3605277998259169,1.35430316240824,1.6602094298469157,1.6584343559840748,1.3322758025236991,1.3278031445508687,,,,,,,,,,,,,,E2-AFCWimbl-Stevenag,0.35076150434177833,0.29055210797187664,0.35868638768634503,1.3428366209972116,1.3666112710309117
E2,9,2026-10-03 15:00:00,Barnsley,MK Dons,,,,,,,,,,,,,,,,,,,,0.363848996563799,0.28512912896919135,0.35102187446700966,1.3766761186605883,1.3381947523702202,1.664532962353,1.6535608039010832,1.3439354267231833,1.3162834797154053,,,,,,,,,,,,,,E2-Barnsley-MKDons,0.36608144010908905,0.28125854126183236,0.3526600186290786,1.3795028615890996,1.3392385971490683
E2,9,2026-10-03 15:00:00,Bromley,Wycombe,,,,,,,,,,,,,,,,,,,,0.30875060743279403,0.28268686276411675,0.4085625298030892,1.2089386850624988,1.5083744521733844,1.5999095854186194,1.684556143022562,1.2264667403031115,1.4423546451514906,,,,,,,,,,,,,,E2-Bromley-Wycombe,0.2935880014071835,0.27653109882877286,0.4298808997640437,1.1572951030503233,1.5661737981209038
E2,9,2026-10-03 15:00:00,Burton,Huddersfield,1.0,3.0,0.11,2.83,oddalerts.com,,,,,,,,,,,,,,,0.3104287270857151,0.2828594736162799,0.406711799298005,1.2141456548734253,1.502994871510295,1.602568346139697,1.6842720835120768,1.2300025192920012,1.4382084363682848,0.0054912082480118385,0.07395345068088024,0.9205553410711079,0.09042707542491576,2.8356194738942038,,,,,,,0.0,3.0,E2-Burton-Huddersf,,,,,
E2,9,2026-10-03 15:00:00,Leyton Orient,Plymouth,0.0,2.0,0.93,2.15,oddalerts.com,,,,,,,,,,,,,,,0.3383804657811454,0.2848020934675578,0.37681744075129686,1.299943490810994,1.4152544157214484,1.6403732061959937,1.673213999010171,1.2892347389730572,1.3721318131786466,0.14253869822867327,0.21376240268980837,0.6436988990815183,0.6413784973758282,2.1448590999343633,,,,,,,0.0,3.0,E2-LeytonOr-Plymouth,,,,,
E2,9,2026-10-03 15:00:00,Luton,Doncaster,,,,,,,,,,,,,,,,,,,,0.49624410359719967,0.2681581899598804,0.23559770644292,1.7568905007514795,0.9749513092886404,1.6476908907038932,1.4380074924625261,1.648466432546435,1.0731186059199114,,,,,,,,,,,,,,E2-Luton-Doncaste,0.4958618286215166,0.2683183485763841,0.2358198228020993,1.755903834440934,0.9757778169826818
E2,9,2026-10-03 15:00:00,Peterborough,Notts County,,,,,,,,,,,,,,,,,,,,0.4093630321941663,0.2826103651036804,0.3080266027021532,1.5106994616861793,1.20669017321014,1.6846647913122652,1.5987486153011414,1.444150181076668,1.2249418538182393,,,,,,,,,,,,,,E2-Peterbor-NottsCou,0.41004755194924825,0.2805055292938206,0.30944691875693114,1.5106481851415654,1.208846285564614
E2,9,2026-10-03 15:00:00,Reading,Bradford,1.0,1.0,0.77,1.02,oddalerts.com,,,,,,,,,,,,,,,0.3853114883103752,0.28441544684213976,0.33027306484748503,1.4403499117732654,1.275234641384595,1.677610973290263,1.6306496398822088,1.3907445698450065,1.2719805191812819,0.25553209919781084,0.35242500487294726,0.3920428959292419,1.1190213024663798,1.5285536926606729,,,,,,,1.0,1.0,E2-Reading-Bradford,,,,,
E2,9,2026-10-03 15:00:00,Wigan,Mansfield,,,,,,,,,,,,,,,,,,,,0.41733699122621004,0.2817883118270817,0.30087469694670826,1.5337992855057117,1.1844124026672065,1.685280984645141,1.586827844755551,1.462108909331022,1.2098961908449035,,,,,,,,,,,,,,E2-Wigan-Mansfiel,0.4266797901000892,0.2775765575941821,0.29574365230572874,1.55761592789445,1.1648075145113683
E2,10,2026-10-10 12:30:00,Notts County,Oxford,,,,,,,,,,,,,,,,,,,,0.38577355482383324,0.28439057868068135,0.3298358664954854,1.441711243152181,1.2738981781671375,1.6778212634637732,1.6300968088024979,1.3917605728061366,1.2710519571863246,,,,,,,,,,,,,,E2-NottsCou-Oxford,0.3940641606392077,0.28337854833878307,0.32255729102200925,1.465571030256406,1.2510504214048108
E2,10,2026-10-10 12:30:00,Plymouth,AFC Wimbledon,,,,,,,,,,,,,,,,,,,,0.5374594687648033,0.2574169025300491,0.20512362870514755,1.8697953088244592,0.8727877886454918,1.598417624511324,1.3417710368676894,1.7537984167783442,1.0086678053054583,,,,,,,,,,,,,,E2-Plymouth-AFCWimbl,0.5425872903821936,0.25655821672781054,0.2008544928899959,1.884320087874391,0.8591216953977983
E2,10,2026-10-10 15:00:00,Bradford,Leyton Orient,,,,,,,,,,,,,,,,,,,,0.4680766279437587,0.27411938704960676,0.25780398500663454,1.678349270880883,1.0475313420695105,1.6699527634770437,1.4970333394913677,1.5799233873455905,1.1196745450879582,,,,,,,,,,,,,,E2-Bradford-LeytonOr,0.48285992420602386,0.2746143442425831,0.24252573155139306,1.7231941168606546,1.0021915388967622
E2,10,2026-10-10 15:00:00,Cambridge,Blackpool,,,,,,,,,,,,,,,,,,,,0.3556122377018713,0.2851668665582968,0.35922089573983185,1.3520035796639105,1.3628295537777926,1.6577633264511105,1.6608505355666061,1.3261538151673073,1.3339327457854677,,,,,,,,,,,,,,E2-Cambridg-Blackpoo,0.35633476764594507,0.2776817941220642,0.36598343823199075,1.3466860970598995,1.3756321088180365
E2,10,2026-10-10 15:00:00,Doncaster,Burton,,,,,,,,,,,,,,,,,,,,0.45379397216054645,0.2766896872449287,0.2695163405945249,1.6380716037265681,1.0852387090285034,1.677556857754516,1.5245936970218001,1.5460834007122708,1.1441814841198301,,,,,,,,,,,,,,E2-Doncaste-Burton,0.4712985152718766,0.27547932661743313,0.25322215811069027,1.6893748724330628,1.035145800949504
E2,10,2026-10-10 15:00:00,Huddersfield,Sheffield Wed,,,,,,,,,,,,,,,,,,,,0.38169504417272904,0.2845964745249835,0.3337084813022875,1.4296816070431704,1.2857219184318458,1.6758623745620027,1.6348919547095047,1.382805247773494,1.279283545422128,,,,,,,,,,,,,,E2-Huddersf-Sheffiel,0.4035953867539084,0.27774633217832695,0.31865828106776467,1.488532492440052,1.2337211753816208
E2,10,2026-10-10 15:00:00,Leicester,Peterborough,,,,,,,,,,,,,,,,,,,,0.588667706756655,0.2409620988333854,0.17037019440995957,2.0069652191033507,0.752072682063264,1.5110620689527208,1.20868052941719,1.8950332825496148,0.93349283956636,,,,,,,,,,,,,,E2-Leiceste-Peterbor,0.5784566031769325,0.24219412802363335,0.17934926879943416,1.9775639375544307,0.7802419344219359
E2,10,2026-10-10 15:00:00,MK Dons,Reading,,,,,,,,,,,,,,,,,,,,0.45028901140519695,0.2772723815437559,0.27243860705104717,1.6281394157593467,1.0945882026968974,1.6790355270413406,1.5310965115199557,1.5378653511477434,1.1502957646322909,,,,,,,,,,,,,,E2-MKDons-Reading,0.43738595489065,0.27515826410792615,0.2874557810014238,1.5873161287798763,1.1375256071121977
E2,10,2026-10-10 15:00:00,Mansfield,Bromley,,,,,,,,,,,,,,,,,,,,0.4831119963287649,0.27108173983221157,0.24580626383902354,1.7204177288185063,1.0085005313492823,1.659252545158067,1.4662647926516388,1.616196045630923,1.0945454326423785,,,,,,,,,,,,,,E2-Mansfiel-Bromley,0.4989725783300998,0.2658353743930517,0.2351920472768485,1.762753109383351,0.9714115162235972
E2,10,2026-10-10 15:00:00,Stevenage,Wigan,,,,,,,,,,,,,,,,,,,,0.404625719529706,0.2830468945838024,0.31232738588649156,1.4969240531729202,1.220029052243277,1.6838967493835124,1.6055224792445972,1.4335432516429347,1.2340053207132815,,,,,,,,,,,,,,E2-Stevenag-Wigan,0.404153861853795,0.28319025984013885,0.31265587830606617,1.4956518454015237,1.2211578947583372
E2,10,2026-10-10 15:00:00,Stockport,Barnsley,,,,,,,,,,,,,,,,,,,,0.4609858577133693,0.2754344414312671,0.2635797008553636,1.658392014571375,1.0661735439973579,1.6740430868574876,1.5109257232096536,1.5630511590671985,1.1317607806616565,,,,,,,,,,,,,,E2-Stockpor-Barnsley,0.477968804434015,0.2691200892815184,0.25291110628446656,1.7030265025835634,1.0278534081349182
E2,10,2026-10-10 15:00:00,Wycombe,Luton,,,,,,,,,,,,,,,,,,,,0.3643371347775286,0.28512269752793845,0.35054016769453294,1.3781341018605242,1.3367432006115372,1.6649033078147821,1.6531018223975587,1.344992202438872,1.315249260770639,,,,,,,,,,,,,,E2-Wycombe-Luton,0.360817634485084,0.2828298675632427,0.35635249795167334,1.365282771018495,1.3518873614182625
E2,11,2026-10-15 20:00:00,Mansfield,Oxford,,,,,,,,,,,,,,,,,,,,0.389902074619892,0.28415102981034007,0.3259468955697679,1.453857253670016,1.2619917165196437,1.6795687873404463,1.6250499973740544,1.400855006792263,1.2628002123151423,,,,,,,,,,,,,,E2-Mansfiel-Oxford,0.3907391204258669,0.282614924438121,0.32664595513601213,1.4548322857157214,1.2625527898461573
E2,11,2026-10-17 12:30:00,MK Dons,Luton,,,,,,,,,,,,,,,,,,,,0.3824600934440522,0.2845601972105196,0.3329797093454282,1.4319404775426763,1.283499325246804,1.676247506981841,1.6340070634103716,1.3844829430291508,1.27773332918754,,,,,,,,,,,,,,E2-MKDons-Luton,0.3802247459745899,0.2824075298018114,0.33736772422359873,1.4230817677255811,1.2945107024726075
E2,11,2026-10-17 12:30:00,Peterborough,Burton,,,,,,,,,,,,,,,,,,,,0.44304790988122267,0.27841510372969325,0.2785369863890841,1.607558833373361,1.1140260628969454,1.6816008899039758,1.544193912417781,1.5209897862684283,1.1630584346920803,,,,,,,,,,,,,,E2-Peterbor-Burton,0.4600216416137666,0.275488718514067,0.26448963987216645,1.6555536433553666,1.0689576381305663
E2,11,2026-10-17 15:00:00,Barnsley,Cambridge,,,,,,,,,,,,,,,,,,,,0.44808413939154357,0.2776290901604055,0.27428677044805094,1.6218815083350362,1.1004894015045583,1.6798867176051653,1.5351331013690033,1.5327123676662997,1.1541630623712331,,,,,,,,,,,,,,E2-Barnsley-Cambridg,0.4553579542777565,0.2751635975519267,0.2694784481703168,1.641237460385196,1.083598942062877
E2,11,2026-10-17 15:00:00,Bradford,Stevenage,,,,,,,,,,,,,,,,,,,,0.4601727390329616,0.27558034982899127,0.2642469111380472,1.656098566927876,1.068321083243133,1.6744725377450806,1.5124926131696352,1.5611255594250406,1.1331567722531677,,,,,,,,,,,,,,E2-Bradford-Stevenag,0.4540047506276671,0.2827884280787495,0.2632068212935834,1.6448026799617508,1.0724088919594998
E2,11,2026-10-17 15:00:00,Leicester,Doncaster,,,,,,,,,,,,,,,,,,,,0.5779143247090752,0.24469075859110803,0.17739491669981675,1.9784337327183337,0.7768755086905582,1.5317196462149867,1.2377094528862451,1.8642760578561461,0.9488938038684515,,,,,,,,,,,,,,E2-Leiceste-Doncaste,0.5622344195446485,0.24921952115804913,0.1885460592973024,1.9359227797919947,0.8148576990499563
E2,11,2026-10-17 15:00:00,Leyton Orient,Blackpool,,,,,,,,,,,,,,,,,,,,0.3733260894469769,0.2849217903388168,0.3417521202142062,1.4049000586797475,1.3101781509814354,1.671112420483251,1.6441240849575396,1.3645154336984477,1.2964309206860476,,,,,,,,,,,,,,E2-LeytonOr-Blackpoo,0.3622396992005086,0.2779593302904826,0.35980097050900883,1.3646784278920083,1.357362241817509
E2,11,2026-10-17 15:00:00,Plymouth,Huddersfield,,,,,,,,,,,,,,,,,,,,0.4095535754653535,0.2825919932736452,0.30785443126100137,1.5112527196697056,1.2061552870566492,1.6846893897527444,1.5984712981279496,1.4445777654967091,1.2245792800166353,,,,,,,,,,,,,,E2-Plymouth-Huddersf,0.38758559710481927,0.2805650176161624,0.33184938527901836,1.4433218089306203,1.2761131734532176
E2,11,2026-10-17 15:00:00,Sheffield Wed,AFC Wimbledon,,,,,,,,,,,,,,,,,,,,0.5713922995849182,0.24688267133372638,0.1817250290813554,1.9610595700884812,0.7920577585777926,1.5436587301623717,1.2550524401426484,1.8459236459622619,0.9583278289269855,,,,,,,,,,,,,,E2-Sheffiel-AFCWimbl,0.584619641705098,0.24170988686299472,0.17367047143190734,1.9955688119782886,0.7627213011587168
E2,11,2026-10-17 15:00:00,Stockport,Bromley,,,,,,,,,,,,,,,,,,,,0.5409554193308631,0.2564003684065109,0.20264421226262597,1.8792666263991,0.8643330051943888,1.5933560892868237,1.3331267349017812,1.763046077310582,1.0033770658441894,,,,,,,,,,,,,,E2-Stockpor-Bromley,0.579432037133447,0.2415730737852903,0.17899488908126265,1.9798691851856314,0.7785577410290783
E2,11,2026-10-17 15:00:00,Wigan,Reading,,,,,,,,,,,,,,,,,,,,0.3986768465433177,0.28353945126016006,0.31778370219652224,1.4795699908901132,1.236890557849727,1.6825037122074495,1.6136945189310516,1.4202866376644825,1.245523229669288,,,,,,,,,,,,,,E2-Wigan-Reading,0.38649400115549537,0.27974062677815925,0.3337653720663454,1.4392226302446454,1.2810367429771954
E2,11,2026-10-17 15:00:00,Wycombe,Notts County,,,,,,,,,,,,,,,,,,,,0.454627393301114,0.2765483176817006,0.2688242890171854,1.6404304975850426,1.0830211847332567,1.6771826399846161,1.5230320322553421,1.5480423906475875,1.1427335651060433,,,,,,,,,,,,,,E2-Wycombe-NottsCou,0.4528630228409871,0.2749450211706961,0.2721919559883168,1.6335340896936574,1.0915208891356465
E2,12,2026-10-20 19:45:00,AFC Wimbledon,Mansfield,,,,,,,,,,,,,,,,,,,,0.35654122097703533,0.28516934882502115,0.3582894301979435,1.354793011756127,1.3600376394188516,1.6585762329151015,1.6600718399705106,1.328154688604171,1.3319231676689232,,,,,,,,,,,,,,E2-AFCWimbl-Mansfiel,0.3567196997978114,0.28704370582966937,0.35623659437251926,1.3572028052231035,1.3557534889472271
E2,12,2026-10-20 19:45:00,Blackpool,MK Dons,,,,,,,,,,,,,,,,,,,,0.3850383593145036,0.2844299618072765,0.33053167887821994,1.4395450397507872,1.2760249984419363,1.6774852741667132,1.6309752750625124,1.390144180328129,1.2725298749820655,,,,,,,,,,,,,,E2-Blackpoo-MKDons,0.3881286133026952,0.27467728913070555,0.33719409756659924,1.4390631290387912,1.2862595818305032
E2,12,2026-10-20 19:45:00,Bromley,Leicester,,,,,,,,,,,,,,,,,,,,0.20385057474809437,0.2568977956450436,0.5392516296068621,0.8684495198893267,1.87465268446563,1.3373483997818911,1.5958397747326099,1.0059523873062273,1.758532533271368,,,,,,,,,,,,,,E2-Bromley-Leiceste,0.1986221587618431,0.25234797013162,0.5490298711065369,0.8482144464171494,1.8994375834512307
E2,12,2026-10-20 19:45:00,Burton,Bradford,,,,,,,,,,,,,,,,,,,,0.33140532410115653,0.2844779248458751,0.3841167510529684,1.2786938971493447,1.4368281780047802,1.6320677591493054,1.677053471214054,1.2743861838329362,1.388119254933718,,,,,,,,,,,,,,E2-Burton-Bradford,0.31500167507694793,0.2900650190924317,0.3949333058306203,1.2350700443232754,1.4748649365842925
E2,12,2026-10-20 19:45:00,Cambridge,Wycombe,,,,,,,,,,,,,,,,,,,,0.3475055672854289,0.28507129906531614,0.36742313364925494,1.327588000921603,1.387340700013081,1.6501315044431584,1.6671652839958244,1.3087406312163914,1.3516811183250472,,,,,,,,,,,,,,E2-Cambridg-Wycombe,0.34447164470619535,0.28223877432497285,0.37328958096883186,1.315653708443559,1.4021075172314683
E2,12,2026-10-20 19:45:00,Doncaster,Stockport,,,,,,,,,,,,,,,,,,,,0.3606262823245767,0.28515986847192976,0.3542138492034935,1.36703871544566,1.3478014160824103,1.6620015598658,1.6565158541096208,1.336967032598103,1.323144069276215,,,,,,,,,,,,,,E2-Doncaste-Stockpor,0.35244949753987737,0.2826761234644663,0.3648743789956564,1.3400246160840985,1.3772992604514356
E2,12,2026-10-20 19:45:00,Huddersfield,Peterborough,,,,,,,,,,,,,,,,,,,,0.4885805841452673,0.26989450548851274,0.24152491036621998,1.7356362579243145,0.9944692365871726,1.6546865429744009,1.4546496362662187,1.629565074245492,1.08556573036463,,,,,,,,,,,,,,E2-Huddersf-Peterbor,0.5182696610217449,0.25885786439270525,0.22287247458554987,1.8136668474579398,0.9274752881493549
E2,12,2026-10-20 19:45:00,Luton,Barnsley,,,,,,,,,,,,,,,,,,,,0.4922002802984475,0.2690848848862417,0.23871483481531075,1.745685725781584,0.985229389332174,1.6514687543746933,1.4468414486201904,1.6384681170400568,1.0796670265368076,,,,,,,,,,,,,,E2-Luton-Barnsley,0.4966973096345367,0.26720182621141536,0.23610086415404802,1.7572937551150254,0.9755044186735593
E2,12,2026-10-20 19:45:00,Notts County,Sheffield Wed,,,,,,,,,,,,,,,,,,,,0.3129958690729899,0.2831109020483391,0.40389322887867096,1.2220985092673087,1.494790588684352,1.6065489573518696,1.6837510579370658,1.2354152455493994,1.4319072120672358,,,,,,,,,,,,,,E2-NottsCou-Sheffiel,0.30964627479259665,0.2796929268936686,0.41066079831373475,1.2086317512714586,1.5116753218348729
E2,12,2026-10-20 19:45:00,Oxford,Wigan,,,,,,,,,,,,,,,,,,,,0.42891822162179594,0.2804032666734738,0.29067851170473025,1.5671579315388615,1.1524388017876646,1.6846832788844748,1.568394680150258,1.4884391908649741,1.1884932961030028,,,,,,,,,,,,,,E2-Oxford-Wigan,0.4247976682008865,0.277428239839915,0.2977740919591985,1.5518212444425745,1.1707505157175107
E2,12,2026-10-20 19:45:00,Stevenage,Plymouth,,,,,,,,,,,,,,,,,,,,0.34564642834986076,0.2850304799093893,0.3693230917407499,1.3219697649589714,1.3929997551316389,1.648244275592458,1.6684899877793324,1.304758674652732,1.3558062761842364,,,,,,,,,,,,,,E2-Stevenag-Plymouth,0.34450105192387964,0.28636638810029696,0.36913255997582345,1.319869543871936,1.3937640680277672
E2,12,2026-10-21 20:00:00,Reading,Leyton Orient,,,,,,,,,,,,,,,,,,,,0.4406186586334616,0.27877983485088903,0.28060150651564936,1.6006358107512737,1.120584354397837,1.6823127638926567,1.5484840981705157,1.5153585322220753,1.1673804993238086,,,,,,,,,,,,,,E2-Reading-LeytonOr,0.4770028276737386,0.27081222245928094,0.2521849498669805,1.7018207054804968,1.0273670720602224
E2,13,2026-10-24 12:30:00,Huddersfield,Wigan,,,,,,,,,,,,,,,,,,,,0.47606143038340554,0.27254791545075585,0.2513906541658386,1.7007322066009727,1.0267198779482718,1.6646107503315921,1.4809100951691894,1.5991002314406835,1.1062471039768706,,,,,,,,,,,,,,E2-Huddersf-Wigan,0.5063088734235948,0.26165089345679343,0.2320402331196118,1.7805775137275777,0.9577715928156287
E2,13,2026-10-24 12:30:00,Luton,Leicester,,,,,,,,,,,,,,,,,,,,0.3350540410648941,0.28466046334968415,0.38028549558542174,1.2898225865443664,1.4255169501059493,1.6365045281737314,1.6751313485791126,1.2821471997774123,1.3797167753492798,,,,,,,,,,,,,,E2-Luton-Leiceste,0.350354332729518,0.2846503745230446,0.3649952927474374,1.3357133727115986,1.379636252765357
E2,13,2026-10-24 15:00:00,AFC Wimbledon,Wycombe,,,,,,,,,,,,,,,,,,,,0.32092628203818824,0.28379250418658886,0.39528121377522296,1.2465713503011537,1.4696361455122577,1.6181889111386416,1.6814930279674698,1.2521676239695037,1.4127501511275966,,,,,,,,,,,,,,E2-AFCWimbl-Wycombe,0.3176910070267367,0.2833570928637916,0.3989519001094717,1.2364301139440017,1.4802127931922067
E2,13,2026-10-24 15:00:00,Blackpool,Mansfield,,,,,,,,,,,,,,,,,,,,0.44167165554069016,0.27862289330598256,0.27970545115332734,1.6036378599280532,1.1177392467659646,1.6820134073775677,1.5466309299249827,1.5177976574553376,1.1655045000964195,,,,,,,,,,,,,,E2-Blackpoo-Mansfiel,0.4512493228230972,0.27008305155187606,0.2786676256250268,1.6238310200211679,1.1060859284269564
E2,13,2026-10-24 15:00:00,Bromley,Peterborough,,,,,,,,,,,,,,,,,,,,0.35028372330819035,0.2851190811411333,0.3645971955506763,1.3359702510657043,1.3789106677931622,1.6528560791822855,1.6650992113434357,1.3146987962796837,1.3455553507814046,,,,,,,,,,,,,,E2-Bromley-Peterbor,0.3322902517456464,0.28032468305479924,0.38738506519955435,1.2771954382917385,1.4424798786534623
E2,13,2026-10-24 15:00:00,Burton,Leyton Orient,,,,,,,,,,,,,,,,,,,,0.38432385190082174,0.284467283172028,0.33120886492715024,1.4374388388744934,1.2780938779534787,1.6771515347745716,1.6318231066542181,1.3885741629984507,1.2739686846686442,,,,,,,,,,,,,,E2-Burton-LeytonOr,0.38556393154871504,0.28694649290649366,0.3274895755447913,1.443638287552639,1.2694152195408677
E2,13,2026-10-24 15:00:00,Cambridge,Plymouth,,,,,,,,,,,,,,,,,,,,0.32131475299457135,0.28382224608134826,0.3948630009240804,1.2477665050650624,1.4684112488535894,1.6187337718702102,1.6813576586383139,1.2529895415702488,1.4118234361182982,,,,,,,,,,,,,,E2-Cambridg-Plymouth,0.31573101320821056,0.28158939823173756,0.4026795885600519,1.2287824378563692,1.4896281639118936
E2,13,2026-10-24 15:00:00,Doncaster,Sheffield Wed,,,,,,,,,,,,,,,,,,,,0.32024715786981495,0.2837396981054279,0.3960131440247572,1.2444811717148727,1.4717791301796994,1.61723073218094,1.68172418629573,1.2507310541146757,1.4143728135479763,,,,,,,,,,,,,,E2-Doncaste-Sheffiel,0.31877778599676204,0.27990602589511016,0.40131618810812786,1.2362393838853962,1.4838545902194937
E2,13,2026-10-24 15:00:00,Notts County,Stockport,,,,,,,,,,,,,,,,,,,,0.35302867641380925,0.2851508580128831,0.3618204655733076,1.344236887254311,1.370612254732806,1.6554361366820074,1.6629570953489057,1.3205952226378452,1.3395474780428789,,,,,,,,,,,,,,E2-NottsCou-Stockpor,0.3429085443640443,0.2831035041873448,0.3739879514486109,1.3118291372794777,1.4050673585331777
E2,13,2026-10-24 15:00:00,Oxford,Bradford,,,,,,,,,,,,,,,,,,,,0.38877002548268214,0.28421981103581695,0.3270101634815009,1.4505298874838632,1.2652503014803198,1.6791130858960073,1.6264529569732848,1.3983583051821509,1.265054881459419,,,,,,,,,,,,,,E2-Oxford-Bradford,0.3811304013948712,0.2875796056635135,0.3312899929416153,1.430970809848127,1.2814495844883593
E2,13,2026-10-24 15:00:00,Reading,Barnsley,,,,,,,,,,,,,,,,,,,,0.4230464679693519,0.28113346609562423,0.2958200659350238,1.5502728700036799,1.1685936639006955,1.6852057063503447,1.5779029082019866,1.4750518691679135,1.1992798605773127,,,,,,,,,,,,,,E2-Reading-Barnsley,0.4415311267760127,0.2757212042878688,0.2827476689361185,1.6003145846159068,1.1239642110962242
E2,13,2026-10-24 15:00:00,Stevenage,MK Dons,,,,,,,,,,,,,,,,,,,,0.35458403392634563,0.28516210321398067,0.3602538628596737,1.3489142049930174,1.3659236917930018,1.6568488761191473,1.6616993371496205,1.3239405669052942,1.3361626980998327,,,,,,,,,,,,,,E2-Stevenag-MKDons,0.3548356780654821,0.2855155114351946,0.3596488104993233,1.350022545631641,1.3644619429331646
E2,8,2026-10-27 19:45:00,Leicester,Wigan,,,,,,,,,,,,,,,,,,,,0.5762620079024978,0.24525106421955384,0.17848692787794834,1.9740370879270472,0.7807118478533988,1.5347867108305375,1.2421224257424206,1.8596054914321078,0.9512770359898587,,,,,,,,,,,,,,E2-Leiceste-Wigan,0.5666892291469227,0.24591111154432013,0.1873996593087572,1.9459787989850883,0.8081100894705917
E2,9,2026-10-27 19:45:00,Oxford,Stockport,,,,,,,,,,,,,,,,,,,,0.37852167140271853,0.2847353126676533,0.3367430159296282,1.420300326875809,1.294964360456538,1.6741773367685897,1.6384897611816966,1.3758566740858549,1.285744389891016,,,,,,,,,,,,,,E2-Oxford-Stockpor,0.3611648049382329,0.2819184814181208,0.3569167136436463,1.3654128962328194,1.3526686223490596
E2,9,2026-10-27 19:45:00,Sheffield Wed,Cambridge,,,,,,,,,,,,,,,,,,,,0.5421167381070988,0.25605913483180387,0.2018241270610973,1.8824093491531002,0.8615315160150958,1.591644820016695,1.3302397252944105,1.766129797349826,1.0016251368696008,,,,,,,,,,,,,,E2-Sheffiel-Cambridg,0.5591289666630959,0.24829549913608964,0.1925755342008145,1.9256823991253773,0.8260221017385331
E2,14,2026-10-31 12:30:00,Bradford,Huddersfield,,,,,,,,,,,,,,,,,,,,0.38928788564114525,0.28418863621663176,0.326523478142223,1.4520522931400675,1.2637590706433006,1.6793237449736105,1.6258129508634198,1.399500148070663,1.2640227315722157,,,,,,,,,,,,,,E2-Bradford-Huddersf,0.36359649274712147,0.28684978340418904,0.3495537238486895,1.3776392616455533,1.3355109549502575
E2,14,2026-10-31 12:30:00,Leyton Orient,Cambridge,,,,,,,,,,,,,,,,,,,,0.43044974909027356,0.28020344795157176,0.2893468029581547,1.5715526952223924,1.1482438568260358,1.6844733159032685,1.565860719836234,1.4919441140491958,1.1857012493577013,,,,,,,,,,,,,,E2-LeytonOr-Cambridg,0.4181357391036533,0.2817028282088023,0.30016143268754436,1.5361100455197623,1.1821871262714354
E2,14,2026-10-31 12:30:00,Plymouth,Reading,,,,,,,,,,,,,,,,,,,,0.45989753747729056,0.27562950344584497,0.26447295907686447,1.6553221158777167,1.0690483806764384,1.6746160334275797,1.5130216949107103,1.560474258095625,1.1336297223889202,,,,,,,,,,,,,,E2-Plymouth-Reading,0.44732198574310483,0.27460317311023613,0.2780748411466591,1.6165691303395506,1.1088276965502133
E2,14,2026-10-31 15:00:00,Barnsley,Oxford,,,,,,,,,,,,,,,,,,,,0.39747323467794665,0.28363149916780833,0.31889526615424507,1.4760512032016484,1.2403172976305437,1.6821634567962942,1.6153018957544794,1.4176127774320628,1.247872499572456,,,,,,,,,,,,,,E2-Barnsley-Oxford,0.4050538246711747,0.2808562851718112,0.3140898901570141,1.4960177591853354,1.2231259556428535
E2,14,2026-10-31 15:00:00,Leicester,Stevenage,,,,,,,,,,,,,,,,,,,,0.5837725537288447,0.24267705503814316,0.1735503912330121,1.9939947162246774,0.7633282287371795,1.5206151102658145,1.2219605913482123,1.8809533367662765,0.9404805347490723,,,,,,,,,,,,,,E2-Leiceste-Stevenag,0.5681913284385329,0.2494923476629579,0.18231632389850919,1.9540663329785566,0.7964413193584855
E2,14,2026-10-31 15:00:00,MK Dons,Doncaster,,,,,,,,,,,,,,,,,,,,0.4655865661925959,0.27458988139004503,0.259823552417359,1.6713495799678326,1.054060538642122,1.6714595586647576,1.5019582340237556,1.5739818331149333,1.1239011548812623,,,,,,,,,,,,,,E2-MKDons-Doncaste,0.4638678541870235,0.27251683541847366,0.26361531039450287,1.6641203979795443,1.0633627666019823
E2,14,2026-10-31 15:00:00,Mansfield,Notts County,,,,,,,,,,,,,,,,,,,,0.416171235435833,0.2819152601275625,0.3019135044366045,1.5304289664350617,1.1876557734373758,1.6852435577465688,1.5886105638778716,1.4594749984570226,1.2120796874699542,,,,,,,,,,,,,,E2-Mansfiel-NottsCou,0.40805561574696714,0.2826272047823982,0.30931717947063464,1.5067940520232996,1.210578743194302
E2,14,2026-10-31 15:00:00,Peterborough,Luton,,,,,,,,,,,,,,,,,,,,0.3221357906791298,0.28388399696936145,0.39398021235150876,1.2502913690067508,1.4658246340238876,1.6198776056687545,1.6810640504216763,1.2547270956102552,1.4098683340695852,,,,,,,,,,,,,,E2-Peterbor-Luton,0.3209627265849575,0.2813661371270731,0.3976711362879694,1.2442543168819455,1.4743795459909812
E2,14,2026-10-31 15:00:00,Stockport,AFC Wimbledon,,,,,,,,,,,,,,,,,,,,0.5271619959200115,0.2603170836547737,0.21252092042521487,1.8418030714148081,0.8978798449304183,1.6125364930618558,1.3668171515494352,1.7268593549708005,1.0244030557021895,,,,,,,,,,,,,,E2-Stockpor-AFCWimbl,0.5461522346533745,0.254973048650159,0.1988747166964665,1.8934297526102823,0.8515971987395585
E2,14,2026-10-31 15:00:00,Wigan,Bromley,,,,,,,,,,,,,,,,,,,,0.4886326603605993,0.26988299137333704,0.2414843482660637,1.7357809724551352,0.9943360361715281,1.6546413502814366,1.454537972938604,1.6296928534776136,1.085480614475984,,,,,,,,,,,,,,E2-Wigan-Bromley,0.5138724368700289,0.26042375159677045,0.22570381153320063,1.8020410622068572,0.9375351861963723
E2,14,2026-10-31 15:00:00,Wycombe,Burton,,,,,,,,,,,,,,,,,,,,0.48892479928295973,0.26981832651215615,0.24125687420488412,1.7365927243610353,0.9935889491268084,1.6543872297551108,1.4539111945291978,1.630409839460139,1.0850032655505506,,,,,,,,,,,,,,E2-Wycombe-Burton,0.5033476295771845,0.26637799978253246,0.23027437064028305,1.776420888514086,0.9572011117033816
E2,14,2026-11-01 14:00:00,Sheffield Wed,Blackpool,,,,,,,,,,,,,,,,,,,,0.48273690564572186,0.2711615776424733,0.2461015167118049,1.7193722945796388,1.009466127777888,1.6595526410859178,1.467053364917834,1.6152825991973345,1.095164400878862,,,,,,,,,,,,,,E2-Sheffiel-Blackpoo,0.5027802938097184,0.25786213241276296,0.2393575737775186,1.7662030138419185,0.9759348537453187
E2,8,2026-11-03 19:45:00,Huddersfield,Luton,,,,,,,,,,,,,,,,,,,,0.3940893523986574,0.2838764384532819,0.3220342091480607,1.466144495649254,1.249979065897464,1.6811009279185933,1.6197366556039312,1.4101099673903144,1.2545120883542733,,,,,,,,,,,,,,E2-Huddersf-Luton,0.417233492929435,0.27992955691764587,0.3028369501529191,1.531630035705951,1.1884404073764032
E2,3,2026-11-04 19:45:00,Oxford,Reading,,,,,,,,,,,,,,,,,,,,0.4154904278323895,0.2819883320579353,0.3025212401096753,1.5284596155551038,1.1895520523869612,1.685213386166585,1.5896454077069815,1.4579381336287294,1.2133573841004175,,,,,,,,,,,,,,E2-Oxford-Reading,0.395443629599596,0.2809832313958104,0.3235731390045936,1.4673141201945983,1.2517026484095912
E2,15,2026-11-14 15:00:00,AFC Wimbledon,Blackpool,,,,,,,,,,,,,,,,,,,,0.3287884400158068,0.2843293103257377,0.3868822496584555,1.2706946303731583,1.444976059301104,1.6287604268088214,1.6783137452984898,1.2688280872068198,1.3941999060678516,,,,,,,,,,,,,,E2-AFCWimbl-Blackpoo,0.3287846967469133,0.2792638962182334,0.39195140703485337,1.2656179864589734,1.4551181173227936
E2,15,2026-11-14 15:00:00,Bromley,Notts County,,,,,,,,,,,,,,,,,,,,0.34781082128992846,0.28507732177573386,0.3671118569343377,1.3285097856455192,1.386412892578747,1.6504364628291865,1.666943325476205,1.3093948308335053,1.3510057916403484,,,,,,,,,,,,,,E2-Bromley-NottsCou,0.3278986223609994,0.2832045991826591,0.38889677845634146,1.2669004662656573,1.4498949345516834
E2,15,2026-11-14 15:00:00,Doncaster,Leyton Orient,,,,,,,,,,,,,,,,,,,,0.4254785012307667,0.280837957603313,0.2936835411659203,1.5572734612956132,1.161888581101074,1.6850438354245934,1.574004753203529,1.4805872165998895,1.1947962133986534,,,,,,,,,,,,,,E2-Doncaste-LeytonOr,0.44773190903072846,0.27764436341130744,0.2746237275579641,1.6208400905034928,1.1015155460851997
E2,15,2026-11-14 15:00:00,Leicester,Bradford,,,,,,,,,,,,,,,,,,,,0.5349001069363757,0.25815088246781065,0.20694901059581366,1.8628512032769378,0.8789979142552518,1.602037239344857,1.3480546445650508,1.7470614851220492,1.012557379957591,,,,,,,,,,,,,,E2-Leiceste-Bradford,0.5187762714511092,0.26514455359484723,0.2160791749540436,1.8214733679481747,0.913382078456978
E2,15,2026-11-14 15:00:00,Luton,Cambridge,,,,,,,,,,,,,,,,,,,,0.5291136296795229,0.25977828576842926,0.21110808455204783,1.847119174806998,0.8931025394245726,1.6099517069444507,1.3621189008102395,1.731931273802903,1.021403116138496,,,,,,,,,,,,,,E2-Luton-Cambridg,0.5386767211591192,0.25716750937404226,0.2041557694668385,1.8731976728514,0.8696348177745576
E2,15,2026-11-14 15:00:00,MK Dons,Burton,,,,,,,,,,,,,,,,,,,,0.5081684442485352,0.26529083341531934,0.22654072233614542,1.789796166160925,0.9449130004237556,1.635436515247791,1.4112967560708038,1.678280817380462,1.0540548290131424,,,,,,,,,,,,,,E2-MKDons-Burton,0.523886123240388,0.26113781429521704,0.214976062464395,1.832796184016381,0.9060660016884019
E2,15,2026-11-14 15:00:00,Peterborough,Oxford,,,,,,,,,,,,,,,,,,,,0.38321789321950606,0.2845231937322019,0.332258913048292,1.43417687339072,1.281299932877078,1.6766209285389748,1.6331238931760255,1.3861457125747239,1.2762006071599323,,,,,,,,,,,,,,E2-Peterbor-Oxford,0.39260118485524387,0.2805266603244339,0.3268721548203222,1.4583302148901653,1.2611431247854006
E2,15,2026-11-14 15:00:00,Sheffield Wed,Plymouth,,,,,,,,,,,,,,,,,,,,0.4452756068826629,0.27807237547694014,0.276652017640397,1.6138991961249287,1.108028428398131,1.680882222168215,1.540213536102081,1.5261670104378726,1.1591129856046725,,,,,,,,,,,,,,E2-Sheffiel-Plymouth,0.45538180896792946,0.27201562183832867,0.2726025691937419,1.638161048742117,1.0898233294195543
E2,15,2026-11-14 15:00:00,Stevenage,Mansfield,,,,,,,,,,,,,,,,,,,,0.40997099651022473,0.28255152735073774,0.30747747613903753,1.512464516881412,1.2049839557678503,1.684741581117438,1.5978624789441387,1.4455147311299987,1.2237855221420844,,,,,,,,,,,,,,E2-Stevenag-Mansfiel,0.41479888723148595,0.28427432834511873,0.3009267844233953,1.5286709900395767,1.1870546816153047
E2,15,2026-11-14 15:00:00,Stockport,Reading,,,,,,,,,,,,,,,,,,,,0.4497073607475527,0.27736722295815613,0.2729254162942912,1.626489305200814,1.0961434718410297,1.6792660097535035,1.5321654587470708,1.5365047345256697,1.1513143827351129,,,,,,,,,,,,,,E2-Stockpor-Reading,0.45069108705385197,0.27345675949775144,0.2758521534483966,1.6255300206593073,1.1010132198429412
E2,15,2026-11-14 15:00:00,Wigan,Barnsley,,,,,,,,,,,,,,,,,,,,0.4096637991349634,0.28258133710069094,0.30775486376434563,1.5115727345055812,1.2058459283937277,1.684703397614682,1.5983107079560703,1.444825144580142,1.2243696108390065,,,,,,,,,,,,,,E2-Wigan-Barnsley,0.4130695773003792,0.2783849371031639,0.3085454855964569,1.5175936690043015,1.2040213938925346
E2,15,2026-11-14 15:00:00,Wycombe,Huddersfield,,,,,,,,,,,,,,,,,,,,0.3818021870354392,0.28459145943419634,0.33360635353036444,1.429998020540514,1.2854105200252897,1.6759168040033607,1.6347684362157908,1.3830401448375436,1.2790662704933937,,,,,,,,,,,,,,E2-Wycombe-Huddersf,0.3583296189880293,0.2803120306470986,0.3613583503648721,1.3553008876111865,1.364387081741715
E2,16,2026-11-20 20:00:00,Barnsley,Sheffield Wed,,,,,,,,,,,,,,,,,,,,0.32385310186991034,0.2840083054016984,0.39213859272839124,1.2555676110114296,1.460424083586872,1.6222361964099434,1.6804171360366644,1.2583633074143339,1.405794327899559,,,,,,,,,,,,,,E2-Barnsley-Sheffiel,0.3193810521938095,0.2788024805590355,0.401816467247155,1.2369456371404641,1.4842518823005004
E2,16,2026-11-21 12:30:00,Blackpool,Wigan,,,,,,,,,,,,,,,,,,,,0.4362321712140246,0.27941446152482685,0.28435336726114857,1.5881109751669005,1.1324745633082727,1.683407533005485,1.556096130334901,1.5052275444496153,1.1752375954871546,,,,,,,,,,,,,,E2-Blackpoo-Wigan,0.4402023254957677,0.2696760654708343,0.29012160903339806,1.5902830419581375,1.1400408925710286
E2,16,2026-11-21 12:30:00,Reading,Bromley,,,,,,,,,,,,,,,,,,,,0.5023968454588177,0.2667036505674979,0.23089950397368442,1.7738941869439508,0.9594021624885511,1.641574673223317,1.4243466769429494,1.6637871362560612,1.0632369739200496,,,,,,,,,,,,,,E2-Reading-Bromley,0.5427563962002244,0.2532932927784533,0.20395031102132227,1.8815624813791265,0.86514422584242
E2,16,2026-11-21 15:00:00,Bradford,Doncaster,,,,,,,,,,,,,,,,,,,,0.45430484353622175,0.27660315827032783,0.26909199819345037,1.639517688878993,1.083879152850679,1.6773284979492087,1.5236371240270754,1.5472840005413817,1.1432936677307084,,,,,,,,,,,,,,E2-Bradford-Doncaste,0.4472817642382352,0.28117189559506817,0.27154634016669665,1.6230171883097737,1.0958109160951581
E2,16,2026-11-21 15:00:00,Burton,Luton,,,,,,,,,,,,,,,,,,,,0.29433574892213216,0.2809293548691345,0.4247348962087334,1.163936601635531,1.5551340434953347,1.575202682541455,1.6851015275095862,1.1961646981854128,1.4788933352435336,,,,,,,,,,,,,,E2-Burton-Luton,0.2773027465993666,0.2811152125128498,0.4415820408877836,1.1130234523109497,1.6058613351762006
E2,16,2026-11-21 15:00:00,Cambridge,Stockport,,,,,,,,,,,,,,,,,,,,0.3305346651802944,0.28443012856965033,0.3850352062500553,1.2760341241105335,1.439535747319816,1.6309790292977637,1.6774838170085267,1.272536218957382,1.3901372500417963,,,,,,,,,,,,,,E2-Cambridg-Stockpor,0.31347078977165654,0.28065663041726285,0.4058725798110806,1.2210689997322324,1.4982743698505048
E2,16,2026-11-21 15:00:00,Huddersfield,Leicester,,,,,,,,,,,,,,,,,,,,0.3184232873043649,0.2835927555449797,0.39798395715065543,1.2388626174580746,1.477544626996946,1.6146217563491922,1.6823102451333338,1.2468748593570413,1.4187470271974172,,,,,,,,,,,,,,E2-Huddersf-Leiceste,0.35527913959927093,0.2821603567649071,0.362560503635822,1.34799777556272,1.3698418676723731
E2,16,2026-11-21 15:00:00,Leyton Orient,AFC Wimbledon,,,,,,,,,,,,,,,,,,,,0.45942238114110523,0.2757140975508338,0.26486352130806096,1.6539812409741494,1.0703046614750167,1.6748615823263937,1.5139337209482322,1.559350237287303,1.1344468726136923,,,,,,,,,,,,,,E2-LeytonOr-AFCWimbl,0.44398831473110234,0.28057661454291377,0.2754350707259839,1.6125415587362208,1.1068818267208655
E2,16,2026-11-21 15:00:00,Mansfield,MK Dons,,,,,,,,,,,,,,,,,,,,0.356491980857924,0.2851692605668427,0.3583387585752333,1.3546452031406149,1.3601855362925426,1.6585334618962806,1.6601133946045104,1.328048604881379,1.3320295608894572,,,,,,,,,,,,,,E2-Mansfiel-MKDons,0.3522484743344325,0.28198838654952196,0.3657631391160455,1.3387338095528194,1.3792778038976583
E2,16,2026-11-21 15:00:00,Notts County,Stevenage,,,,,,,,,,,,,,,,,,,,0.4097668690992319,0.2825713535654046,0.30766177733536354,1.5118719608631002,1.2055566855714952,1.684716349414456,1.5981604274575474,1.4450564909647519,1.2241735953305024,,,,,,,,,,,,,,E2-NottsCou-Stevenag,0.4091904143155758,0.28582031475547814,0.30498927092894607,1.5133915577022055,1.2007881275423162
E2,16,2026-11-21 15:00:00,Oxford,Wycombe,,,,,,,,,,,,,,,,,,,,0.3962962037400088,0.2837190194985579,0.3199847767614333,1.4726076307185842,1.2436733497828578,1.6818116191080348,1.6168586093913428,1.4150006147421972,1.25017613531023,,,,,,,,,,,,,,E2-Oxford-Wycombe,0.39387909780756636,0.280461617632606,0.3256592845598276,1.462098911055305,1.2574394713120889
E2,16,2026-11-21 15:00:00,Plymouth,Peterborough,,,,,,,,,,,,,,,,,,,,0.4860928800355122,0.27043997060330577,0.24346714936118202,1.7287186107098425,1.000841418686852,1.656807855908348,1.4599607694948336,1.6234713611620908,1.0896404102464357,,,,,,,,,,,,,,E2-Plymouth-Peterbor,0.4895017468287376,0.2661988389869798,0.24429941418428258,1.7347040794731925,0.9990970815398276
E2,9,2026-11-24 19:45:00,Blackpool,Leicester,,,,,,,,,,,,,,,,,,,,0.283609266972444,0.27929147033658147,0.4370992626909746,1.1301192712539134,1.5905892584095052,1.554605305829101,1.6832106455876534,1.17367901391338,1.5072264043485368,,,,,,,,,,,,,,E2-Blackpoo-Leiceste,0.29426864593556423,0.27245374190698984,0.4332776121574459,1.1552596797136825,1.5722865783793276
E2,8,2026-11-24 19:45:00,Bradford,Barnsley,,,,,,,,,,,,,,,,,,,,0.4503035530665266,0.2772700036528834,0.27242644328059,1.628180662852463,1.0945493334946534,1.679029710364936,1.5310697497246033,1.537899378986494,1.1502703129809477,,,,,,,,,,,,,,E2-Bradford-Barnsley,0.4479702613611594,0.28005320457889094,0.2719765340599497,1.6239639886623691,1.09598280675874
E2,8,2026-11-24 19:45:00,Stevenage,Sheffield Wed,,,,,,,,,,,,,,,,,,,,0.3149987538924648,0.2832965380561127,0.4017047080514225,1.2282927997335071,1.4884106622103803,1.6095821212111183,1.683272611137372,1.2396415761232162,1.4270253870737934,,,,,,,,,,,,,,E2-Stevenag-Sheffiel,0.30924978515642854,0.2822220218827733,0.4085281929607982,1.2099713773520588,1.5078066007651678
E2,17,2026-11-26 20:00:00,Doncaster,Huddersfield,,,,,,,,,,,,,,,,,,,,0.3487964393500507,0.2850954640176607,0.3661080966322886,1.3314847820678128,1.3834197539145268,1.6514116932899463,1.6662181181873283,1.3115079158011296,1.3488290681946917,,,,,,,,,,,,,,E2-Doncaste-Huddersf,0.3295555155684437,0.2818651153852442,0.388579369046312,1.2705316620905753,1.4476032225241804
E2,17,2026-11-28 12:30:00,MK Dons,Notts County,,,,,,,,,,,,,,,,,,,,0.4737357843015826,0.2730154388279571,0.2532487768704603,1.6942227917327048,1.032761769439338,1.6662466295156397,1.4856575582466278,1.5934949519047945,1.1101384399651937,,,,,,,,,,,,,,E2-MKDons-NottsCou,0.4733506325198593,0.2712755503733151,0.2553738171068256,1.691327447932893,1.037397001693792
E2,17,2026-11-28 12:30:00,Peterborough,Cambridge,,,,,,,,,,,,,,,,,,,,0.43339085011288575,0.2798089506741607,0.2868001992129535,1.579981501012818,1.1402095483130212,1.6839850581474152,1.5609329295265586,1.4986904117070938,1.1803638604620204,,,,,,,,,,,,,,E2-Peterbor-Cambridg,0.4427832500180917,0.2759877056551538,0.2812290443267545,1.604337455709429,1.1196748386354174
E2,17,2026-11-28 15:00:00,AFC Wimbledon,Barnsley,,,,,,,,,,,,,,,,,,,,0.3492377390755831,0.28510294269111003,0.3656593182333069,1.3328161599178594,1.3820808973910308,1.6518436782331685,1.6658891998576746,1.3124544127600717,1.347856339085957,,,,,,,,,,,,,,E2-AFCWimbl-Barnsley,0.34391516854668613,0.28613593831531575,0.3699488931379981,1.317881443955374,1.39598261772931
E2,17,2026-11-28 15:00:00,Bromley,Burton,,,,,,,,,,,,,,,,,,,,0.3799875844312731,0.2846735135641835,0.33533890200454336,1.424636266858003,1.2906902195778136,1.6749732805985342,1.6368423886912487,1.3790644421798592,1.2827536885830928,,,,,,,,,,,,,,E2-Bromley-Burton,0.37514216263088107,0.2858351195739507,0.33902271779516824,1.411261607466594,1.3029032729594556
E2,17,2026-11-28 15:00:00,Leicester,Mansfield,,,,,,,,,,,,,,,,,,,,0.581736150469032,0.24338183837715885,0.1748820111538091,1.988590289784255,0.7680278718385862,1.5245158519742206,1.227453126840533,1.8751350047336401,0.9433987395757051,,,,,,,,,,,,,,E2-Leiceste-Mansfiel,0.5767431358055115,0.24418951405007308,0.1790673501444154,1.9744189214666077,0.7813915644833193
E2,17,2026-11-28 15:00:00,Luton,Oxford,,,,,,,,,,,,,,,,,,,,0.47720860555860667,0.2723143463419308,0.25047704809946253,1.7039401630177509,1.0237454906403185,1.6637797172244317,1.4785529496307073,1.6018712676765774,1.104333435336432,,,,,,,,,,,,,,E2-Luton-Oxford,0.48769235899723484,0.2694995595133021,0.24280808148946303,1.7325766365050066,0.9979238039816911
E2,17,2026-11-28 15:00:00,Sheffield Wed,Reading,,,,,,,,,,,,,,,,,,,,0.4938111661163981,0.26871852847023175,0.23747030541337016,1.7501520268194262,0.9811294447103422,1.649986906537669,1.443336289912939,1.6424443678227982,1.0770532230232932,,,,,,,,,,,,,,E2-Sheffiel-Reading,0.48932331277910524,0.2652670001637446,0.24540968705715016,1.7332369385010602,1.001496061335195
E2,17,2026-11-28 15:00:00,Stevenage,Blackpool,,,,,,,,,,,,,,,,,,,,0.38084660914828766,0.28463543388920975,0.33451795696250264,1.4271752613340727,1.2881893047767177,1.67542568965982,1.63586536161061,1.3809458394161305,1.2810060680931123,,,,,,,,,,,,,,E2-Stevenag-Blackpoo,0.38658267102358423,0.28003451071786256,0.3333828182585532,1.4397825237886153,1.2801829654935222
E2,17,2026-11-28 15:00:00,Stockport,Leyton Orient,,,,,,,,,,,,,,,,,,,,0.47881666944474877,0.2719836658931039,0.24919966466214732,1.7084336742273503,1.0195826598795459,1.6625880716618786,1.4752318475253803,1.6057624546641989,1.101657343439343,,,,,,,,,,,,,,E2-Stockpor-LeytonOr,0.513623517455819,0.2622044902440825,0.2241719923000985,1.8030750426115396,0.9347204671443781
E2,17,2026-11-28 15:00:00,Wigan,Plymouth,,,,,,,,,,,,,,,,,,,,0.3526294294850884,0.2851471845878881,0.3622233859270234,1.3430354730431533,1.3718173423689584,1.6550677681014374,1.6632748371068666,1.319737005547771,1.3404185777648612,,,,,,,,,,,,,,E2-Wigan-Plymouth,0.35460373886390073,0.2807575395716981,0.3646387215644012,1.3445687561634003,1.3746737042649018
E2,17,2026-11-28 15:00:00,Wycombe,Bradford,,,,,,,,,,,,,,,,,,,,0.4043583948052609,0.2830703630692453,0.31257124212549375,1.496145547485028,1.2207840894457265,1.683844417057319,1.6058977491548574,1.432946050616053,1.2345196103087555,,,,,,,,,,,,,,E2-Wycombe-Bradford,0.4021480500996146,0.2845862638505696,0.31326568604981575,1.4910304141494133,1.2243833220000169
E2,18,2026-12-01 19:45:00,Barnsley,Wycombe,,,,,,,,,,,,,,,,,,,,0.38196409275885307,0.2845838405727569,0.3334520666683901,1.4304761188493162,1.284940040577927,1.6759987488042314,1.6345815327078632,1.3833951389881123,1.2787380482585327,,,,,,,,,,,,,,E2-Barnsley-Wycombe,0.3856958053619295,0.2806142343497877,0.3336899602882828,1.4377016504355762,1.281684115214636
E2,18,2026-12-01 19:45:00,Blackpool,Luton,,,,,,,,,,,,,,,,,,,,0.35615916207320053,0.2851685369519516,0.35867230097484787,1.3536460231715532,1.3611854398764953,1.658243439562595,1.6603934439938144,1.327331659321058,1.332749043976589,,,,,,,,,,,,,,E2-Blackpoo-Luton,0.35344417847469234,0.27803702974051464,0.368518791784793,1.3383695651645915,1.3835934050948937
E2,18,2026-12-01 19:45:00,Bradford,MK Dons,,,,,,,,,,,,,,,,,,,,0.4009774242807803,0.2833563632263089,0.31566621249291077,1.4862886360686498,1.2303550007050412,1.6830992720465248,1.6105788479026037,1.42540514355554,1.2410506640851557,,,,,,,,,,,,,,E2-Bradford-MKDons,0.40011358530255736,0.284781062667627,0.31510535202981566,1.4851218185752992,1.230097118757074
E2,18,2026-12-01 19:45:00,Burton,Wigan,,,,,,,,,,,,,,,,,,,,0.3696335744206028,0.2850231481316137,0.34534327744778354,1.393923871393422,1.3210529804749642,1.6687015586766136,1.6479316679398797,1.3564809057051468,1.3041097685635397,,,,,,,,,,,,,,E2-Burton-Wigan,0.35443790045664836,0.2848241731693775,0.3607379263739741,1.3481378745393227,1.3670379522912999
E2,18,2026-12-01 19:45:00,Cambridge,Leicester,,,,,,,,,,,,,,,,,,,,0.23574764350976077,0.26820346000344436,0.4960488964867949,0.9754463905327266,1.7563501494638292,1.4384365907879666,1.6478776808629827,1.0734337255745048,1.64798250497787,,,,,,,,,,,,,,E2-Cambridg-Leiceste,0.2411031154245688,0.2688563251942106,0.49004055938122054,0.992165671467917,1.7389780033378723
E2,18,2026-12-01 19:45:00,Huddersfield,Stevenage,,,,,,,,,,,,,,,,,,,,0.4836297017269635,0.2709712091886498,0.24539908908438668,1.7218603143695403,1.0071684764418098,1.658835582530549,1.4651746710100138,1.6174575360259371,1.093691772796954,,,,,,,,,,,,,,E2-Huddersf-Stevenag,0.5088183182022765,0.26565507954275364,0.22552660225496984,1.7921100341495833,0.9422348863076633
E2,18,2026-12-01 19:45:00,Leyton Orient,Peterborough,,,,,,,,,,,,,,,,,,,,0.409061140507207,0.2826393445787278,0.3082995149140652,1.5098227661003487,1.2075378893209234,1.6846248241086825,1.5991872246596839,1.4434728803710632,1.2255166162493163,,,,,,,,,,,,,,E2-LeytonOr-Peterbor,0.39133835081021195,0.28166472300574485,0.3269969261840432,1.4556797754363808,1.2626555015578744
E2,18,2026-12-01 19:45:00,Mansfield,Stockport,,,,,,,,,,,,,,,,,,,,0.35703776298648626,0.28516996824841906,0.3577922687650947,1.3562832572078778,1.358546774543703,1.6590055613443853,1.659651048511172,1.3292246279460145,1.3308510561781786,,,,,,,,,,,,,,E2-Mansfiel-Stockpor,0.33957553027769505,0.28195464559063016,0.3784698241316748,1.3006812364237152,1.4173641179856544
E2,18,2026-12-01 19:45:00,Notts County,AFC Wimbledon,,,,,,,,,,,,,,,,,,,,0.46506783442722477,0.274686715057274,0.26024545051550124,1.6698902183389484,1.0554230666037778,1.6717638835981958,1.5029779201774625,1.5727463547185587,1.1247840407912186,,,,,,,,,,,,,,E2-NottsCou-AFCWimbl,0.46976025248027925,0.27628418869474464,0.25395555882497606,1.6855649461355824,1.038150865169673
E2,18,2026-12-01 19:45:00,Oxford,Sheffield Wed,,,,,,,,,,,,,,,,,,,,0.3373848979869767,0.28476216784840935,0.37785293416461396,1.2969168618093394,1.4183209703422512,1.6392329032858144,1.67380420041735,1.2871122670437602,1.3743944839116788,,,,,,,,,,,,,,E2-Oxford-Sheffiel,0.3271135331772048,0.27972168192127833,0.39316478490151685,1.261062281452893,1.459216036625829
E2,18,2026-12-01 19:45:00,Plymouth,Bromley,,,,,,,,,,,,,,,,,,,,0.5512346372396433,0.25331892537387535,0.19544643738648138,1.9070228370928053,0.8396582375333195,1.5776945593371727,1.3073109059946475,1.7905496531573946,0.9879647832611653,,,,,,,,,,,,,,E2-Plymouth-Bromley,0.575813173846232,0.24326538627282543,0.18092143988094259,1.9707049078115213,0.7860297059156532
E2,18,2026-12-01 20:00:00,Reading,Doncaster,,,,,,,,,,,,,,,,,,,,0.4269982261740618,0.28064831497494513,0.29235345885099306,1.5616429934971303,1.1577086915279242,1.684903511402823,1.571540030194584,1.484052980524817,1.1920059615219496,,,,,,,,,,,,,,E2-Reading-Doncaste,0.44088720618784716,0.2768251301825721,0.28228766362958074,1.5994867487461135,1.1236881210713143
E2,19,2026-12-10 20:00:00,Leicester,Sheffield Wed,,,,,,,,,,,,,,,,,,,,0.47977054728428925,0.2717857110075943,0.24844374170811645,1.711097352860462,1.0171169361319436,1.6618664856001173,1.47325252461421,1.6080744544849448,1.100073441914478,,,,,,,,,,,,,,E2-Leiceste-Sheffiel,0.46339329665891493,0.2713875239921614,0.2652191793489237,1.661567413968906,1.0670450620389325
E2,19,2026-12-12 12:30:00,Burton,Reading,,,,,,,,,,,,,,,,,,,,0.35678685466734106,0.2851697167638791,0.35804342856877985,1.3555302807659024,1.3593000024702186,1.6587890666966623,1.6598640771673614,1.328683934220714,1.3313926317905962,,,,,,,,,,,,,,E2-Burton-Reading,0.32722307176048154,0.28478464869375947,0.38799227954575893,1.266453863975204,1.4487614873310364
E2,19,2026-12-12 12:30:00,Stevenage,Stockport,,,,,,,,,,,,,,,,,,,,0.3551287667622037,0.28516489099322256,0.3597063422445738,1.3505511912798336,1.364283917726944,1.6573352715856782,1.6612513630260082,1.325112952190866,1.334980536621604,,,,,,,,,,,,,,E2-Stevenag-Stockpor,0.34224674515984316,0.28559359660971995,0.37215965823043684,1.3123338320892493,1.4020725713010305
E2,19,2026-12-12 15:00:00,Bradford,AFC Wimbledon,,,,,,,,,,,,,,,,,,,,0.5163638688420239,0.2632052377991252,0.2204308933588509,1.812296844325197,0.9244979178756779,1.6260602054262736,1.3923868778723194,1.6990716613469699,1.0411567918198301,,,,,,,,,,,,,,E2-Bradford-AFCWimbl,0.5149317521554606,0.26868120444915317,0.21638704339538622,1.813476460915535,0.9178423346353117
E2,19,2026-12-12 15:00:00,Doncaster,Bromley,,,,,,,,,,,,,,,,,,,,0.4869668963899235,0.27024935099697034,0.24278375261310614,1.731150040166741,0.9986006088362888,1.656070956936973,1.4580999485467192,1.6256099878038996,1.088206896655336,,,,,,,,,,,,,,E2-Doncaste-Bromley,0.5128074251765218,0.262790416037051,0.22440215878642722,1.8012126915666165,0.9359968923963327
E2,19,2026-12-12 15:00:00,Huddersfield,Leyton Orient,,,,,,,,,,,,,,,,,,,,0.4915776863372733,0.2692254824110718,0.23919683125165492,1.7439585414228918,0.9868159761660366,1.6520332652446714,1.4481911928594382,1.636933668645411,1.0806790976838274,,,,,,,,,,,,,,E2-Huddersf-LeytonOr,0.5387083403806432,0.2554397571185596,0.2058519025007972,1.8715647782604892,0.8729954646209512
E2,19,2026-12-12 15:00:00,Luton,Wigan,,,,,,,,,,,,,,,,,,,,0.4945764869329712,0.26854317480292816,0.23688033826410065,1.7522726356018417,0.97918418959523,1.6492721677206434,1.4416645420265666,1.6443365334692246,1.0758138398030725,,,,,,,,,,,,,,E2-Luton-Wigan,0.49986476619829406,0.2652244836959517,0.2349107501057543,1.7648187822908339,0.9699567340132145
E2,19,2026-12-12 15:00:00,MK Dons,Cambridge,,,,,,,,,,,,,,,,,,,,0.4983419525597207,0.267668265519587,0.2339897819206923,1.762694123198749,0.9696376112816639,1.6456552665976671,1.4333792055938064,1.653675384192323,1.0697383639558755,,,,,,,,,,,,,,E2-MKDons-Cambridg,0.5069014337149044,0.2634275497817059,0.22967101650338972,1.784131850926419,0.9524405992918751
E2,19,2026-12-12 15:00:00,Mansfield,Wycombe,,,,,,,,,,,,,,,,,,,,0.37448518392302427,0.2848846121156049,0.3406302039613708,1.4083401638846778,1.306775223999717,1.6718292502121022,1.6428949617084314,1.3670418591556808,1.294034991066461,,,,,,,,,,,,,,E2-Mansfiel-Wycombe,0.3715733134662991,0.2818539020133322,0.3465727845203687,1.3965738424122296,1.3215722555744382
E2,19,2026-12-12 15:00:00,Notts County,Plymouth,,,,,,,,,,,,,,,,,,,,0.3435672757594854,0.2849763725377348,0.3714563517027798,1.315678199816191,1.3993454276460742,1.6460727289015307,1.669915911988779,1.3003103392755153,1.3604444620394398,,,,,,,,,,,,,,E2-NottsCou-Plymouth,0.3451860760264933,0.28387556168414785,0.37093836228935884,1.319433789763628,1.3966906485522244
E2,19,2026-12-12 15:00:00,Oxford,Blackpool,,,,,,,,,,,,,,,,,,,,0.4047529885635353,0.28303567772018173,0.312211333716283,1.4972946434107877,1.2196696788690307,1.6839213256053616,1.6053435556142446,1.4338276194270478,1.2337605832330707,,,,,,,,,,,,,,E2-Oxford-Blackpoo,0.4069746417433322,0.27497102743154267,0.31805433082512513,1.4958949526615393,1.229134019906918
E2,19,2026-12-12 15:00:00,Peterborough,Barnsley,,,,,,,,,,,,,,,,,,,,0.3975638690249017,0.28362465748924737,0.3188114734858509,1.4763162645639525,1.2400590779468001,1.6821897656973008,1.6151814020636375,1.4178140287887406,1.2476953705355012,,,,,,,,,,,,,,E2-Peterbor-Barnsley,0.40123030236810664,0.27960921988725934,0.319160477744634,1.4833001269915793,1.2370906531211614
E2,8,2026-12-15 19:45:00,Doncaster,Oxford,,,,,,,,,,,,,,,,,,,,0.39359453996656246,0.2839105352585416,0.32249492477489594,1.464694155158229,1.2513953095832293,1.6809324268029253,1.6203746373856989,1.409014640682172,1.255487309303998,,,,,,,,,,,,,,E2-Doncaste-Oxford,0.4041079988110452,0.2820013958425899,0.3138906053463649,1.4943253922757256,1.2236732118816847
E2,20,2026-12-18 19:45:00,Cambridge,Stevenage,,,,,,,,,,,,,,,,,,,,0.3860952318986905,0.284373034548215,0.32953173355309445,1.4426587302442864,1.2729682352074982,1.6779659096863728,1.6297105086787724,1.3924681020116003,1.2704061209333632,,,,,,,,,,,,,,E2-Cambridg-Stevenag,0.3783922584192515,0.2874864249207815,0.33412131665996697,1.422663200178536,1.2898503749006824
E2,20,2026-12-19 12:30:00,Barnsley,Huddersfield,,,,,,,,,,,,,,,,,,,,0.35252429508039357,0.2851461636769284,0.3623295412426781,1.3427190489181091,1.3721347874049625,1.6549703750729194,1.6633581600541696,1.3195110437197741,1.3406481199377398,,,,,,,,,,,,,,E2-Barnsley-Huddersf,0.3302047764493362,0.2807563938188422,0.3890388297318216,1.271370723166851,1.4478728830143068
E2,20,2026-12-19 12:30:00,Sheffield Wed,Luton,,,,,,,,,,,,,,,,,,,,0.424619920048248,0.28094340470998214,0.29443667524176986,1.554803164854726,1.1642534304352918,1.6851098037019416,1.5753874316055658,1.4786315397689862,1.1963764821872929,,,,,,,,,,,,,,E2-Sheffiel-Luton,0.4302869653233316,0.27733647454216753,0.2923765601345008,1.5681973705121623,1.15446615494567
E2,20,2026-12-19 15:00:00,AFC Wimbledon,Oxford,,,,,,,,,,,,,,,,,,,,0.33552005056257106,0.2846817223782797,0.37979822705914923,1.2912418740659928,1.4240764035557274,1.637056600099962,1.674872162746408,1.283139410569498,1.3786498843604698,,,,,,,,,,,,,,E2-AFCWimbl-Oxford,0.3358878256222056,0.2861929668811621,0.3779192074966324,1.2938564437477789,1.4199505893710591
E2,20,2026-12-19 15:00:00,Blackpool,Burton,,,,,,,,,,,,,,,,,,,,0.4801527334478968,0.27170602180977876,0.24814124474232446,1.712164222153469,1.0161297560367522,1.6615742992184561,1.4724575433873897,1.609001593957093,1.0994395572035547,,,,,,,,,,,,,,E2-Blackpoo-Burton,0.4974736686556489,0.26385839880134987,0.23866793254300123,1.7562794047682966,0.9798621964303535
E2,20,2026-12-19 15:00:00,Bromley,Bradford,,,,,,,,,,,,,,,,,,,,0.30189550201337656,0.2819130821242879,0.41619141586233555,1.1875995881644177,1.5304873297112944,1.5885798184363829,1.6852443584784993,1.2120418425719228,1.4595205692290503,,,,,,,,,,,,,,E2-Bromley-Bradford,0.2839638192065229,0.2820012654558075,0.4340349153376696,1.1338927230753764,1.5841060114688161
E2,20,2026-12-19 15:00:00,Leyton Orient,Notts County,,,,,,,,,,,,,,,,,,,,0.40646202426168354,0.28288231379337,0.3106556619449465,1.5022683865784205,1.2148492996282094,1.684230226835591,1.6029244504907372,1.437649394184228,1.2304808162241752,,,,,,,,,,,,,,E2-LeytonOr-NottsCou,0.3861597173821224,0.28493656171455284,0.32890372090332476,1.44341571386092,1.2716477244245272
E2,20,2026-12-19 15:00:00,Plymouth,Mansfield,,,,,,,,,,,,,,,,,,,,0.4790899526636079,0.2719270892559025,0.24898295808048965,1.709196947246726,1.0188759634973714,1.6623824587508458,1.4746654829876122,1.6064245449039516,1.1012032937443499,,,,,,,,,,,,,,E2-Plymouth-Mansfiel,0.48827653807523025,0.26817109732471733,0.24355236460005236,1.733000711550408,0.9988281911248744
E2,20,2026-12-19 15:00:00,Reading,Leicester,,,,,,,,,,,,,,,,,,,,0.274337589971525,0.2776387702342034,0.44802363979427157,1.1006515401487784,1.621709689617018,1.5352432671460507,1.6799092109849223,1.1542694080594318,1.5325711550945968,,,,,,,,,,,,,,E2-Reading-Leiceste,0.2999628764405755,0.2788736158036937,0.4211635077557308,1.1787622451254203,1.5423641390708862
E2,20,2026-12-19 15:00:00,Stockport,MK Dons,,,,,,,,,,,,,,,,,,,,0.41139646134830243,0.28241107629809314,0.3061924623536044,1.5166004603430003,1.2009884633589065,1.6849022721202145,1.5957699483593453,1.4487171216904429,1.2210803430940564,,,,,,,,,,,,,,E2-Stockpor-MKDons,0.42867405983071977,0.2759862866202653,0.295339653549015,1.5620084661124247,1.1620052472673104
E2,20,2026-12-19 15:00:00,Wigan,Peterborough,,,,,,,,,,,,,,,,,,,,0.4241774336852211,0.2809972704860873,0.2948252958286916,1.5535295715417505,1.165473157972162,1.685140043998382,1.5760972509907079,1.477624298463877,1.1971920073587272,,,,,,,,,,,,,,E2-Wigan-Peterbor,0.4275204708396225,0.27559503097668797,0.2968844981836895,1.5581564434955555,1.1662485255277564
E2,20,2026-12-19 15:00:00,Wycombe,Doncaster,,,,,,,,,,,,,,,,,,,,0.44652913665029204,0.27787606323496034,0.27559480011474763,1.6174634731858366,1.1046604635792032,1.6804502059971989,1.537954524472669,1.529085860522193,1.1569003714388377,,,,,,,,,,,,,,E2-Wycombe-Doncaste,0.4434088478580703,0.27586623134295607,0.2807249207989737,1.606092774917167,1.1180409937398772
E2,21,2026-12-26 15:00:00,Bradford,Stockport,,,,,,,,,,,,,,,,,,,,0.40154404732479154,0.283309833964533,0.31514611871067544,1.4879419759389076,1.2287481900965593,1.6832349361266763,1.6098027876950416,1.4266673784760915,1.2399526523761792,,,,,,,,,,,,,,E2-Bradford-Stockpor,0.3870044833234444,0.2859859700839696,0.327009546592586,1.4469994200543026,1.2670146098617276
E2,21,2026-12-26 15:00:00,Burton,Sheffield Wed,,,,,,,,,,,,,,,,,,,,0.28328636490383574,0.27923765756425245,0.4374759775319118,1.1290967522757596,1.5916655901599879,1.5539554656991061,1.6831221044521163,1.1730027161735157,1.5080953996174051,,,,,,,,,,,,,,E2-Burton-Sheffiel,0.2645790859935384,0.2746529595907319,0.4607679544157297,1.0683902175713471,1.656956822837921
E2,21,2026-12-26 15:00:00,Doncaster,Wigan,,,,,,,,,,,,,,,,,,,,0.4103506876755245,0.282514458152078,0.3071348541723975,1.5135665211786515,1.2039190206692705,1.6847870331989534,1.5973071373743999,1.446367318409569,1.2230641397132778,,,,,,,,,,,,,,E2-Doncaste-Wigan,0.4154844982883569,0.27919109657830016,0.30532440513334297,1.5256445914433707,1.195164311978329
E2,21,2026-12-26 15:00:00,Huddersfield,Blackpool,,,,,,,,,,,,,,,,,,,,0.45138366977228295,0.2770924551058419,0.27152387512187515,1.631243464422691,1.0916640804714675,1.678590242834645,1.5290768666111039,1.54042845159123,1.1483818012921405,,,,,,,,,,,,,,E2-Huddersf-Blackpoo,0.48893547649817504,0.2617980338019719,0.24926648969985304,1.728604463296497,1.009597502901531
E2,21,2026-12-26 15:00:00,Leicester,AFC Wimbledon,,,,,,,,,,,,,,,,,,,,0.6386245106053552,0.2218245588793461,0.1395509305152987,2.1376980906954115,0.6404773504252422,1.3996920273647353,1.067571697109296,2.047160455173534,0.8641237649591298,,,,,,,,,,,,,,E2-Leiceste-AFCWimbl,0.6290434693989604,0.22674995610220836,0.14420657449883126,2.1138803642990895,0.6593696795987022
E2,21,2026-12-26 15:00:00,Luton,Bromley,,,,,,,,,,,,,,,,,,,,0.5721744100335915,0.24662261465365748,0.18120297531275104,1.9631458447544319,0.7902315405919105,1.5422506971793886,1.2529835047221525,1.8481127567634124,0.9571926785993501,,,,,,,,,,,,,,E2-Luton-Bromley,0.5972452322214499,0.23707656929033322,0.1656781984882169,2.028812265954683,0.734111164754984
E2,21,2026-12-26 15:00:00,MK Dons,Leyton Orient,,,,,,,,,,,,,,,,,,,,0.4794034707841327,0.27186204755574134,0.24873448166012596,1.7100724599081396,1.0180654925361192,1.6621454664766602,1.4740150354040635,1.6071844008761593,1.1006826590873,,,,,,,,,,,,,,E2-MKDons-LeytonOr,0.5002512323576851,0.265223946082107,0.23452482156020793,1.7659776431551624,0.9687984107627308
E2,21,2026-12-26 15:00:00,Mansfield,Barnsley,,,,,,,,,,,,,,,,,,,,0.4043195914747125,0.28307375923455214,0.31260664929073534,1.4960325336586897,1.2208937071067583,1.683836740741726,1.6059521587982875,1.4328593761184025,1.2345942871185294,,,,,,,,,,,,,,E2-Mansfiel-Barnsley,0.39930775107247074,0.2817084803294389,0.31898376859809036,1.4796317335468512,1.23865978612371
E2,21,2026-12-26 15:00:00,Notts County,Cambridge,,,,,,,,,,,,,,,,,,,,0.4360297406493865,0.2794429999819712,0.2845272593686423,1.5875322219301307,1.1330247780878981,1.6834521101600326,1.556443186538621,1.5047611567345147,1.17560185022247,,,,,,,,,,,,,,E2-NottsCou-Cambridg,0.4438354914129714,0.2785857002071772,0.2775788083798514,1.6100921744460914,1.1113221253467314
E2,21,2026-12-26 15:00:00,Oxford,Plymouth,,,,,,,,,,,,,,,,,,,,0.3688243770078761,0.28504186829414163,0.3461337546979823,1.39151499931777,1.3234431323880884,1.6681472680386933,1.648743935910787,1.3547229522014403,1.3058020439716878,,,,,,,,,,,,,,E2-Oxford-Plymouth,0.36346218627960836,0.28259624642213177,0.3539415672982599,1.372982805260957,1.3444209483169116
E2,21,2026-12-26 15:00:00,Peterborough,Wycombe,,,,,,,,,,,,,,,,,,,,0.36788693097429326,0.2850619776244638,0.34705109140124296,1.3887227705473437,1.3262152518281927,1.6674934229564127,1.649674906053934,1.3526876106313763,1.3077668384752243,,,,,,,,,,,,,,E2-Peterbor-Wycombe,0.3732887465814155,0.2797999111389598,0.3469113422796248,1.3996661508832062,1.320533937977834
E2,21,2026-12-26 15:00:00,Stevenage,Reading,,,,,,,,,,,,,,,,,,,,0.3914022462004174,0.28405629588965886,0.3245414579099237,1.458263034490911,1.25768066961943,1.6801454339307758,1.6231687503445942,1.4041671205672779,1.2598215512163047,,,,,,,,,,,,,,E2-Stevenag-Reading,0.3755638286706878,0.2858100072821406,0.33862616404717155,1.4125014932942042,1.3016884994236553
E2,22,2026-12-29 19:45:00,AFC Wimbledon,Luton,,,,,,,,,,,,,,,,,,,,0.2777861063557404,0.27827969312808054,0.44393420051617904,1.1116380121953018,1.6100822946766176,1.5426155801722226,1.68132250214257,1.1614866830244086,1.5230480261673605,,,,,,,,,,,,,,E2-AFCWimbl-Luton,0.2699466614420428,0.2796553395635665,0.4503979989943907,1.089495323889695,1.6308493365467385
E2,22,2026-12-29 19:45:00,Barnsley,Burton,,,,,,,,,,,,,,,,,,,,0.4578003585738766,0.27600026074282724,0.2661993806832962,1.6494013364644569,1.0745984027927158,1.6756787191769802,1.5170329596078371,1.5555179630810654,1.137241768970693,,,,,,,,,,,,,,E2-Barnsley-Burton,0.472497979776619,0.27427506363636484,0.25322695658701616,1.6917690029662218,1.0339559333974133
E2,22,2026-12-29 19:45:00,Blackpool,Bradford,,,,,,,,,,,,,,,,,,,,0.3959039276585821,0.283747638497022,0.32034843384439593,1.4714594214727685,1.2447929400302098,1.6816901583832862,1.617374079547532,1.4141306214510976,1.2509452614672583,,,,,,,,,,,,,,E2-Blackpoo-Bradford,0.395240008543546,0.28054821572723204,0.32421177572922194,1.46626824135787,1.2531835429148979
E2,22,2026-12-29 19:45:00,Bromley,Oxford,,,,,,,,,,,,,,,,,,,,0.3231162667567947,0.28395577171679914,0.39292796152640613,1.2533045719871834,1.4627396562960175,1.6212298223639745,1.6807001233534629,1.2568028274415406,1.4075397997004298,,,,,,,,,,,,,,E2-Bromley-Oxford,0.31153426589920413,0.2804078265653506,0.4080579075354452,1.215010624262963,1.5045815491716863
E2,22,2026-12-29 19:45:00,Cambridge,Doncaster,,,,,,,,,,,,,,,,,,,,0.380470488797575,0.284652276254926,0.33487723494749905,1.426063742647651,1.289283981097423,1.6752288773388755,1.6362942068679969,1.3801219270923268,1.2817708097189429,,,,,,,,,,,,,,E2-Cambridg-Doncaste,0.371194934335605,0.2846814397144235,0.3441236259499715,1.3982662427212387,1.3170523175643378
E2,22,2026-12-29 19:45:00,Leyton Orient,Leicester,,,,,,,,,,,,,,,,,,,,0.2505493622928006,0.2723329230683199,0.47711771463887953,1.0239810099467217,1.7036860669849587,1.4787400749720174,1.6638461399795585,1.1044849163398496,1.6016515697310612,,,,,,,,,,,,,,E2-LeytonOr-Leiceste,0.24604609961714097,0.27050647486269036,0.48344742552016867,1.0086447737141133,1.7208487514231965
E2,22,2026-12-29 19:45:00,Plymouth,MK Dons,,,,,,,,,,,,,,,,,,,,0.4214022520385439,0.28132766008664783,0.2972700878748083,1.5455344162022797,1.1731379237110728,1.6852712967678212,1.5805058629107955,1.4713171556599294,1.2023240490297626,,,,,,,,,,,,,,E2-Plymouth-MKDons,0.4253778635778204,0.2770227568282835,0.29759937959389604,1.5531563475617447,1.1698208956099716
E2,22,2026-12-29 19:45:00,Sheffield Wed,Mansfield,,,,,,,,,,,,,,,,,,,,0.5131184769561912,0.26404221167030106,0.22283931137350776,1.8033976425388745,0.9325601457908244,1.6298654471612513,1.3999275885144677,1.6908083759931614,1.0462451127620596,,,,,,,,,,,,,,E2-Sheffiel-Mansfiel,0.5306150244241286,0.2562971841117243,0.21308779146414714,1.84814225738411,0.8955605585041657
E2,22,2026-12-29 19:45:00,Stockport,Huddersfield,,,,,,,,,,,,,,,,,,,,0.3996220901952977,0.28346535927400596,0.31691255053069634,1.482331629859899,1.234203010866095,1.682757110148581,1.612421242019339,1.4223884595090772,1.2436827564043598,,,,,,,,,,,,,,E2-Stockpor-Huddersf,0.3907266911156302,0.27971814467005024,0.3295551642143196,1.4518982180169409,1.268383637313009
E2,22,2026-12-29 19:45:00,Wigan,Notts County,,,,,,,,,,,,,,,,,,,,0.421554637192732,0.28130985247003876,0.29713551033722924,1.545973764048235,1.1727163834817265,1.6852667080791592,1.5802657294186422,1.4716630332344087,1.2020414728445727,,,,,,,,,,,,,,E2-Wigan-NottsCou,0.4218998460041322,0.2790781217079843,0.2990220322878835,1.5447776597203808,1.1761442185716349
E2,22,2026-12-29 19:45:00,Wycombe,Stevenage,,,,,,,,,,,,,,,,,,,,0.4523802216853523,0.2769270263166392,0.2706927519980085,1.6340676913726961,1.0890052823106648,1.6781718014967173,1.5272292893981851,1.5427646240647506,1.1466428335251704,,,,,,,,,,,,,,E2-Wycombe-Stevenag,0.450384976013229,0.27754525542671943,0.27206976856005155,1.6287001834664065,1.0937545611068742
E2,22,2026-12-29 20:00:00,Reading,Peterborough,,,,,,,,,,,,,,,,,,,,0.43766744432574717,0.27921021928630607,0.2831223363879468,1.5922125522635477,1.1285772284501465,1.6830764066324297,1.5536246862016132,1.5085372036561835,1.1726591798415995,,,,,,,,,,,,,,E2-Reading-Peterbor,0.45625737145506107,0.2722550633166587,0.2714875652282802,1.641027177681842,1.0867177590014994
E2,23,2027-01-01 15:00:00,AFC Wimbledon,Peterborough,,,,,,,,,,,,,,,,,,,,0.36306950409045635,0.2851384329895912,0.35179206291995246,1.3743469452609602,1.3405146217494486,1.6639344438555654,1.6542875481450963,1.3422486023275668,1.317937673343382,,,,,,,,,,,,,,E2-AFCWimbl-Peterbor,0.3571583624971445,0.284984263084866,0.3578573744179895,1.3564593505762996,1.3585563863388344
E2,23,2027-01-01 15:00:00,Barnsley,Notts County,,,,,,,,,,,,,,,,,,,,0.4238740748640147,0.2810340113957712,0.29509191374021415,1.5526562359878153,1.1663097526164137,1.6851592980200532,1.5765827960095389,1.4769340125306267,1.1977515481337841,,,,,,,,,,,,,,E2-Barnsley-NottsCou,0.42251741068248705,0.2804107272400498,0.29707186207746317,1.5479629592875108,1.1716263134724394
E2,23,2027-01-01 15:00:00,Blackpool,Doncaster,,,,,,,,,,,,,,,,,,,,0.43787145806709793,0.2791809179362148,0.28294762399668727,1.5927952921375086,1.1280237899262766,1.6830271978846847,1.5532718632667597,1.5090080587909827,1.1722932755026656,,,,,,,,,,,,,,E2-Blackpoo-Doncaste,0.43672196090115245,0.27250888274140256,0.290769156357445,1.58267476544486,1.1448163518137375
E2,23,2027-01-01 15:00:00,Bromley,Stevenage,,,,,,,,,,,,,,,,,,,,0.34572678029901727,0.2850323914121376,0.36924082828884514,1.3222127323091892,1.392754876278673,1.6483269046227613,1.668433700613722,1.3049306893321724,1.3556275551349974,,,,,,,,,,,,,,E2-Bromley-Stevenag,0.3264685308279071,0.28566134158570533,0.3878701275863875,1.2650669340694267,1.4492717243448676
E2,23,2027-01-01 15:00:00,Leyton Orient,Oxford,,,,,,,,,,,,,,,,,,,,0.3803719131783881,0.2846566467798346,0.33497144004177737,1.425772386314999,1.2895709669051667,1.6751769678069612,1.6364063284711046,1.3799060305822324,1.2819713522475111,,,,,,,,,,,,,,E2-LeytonOr-Oxford,0.3690841720637137,0.28420465707060266,0.34671117086568365,1.3914571732617438,1.3243381696676537
E2,23,2027-01-01 15:00:00,Reading,MK Dons,,,,,,,,,,,,,,,,,,,,0.3745369782749709,0.28488289128040656,0.34058013044462254,1.4084938261053193,1.3066232826142743,1.671860837578343,1.6428396626123074,1.3671548022269029,1.2939280885518945,,,,,,,,,,,,,,E2-Reading-MKDons,0.3929937782398021,0.2796088147945037,0.3273974069656942,1.45859014951391,1.2618010356915863
E2,23,2027-01-01 15:00:00,Sheffield Wed,Huddersfield,,,,,,,,,,,,,,,,,,,,0.4428196202348773,0.2784497801984894,0.27873059956663326,1.6069086409031215,1.1146415788983892,1.6816709821032685,1.5445993268890947,1.5204599515262998,1.1634637257128708,,,,,,,,,,,,,,E2-Sheffiel-Huddersf,0.4281650701092744,0.27528400141749176,0.29655092847323383,1.559779211745315,1.1649367868371932
E2,23,2027-01-01 15:00:00,Wigan,Bradford,,,,,,,,,,,,,,,,,,,,0.3722838340508347,0.2849530388913145,0.3427631270578507,1.4018045410438185,1.3132424200648667,1.6704515740577561,1.645215528554143,1.3622454682450356,1.2985912166615472,,,,,,,,,,,,,,E2-Wigan-Bradford,0.372405158831659,0.28610939732663865,0.3414854438417023,1.4033248738216155,1.3105657288517456
E2,23,2027-01-01 15:00:00,Wycombe,Leicester,,,,,,,,,,,,,,,,,,,,0.2910609137968794,0.2804598271941922,0.4284792590089284,1.1536425685848304,1.5658976042209776,1.5691168753151015,1.6847378513695506,1.1892951628134167,1.4874356302057294,,,,,,,,,,,,,,E2-Wycombe-Leiceste,0.3019382156316768,0.27843937179550954,0.4196224125728137,1.18425401869054,1.5373066095139507
E2,23,2027-01-02 15:00:00,Cambridge,Mansfield,,,,,,,,,,,,,,,,,,,,0.38413566433226776,0.2844769562897428,0.33138737937798945,1.4368839492865462,1.2786390944237112,1.677062451562851,1.6320454369029596,1.388160795921654,1.2743480475728983,,,,,,,,,,,,,,E2-Cambridg-Mansfiel,0.38479246223589686,0.28376774743391414,0.33143979033018894,1.4381451341416047,1.278087118424481
E2,23,2027-01-02 15:00:00,Plymouth,Luton,,,,,,,,,,,,,,,,,,,,0.3917053899405326,0.2840366575801474,0.32425795247932,1.4591528274017451,1.2568105150181075,1.6802581933304341,1.622785559233947,1.4048369005498882,1.259220909777903,,,,,,,,,,,,,,E2-Plymouth-Luton,0.3899065483079984,0.2828784785533184,0.3272149731386832,1.4525981234773138,1.264523397969368
E2,23,2027-01-02 15:00:00,Stockport,Burton,,,,,,,,,,,,,,,,,,,,0.5075793556402625,0.26543716595632894,0.2269834784034086,1.7881752328771165,0.9463876011665547,1.6360807032435614,1.4126389799452206,1.6767959690646255,1.0549882231568155,,,,,,,,,,,,,,E2-Stockpor-Burton,0.5371462956796329,0.25766062522631333,0.20519307909405377,1.869099512265212,0.8732398625084747
E2,24,2027-01-08 20:00:00,Burton,Blackpool,,,,,,,,,,,,,,,,,,,,0.34655816911757215,0.2850513874720946,0.36839044341033333,1.324725894824811,1.3902227177030946,1.6491762131108476,1.6678461733473162,1.3067109491353723,1.3537806514673472,,,,,,,,,,,,,,E2-Burton-Blackpoo,0.3369762669998223,0.27976419308607214,0.38325953991410555,1.2906929940855392,1.4295428128283887
E2,24,2027-01-09 12:30:00,Oxford,AFC Wimbledon,,,,,,,,,,,,,,,,,,,,0.4922372561316509,0.26907651731468335,0.23868622655366573,1.7457882857096363,0.9851351969756805,1.6514350839785514,1.4467611999773617,1.638559288789083,1.0796069523412328,,,,,,,,,,,,,,E2-Oxford-AFCWimbl,0.48978407981745736,0.2708432746900939,0.2393726454924488,1.740195514142466,0.9889612111674404
E2,24,2027-01-09 12:30:00,Stevenage,Cambridge,,,,,,,,,,,,,,,,,,,,0.438261659884259,0.2791246886895698,0.2826136514261712,1.5939096683423468,1.1269656429680832,1.6829315968126908,1.5525959910946452,1.5099089142240791,1.1715938513476913,,,,,,,,,,,,,,E2-Stevenag-Cambridg,0.4423758772861814,0.28103807326036556,0.276586049453453,1.6081657051189095,1.1107962216207246
E2,24,2027-01-09 15:00:00,Bradford,Bromley,,,,,,,,,,,,,,,,,,,,0.5301673215507106,0.259485267055898,0.21034741139339147,1.8499872317080297,0.8905275012360725,1.6085384035295536,1.359572739138658,1.7346760863787893,1.0197869296122384,,,,,,,,,,,,,,E2-Bradford-Bromley,0.5476388000399581,0.256265346397934,0.19609585356210785,1.8991817465178085,0.8445529070842577
E2,24,2027-01-09 15:00:00,Doncaster,Wycombe,,,,,,,,,,,,,,,,,,,,0.3781319855802834,0.28475106371581943,0.3371169507038972,1.4191470204566696,1.296101915827511,1.6739606682673265,1.6389234438391493,1.375004539824848,1.28654120678419,,,,,,,,,,,,,,E2-Doncaste-Wycombe,0.38482835299134543,0.28174401069853466,0.3334276363101199,1.436229069672571,1.2820269196288945
E2,24,2027-01-09 15:00:00,Huddersfield,Barnsley,,,,,,,,,,,,,,,,,,,,0.47369352766079875,0.27302385930731676,0.2532826130318845,1.6941044422897131,1.0328716984029702,1.6662757468687657,1.4857434312324407,1.5933932573030516,1.1102092919573272,,,,,,,,,,,,,,E2-Huddersf-Barnsley,0.503111377198933,0.2636353195719952,0.23325330322907184,1.772969451168794,0.9633952292592107
E2,24,2027-01-09 15:00:00,Leicester,Reading,,,,,,,,,,,,,,,,,,,,0.5625895665103582,0.2497567188979017,0.1876537145917401,1.9375254184289763,0.8127178626731221,1.5590580704327452,1.2781298259155949,1.8214985040058733,0.9711783985051771,,,,,,,,,,,,,,E2-Leiceste-Reading,0.5361334389342225,0.25576459182200073,0.20810196924377677,1.864164908624668,0.880070499553331
E2,24,2027-01-09 15:00:00,Luton,Sheffield Wed,,,,,,,,,,,,,,,,,,,,0.39941276801437864,0.28348190330384937,0.317105328681772,1.4817202073469853,1.2347978893491653,1.6827020425728638,1.6127040338986443,1.421922868173422,1.2440899851849403,,,,,,,,,,,,,,E2-Luton-Sheffiel,0.3981001181369124,0.2805685601710872,0.3213313216920004,1.4748689145818243,1.2445625252470884
E2,24,2027-01-09 15:00:00,MK Dons,Stockport,,,,,,,,,,,,,,,,,,,,0.41253769294414183,0.28229611412817746,0.30516619292768077,1.519909192960603,1.1977946929112198,1.685011395779303,1.5940797241110214,1.4512840143330998,1.2189206127326484,,,,,,,,,,,,,,E2-MKDons-Stockpor,0.40196894585214893,0.27866441671991093,0.31936663742794014,1.4845712542763576,1.2367643290037313
E2,24,2027-01-09 15:00:00,Mansfield,Plymouth,,,,,,,,,,,,,,,,,,,,0.34753662805775143,0.2850719206405134,0.3673914513017352,1.3276818048137677,1.387246274545719,1.6501625983267327,1.6671427561151535,1.308807193384678,1.3516123757122902,,,,,,,,,,,,,,E2-Mansfiel-Plymouth,0.341860711019902,0.2827456450324703,0.3753936439476277,1.3083277780921763,1.4089265768753534
E2,24,2027-01-09 15:00:00,Notts County,Leyton Orient,,,,,,,,,,,,,,,,,,,,0.4174908279575572,0.2817713873983916,0.3007377846440512,1.5342438712710633,1.183984741330545,1.685284582483587,1.5865915814912948,1.4624567078074213,1.209608455796385,,,,,,,,,,,,,,E2-NottsCou-LeytonOr,0.4373882866509089,0.2797797879378594,0.2828319254112317,1.591944647890586,1.1282755641715545
E2,24,2027-01-09 15:00:00,Peterborough,Wigan,,,,,,,,,,,,,,,,,,,,0.3998484940282387,0.2834473778385039,0.3167041281332574,1.4829928599232198,1.233559762238276,1.6828160015094014,1.6121148440244686,1.4228921398935692,1.2432425131902967,,,,,,,,,,,,,,E2-Peterbor-Wigan,0.4038870512591064,0.27796410180069286,0.31814884694020074,1.489625255578012,1.232410642621295
E2,25,2027-01-16 15:00:00,AFC Wimbledon,Sheffield Wed,,,,,,,,,,,,,,,,,,,,0.2670379401438222,0.27617739016804094,0.45678466968813686,1.0772912105995076,1.6465313992324515,1.5189624990274881,1.6761737687028981,1.1389961901181385,1.5531219641889376,,,,,,,,,,,,,,E2-AFCWimbl-Sheffiel,0.25731326448893993,0.2729486766203376,0.4697380588907224,1.0448884700871575,1.6821628532925046
E2,25,2027-01-16 15:00:00,Blackpool,Leyton Orient,,,,,,,,,,,,,,,,,,,,0.45155932050643927,0.2770634094038467,0.2713772700897141,1.6317413709231645,1.0911952196729888,1.6785173923795917,1.528751832774091,1.5408400286842368,1.1480750545600733,,,,,,,,,,,,,,E2-Blackpoo-LeytonOr,0.4733528457399754,0.26689970983525796,0.25974744442476666,1.686958247055184,1.0461420431095578
E2,25,2027-01-16 15:00:00,Bromley,Stockport,,,,,,,,,,,,,,,,,,,,0.29260725404121934,0.28068483855672033,0.4267079074020603,1.1585066006803784,1.5608085607629012,1.572012581107689,1.684932641824504,1.1925383159623564,1.4833904926337311,,,,,,,,,,,,,,E2-Bromley-Stockpor,0.2646831307306949,0.27166970106598815,0.4636471682033169,1.0657190932580727,1.6626112056759388
E2,25,2027-01-16 15:00:00,Burton,Peterborough,,,,,,,,,,,,,,,,,,,,0.38147530119895323,0.2846066934027986,0.3339180053982482,1.4290325969996582,1.2863607095975431,1.6757502409057898,1.6351448667907373,1.3823235494291117,1.2797293374120569,,,,,,,,,,,,,,E2-Burton-Peterbor,0.365485073696742,0.28497111804909175,0.34954380825416626,1.3814263391393176,1.3336025428115905
E2,25,2027-01-16 15:00:00,Cambridge,Barnsley,,,,,,,,,,,,,,,,,,,,0.37664316953370963,0.2848086144612268,0.33854821600506363,1.4147381230623557,1.3004532624764176,1.6731131834186166,1.640563870621241,1.3717511806871214,1.289592474864059,,,,,,,,,,,,,,E2-Cambridg-Barnsley,0.3716004367707916,0.2835631518240816,0.34483641140512683,1.3983644621364564,1.318072386039462
E2,25,2027-01-16 15:00:00,Doncaster,Leicester,,,,,,,,,,,,,,,,,,,,0.26167891374136376,0.2750119858371422,0.46330910042149404,1.0600487270612335,1.6649392871016244,1.5064189057652746,1.6727710598961232,1.127783619351848,1.568563303851378,,,,,,,,,,,,,,E2-Doncaste-Leiceste,0.27568238667680806,0.27692970648597776,0.44738790683721413,1.1039768665164018,1.61909342699762
E2,25,2027-01-16 15:00:00,Huddersfield,Plymouth,,,,,,,,,,,,,,,,,,,,0.4143840020510401,0.2821054043650089,0.303510593583951,1.5252574105181291,1.1926371851168618,1.685151254483901,1.5913172912970965,1.4554425869050174,1.2154378440730933,,,,,,,,,,,,,,E2-Huddersf-Plymouth,0.44203527136463994,0.27510553898134116,0.2828591896540189,1.6012113530752612,1.123683107943398
E2,25,2027-01-16 15:00:00,Luton,MK Dons,,,,,,,,,,,,,,,,,,,,0.4420253118478586,0.2785697859684238,0.27940490218371766,1.6046457215119996,1.1167844925195767,1.681909701032386,1.5460063028896742,1.5186174814114204,1.1648753037900441,,,,,,,,,,,,,,E2-Luton-MKDons,0.44754644382823383,0.27565345867519164,0.2768000974965745,1.6182927901598934,1.1060537511649153
E2,25,2027-01-16 15:00:00,Notts County,Wycombe,,,,,,,,,,,,,,,,,,,,0.37040924046395896,0.2850040219903484,0.34458673754569263,1.3962317433822253,1.3187642346274264,1.6692241049378107,1.6471455533691204,1.3581669421342317,1.3024908390276255,,,,,,,,,,,,,,E2-NottsCou-Wycombe,0.37492448778600046,0.2827596736468362,0.3423158385671633,1.4075331370048376,1.3097071893483259
E2,25,2027-01-16 15:00:00,Oxford,Mansfield,,,,,,,,,,,,,,,,,,,,0.4343387478477067,0.2796788011863938,0.2859824509658994,1.5826950447295138,1.137626154084092,1.6838039272043965,1.5593275934233264,1.5008691048007838,1.178650419507973,,,,,,,,,,,,,,E2-Oxford-Mansfiel,0.43559814053456614,0.27810616628396806,0.2862956931814658,1.5849005878876665,1.1369932458283656
E2,25,2027-01-16 15:00:00,Reading,Wigan,,,,,,,,,,,,,,,,,,,,0.4253678084168746,0.28085162113114165,0.29378057045198375,1.5569550463817654,1.1621933324870928,1.6850528804293674,1.5741834131215413,1.4803349860823503,1.1949997916901163,,,,,,,,,,,,,,E2-Reading-Wigan,0.44442206703706044,0.273937990675044,0.2816399422878956,1.6072041917862254,1.1188578175387307
E2,25,2027-01-16 15:00:00,Stevenage,Bradford,,,,,,,,,,,,,,,,,,,,0.3651647445040553,0.2851107308483086,0.34972452464763604,1.3806049643604745,1.3342843047912165,1.665523363768019,1.652316846664853,1.346784688333683,1.313498746550724,,,,,,,,,,,,,,E2-Stevenag-Bradford,0.36186526324828194,0.29208733959965333,0.34604739715206473,1.377683129344499,1.3302295310558474
E2,26,2027-01-19 19:45:00,Barnsley,Luton,,,,,,,,,,,,,,,,,,,,0.3355535805748209,0.2846832341272385,0.3797631852979406,1.2913439758517011,1.4239727900210604,1.637096195332148,1.6748533950883409,1.2832108102281727,1.3785731743371512,,,,,,,,,,,,,,E2-Barnsley-Luton,0.3327961301027444,0.2834900472692357,0.38371382262801984,1.2818784375774688,1.4346315151532951
E2,26,2027-01-19 19:45:00,Bradford,Burton,,,,,,,,,,,,,,,,,,,,0.4967873555216323,0.26803192037733536,0.2351807241010324,1.7583939869422323,0.9735740926804326,1.6471687067574274,1.4368119233480994,1.649813868568763,1.0722421684663326,,,,,,,,,,,,,,E2-Bradford-Burton,0.5060672778805397,0.27104545075009073,0.22288727136936953,1.78924728439171,0.9397072648581994
E2,26,2027-01-19 19:45:00,Leicester,Bromley,,,,,,,,,,,,,,,,,,,,0.6517571311821984,0.21631300909268497,0.13192985972511667,2.17158440263928,0.612102588268035,1.3663483719462723,1.0290121680543074,2.090059158396298,0.8463875258714464,,,,,,,,,,,,,,E2-Leiceste-Bromley,0.6616268334505329,0.21082324962376378,0.12754991692570336,2.195703749975362,0.5934730004008738
E2,26,2027-01-19 19:45:00,Leyton Orient,Reading,,,,,,,,,,,,,,,,,,,,0.3838167559711515,0.2844931993886864,0.3316900446401621,1.435943467302141,1.2795633333091727,1.676910361841355,1.6324212772008644,1.3874604295241988,1.27499131676616,,,,,,,,,,,,,,E2-LeytonOr-Reading,0.35180649068715064,0.2833122310836243,0.36488127822922506,1.338731703145076,1.3779560657712995
E2,26,2027-01-19 19:45:00,MK Dons,Blackpool,,,,,,,,,,,,,,,,,,,,0.4393541095944786,0.2789659605801363,0.2816799298253851,1.597028289363572,1.1240057500562914,1.6826535899029063,1.5506964028489958,1.5124330481344221,1.1696385517243566,,,,,,,,,,,,,,E2-MKDons-Blackpoo,0.4498609463239596,0.26852261767267216,0.2816164360033683,1.618105456644551,1.113371925682777
E2,26,2027-01-19 19:45:00,Mansfield,AFC Wimbledon,,,,,,,,,,,,,,,,,,,,0.46937281868975395,0.2738707738247957,0.2567564074854504,1.6819892298940575,1.0441399962811468,1.6691383725529763,1.4944501093598563,1.5830234369835563,1.1174818759290266,,,,,,,,,,,,,,E2-Mansfiel-AFCWimbl,0.4665734316648747,0.27602249347322244,0.2574040748619029,1.6757427884678466,1.0482347180589313
E2,26,2027-01-19 19:45:00,Peterborough,Huddersfield,,,,,,,,,,,,,,,,,,,,0.33884317523048535,0.28481993638428654,0.3763368883852281,1.3013494620757424,1.4138306015399709,1.6408980910138309,1.6729349620004639,1.290221564777634,1.3710823383306896,,,,,,,,,,,,,,E2-Peterbor-Huddersf,0.3183018226116474,0.2785397434239375,0.4031584339644151,1.2334452112588798,1.4880150453171828
E2,26,2027-01-19 19:45:00,Plymouth,Stevenage,,,,,,,,,,,,,,,,,,,,0.4811442731053629,0.2714982770621998,0.2473574498324373,1.7149310963782887,1.0135706265595117,1.6608080696852268,1.470389910529894,1.6114090987435596,1.0977969538457468,,,,,,,,,,,,,,E2-Plymouth-Stevenag,0.4805097844426575,0.272768596940056,0.24672161861728642,1.7142979502680284,1.0129334527919152
E2,26,2027-01-19 19:45:00,Sheffield Wed,Notts County,,,,,,,,,,,,,,,,,,,,0.5174542424586641,0.26292079346700953,0.21962496407432636,1.8152835208430018,0.9217956856899885,1.6247547145508214,1.3898381839792706,1.7018569323749935,1.0394528272898396,,,,,,,,,,,,,,E2-Sheffiel-NottsCou,0.5254167332969129,0.2584889591550543,0.21609430754803283,1.8347391590457929,0.9067718817991528
E2,26,2027-01-19 19:45:00,Stockport,Doncaster,,,,,,,,,,,,,,,,,,,,0.46500185383809567,0.2746990026746999,0.26029914348720445,1.6697045641889867,1.0555964331363132,1.6718023555440262,1.5031074644094333,1.572589262664354,1.1248963998411625,,,,,,,,,,,,,,E2-Stockpor-Doncaste,0.47720366574991024,0.2702264292593605,0.25256990499072923,1.7018374265090914,1.0279361442315482
E2,26,2027-01-19 19:45:00,Wigan,Oxford,,,,,,,,,,,,,,,,,,,,0.39519248372180227,0.28379884056241417,0.32100867571578356,1.4693762917278208,1.2468248677097649,1.681464507366833,1.618304671264994,1.412553507663405,1.2523419399001852,,,,,,,,,,,,,,E2-Wigan-Oxford,0.4043554922180906,0.27948044614635154,0.31616406163555794,1.4925469228006234,1.2279726310530255
E2,26,2027-01-19 19:45:00,Wycombe,Cambridge,,,,,,,,,,,,,,,,,,,,0.4791236692815398,0.2719201014311026,0.24895622928735756,1.709291109275722,1.0187887892931753,1.6623570287159328,1.474595567827867,1.6065062471896052,1.1011472897131016,,,,,,,,,,,,,,E2-Wycombe-Cambridg,0.4862369652306997,0.2681251510509169,0.2456378837183834,1.726836046743016,1.005038802206067
E2,27,2027-01-23 15:00:00,Barnsley,Reading,,,,,,,,,,,,,,,,,,,,0.4009632628000591,0.28335751886910415,0.31567921833083673,1.4862473072692817,1.2303951738616143,1.6830958257044455,1.6105981999846826,1.4253736047845111,1.241078124403348,,,,,,,,,,,,,,E2-Barnsley-Reading,0.3872681897026032,0.28116482615426225,0.3315669841431346,1.442969395262072,1.2758657785836662
E2,27,2027-01-23 15:00:00,Bradford,Oxford,,,,,,,,,,,,,,,,,,,,0.43550334231393417,0.27951690063273815,0.2849797570533277,1.5860269275745407,1.134456171792721,1.6835655664666085,1.5573439083940912,1.5035488345214403,1.1765497464291201,,,,,,,,,,,,,,E2-Bradford-Oxford,0.439218001999226,0.28172238986220777,0.27905960813856623,1.5993763958598857,1.1189012142779065
E2,27,2027-01-23 15:00:00,Leicester,Luton,,,,,,,,,,,,,,,,,,,,0.4927513267259918,0.2689599809757351,0.23828869229827315,1.7472139611537105,0.9838260578705544,1.6509652954592213,1.445644499515078,1.639827314964308,1.0787721267092711,,,,,,,,,,,,,,E2-Leiceste-Luton,0.47668796516271933,0.272024033345948,0.2512880014913326,1.702087928834106,1.025888037819946
E2,27,2027-01-23 15:00:00,Leyton Orient,Burton,,,,,,,,,,,,,,,,,,,,0.4400934980212062,0.27885744312301175,0.28104905885578213,1.5991379371866303,1.1220046196903581,1.6824567831643558,1.5494046062185454,1.514143108827487,1.1683175716262826,,,,,,,,,,,,,,E2-LeytonOr-Burton,0.4351944291653209,0.2819416323733221,0.282863938461357,1.587524919869285,1.1305334477573932
E2,27,2027-01-23 15:00:00,MK Dons,Stevenage,,,,,,,,,,,,,,,,,,,,0.4714752014920105,0.2734621669392308,0.2550626315687587,1.6878877714152623,1.0386500616455068,1.6677738514741445,1.490231900501844,1.5880622231514403,1.1139362011203164,,,,,,,,,,,,,,E2-MKDons-Stevenag,0.47071516595824225,0.2739121011602562,0.25537273288150153,1.6860575990349829,1.0400302998047608
E2,27,2027-01-23 15:00:00,Mansfield,Blackpool,,,,,,,,,,,,,,,,,,,,0.3828009616203856,0.2845436841942418,0.3326553541853726,1.4329465690553986,1.2825097467503597,1.676416469010074,1.6336106213529238,1.3852307583113181,1.2770435462727667,,,,,,,,,,,,,,E2-Mansfiel-Blackpoo,0.3841338073480144,0.2767839555891974,0.3390822370627882,1.4291853776332404,1.294030666777562
E2,27,2027-01-23 15:00:00,Peterborough,Bromley,,,,,,,,,,,,,,,,,,,,0.4761133767612416,0.2725373810789587,0.25134924215979976,1.7008775113626835,1.0265851075583579,1.6645734632708176,1.4808035774565513,1.5992256218303578,1.1061603665249753,,,,,,,,,,,,,,E2-Peterbor-Bromley,0.5015528412183468,0.26356215813912737,0.23488500064252588,1.7682206817941677,0.9682171600667051
E2,27,2027-01-23 15:00:00,Plymouth,Cambridge,,,,,,,,,,,,,,,,,,,,0.5080518658306674,0.2653198303840882,0.2266283037852444,1.7894754278760905,0.9452047417398215,1.6355643158877782,1.4115625606438449,1.677986870796338,1.0542394763556575,,,,,,,,,,,,,,E2-Plymouth-Cambridg,0.5167434070053312,0.2617548841689146,0.2215017088257542,1.811985105184908,0.9262600106461771
E2,27,2027-01-23 15:00:00,Sheffield Wed,Doncaster,,,,,,,,,,,,,,,,,,,,0.5092526081394395,0.26502026101343046,0.22572713084713003,1.792778085431749,0.9422016535548206,1.634240470664058,1.408820482676163,1.6810168685611193,1.052339231737865,,,,,,,,,,,,,,E2-Sheffiel-Doncaste,0.5159370797729104,0.2604685455137938,0.22359437471329585,1.808279784832525,0.9312516696536814
E2,27,2027-01-23 15:00:00,Stockport,Notts County,,,,,,,,,,,,,,,,,,,,0.47314976221325566,0.27313197816717855,0.2537182596195658,1.6925812648069456,1.034286757025876,1.6666485001109996,1.4868472189841673,1.5920851173460446,1.1111214976677044,,,,,,,,,,,,,,E2-Stockpor-NottsCou,0.486684515599321,0.2687826068747773,0.2445328775259017,1.7288361536727406,1.0023812394524825
E2,27,2027-01-23 15:00:00,Wigan,Huddersfield,,,,,,,,,,,,,,,,,,,,0.35033175247925463,0.28511976863695043,0.36454847888379494,1.3361150260747143,1.3787652052883352,1.6529021780476076,1.6650625872773197,1.3148018858741497,1.3454498499018164,,,,,,,,,,,,,,E2-Wigan-Huddersf,0.32923034658567624,0.27914993593504406,0.39161971747927965,1.2668409756920727,1.454009088372883
E2,27,2027-01-23 15:00:00,Wycombe,AFC Wimbledon,,,,,,,,,,,,,,,,,,,,0.5084885859096027,0.2652111062491944,0.22630030784120292,1.7906768639780024,0.9441120297728032,1.6350847482495245,1.4105663520582985,1.6790882943729633,1.0535479318915824,,,,,,,,,,,,,,E2-Wycombe-AFCWimbl,0.5123704263822195,0.26409880913035605,0.22353076448742443,1.8012100882770146,0.9346911025926292
E2,28,2027-01-30 12:30:00,Huddersfield,Bradford,,,,,,,,,,,,,,,,,,,,0.4349703876350941,0.2795912644038132,0.2854383479610927,1.5845024273090955,1.1359063082870913,1.6836768109712446,1.5582532548472394,1.5023220989997645,1.1775104694111787,,,,,,,,,,,,,,E2-Huddersf-Bradford,0.45943577381346284,0.2772227055518139,0.2633415206347232,1.6555300269922024,1.0672472674559836
E2,28,2027-01-30 15:00:00,AFC Wimbledon,Stockport,,,,,,,,,,,,,,,,,,,,0.30450438787467493,0.2822206595811769,0.41327495254414814,1.1957338232052017,1.5220455172136214,1.592980774496323,1.68507267600843,1.217528221941127,1.4529437331478459,,,,,,,,,,,,,,E2-AFCWimbl-Stockpor,0.28799499796118183,0.28015707618780133,0.4318479258510169,1.144142070071347,1.5757008537408521
E2,28,2027-01-30 15:00:00,Blackpool,Sheffield Wed,,,,,,,,,,,,,,,,,,,,0.3441842482728209,0.284993363489586,0.3708223882375931,1.3175461083080489,1.3974605282023653,1.6467238504272892,1.6694989297442901,1.30162982071668,1.359065359324654,,,,,,,,,,,,,,E2-Blackpoo-Sheffiel,0.3395993530557475,0.2739445928634999,0.38645605408075256,1.2927426520307423,1.4333127551057574
E2,28,2027-01-30 15:00:00,Bromley,Wigan,,,,,,,,,,,,,,,,,,,,0.3387957466021012,0.2848181282400073,0.3763861251578915,1.301205368046311,1.4139765037136818,1.640844437826383,1.6729637016066632,1.2901204024509647,1.3711898491328887,,,,,,,,,,,,,,E2-Bromley-Wigan,0.32149585161016203,0.27939529164074517,0.3991088567490928,1.2438828464712313,1.4767218618880236
E2,28,2027-01-30 15:00:00,Burton,Wycombe,,,,,,,,,,,,,,,,,,,,0.338529734923003,0.28480789895535613,0.3766623661216409,1.3003971037243651,1.414794997320279,1.6405428858876656,1.6731243096076365,1.2895530615149988,1.3717931063043927,,,,,,,,,,,,,,E2-Burton-Wycombe,0.3256607001740266,0.2840100122689077,0.3903292875570657,1.2609921127909876,1.454997874940105
E2,28,2027-01-30 15:00:00,Cambridge,Leyton Orient,,,,,,,,,,,,,,,,,,,,0.3936941446668215,0.28390370703476564,0.32240214829841285,1.46498614103523,1.2511101519300043,1.6809666156108642,1.6202464294581627,1.409235091449727,1.255290909751737,,,,,,,,,,,,,,E2-Cambridg-LeytonOr,0.40581765897109,0.2829436086671303,0.3112387323617797,1.5003965855804005,1.2166598057524693
E2,28,2027-01-30 15:00:00,Doncaster,MK Dons,,,,,,,,,,,,,,,,,,,,0.3600785627637646,0.28516306028592925,0.35475837695030615,1.365398748577223,1.3494381911368476,1.6615563825435642,1.6570050211399974,1.3357841594900248,1.32431574924153,,,,,,,,,,,,,,E2-Doncaste-MKDons,0.3652904918163898,0.282378920953032,0.35233058723057825,1.3782503964022015,1.3393706826447669
E2,28,2027-01-30 15:00:00,Luton,Peterborough,,,,,,,,,,,,,,,,,,,,0.5071296039061962,0.2655485613976304,0.2273218346961734,1.7869373731162193,0.9475140654861506,1.636569821113902,1.4136621693690978,1.6756631839351628,1.0557014183755251,,,,,,,,,,,,,,E2-Luton-Peterbor,0.5117399148412152,0.26251516309286965,0.22574492206591518,1.7977349076165152,0.9397499292906153
E2,28,2027-01-30 15:00:00,Notts County,Mansfield,,,,,,,,,,,,,,,,,,,,0.40777367411189813,0.2827611627667115,0.3094651631213904,1.506082185102406,1.2111566521308825,1.6844406814909565,1.6010471948583376,1.440586513796257,1.2279720676672878,,,,,,,,,,,,,,E2-NottsCou-Mansfiel,0.41604331567489033,0.2818226634420347,0.3021340208830749,1.5299526104667056,1.1882247260912593
E2,28,2027-01-30 15:00:00,Oxford,Barnsley,,,,,,,,,,,,,,,,,,,,0.42659248093601615,0.28069932106315615,0.29270819800082765,1.5604767638712045,1.158823915065639,1.6849439189053546,1.5722002369425496,1.4831271511311976,1.1927500610118045,,,,,,,,,,,,,,E2-Oxford-Barnsley,0.4220177781459279,0.27915094595908574,0.29883127589498637,1.5452042803968693,1.175644773644045
E2,28,2027-01-30 15:00:00,Reading,Plymouth,,,,,,,,,,,,,,,,,,,,0.3654241836839111,0.2851067047625078,0.349469111553581,1.381379255814241,1.3335140394232508,1.6657157095238013,1.6520690154058217,1.3473468011999463,1.3129507550873534,,,,,,,,,,,,,,E2-Reading-Plymouth,0.3820568514872265,0.2811449378696951,0.33679821064307847,1.4273154923313747,1.2915395697989305
E2,28,2027-01-30 15:00:00,Stevenage,Leicester,,,,,,,,,,,,,,,,,,,,0.256900861271094,0.2739052418648373,0.4691938968640687,1.0446078256781193,1.6814869324570434,1.4948074838367151,1.669252009617658,1.1177842421197992,1.582595221279212,,,,,,,,,,,,,,E2-Stevenag-Leiceste,0.2671750362686802,0.27855003335988393,0.45427493037143585,1.0800751421659247,1.6413748244741915
E2,29,2027-02-06 15:00:00,Barnsley,Leyton Orient,,,,,,,,,,,,,,,,,,,,0.4294353823324375,0.2803362235004573,0.2902283941671052,1.5686423704977699,1.151021406001773,1.684615777971532,1.567541493930106,1.4896221059409276,1.1875495086605214,,,,,,,,,,,,,,E2-Barnsley-LeytonOr,0.44884238329772386,0.2764658395174893,0.2746917771847868,1.622992989410661,1.1005411710718498
E2,29,2027-02-06 15:00:00,Bradford,Plymouth,,,,,,,,,,,,,,,,,,,,0.39166750349185375,0.2840391210351504,0.32429337547299586,1.4590416315107118,1.256919247454138,1.6802441699803943,1.6228335056714365,1.4047531833668419,1.2592959538700952,,,,,,,,,,,,,,E2-Bradford-Plymouth,0.38925437365216314,0.28652742304619344,0.32421820330164336,1.4542905440026828,1.2591820329511234
E2,29,2027-02-06 15:00:00,Bromley,Sheffield Wed,,,,,,,,,,,,,,,,,,,,0.2558660723928008,0.27365701444611346,0.47047691316108575,1.0412552316245158,1.6850877539293707,1.4922392085958962,1.6684284944531544,1.1156181630726134,1.5856679808150984,,,,,,,,,,,,,,E2-Bromley-Sheffiel,0.23489484432065494,0.26271486154097345,0.5023902941383717,0.9673993945029383,1.7698857439560887
E2,29,2027-02-06 15:00:00,Burton,Notts County,,,,,,,,,,,,,,,,,,,,0.3789285925313284,0.2847185611375358,0.3363528463311358,1.421504338731521,1.2937771001309433,1.6744013088869525,1.6380349932945253,1.3767467615273064,1.2849131368484525,,,,,,,,,,,,,,E2-Burton-NottsCou,0.3606435935983436,0.2880971025361112,0.35125930386554516,1.370027883331142,1.3418750141327467
E2,29,2027-02-06 15:00:00,Doncaster,Stevenage,,,,,,,,,,,,,,,,,,,,0.41771839150042,0.2817462784577435,0.30053533004183647,1.5349014529590037,1.183352268583253,1.6852893316658628,1.5862416572731406,1.4629712841173843,1.2091829957327178,,,,,,,,,,,,,,E2-Doncaste-Stevenag,0.4192619768431837,0.2841354708398146,0.2966025523170016,1.5419214013693656,1.1739431277908194
E2,29,2027-02-06 15:00:00,Huddersfield,Cambridge,,,,,,,,,,,,,,,,,,,,0.5105454495035903,0.26469547773186247,0.22475907276454726,1.796331826242633,0.9389726960255043,1.6327964932919818,1.405857408731384,1.6842852082927429,1.0502971772774323,,,,,,,,,,,,,,E2-Huddersf-Cambridg,0.545371600336135,0.25330685084071547,0.20132154882314957,1.8894216518491205,0.8572714973101642
E2,29,2027-02-06 15:00:00,Leicester,MK Dons,,,,,,,,,,,,,,,,,,,,0.5235169874319372,0.26130966732344413,0.21517334524461867,1.8318606296192557,0.9068297030573,1.6172491878618231,1.3755296641780215,1.7174278806901717,1.0300286957546672,,,,,,,,,,,,,,E2-Leiceste-MKDons,0.5139931210003712,0.2611925548578635,0.22481432414176528,1.8031719178589771,0.9356355272831594
E2,29,2027-02-06 15:00:00,Luton,Mansfield,,,,,,,,,,,,,,,,,,,,0.5001064066042047,0.26725137292519646,0.23264222047059885,1.7675705927378105,0.9651780343369929,1.6439032320515445,1.4294627191939646,1.6580683417405802,1.0669041531442351,,,,,,,,,,,,,,E2-Luton-Mansfiel,0.510372533518166,0.2644975733211476,0.22512989316068638,1.7956151738756458,0.9398872528032067
E2,29,2027-02-06 15:00:00,Peterborough,Blackpool,,,,,,,,,,,,,,,,,,,,0.3761551429416996,0.28482657110907356,0.33901828594922684,1.4132919999341724,1.3018814289567542,1.6728285805064371,1.6410958895896348,1.3706855222345,1.2905950864033093,,,,,,,,,,,,,,E2-Peterbor-Blackpoo,0.38592315886608053,0.2747366151297121,0.3393402260042074,1.4325060917279537,1.2927572931423343
E2,29,2027-02-06 15:00:00,Reading,Oxford,,,,,,,,,,,,,,,,,,,,0.4084512234827048,0.28269741167437595,0.30885136484291925,1.5080510821224904,1.2092515062031337,1.6845403567279047,1.6000704900061018,1.4421050876603323,1.2266789813979655,,,,,,,,,,,,,,E2-Reading-Oxford,0.43267353755974175,0.2772445884457476,0.2900818739945107,1.575265201124973,1.1474902104292797
E2,29,2027-02-06 15:00:00,Wigan,AFC Wimbledon,,,,,,,,,,,,,,,,,,,,0.4748769054675531,0.2727870434152198,0.25233605111722707,1.6974177598178792,1.029795196766901,1.6654521412780507,1.483333356186083,1.5962432213058437,1.1082271024793005,,,,,,,,,,,,,,E2-Wigan-AFCWimbl,0.4810847222863015,0.2711851166019867,0.2477301611117118,1.7144392834608913,1.0143755999371222
E2,29,2027-02-06 15:00:00,Wycombe,Stockport,,,,,,,,,,,,,,,,,,,,0.3939890285467682,0.2838833871966925,0.3221275842565393,1.4658504728369972,1.2502661399663104,1.6810670354011576,1.6198662247592883,1.4098878520897058,1.25470972558422,,,,,,,,,,,,,,E2-Wycombe-Stockpor,0.382073111081618,0.2798324804625011,0.3380944084558809,1.426051813707355,1.2941157058301438
E2,30,2027-02-09 19:45:00,AFC Wimbledon,Burton,,,,,,,,,,,,,,,,,,,,0.3931192916165744,0.2839428692326543,0.32293783915077123,1.4633007440823773,1.252756386684968,1.6807674261497847,1.6209848572096184,1.407963044671243,1.2564250224430134,,,,,,,,,,,,,,E2-AFCWimbl-Burton,0.400083026657973,0.28813539321755344,0.31178158012447355,1.4883844731914724,1.2234801335909742
E2,30,2027-02-09 19:45:00,Blackpool,Barnsley,,,,,,,,,,,,,,,,,,,,0.4338979083300215,0.27973951166250993,0.28636258000746856,1.5814332366525745,1.1388272516849156,1.6838896046432659,1.560075222549509,1.499855589334778,1.1794468831393254,,,,,,,,,,,,,,E2-Blackpoo-Barnsley,0.43733110851491613,0.2714177966528405,0.29125109483224343,1.5834111221975888,1.1451710811495708
E2,30,2027-02-09 19:45:00,Cambridge,Bradford,,,,,,,,,,,,,,,,,,,,0.3403084304332779,0.2848734622450806,0.37481810732164145,1.3057987535449143,1.409327784210005,1.6425389513851298,1.6720316247935716,1.2933480819188194,1.3677679077510985,,,,,,,,,,,,,,E2-Cambridg-Bradford,0.33320016302520605,0.2885433764813016,0.3782564604934923,1.2881438655569197,1.4233127579617786
E2,30,2027-02-09 19:45:00,Leyton Orient,Bromley,,,,,,,,,,,,,,,,,,,,0.473125499297336,0.2731367921849305,0.2537377085177336,1.6925132900769384,1.0343499177381312,1.6666650487738912,1.4868964165196539,1.5920267687632217,1.1111622208301568,,,,,,,,,,,,,,E2-LeytonOr-Bromley,0.4758971757271604,0.2714200018649204,0.2526828224079192,1.6991115290464016,1.0294684690886782
E2,30,2027-02-09 19:45:00,MK Dons,Wigan,,,,,,,,,,,,,,,,,,,,0.46392978000205554,0.2748977301964211,0.26117248980152336,1.6666870702025876,1.0584151996009912,1.6724199602344352,1.5052074036637257,1.5700385401295334,1.1267239337029595,,,,,,,,,,,,,,E2-MKDons-Wigan,0.4676013840782678,0.2695560659376873,0.26284254998404494,1.6723602181724906,1.058083715889822
E2,30,2027-02-09 19:45:00,Mansfield,Reading,,,,,,,,,,,,,,,,,,,,0.3933728695321146,0.28392566741280756,0.32270146305507785,1.4640442760091514,1.2520300565780411,1.6808558510866787,1.6206595723336954,1.4085240924739124,1.2559245592263548,,,,,,,,,,,,,,E2-Mansfiel-Reading,0.3731479999126404,0.28245503132432165,0.344396968763038,1.401899031062243,1.3156459376134357
E2,30,2027-02-09 19:45:00,Notts County,Doncaster,,,,,,,,,,,,,,,,,,,,0.4040440759503553,0.28309779729279216,0.31285812675685254,1.4952300251438582,1.2216721775633497,1.6837816527542873,1.6063380286720885,1.4322440465145638,1.2351247012022484,,,,,,,,,,,,,,E2-NottsCou-Doncaste,0.4021156554911375,0.2835240647158318,0.3143602797930307,1.489871031189244,1.2266049040949238
E2,30,2027-02-09 19:45:00,Oxford,Huddersfield,,,,,,,,,,,,,,,,,,,,0.3664899659132185,0.28508879230882395,0.3484212417779576,1.3845586900484794,1.3303525176426967,1.6664957193390286,1.6510421471121808,1.3496570035574218,1.3107033826648362,,,,,,,,,,,,,,E2-Oxford-Huddersf,0.33800315480819,0.2814889189268924,0.38050792626491764,1.2954983833514624,1.4230126977216453
E2,30,2027-02-09 19:45:00,Plymouth,Leicester,,,,,,,,,,,,,,,,,,,,0.31621629142840557,0.28340490461270373,0.4003788039588907,1.2320537788979204,1.4845413164893757,1.6113950133717083,1.6829512198787113,1.2422122056441505,1.424072305812422,,,,,,,,,,,,,,E2-Plymouth-Leiceste,0.3294411001326163,0.28199721432568114,0.38856168554170256,1.27032051472353,1.4476822709507888
E2,30,2027-02-09 19:45:00,Sheffield Wed,Wycombe,,,,,,,,,,,,,,,,,,,,0.47397592797181387,0.27296753494212256,0.25305653708606357,1.6948953188575642,1.0321371462003133,1.6660807448031631,1.485169280150168,1.5940729833059923,1.1097358894642464,,,,,,,,,,,,,,E2-Sheffiel-Wycombe,0.48784943117789303,0.2650371821552797,0.24711338666682725,1.7285854756889587,1.0063773421557616
E2,30,2027-02-09 19:45:00,Stevenage,Peterborough,,,,,,,,,,,,,,,,,,,,0.4167817492538465,0.28184906376614477,0.30136918698000875,1.5321943115276844,1.185956624706171,1.6852653987729687,1.5876786309017694,1.4608540286389768,1.2109354975377733,,,,,,,,,,,,,,E2-Stevenag-Peterbor,0.415608512939722,0.28226339680433493,0.30212809025594306,1.529088935623501,1.188647667572164
E2,30,2027-02-09 19:45:00,Stockport,Luton,,,,,,,,,,,,,,,,,,,,0.38190156270819825,0.284586788844203,0.3335116484475987,1.4302914769687978,1.2851217341869992,1.675967144128402,1.634653753192791,1.383258030520486,1.2788647967106823,,,,,,,,,,,,,,E2-Stockpor-Luton,0.3930431120112845,0.2820092694156578,0.3249476185730577,1.4611386054495112,1.2568521251348308
E2,31,2027-02-13 15:00:00,AFC Wimbledon,Bromley,,,,,,,,,,,,,,,,,,,,0.4253897902828494,0.28084890938562945,0.29376130033152115,1.5570182802341777,1.162132810380193,1.6850510969478778,1.5741479434071548,1.4803850729022288,1.1949593604939253,,,,,,,,,,,,,,E2-AFCWimbl-Bromley,0.43950983687426787,0.2797921051880915,0.2806980579376407,1.598321615810895,1.1218862790010136
E2,31,2027-02-13 15:00:00,Blackpool,Reading,,,,,,,,,,,,,,,,,,,,0.4227519553661142,0.28116858243472903,0.29607946219915676,1.5494244485330717,1.1694069690321993,1.6852200590177433,1.5783710830060649,1.4743824607078,1.1998243652130562,,,,,,,,,,,,,,E2-Blackpoo-Reading,0.4100392623287111,0.2738020939221516,0.3161586437491374,1.5039198809082848,1.2222780251695637
E2,31,2027-02-13 15:00:00,Cambridge,Burton,,,,,,,,,,,,,,,,,,,,0.4215158092404579,0.28131439356928295,0.2971697971902592,1.5458618212906567,1.1728237851400607,1.6852679062093374,1.5803269372913569,1.4715748982320533,1.2021134650538496,,,,,,,,,,,,,,E2-Cambridg-Burton,0.4292043796433188,0.2825295706459795,0.2882660497107017,1.570142709575936,1.1473277197780845
E2,31,2027-02-13 15:00:00,Leyton Orient,Luton,,,,,,,,,,,,,,,,,,,,0.31946593626149566,0.2836776739621473,0.396856389776357,1.2420754827466343,1.4742468432912184,1.6161195954753238,1.6819814269952382,1.2490789895035543,1.4162435001032943,,,,,,,,,,,,,,E2-LeytonOr-Luton,0.29978375318716294,0.28206771937660574,0.41814852743623127,1.1814189789380944,1.5365133016852994
E2,31,2027-02-13 15:00:00,MK Dons,Wycombe,,,,,,,,,,,,,,,,,,,,0.43072469158473625,0.2801671685947241,0.2891081398205396,1.5723412433489328,1.147491588056343,1.6844324073212826,1.5654034823195129,1.4925739076792204,1.1852009410713804,,,,,,,,,,,,,,E2-MKDons-Wycombe,0.4358480126917451,0.27477559191963835,0.28937639538861654,1.5823196299948739,1.142904778085488
E2,31,2027-02-13 15:00:00,Mansfield,Bradford,,,,,,,,,,,,,,,,,,,,0.3670924116168661,0.28507769178671805,0.34782989659641583,1.3863549266373165,1.3285673815759655,1.666929413726954,1.650455473766843,1.3509636090372135,1.3094357154895586,,,,,,,,,,,,,,E2-Mansfiel-Bradford,0.3594735784626675,0.288601324571276,0.3519250969660565,1.3670220599592784,1.3443766154694454
E2,31,2027-02-13 15:00:00,Notts County,Huddersfield,,,,,,,,,,,,,,,,,,,,0.3412918755805321,0.2849068575390427,0.3738012668804252,1.308782484280639,1.4063106581803184,1.6436221466040304,1.671408592151309,1.2954478650778563,1.3655509014974394,,,,,,,,,,,,,,E2-NottsCou-Huddersf,0.3203040292601259,0.2818660123546178,0.3978299583852563,1.2427781001349956,1.4753558875103867
E2,31,2027-02-13 15:00:00,Oxford,Leicester,,,,,,,,,,,,,,,,,,,,0.27735701142522756,0.27820164917119505,0.44444133940357744,1.110272683446878,1.6115256673819274,1.5417093203899122,1.6811587271726256,1.1605885424075215,1.5242266620437175,,,,,,,,,,,,,,E2-Oxford-Leiceste,0.28335175829956816,0.2774505477298075,0.43919769397062436,1.127505822628512,1.5950436296416806
E2,31,2027-02-13 15:00:00,Plymouth,Doncaster,,,,,,,,,,,,,,,,,,,,0.4752413176292344,0.27271369875198787,0.25204498361877775,1.6984376516396908,1.0288486496083211,1.66519510090775,1.4825890075201216,1.5971217060407348,1.1076175305295621,,,,,,,,,,,,,,E2-Plymouth-Doncaste,0.47376512586993524,0.27150522256278653,0.2547296515672782,1.6928006001725924,1.035694177264621
E2,31,2027-02-13 15:00:00,Sheffield Wed,Peterborough,,,,,,,,,,,,,,,,,,,,0.5201452978434191,0.2622118344681852,0.2176428676883957,1.8226477279984425,0.9151404375333723,1.6214747746810718,1.3835156232549743,1.7087506439974152,1.035259302587087,,,,,,,,,,,,,,E2-Sheffiel-Peterbor,0.5320679870686529,0.2543289160361941,0.213603096895153,1.8505328772421528,0.8951382067216531
E2,31,2027-02-13 15:00:00,Stevenage,Barnsley,,,,,,,,,,,,,,,,,,,,0.40233353925303544,0.283244060475795,0.31442240027116963,1.4902446782349013,1.2265112612893039,1.6834167127456698,1.6087157888468424,1.4284271281495795,1.238425093684413,,,,,,,,,,,,,,E2-Stevenag-Barnsley,0.40149834488070535,0.2848636526950547,0.31363800242423995,1.4893586873371707,1.2257776599677745
E2,31,2027-02-13 15:00:00,Stockport,Wigan,,,,,,,,,,,,,,,,,,,,0.46334536123586534,0.2750053270081073,0.26164931175602735,1.6650414107157032,1.0599532622761894,1.672750678732756,1.5063482146024174,1.5686494584824293,1.1277216783100779,,,,,,,,,,,,,,E2-Stockpor-Wigan,0.48104943959585983,0.26721739601421796,0.25173316438992227,1.7103657148017974,1.0224168891839847
E2,32,2027-02-20 15:00:00,Barnsley,Plymouth,,,,,,,,,,,,,,,,,,,,0.35482718762799603,0.28516342122394006,0.3600093911480639,1.349644984107928,1.3651915946681317,1.6570665267482148,1.661499851403999,1.3244638392560328,1.3356348037358787,,,,,,,,,,,,,,E2-Barnsley-Plymouth,0.3554885376571682,0.28227990802412367,0.3622315543187082,1.3487455209956283,1.368974570980248
E2,32,2027-02-20 15:00:00,Bradford,Notts County,,,,,,,,,,,,,,,,,,,,0.4624259557997707,0.2751735457166578,0.26240049848357144,1.6624514131159698,1.062375041167372,1.6732624469433097,1.5081373039734252,1.5664661383964702,1.1292934820862808,,,,,,,,,,,,,,E2-Bradford-NottsCou,0.45654937106635507,0.2801395051859658,0.2633111237476791,1.649787618385031,1.0700728764290033
E2,32,2027-02-20 15:00:00,Bromley,Blackpool,,,,,,,,,,,,,,,,,,,,0.31648762894685156,0.2834285951813488,0.40008377587179966,1.2328914820219035,1.4836799227967479,1.6117958492608473,1.6828764647173822,1.2427852456273702,1.4234156755755427,,,,,,,,,,,,,,E2-Bromley-Blackpoo,0.3040392799174314,0.27296073958202494,0.42299998050054366,1.185078579334319,1.5419606810836557
E2,32,2027-02-20 15:00:00,Burton,Oxford,,,,,,,,,,,,,,,,,,,,0.35342602356106356,0.28515419442088397,0.36141978201805247,1.3454322651040747,1.3694135404750414,1.6558004264873747,1.6626387877469688,1.32144955960844,1.3386814404964305,,,,,,,,,,,,,,E2-Burton-Oxford,0.34399440421426297,0.2865230867739499,0.36948250901178714,1.318506299416739,1.3949706138093114
E2,32,2027-02-20 15:00:00,Doncaster,AFC Wimbledon,,,,,,,,,,,,,,,,,,,,0.4732158914002635,0.2731188529867722,0.25366525561296427,1.6927665271875627,1.034114619825665,1.6666033600225014,1.4867131065662709,1.5922441569169552,1.1110105145088396,,,,,,,,,,,,,,E2-Doncaste-AFCWimbl,0.4802155442008481,0.2736028407267252,0.2461816150724267,1.7142494733292695,1.0121476859440053
E2,32,2027-02-20 15:00:00,Huddersfield,Mansfield,,,,,,,,,,,,,,,,,,,,0.4815743341140851,0.2714077235516483,0.24701794233426655,1.7161307258939038,1.0124615505544479,1.6604720622212774,1.4694908132089306,1.6124542726225672,1.0970853747826408,,,,,,,,,,,,,,E2-Huddersf-Mansfiel,0.5168845368330197,0.2608291768620066,0.2222862863049737,1.8114827873610657,0.9276880357769277
E2,32,2027-02-20 15:00:00,Leicester,Stockport,,,,,,,,,,,,,,,,,,,,0.5241061392186903,0.2611504473793179,0.21474341340199177,1.833468865035389,0.9053806875852932,1.616497621293374,1.3741269785448251,1.7189487096659453,1.0291173843946637,,,,,,,,,,,,,,E2-Leiceste-Stockpor,0.50002004482148,0.26481594010406234,0.23516401507445767,1.7648760745685024,0.9703079853274355
E2,32,2027-02-20 15:00:00,Luton,Stevenage,,,,,,,,,,,,,,,,,,,,0.5021672886505129,0.26675887848541424,0.2310738328640729,1.7732607444369528,0.959980377077633,1.6418108085789345,1.4248610498879564,1.6632131404461112,1.0636039103957018,,,,,,,,,,,,,,E2-Luton-Stevenag,0.502377553770227,0.26930332797304596,0.22831911825672707,1.7764359892837267,0.9542606827432272
E2,32,2027-02-20 15:00:00,Peterborough,MK Dons,,,,,,,,,,,,,,,,,,,,0.35000648724522393,0.2851150209289405,0.36487849182583554,1.3351344826646123,1.379750496406447,1.6525893193358538,1.6653100150276234,1.314103794340905,1.346164593404321,,,,,,,,,,,,,,E2-Peterbor-MKDons,0.3538200683906778,0.27995760356290494,0.36622232804641724,1.3414178087349384,1.3786245877021568
E2,32,2027-02-20 15:00:00,Reading,Cambridge,,,,,,,,,,,,,,,,,,,,0.45935600559462925,0.2757258870987823,0.2649181073065884,1.65379390388267,1.0704802090185475,1.6748956609309635,1.5140609749576848,1.5591932709123817,1.1345610791180796,,,,,,,,,,,,,,E2-Reading-Cambridg,0.4836037432201903,0.2692318283535858,0.24716442842622394,1.7200430580141566,1.0107251136322575
E2,32,2027-02-20 15:00:00,Wigan,Sheffield Wed,,,,,,,,,,,,,,,,,,,,0.32173194907380215,0.28385381169756413,0.39441423922863367,1.2490496589189706,1.4670965293834652,1.6193163029161863,1.6812097382262579,1.253872377633973,1.4108293886639887,,,,,,,,,,,,,,E2-Wigan-Sheffiel,0.3183633638096,0.27715934702450223,0.4044772891658978,1.2322494384533023,1.4905912145221956
E2,32,2027-02-20 15:00:00,Wycombe,Leyton Orient,,,,,,,,,,,,,,,,,,,,0.4602639056011636,0.27556404102150517,0.26417205337733124,1.656355757824996,1.0680802011534989,1.6744247949519608,1.5123172053213876,1.561341364257104,1.133000150061163,,,,,,,,,,,,,,E2-Wycombe-LeytonOr,0.4796195721510775,0.2697268327599961,0.2506535950889265,1.7085855492132285,1.0216876180267755
E2,33,2027-02-27 12:30:00,Cambridge,Peterborough,,,,,,,,,,,,,,,,,,,,0.39082467806499244,0.284093251632686,0.32508207030232156,1.4565672858276633,1.2593394625396506,1.6799270960742523,1.623896002443924,1.4028914734999423,1.2609671050225204,,,,,,,,,,,,,,E2-Cambridg-Peterbor,0.3853897521243874,0.28174691246086736,0.3328633354147452,1.4379161688340296,1.280336918705103
E2,33,2027-02-27 15:00:00,Barnsley,Wigan,,,,,,,,,,,,,,,,,,,,0.4142734545436241,0.28211698693884235,0.3036095585175336,1.5249373505697146,1.192945662491443,1.6851441546688788,1.5914836599394966,1.455193389931606,1.2156459837157059,,,,,,,,,,,,,,E2-Barnsley-Wigan,0.41646875673893924,0.27804372249077997,0.3054875207702808,1.5274499927075977,1.1945062848016224
E2,33,2027-02-27 15:00:00,Blackpool,AFC Wimbledon,,,,,,,,,,,,,,,,,,,,0.499694109004709,0.2673491817387889,0.23295670925650208,1.7664315087529159,0.9662193095082952,1.644315887666067,1.4303798109806207,1.6570408719658891,1.0675657009602209,,,,,,,,,,,,,,E2-Blackpoo-AFCWimbl,0.5066103680035484,0.26169115928979936,0.23169847270665223,1.7815222633004448,0.956786577409756
E2,33,2027-02-27 15:00:00,Bradford,Leicester,,,,,,,,,,,,,,,,,,,,0.2978059702147121,0.28139813266957503,0.42079589711571286,1.1748160433137114,1.5437858240167137,1.5814591289747,1.6852865362760268,1.203449345031563,1.469941387482,,,,,,,,,,,,,,E2-Bradford-Leiceste,0.30782454726177555,0.28600578437070706,0.4061696683675174,1.2094794261560338,1.5045147894732593
E2,33,2027-02-27 15:00:00,Burton,MK Dons,,,,,,,,,,,,,,,,,,,,0.32121103435905624,0.2838143382484447,0.3949746273924991,1.2474474413256136,1.468738220425942,1.618588528610131,1.6813940246409738,1.252770083663161,1.4120707566925266,,,,,,,,,,,,,,E2-Burton-MKDons,0.30747190876532604,0.2824542736287568,0.41007381760591716,1.204869999924735,1.5126757264465083
E2,33,2027-02-27 15:00:00,Huddersfield,Wycombe,,,,,,,,,,,,,,,,,,,,0.44270833326178477,0.2784666542420412,0.2788250124961741,1.6065916540273957,1.1149416917305635,1.6817049108076212,1.5447967907485973,1.5202017149306728,1.163661363242623,,,,,,,,,,,,,,E2-Huddersf-Wycombe,0.4742372159998238,0.2687574375470398,0.2570053464531364,1.6914690855465113,1.039773476906449
E2,33,2027-02-27 15:00:00,Leyton Orient,Doncaster,,,,,,,,,,,,,,,,,,,,0.3985679825801961,0.2835478826806433,0.3178841347391606,1.4792518304212314,1.2372002868981251,1.6824737480978444,1.6138405454322855,1.4200446798590554,1.2457354512081829,,,,,,,,,,,,,,E2-LeytonOr-Doncaste,0.3770411203702887,0.2847485749046604,0.3382103047250509,1.4158719360155265,1.2993794890798132
E2,33,2027-02-27 15:00:00,Mansfield,Stevenage,,,,,,,,,,,,,,,,,,,,0.41396543465529445,0.2821491496462483,0.30388541569845723,1.5240454536121315,1.19380539674162,1.685123516868091,1.5919465656429466,1.4544991861524772,1.2162261875714473,,,,,,,,,,,,,,E2-Mansfiel-Stevenag,0.4059287811978447,0.2851696126068124,0.3089016061953429,1.5029559562003465,1.211874431192841
E2,33,2027-02-27 15:00:00,Notts County,Bromley,,,,,,,,,,,,,,,,,,,,0.4787923740245562,0.271988690344925,0.24921893563051878,1.7083658124185939,1.0196454972364815,1.6626063075252886,1.4752821709849626,1.605703604818447,1.101697719735777,,,,,,,,,,,,,,E2-NottsCou-Bromley,0.5021435325675885,0.2659176026121882,0.2319388648202233,1.7723482003149535,0.9617341970728581
E2,33,2027-02-27 15:00:00,Oxford,Luton,,,,,,,,,,,,,,,,,,,,0.34927178472330245,0.2851035031257829,0.36562471215091463,1.3329188572956903,1.3819776395785268,1.6518768855010562,1.6658637161889782,1.3125274436375627,1.3477813424589133,,,,,,,,,,,,,,E2-Oxford-Luton,0.34055581460277073,0.2841623367179215,0.37528184867930775,1.3058297805262338,1.4100078827558449
E2,33,2027-02-27 15:00:00,Plymouth,Sheffield Wed,,,,,,,,,,,,,,,,,,,,0.37933421872853423,0.28470155433397754,0.33596422693748823,1.4227042105195802,1.2925942351464421,1.6746222522606433,1.6375797400375558,1.3776342861694877,1.2840853467132447,,,,,,,,,,,,,,E2-Plymouth-Sheffiel,0.37628887551772505,0.2799259906358145,0.3437851338464604,1.4087926171889895,1.3112813921751958
E2,33,2027-02-27 15:00:00,Reading,Stockport,,,,,,,,,,,,,,,,,,,,0.3750920472227801,0.2848641303158385,0.3400438224613814,1.410140271984179,1.3049955976999827,1.672196968649245,1.6422450224519354,1.3683654548900932,1.2927832938767705,,,,,,,,,,,,,,E2-Reading-Stockpor,0.37974900261467526,0.2805607230536504,0.33969027433167437,1.4198077308976762,1.2996315460486736
E2,34,2027-03-06 15:00:00,AFC Wimbledon,Huddersfield,,,,,,,,,,,,,,,,,,,,0.2934677679080865,0.2808074895448066,0.4257247425471069,1.161210793269066,1.5579817171861272,1.5736068943130115,1.6850231413825356,1.1943435117349417,1.481148415526027,,,,,,,,,,,,,,E2-AFCWimbl-Huddersf,0.2672096279644341,0.2763864047589752,0.45640396727659077,1.0780152886522776,1.6455983065887476
E2,34,2027-03-06 15:00:00,Bromley,Barnsley,,,,,,,,,,,,,,,,,,,,0.3366358866943555,0.28473074540431437,0.3786333679013301,1.294638405487381,1.4206308491083048,1.6383651246906057,1.6742390470781023,1.2855161358600045,1.3761009688272385,,,,,,,,,,,,,,E2-Bromley-Barnsley,0.31938361017757266,0.280784575556509,0.39983181426591835,1.238935406089227,1.4802800183542641
E2,34,2027-03-06 15:00:00,Doncaster,Mansfield,,,,,,,,,,,,,,,,,,,,0.41571540544417074,0.28196427205039204,0.3023203225054372,1.5291104883829043,1.1889252395667038,1.6852240353653243,1.589303949320583,1.458445891318517,1.2129349539328638,,,,,,,,,,,,,,E2-Doncaste-Mansfiel,0.4262575011768412,0.28005620128101294,0.2936862975421458,1.5588287048115363,1.1611150939074504
E2,34,2027-03-06 15:00:00,Leicester,Notts County,,,,,,,,,,,,,,,,,,,,0.5860154536305375,0.2418949188302258,0.17208962753923668,1.9999412797218383,0.7581638014479357,1.5162688791696386,1.215889216857371,1.8873880400967853,0.9372741388725158,,,,,,,,,,,,,,E2-Leiceste-NottsCou,0.5714887329914603,0.24665551252294138,0.18185575448559832,1.9611217114973223,0.7922227759797363
E2,34,2027-03-06 15:00:00,Luton,Reading,,,,,,,,,,,,,,,,,,,,0.4808279983390845,0.2715646987819585,0.247607302878957,1.714048693799212,1.0143866074188295,1.6610537591189338,1.471050235381889,1.6106408319378454,1.098320596946263,,,,,,,,,,,,,,E2-Luton-Reading,0.46952801701867575,0.2723913389225839,0.25808064405874037,1.680975389978611,1.0466332710988049
E2,34,2027-03-06 15:00:00,MK Dons,Oxford,,,,,,,,,,,,,,,,,,,,0.44670343277377506,0.2778485704647657,0.2754479967614592,1.6179588687860909,1.1041925607491434,1.6803885643451744,1.537639330104148,1.5294920324322099,1.1565931449717477,,,,,,,,,,,,,,E2-MKDons-Oxford,0.455613235248441,0.2732566670895087,0.2711300976620503,1.6400963728348317,1.0866469600756596
E2,34,2027-03-06 15:00:00,Peterborough,Bradford,,,,,,,,,,,,,,,,,,,,0.360538851291396,0.28516041771028405,0.3543007309983199,1.366776971584472,1.3480626107052436,1.6619307892792277,1.656594194313726,1.3367781857734453,1.3233309900074972,,,,,,,,,,,,,,E2-Peterbor-Bradford,0.36112476088998036,0.28653036970811896,0.3523448694019007,1.36990465237806,1.343564977913821
E2,34,2027-03-06 15:00:00,Sheffield Wed,Leyton Orient,,,,,,,,,,,,,,,,,,,,0.5231484720101158,0.2614090211572295,0.21544250683265465,1.830854437187577,0.9077365416551935,1.6177172990788318,1.3764059535949906,1.7164773010209449,1.0305991223698765,,,,,,,,,,,,,,E2-Sheffiel-LeytonOr,0.5524541759099353,0.25053195016745544,0.19701387392260927,1.9078944778972613,0.8415735719352833
E2,34,2027-03-06 15:00:00,Stevenage,Burton,,,,,,,,,,,,,,,,,,,,0.44793968505115944,0.27765219364039473,0.27440812130844583,1.6214712487938732,1.1008765575657322,1.6799403484356676,1.5353960904186301,1.5323752115785998,1.1544170035076704,,,,,,,,,,,,,,E2-Stevenag-Burton,0.4592763232418252,0.2804912573323705,0.2602324194258043,1.658320227057846,1.0611885156097833
E2,34,2027-03-06 15:00:00,Stockport,Plymouth,,,,,,,,,,,,,,,,,,,,0.40201968223439255,0.28327033962673887,0.3147099781388686,1.4893293863299164,1.2274002740433447,1.6833454587504266,1.6091487101548783,1.4277274062701615,1.2390320394713088,,,,,,,,,,,,,,E2-Stockpor-Plymouth,0.41736680462525433,0.27818898505148243,0.30444421032326324,1.5302893989272455,1.1915216160212723
E2,34,2027-03-06 15:00:00,Wigan,Cambridge,,,,,,,,,,,,,,,,,,,,0.4457376138872877,0.278000310903485,0.2762620752092273,1.6152131525653481,1.1067865365311669,1.6807253076689839,1.5393825503398744,1.5272423229056784,1.158296868459199,,,,,,,,,,,,,,E2-Wigan-Cambridg,0.45486683171870096,0.27390939225516975,0.27122377602612924,1.6385098874112725,1.0875807203335575
E2,34,2027-03-06 15:00:00,Wycombe,Blackpool,,,,,,,,,,,,,,,,,,,,0.42050986240757354,0.28143116244831295,0.29805897514411345,1.5429607496710336,1.1756080878806534,1.6852920490910765,1.5819075624549281,1.4692926819314538,1.2039806784272324,,,,,,,,,,,,,,E2-Wycombe-Blackpoo,0.42910164269822804,0.27126427025260996,0.299634087049162,1.558569198347294,1.170166531400096
E2,35,2027-03-13 15:00:00,Barnsley,Doncaster,,,,,,,,,,,,,,,,,,,,0.4158936437847899,0.2819451494593626,0.3021612067558475,1.529626080813732,1.1884287697269051,1.6852319964168938,1.5890330695473849,1.4588482389943838,1.2126004286912053,,,,,,,,,,,,,,E2-Barnsley-Doncaste,0.4131873401215901,0.28084369953255595,0.30596896034585397,1.520405719897326,1.1987505805701177
E2,35,2027-03-13 15:00:00,Blackpool,Stockport,,,,,,,,,,,,,,,,,,,,0.38559830719221544,0.2844000566162728,0.33000163619151174,1.441194978192919,1.274404965190808,1.6777418561777235,1.6303067670368938,1.3913751907092438,1.2714040122407706,,,,,,,,,,,,,,E2-Blackpoo-Stockpor,0.3747419613417119,0.2754379257900521,0.349820112868236,1.399663809815188,1.3248982643947602
E2,35,2027-03-13 15:00:00,Bradford,Sheffield Wed,,,,,,,,,,,,,,,,,,,,0.3595511900889835,0.2851655731378392,0.3552832367731773,1.3638191434047897,1.3510152834573712,1.6611236280213162,1.6574724079610335,1.3346456200082033,1.3254454766720223,,,,,,,,,,,,,,E2-Bradford-Sheffiel,0.35266454875713005,0.28572327056458113,0.3616121806782888,1.3437169168359713,1.3705598125994476
E2,35,2027-03-13 15:00:00,Burton,Leicester,,,,,,,,,,,,,,,,,,,,0.22826835033665793,0.26585819331474814,0.5058734563485939,0.9506632443247219,1.78347856236053,1.4165127422346637,1.63792351805251,1.0576960125869106,1.6725032324489748,,,,,,,,,,,,,,E2-Burton-Leiceste,0.2259939325073521,0.26698883854128896,0.5070172289513589,0.9449706360633453,1.7880405253953655
E2,35,2027-03-13 15:00:00,Cambridge,Bromley,,,,,,,,,,,,,,,,,,,,0.45429844458850865,0.27660424459979205,0.2690973108116993,1.639499578365318,1.08389617703489,1.6773313784363149,1.5236491193142359,1.5472689579782426,1.1433047828423344,,,,,,,,,,,,,,E2-Cambridg-Bromley,0.46977191333650836,0.2723966590060324,0.25783142765745926,1.6817123990155576,1.0458909419784101
E2,35,2027-03-13 15:00:00,Huddersfield,MK Dons,,,,,,,,,,,,,,,,,,,,0.4238326453023483,0.2810390171896825,0.2951283375079692,1.5525369530967272,1.16642402971359,1.6851618341799481,1.5766490376681153,1.4768397566837377,1.1978279918278416,,,,,,,,,,,,,,E2-Huddersf-MKDons,0.45354515199591006,0.2724540071902178,0.27400084081387216,1.6330894631779478,1.0944565296318343
E2,35,2027-03-13 15:00:00,Leyton Orient,Wigan,,,,,,,,,,,,,,,,,,,,0.3969661279023788,0.28366950895560383,0.3193643631420173,1.4745678926627401,1.2417625983816558,1.6820141900051784,1.615974426494198,1.4164870452617355,1.2488642278215314,,,,,,,,,,,,,,E2-LeytonOr-Wigan,0.3799743130516724,0.2820515263036757,0.3379741606446519,1.421974465458693,1.2959740082376316
E2,35,2027-03-13 15:00:00,Mansfield,Peterborough,,,,,,,,,,,,,,,,,,,,0.41878599260272065,0.2816273130791074,0.299586694318172,1.5379852908872693,1.1803873960336233,1.6853024915179944,1.5845931572276173,1.4653868936158339,1.207189724233852,,,,,,,,,,,,,,E2-Mansfiel-Peterbor,0.4135083044763891,0.2792150348791532,0.3072766606444577,1.5197399483083203,1.2010450168125262
E2,35,2027-03-13 15:00:00,Notts County,Luton,,,,,,,,,,,,,,,,,,,,0.32453582592994606,0.28405590749481846,0.39140826657523553,1.2576633852846566,1.458280707220525,1.6231611501786705,1.6801476856203434,1.2598096184695093,1.4041804206488635,,,,,,,,,,,,,,E2-NottsCou-Luton,0.32290565916818814,0.28468118053319663,0.3924131602986152,1.2533981580377611,1.4619206614290423
E2,35,2027-03-13 15:00:00,Oxford,Stevenage,,,,,,,,,,,,,,,,,,,,0.4363617471451667,0.2793961592516614,0.284242093603172,1.5884814006871615,1.1321224400611773,1.683378723229115,1.5558737823901354,1.5055261320373359,1.1750045132767777,,,,,,,,,,,,,,E2-Oxford-Stevenag,0.4284749788673039,0.28225724371010313,0.28926777742259296,1.567682180312015,1.1500605759778821
E2,35,2027-03-13 15:00:00,Plymouth,Wycombe,,,,,,,,,,,,,,,,,,,,0.44025506487928845,0.27883361381379285,0.2809113213069187,1.5995988084516581,1.1215675777345488,1.6824128497274247,1.5491216741507177,1.514516963075046,1.1680291757236292,,,,,,,,,,,,,,E2-Plymouth-Wycombe,0.445803146639034,0.27425189469779104,0.279944958663175,1.611661334614893,1.1140867706873159
E2,35,2027-03-13 15:00:00,Reading,AFC Wimbledon,,,,,,,,,,,,,,,,,,,,0.48861018922437327,0.26988796024946554,0.2415018505261612,1.7357185279225853,0.994393511827949,1.6546608550950785,1.4545861586193947,1.6296377150316084,1.0855173414820536,,,,,,,,,,,,,,E2-Reading-AFCWimbl,0.5096922627227576,0.2652992622649961,0.2250084750122463,1.7943760504332689,0.940324687301735
E2,36,2027-03-20 15:00:00,AFC Wimbledon,Leyton Orient,,,,,,,,,,,,,,,,,,,,0.3658723290776791,0.2850994417698003,0.34902822915252063,1.3827164290028375,1.3321841292273622,1.666045680434553,1.6516389499772206,1.3483180043359457,1.3120050272348343,,,,,,,,,,,,,,E2-AFCWimbl-LeytonOr,0.3771559437650398,0.28730957348137526,0.33553448275358494,1.4187774047764947,1.2939130217421302
E2,36,2027-03-20 15:00:00,Bromley,Reading,,,,,,,,,,,,,,,,,,,,0.32636339951124854,0.2841782686831995,0.389458331805552,1.2632684672169452,1.4525532640998555,1.6256016440197865,1.6793922698860233,1.2636832886754688,1.3998760732637205,,,,,,,,,,,,,,E2-Bromley-Reading,0.29516773498211707,0.27743719291042024,0.42739507210746264,1.1629403978567714,1.5596224092328081
E2,36,2027-03-20 15:00:00,Doncaster,Bradford,,,,,,,,,,,,,,,,,,,,0.3707153800113189,0.2849961555151751,0.34428846447350603,1.3971422955491315,1.317861548935693,1.6694279816047481,1.6468332736135451,1.3588326378766618,1.3018527452830935,,,,,,,,,,,,,,E2-Doncaste-Bradford,0.37234328113697596,0.2887253919953667,0.3389313268676573,1.4057552354062945,1.3055193725983387
E2,36,2027-03-20 15:00:00,Leicester,Huddersfield,,,,,,,,,,,,,,,,,,,,0.5113079481933335,0.26450284037320065,0.22418921143346587,1.798426684953201,0.9370704746735983,1.631935832961442,1.4041046687693908,1.6862157290461106,1.0490947092521312,,,,,,,,,,,,,,E2-Leiceste-Huddersf,0.47491127446177217,0.27022027947860344,0.2548684460596244,1.6949541028639201,1.0348256176574766
E2,36,2027-03-20 15:00:00,Luton,Burton,,,,,,,,,,,,,,,,,,,,0.5389372565175261,0.25698916101953895,0.20407358246293494,1.8738009305721173,0.8692099084083438,1.5962945422643413,1.338125538310712,1.7577010951664949,1.0064282288180715,,,,,,,,,,,,,,E2-Luton-Burton,0.5552219461704209,0.25408939170422834,0.1906886621253508,1.919755230215491,0.8261553780802808
E2,36,2027-03-20 15:00:00,MK Dons,Mansfield,,,,,,,,,,,,,,,,,,,,0.46942564625494987,0.2738605877670066,0.2567137659780435,1.6821375265318563,1.044001885701137,1.669104745894844,1.4943445442218684,1.5831498879423878,1.1173926192795052,,,,,,,,,,,,,,E2-MKDons-Mansfiel,0.47837301682482547,0.26941133377034765,0.2522156494048269,1.704530384244824,1.0260582819848283
E2,36,2027-03-20 15:00:00,Peterborough,Plymouth,,,,,,,,,,,,,,,,,,,,0.34111232578777806,0.28490091176573806,0.3739867624464839,1.3082378891290722,1.4068611991051898,1.6434254693028496,1.6715233402364005,1.2950644220142062,1.3659552142191385,,,,,,,,,,,,,,E2-Peterbor-Plymouth,0.34335781453226777,0.28072136130164993,0.3759208241660823,1.3107948048984532,1.4084838337998968
E2,36,2027-03-20 15:00:00,Sheffield Wed,Barnsley,,,,,,,,,,,,,,,,,,,,0.5052038563303467,0.26602234525802687,0.22877379841162643,1.781633914249067,0.952343740492906,1.6386376478286961,1.4180279309066455,1.6708211274216072,1.0587608517555085,,,,,,,,,,,,,,E2-Sheffiel-Barnsley,0.5168217976291727,0.259357046800403,0.2238211555704243,1.809822439687921,0.9308205135116758
E2,36,2027-03-20 15:00:00,Stevenage,Notts County,,,,,,,,,,,,,,,,,,,,0.4141700954822666,0.2821277974923007,0.3037021070254327,1.5246380839391005,1.1932341185685988,1.6851373698352083,1.5916390990050142,1.4549604206796953,1.2158406337772396,,,,,,,,,,,,,,E2-Stevenag-NottsCou,0.410133663700998,0.28572502486523876,0.3041413114337632,1.5161260159682328,1.1981489591665284
E2,36,2027-03-20 15:00:00,Stockport,Cambridge,,,,,,,,,,,,,,,,,,,,0.49775333153320883,0.2678063603788886,0.23444030808790262,1.761066354978515,0.9711272846425965,1.6462316375404549,1.4346809301927097,1.6522123053775448,1.0706856462951764,,,,,,,,,,,,,,E2-Stockpor-Cambridg,0.5202815669770737,0.26028565125693043,0.21943278176599584,1.8211303521881517,0.9185839965549181
E2,36,2027-03-20 15:00:00,Wigan,Blackpool,,,,,,,,,,,,,,,,,,,,0.3880623865703735,0.284261620001884,0.3276759934277425,1.4484487797130043,1.2672896002851115,1.6788192316831543,1.6273226298607688,1.396798781521618,1.2664673132610555,,,,,,,,,,,,,,E2-Wigan-Blackpoo,0.3978263379355609,0.2739039969415285,0.3282696651229106,1.467383010748211,1.2587129923102602
E2,36,2027-03-20 15:00:00,Wycombe,Oxford,,,,,,,,,,,,,,,,,,,,0.4277918978334869,0.2805477562223415,0.29166034594417156,1.5639234497228023,1.1555287940548562,1.6848182801308536,1.5702440758300151,1.4858650788523227,1.190552241369297,,,,,,,,,,,,,,E2-Wycombe-Oxford,0.4351736578628938,0.2763177355666194,0.2885086065704868,1.581838709155301,1.14184355527808
E2,37,2027-03-26 15:00:00,Bradford,Wigan,,,,,,,,,,,,,,,,,,,,0.4526542967646373,0.2768812579827041,0.2704644452526586,1.634844148276616,1.08827459374068,1.6780545397101458,1.5267196738751898,1.5434075935731504,1.1461651525923748,,,,,,,,,,,,,,E2-Bradford-Wigan,0.4508934230813034,0.2782176973721847,0.27088887954651186,1.6308979666160948,1.0908843360117202
E2,37,2027-03-26 15:00:00,Burton,Stockport,,,,,,,,,,,,,,,,,,,,0.32173528883252234,0.283854062820527,0.39441064834695067,1.249059929318094,1.467086007861379,1.619320955285106,1.6812085434804445,1.2538794455552316,1.4108214360405815,,,,,,,,,,,,,,E2-Burton-Stockpor,0.2956304382936338,0.2813205599561485,0.4230490017502177,1.1682118748370498,1.5504675652068016
E2,37,2027-03-26 15:00:00,Doncaster,Blackpool,,,,,,,,,,,,,,,,,,,,0.3864730691770654,0.2843521848653936,0.3291747459575409,1.4437713923965898,1.2718764227380164,1.6781339739561951,1.6292552637664086,1.3932993848187418,1.269648159810344,,,,,,,,,,,,,,E2-Doncaste-Blackpoo,0.3977014356444989,0.2764114800888596,0.32588708426664154,1.4695157870223563,1.2540727328887842
E2,37,2027-03-26 15:00:00,Huddersfield,Reading,,,,,,,,,,,,,,,,,,,,0.4623692303820011,0.27518388227800705,0.2624468873399919,1.6622915734240105,1.0625245442979827,1.6732936806395449,1.508247461102298,1.5663315110354374,1.129390545702925,,,,,,,,,,,,,,E2-Huddersf-Reading,0.47572311697583763,0.26902486431114864,0.2552520187130138,1.6961942152386615,1.0347809204501899
E2,37,2027-03-26 15:00:00,Leicester,Wycombe,,,,,,,,,,,,,,,,,,,,0.5427650321063658,0.2558678767421291,0.20136709115150508,1.8841629730612266,0.8599691501966443,1.590683056644501,1.3286247578157364,1.767853822785498,1.000648343884392,,,,,,,,,,,,,,E2-Leiceste-Wycombe,0.534762263069072,0.2556527912564449,0.20958494567448305,1.859939580463661,0.884407628279894
E2,37,2027-03-26 15:00:00,Luton,Plymouth,,,,,,,,,,,,,,,,,,,,0.4324870206944652,0.2799316870695605,0.2875812922359743,1.577392749152956,1.1426755637774835,1.6841469882394269,1.5624558731391398,1.496615015719639,1.1820007025316301,,,,,,,,,,,,,,E2-Luton-Plymouth,0.4361502732921707,0.2782299440955666,0.2856197826122627,1.5866807639720788,1.1350892919323547
E2,37,2027-03-26 15:00:00,MK Dons,Sheffield Wed,,,,,,,,,,,,,,,,,,,,0.3701827129280625,0.2850097270590788,0.3448075600128587,1.3955578658432661,1.319432407097655,1.6690723864946297,1.647375890275295,1.3576744533028897,1.3029633103108451,,,,,,,,,,,,,,E2-MKDons-Sheffiel,0.36656271948143393,0.2791628526117714,0.3542744279067947,1.378851011056073,1.3419861363321555
E2,37,2027-03-26 15:00:00,Mansfield,Cambridge,,,,,,,,,,,,,,,,,,,,0.4402883501609304,0.2788286994099199,0.28088295042914974,1.599693749892711,1.121477550697369,1.6824037574124895,1.5490633565540977,1.5145939909677888,1.167969773120288,,,,,,,,,,,,,,E2-Mansfiel-Cambridg,0.4405684886214385,0.27816057454202553,0.281270936836536,1.599866040406341,1.1219733850516334
E2,37,2027-03-26 15:00:00,Notts County,Barnsley,,,,,,,,,,,,,,,,,,,,0.4001473556154308,0.28342350277644324,0.31642914160812596,1.4838655696227354,1.232710927600821,1.6828926746035155,1.6117095462231001,1.4235571678639238,1.2426617208878377,,,,,,,,,,,,,,E2-NottsCou-Barnsley,0.4026332145980961,0.282411956278282,0.31495482912362194,1.4903116000725705,1.227276443649148
E2,37,2027-03-26 15:00:00,Oxford,Leyton Orient,,,,,,,,,,,,,,,,,,,,0.44419517682706,0.2782395823023589,0.2775652408705811,1.610825112783539,1.1109353049141022,1.6812386297717978,1.5421494984329998,1.523654476031878,1.1610243843519472,,,,,,,,,,,,,,E2-Oxford-LeytonOr,0.4571934795728351,0.2753673596895256,0.26743916073763924,1.646947798408031,1.0776848419024434
E2,37,2027-03-26 15:00:00,Peterborough,AFC Wimbledon,,,,,,,,,,,,,,,,,,,,0.46239865047201345,0.2751785219327503,0.2624228275952363,1.6623744733487906,1.062447004718459,1.6732774865392028,1.5081903324546513,1.5664013330720525,1.129340203337677,,,,,,,,,,,,,,E2-Peterbor-AFCWimbl,0.4689697702189637,0.2737883973574192,0.2572418324236171,1.6806977080143102,1.0455138946282705
E2,37,2027-03-26 15:00:00,Stevenage,Bromley,,,,,,,,,,,,,,,,,,,,0.4810568408423753,0.2715166536172971,0.24742650554032758,1.714687176144423,1.0137961702382798,1.6608761091645396,1.4705725286904423,1.6111966843817593,1.0979416834381037,,,,,,,,,,,,,,E2-Stevenag-Bromley,0.5002719103574247,0.26838069213856514,0.23134739750401018,1.7691964232108393,0.9624228846505958
E2,38,2027-03-29 15:00:00,AFC Wimbledon,Leicester,,,,,,,,,,,,,,,,,,,,0.21376012123434107,0.2607838766288817,0.5254560021367772,0.9020642403319049,1.8371518830392135,1.3709050740523747,1.6147608545053482,1.0270323435989657,1.7224384519391112,,,,,,,,,,,,,,E2-AFCWimbl-Leiceste,0.2193546036127259,0.2646491626388799,0.5159962337483943,0.9227129734770576,1.8126378638840628
E2,38,2027-03-29 15:00:00,Barnsley,Mansfield,,,,,,,,,,,,,,,,,,,,0.41965088400624284,0.28152952649592344,0.2988195894978337,1.540482178514652,1.1779882949894245,1.6853021402308608,1.5832494088443352,1.467345669116285,1.2055782336996215,,,,,,,,,,,,,,E2-Barnsley-Mansfiel,0.42728774807484987,0.27889540276501684,0.29381684916013334,1.5607586469895665,1.1603459502454168
E2,38,2027-03-29 15:00:00,Blackpool,Oxford,,,,,,,,,,,,,,,,,,,,0.4192134555749778,0.28157914065305634,0.29920740377196586,1.5392195073779897,1.179201351968954,1.685303548934915,1.5839299461153404,1.4663547915475021,1.2063928935868955,,,,,,,,,,,,,,E2-Blackpoo-Oxford,0.4283679507120699,0.27283181189419975,0.29880023739373035,1.5579356640304094,1.1692325240753907
E2,38,2027-03-29 15:00:00,Bromley,Doncaster,,,,,,,,,,,,,,,,,,,,0.34031432101634157,0.28487366831464866,0.3748120106690098,1.3058166313636734,1.4093097003216781,1.642545482715751,1.672027932914959,1.29336065586085,1.3677546104281086,,,,,,,,,,,,,,E2-Bromley-Doncaste,0.3191676400220471,0.28192515366553195,0.39890720631242094,1.2394280737316734,1.478646772602795
E2,38,2027-03-29 15:00:00,Cambridge,MK Dons,,,,,,,,,,,,,,,,,,,,0.3300046205768728,0.2844002267026998,0.38559515272042744,1.2744140884333182,1.4411856848639824,1.6303105430972298,1.677740422929681,1.2714103506032948,1.3913682542859547,,,,,,,,,,,,,,E2-Cambridg-MKDons,0.3257159623545143,0.2813563418835047,0.392927695761981,1.2585042289470476,1.4601394291694478
E2,38,2027-03-29 15:00:00,Leyton Orient,Huddersfield,,,,,,,,,,,,,,,,,,,,0.3361183780233517,0.2847083387697213,0.37917328320692706,1.2930634728397765,1.4222281883905026,1.637760596187423,1.674534867779534,1.2844136816734013,1.3772821212051043,,,,,,,,,,,,,,E2-LeytonOr-Huddersf,0.29709352553254875,0.27906177652921993,0.4238446979382313,1.1703423531268662,1.5505958703439138
E2,38,2027-03-29 15:00:00,Plymouth,Notts County,,,,,,,,,,,,,,,,,,,,0.4834098406335534,0.2710181975399088,0.2455719618265378,1.721247719440569,1.0077340830195223,1.6590130515625297,1.4656378718995515,1.6169216966862192,1.0940542164938818,,,,,,,,,,,,,,E2-Plymouth-NottsCou,0.4832244503978019,0.27010739733403055,0.24666815226816763,1.7197807485274361,1.0101118541385334
E2,38,2027-03-29 15:00:00,Reading,Stevenage,,,,,,,,,,,,,,,,,,,,0.43279800832209736,0.2798896064605967,0.28731238521730595,1.5782836314268889,1.1418267621125144,1.6840924601294254,1.5619327187400018,1.4973288928390507,1.1814371635117786,,,,,,,,,,,,,,E2-Reading-Stevenag,0.44785500661975186,0.27853943246244556,0.2736055609178026,1.622104452321701,1.0993561152158533
E2,38,2027-03-29 15:00:00,Sheffield Wed,Burton,,,,,,,,,,,,,,,,,,,,0.551922963607893,0.25310769035743214,0.19496934603467492,1.908876581181111,0.8380157284614569,1.5766045606467824,1.3055614435207201,1.7924084667583913,0.9869402163666822,,,,,,,,,,,,,,E2-Sheffiel-Burton,0.5756704325988335,0.24479826038781322,0.17953130701335324,1.9718095581843138,0.7833921814278728
E2,38,2027-03-29 15:00:00,Stockport,Bradford,,,,,,,,,,,,,,,,,,,,0.42245787017203457,0.28120350326018917,0.2963386265677763,1.548577113776293,1.1702193829635181,1.6852332574967863,1.578837738106659,1.4737142179880818,1.200368414993677,,,,,,,,,,,,,,E2-Stockpor-Bradford,0.4349556517518125,0.2811537626232519,0.2838905856249356,1.5860207178786894,1.1328255194980585
E2,38,2027-03-29 15:00:00,Wigan,Luton,,,,,,,,,,,,,,,,,,,,0.33340183966212217,0.2845813492815701,0.3820168110563078,1.2847868682679366,1.4306317824504935,1.6345206093669373,1.676025351830864,1.2786312030446354,1.3835107385051406,,,,,,,,,,,,,,E2-Wigan-Luton,0.3318515057629233,0.28188886087050974,0.38625963336656693,1.2774433781592798,1.4406677609702105
E2,38,2027-03-29 15:00:00,Wycombe,Peterborough,,,,,,,,,,,,,,,,,,,,0.4572897327445805,0.2760895093291995,0.26662075792622,1.6479587075629412,1.0759517831078593,1.6759292021979046,1.5180040910921975,1.5543130457287502,1.13812336894502,,,,,,,,,,,,,,E2-Wycombe-Peterbor,0.45883175256202613,0.27125029046358556,0.2699179569743883,1.6477455481496641,1.0810041613867505
E2,39,2027-04-03 15:00:00,Bradford,Blackpool,,,,,,,,,,,,,,,,,,,,0.4281920286706996,0.2804966651759598,0.2913113061533406,1.5650727511880584,1.1544305836359816,1.6847722067008983,1.5695884481219124,1.486779204202889,1.1898202470140269,,,,,,,,,,,,,,E2-Bradford-Blackpoo,0.4335261876444125,0.27670518731458466,0.2897686250410028,1.577283750247822,1.1460110624375932
E2,39,2027-04-03 15:00:00,Burton,Barnsley,,,,,,,,,,,,,,,,,,,,0.36740409419299547,0.2850716728328127,0.3475242329741918,1.387283955411799,1.327644371755388,1.6671517476267654,1.6501501917467802,1.3516398073832008,1.3087806310061378,,,,,,,,,,,,,,E2-Burton-Barnsley,0.35210062784220464,0.28633326928092256,0.3615661028768728,1.3426351528075366,1.371031577911541
E2,39,2027-04-03 15:00:00,Doncaster,Cambridge,,,,,,,,,,,,,,,,,,,,0.44409261566196956,0.27825535837049886,0.2776520259675316,1.6105332053564076,1.1112114362730936,1.6812716937726409,1.5423327359741712,1.523416126305301,1.1612060352087163,,,,,,,,,,,,,,E2-Doncaste-Cambridg,0.45422496838638104,0.27634641284335093,0.269428618770268,1.6390213180024942,1.084632269154155
E2,39,2027-04-03 15:00:00,Huddersfield,Stockport,,,,,,,,,,,,,,,,,,,,0.4244073200499875,0.2809693260763831,0.2946233538736294,1.5541912862263456,1.1648393876972714,1.685124652344368,1.575728711808094,1.4781475383494438,1.1967682211041892,,,,,,,,,,,,,,E2-Huddersf-Stockpor,0.4397560571439628,0.2748038018167797,0.28544014103925747,1.5940719732486681,1.1311242249345521
E2,39,2027-04-03 15:00:00,Leicester,Leyton Orient,,,,,,,,,,,,,,,,,,,,0.5916241786743845,0.23991218486550292,0.16846363646011253,2.0147847208886565,0.7453030942458405,1.5051723214085833,1.2006082107140914,1.9036022755000317,0.9292907571962873,,,,,,,,,,,,,,E2-Leiceste-LeytonOr,0.5980497843566674,0.23720014128323738,0.16475007436009517,2.0313494943532397,0.731450364363523
E2,39,2027-04-03 15:00:00,Luton,AFC Wimbledon,,,,,,,,,,,,,,,,,,,,0.558462953157107,0.2510703376152918,0.19046670922760117,1.926459197086613,0.8224704652980954,1.5659918779896578,1.2888130543760368,1.8101800311005514,0.9772508643377782,,,,,,,,,,,,,,E2-Luton-AFCWimbl,0.5641379437774154,0.2511847021970386,0.18467735402554597,1.943598533529285,0.8052167642736765
E2,39,2027-04-03 15:00:00,MK Dons,Plymouth,,,,,,,,,,,,,,,,,,,,0.40258671130124435,0.2832227362521342,0.3141905524466215,1.4909828701558672,1.2257943935919986,1.6834732188651058,1.6083658129101517,1.428991697617341,1.2379358137276648,,,,,,,,,,,,,,E2-MKDons-Plymouth,0.4042772857260235,0.2791403677427419,0.31658234653123457,1.4919722249208125,1.2288874073364457
E2,39,2027-04-03 15:00:00,Mansfield,Sheffield Wed,,,,,,,,,,,,,,,,,,,,0.3168203706177508,0.28345741869950797,0.3997222106827412,1.2339185305527605,1.4826240507477317,1.6122858142177812,1.682783238988566,1.243488043856546,1.422611185318384,,,,,,,,,,,,,,E2-Mansfiel-Sheffiel,0.3063402074349655,0.2782771528534467,0.41538263971158784,1.1972977751583431,1.5244250719882102
E2,39,2027-04-03 15:00:00,Notts County,Wigan,,,,,,,,,,,,,,,,,,,,0.4024361121446507,0.28323543452228567,0.31432845333306364,1.4905437709562377,1.2262207945214765,1.6834397106877006,1.6085740776029773,1.4286558488726477,1.2382268279627437,,,,,,,,,,,,,,E2-NottsCou-Wigan,0.40529683643667036,0.28074705265782623,0.3139561109055034,1.4966375619678371,1.2226153853743364
E2,39,2027-04-03 15:00:00,Oxford,Bromley,,,,,,,,,,,,,,,,,,,,0.5060295797602141,0.2658198297428018,0.22815059049698405,1.7839085690234442,0.950271601233754,1.6377562649494566,1.4161590281042957,1.6728956635783796,1.057447896192193,,,,,,,,,,,,,,E2-Oxford-Bromley,0.5225632521898631,0.25964028887629237,0.21779645893384453,1.8273300454458816,0.9130296656778258
E2,39,2027-04-03 15:00:00,Peterborough,Reading,,,,,,,,,,,,,,,,,,,,0.38667069014924177,0.28434117551700966,0.3289881343337485,1.4443532459647348,1.2713055785182552,1.6782210877313202,1.6290165105491108,1.3937342711232126,1.2692519920417544,,,,,,,,,,,,,,E2-Peterbor-Reading,0.37487758052905373,0.2803958124505918,0.34472660702035446,1.405028554037753,1.3145756335116552
E2,39,2027-04-03 15:00:00,Stevenage,Wycombe,,,,,,,,,,,,,,,,,,,,0.3725445826469909,0.2849454153699839,0.3425100019830252,1.4025791633109568,1.3124754213190597,1.6706183498388387,1.6449437016505675,1.3628132037799157,1.298050235419997,,,,,,,,,,,,,,E2-Stevenag-Wycombe,0.37401568214007075,0.2852195529450662,0.34076476491486307,1.4072665993652786,1.3075138476896555
E2,40,2027-04-10 15:00:00,AFC Wimbledon,Bradford,,,,,,,,,,,,,,,,,,,,0.3139558021125165,0.2832010196813119,0.4028431782061716,1.2250684260188613,1.4917305542998267,1.6080105902656299,1.6835295769051877,1.2374404492940603,1.4295637426505539,,,,,,,,,,,,,,E2-AFCWimbl-Bradford,0.3072899845793313,0.2892835278413053,0.4034264875793634,1.2111534815792993,1.4995629905793955
E2,40,2027-04-10 15:00:00,Barnsley,Peterborough,,,,,,,,,,,,,,,,,,,,0.42650019627930963,0.2807108841185127,0.29278891960217773,1.5602114729564416,1.1590776429250458,1.68495281028739,1.5723501782094325,1.482916628915145,1.1929193897394923,,,,,,,,,,,,,,E2-Barnsley-Peterbor,0.42814366623231,0.27690804870527824,0.29494828506241183,1.5613390474022082,1.1617529038925136
E2,40,2027-04-10 15:00:00,Blackpool,Huddersfield,,,,,,,,,,,,,,,,,,,,0.37349341231499383,0.2849165810593597,0.34159000662564654,1.4053968180043412,1.3096866009362993,1.6712170758375768,1.6439476480181014,1.364880009732462,1.29608462823538,,,,,,,,,,,,,,E2-Blackpoo-Huddersf,0.3508377819235191,0.2754713176175209,0.37369090045896,1.3279846633880783,1.396544018994401
E2,40,2027-04-10 15:00:00,Bromley,Luton,,,,,,,,,,,,,,,,,,,,0.26639308551796403,0.2760413483018218,0.45756556618021416,1.0752206048557138,1.6487380468424644,1.5174797688572113,1.6757942968178448,1.1376470360402111,1.554963836725078,,,,,,,,,,,,,,E2-Bromley-Luton,0.24737707539490095,0.27018995428218867,0.4824329703229104,1.0123211804668915,1.7174888652509197
E2,40,2027-04-10 15:00:00,Cambridge,Notts County,,,,,,,,,,,,,,,,,,,,0.38825886822201666,0.28425010302786896,0.3274910287501143,1.449026707693919,1.266723189278212,1.6789015174157407,1.6270817235237331,1.3972317072316243,1.266074904286971,,,,,,,,,,,,,,E2-Cambridg-NottsCou,0.3802864852683208,0.2849770481682641,0.33473646656341516,1.4258365039732266,1.2891864478585096
E2,40,2027-04-10 15:00:00,Leyton Orient,MK Dons,,,,,,,,,,,,,,,,,,,,0.3472478543492853,0.2850660653947478,0.3676860802559669,1.3268096284426036,1.3881243061626485,1.6498729644103156,1.6673516983389154,1.3081884062922826,1.3522517028061478,,,,,,,,,,,,,,E2-LeytonOr-MKDons,0.3313642268392252,0.2819741907662433,0.3866615823945315,1.276066871283919,1.4419589379498379
E2,40,2027-04-10 15:00:00,Plymouth,Oxford,,,,,,,,,,,,,,,,,,,,0.45629923679850676,0.2762614842830464,0.26743927891844677,1.6451591946785666,1.0785793210383867,1.6764058396341777,1.5198816427774402,1.551977839146678,1.1398358632315566,,,,,,,,,,,,,,E2-Plymouth-Oxford,0.465534871570269,0.27238610553382064,0.2620790228959104,1.6689907202446277,1.0586231742215517
E2,40,2027-04-10 15:00:00,Reading,Burton,,,,,,,,,,,,,,,,,,,,0.46910933947079814,0.2739215145170376,0.25696914601216425,1.681249532929432,1.0448289525535304,1.6693055777787875,1.4949762885324085,1.5823928820462003,1.1179271722408766,,,,,,,,,,,,,,E2-Reading-Burton,0.5006873074695509,0.2675498063873547,0.23176288614309437,1.7696117287960076,0.9628384648166378
E2,40,2027-04-10 15:00:00,Sheffield Wed,Leicester,,,,,,,,,,,,,,,,,,,,0.3469098880194901,0.2850589950467364,0.36803111693377355,1.3257886591052066,1.389152345848057,1.6495324186101654,1.6675948074755385,1.3074643367016339,1.3530005754976777,,,,,,,,,,,,,,E2-Sheffiel-Leiceste,0.36756852296460796,0.2809651624393806,0.35146631459601146,1.3836707313332044,1.3353641062274149
E2,40,2027-04-10 15:00:00,Stockport,Stevenage,,,,,,,,,,,,,,,,,,,,0.4708895203444012,0.2735766620239253,0.2555338176316735,1.6862452230571288,1.0401781149189457,1.6681593928405496,1.491410509952655,1.5866571951650212,1.1149226218433492,,,,,,,,,,,,,,E2-Stockpor-Stevenag,0.4839483959327976,0.2714456467075876,0.24460595735961482,1.7232908345059805,1.005263518786432
E2,40,2027-04-10 15:00:00,Wigan,Doncaster,,,,,,,,,,,,,,,,,,,,0.41358488957627965,0.2821886616287988,0.3042264487949215,1.5229433303576376,1.1948680080135632,1.6850962803345029,1.592517144208792,1.4536418053969287,1.2169435368687407,,,,,,,,,,,,,,E2-Wigan-Doncaste,0.4125275715094129,0.2794882032322411,0.307984225258346,1.5170709177604795,1.203440879007279
E2,40,2027-04-10 15:00:00,Wycombe,Mansfield,,,,,,,,,,,,,,,,,,,,0.4503433071698442,0.2772635012669144,0.27239319156324143,1.6282934227764472,1.0944430759566388,1.6790137951384745,1.530996578826658,1.5379924074150562,1.1502007366689178,,,,,,,,,,,,,,E2-Wycombe-Mansfiel,0.45779726105239504,0.273221514792982,0.26898122415462294,1.646613297950167,1.0801651872568507
E2,41,2027-04-13 19:45:00,AFC Wimbledon,Cambridge,,,,,,,,,,,,,,,,,,,,0.3837531513574479,0.284496416523112,0.3317504321194401,1.4357558705954556,1.2797477128814323,1.6768798587908282,1.6324960969728162,1.387320765817636,1.2751196720950229,,,,,,,,,,,,,,E2-AFCWimbl-Cambridg,0.38328529643304954,0.28676832958983234,0.3299463739771181,1.4366242188889808,1.2766074515211867
E2,41,2027-04-13 19:45:00,Barnsley,Bradford,,,,,,,,,,,,,,,,,,,,0.3745231062138928,0.2848833526697,0.3405935411164073,1.4084526713113785,1.3066639760189216,1.6718523812705768,1.6428544764917885,1.3671245523134217,1.2939567188713952,,,,,,,,,,,,,,E2-Barnsley-Bradford,0.3731784502451499,0.28758487428856155,0.3392366754662886,1.4071202250240114,1.3052949006874275
E2,41,2027-04-13 19:45:00,Blackpool,Notts County,,,,,,,,,,,,,,,,,,,,0.4459409155744756,0.2779684925677513,0.2760905918577731,1.6157912392911782,1.1062402681410706,1.6806554037679104,1.5390162884308818,1.5277156784639323,1.157937975591552,,,,,,,,,,,,,,E2-Blackpoo-NottsCou,0.4463041874979232,0.27173137322093993,0.28196443928113685,1.6106439357147095,1.1176246910643504
E2,41,2027-04-13 19:45:00,Bromley,MK Dons,,,,,,,,,,,,,,,,,,,,0.2921042365677722,0.28061229425302175,0.42728346917920607,1.1569250039563383,1.56246270179064,1.5710749585835977,1.6848738223789699,1.1914832252458987,1.4847040751538179,,,,,,,,,,,,,,E2-Bromley-MKDons,0.27603763836674744,0.2736579913969575,0.45030437023629505,1.1017709064971999,1.6245711021058427
E2,41,2027-04-13 19:45:00,Burton,Plymouth,,,,,,,,,,,,,,,,,,,,0.3126185295590565,0.2830748981130385,0.40430657232790507,1.220930486790208,1.4959946150967536,1.605970410570773,1.6838341606657004,1.2346193438469233,1.4328302960878707,,,,,,,,,,,,,,E2-Burton-Plymouth,0.2978461655608776,0.2823505269020541,0.4198033075370683,1.1758890235846868,1.541760449513259
E2,41,2027-04-13 19:45:00,Leyton Orient,Mansfield,,,,,,,,,,,,,,,,,,,,0.4022837388518352,0.28324824181186037,0.3144680193363044,1.4900994583673661,1.2266522998207736,1.6834054956516593,1.6087845511830068,1.4283160888476953,1.2385213705932232,,,,,,,,,,,,,,E2-LeytonOr-Mansfiel,0.3907017713763855,0.28368146679535683,0.32561676182825766,1.4557867809245135,1.2605317522801298
E2,41,2027-04-13 19:45:00,Luton,Huddersfield,,,,,,,,,,,,,,,,,,,,0.4300455071593248,0.28025656361012247,0.28969792923055276,1.570393085088097,1.1493503513017806,1.684531686351535,1.566531696647571,1.4910184656669643,1.18643735187323,,,,,,,,,,,,,,E2-Luton-Huddersf,0.40944079246155385,0.2807131963889692,0.30984601114947696,1.5090355737736307,1.2102512298374002
E2,41,2027-04-13 19:45:00,Oxford,Doncaster,,,,,,,,,,,,,,,,,,,,0.430551662411435,0.2801900146822235,0.28925832290634157,1.5718450019165284,1.1479649834012482,1.6844582663351675,1.5656913177238696,1.492177539746555,1.185515766642931,,,,,,,,,,,,,,E2-Oxford-Doncaste,0.42143762587812,0.2802576386603746,0.2983047354615053,1.5445705162947345,1.1751718450448905
E2,41,2027-04-13 19:45:00,Peterborough,Stockport,,,,,,,,,,,,,,,,,,,,0.3505486496426564,0.2851228148543348,0.36432853550300875,1.336768763782304,1.378108421363361,1.6531099338141735,1.6648968133487987,1.3152674688975359,1.344973582812616,,,,,,,,,,,,,,E2-Peterbor-Stockpor,0.3410527309353736,0.2799359836978499,0.37901128536677653,1.3030941765039707,1.4169698397981794
E2,41,2027-04-13 19:45:00,Sheffield Wed,Stevenage,,,,,,,,,,,,,,,,,,,,0.5151808051011724,0.26351202040313354,0.2213071744956941,1.8090544357066507,0.9274335438902159,1.6274613149637767,1.3951436125316152,1.6960547633254104,1.0430087743933267,,,,,,,,,,,,,,E2-Sheffiel-Stevenag,0.5224166948890392,0.2612182209992407,0.21636508411172012,1.8284683056663582,0.9103134733344009
E2,41,2027-04-13 19:45:00,Wigan,Leicester,,,,,,,,,,,,,,,,,,,,0.263032637911169,0.2753138859670411,0.46165347612179,1.0644117997005482,1.660274314332411,1.5096351478258023,1.6736843722311932,1.130616149332209,1.564633585894601,,,,,,,,,,,,,,E2-Wigan-Leiceste,0.2750041000172955,0.2740113054892964,0.450984594493408,1.0990236055411828,1.6269650889695204
E2,41,2027-04-13 20:00:00,Reading,Wycombe,,,,,,,,,,,,,,,,,,,,0.39281785709970873,0.28396316678302225,0.323218976117269,1.4624167380821484,1.2536200951348293,1.6806611648575691,1.6213706089125852,1.4072962659049797,1.2570203182216377,,,,,,,,,,,,,,E2-Reading-Wycombe,0.41305962237397115,0.27798482214833536,0.30895555547769354,1.517163689270249,1.204851488581416
E2,42,2027-04-17 12:30:00,MK Dons,AFC Wimbledon,,,,,,,,,,,,,,,,,,,,0.5277510408673274,0.26015500108837686,0.21209395804429576,1.843408123690359,0.8964368752212641,1.6117608584067136,1.365401552230574,1.7283885357728903,1.0234967215915658,,,,,,,,,,,,,,E2-MKDons-AFCWimbl,0.5329098733917068,0.2586066433153404,0.2084834832929528,1.8573362634904609,0.8840570931941989
E2,42,2027-04-17 15:00:00,Bradford,Luton,,,,,,,,,,,,,,,,,,,,0.3717113657872837,0.28496932101090783,0.3433193132018085,1.400103418372759,1.3149272606163334,1.670082030957376,1.6458094391152096,1.360999384937009,1.2997801612392899,,,,,,,,,,,,,,E2-Bradford-Luton,0.36594350890266514,0.2893400838687808,0.34471640722855407,1.3871706105767763,1.323489305554443
E2,42,2027-04-17 15:00:00,Cambridge,Oxford,,,,,,,,,,,,,,,,,,,,0.3625439200820894,0.2851440345025575,0.35231204541535305,1.3727757947488257,1.3420801707486167,1.663525932593092,1.6547732585240988,1.3411117249652287,1.3190549057692156,,,,,,,,,,,,,,E2-Cambridg-Oxford,0.36325988705060497,0.28404131054015147,0.35269880240924356,1.3738209716919663,1.3421377177678822
E2,42,2027-04-17 15:00:00,Doncaster,Peterborough,,,,,,,,,,,,,,,,,,,,0.4225495019085862,0.2811926380476641,0.2962578600437497,1.5488411437734226,1.1699662181789132,1.6852292665795758,1.578692426761543,1.4739224097834605,1.2001988627473885,,,,,,,,,,,,,,E2-Doncaste-Peterbor,0.42711547520616927,0.2780637997322493,0.29482072506158147,1.5594102253507571,1.1625259749169936
E2,42,2027-04-17 15:00:00,Huddersfield,Bromley,,,,,,,,,,,,,,,,,,,,0.5537195638784882,0.2525534726955967,0.1937269634259151,1.9137121643310613,0.833734362973342,1.5737352996933156,1.3009831555262683,1.7972704959815724,0.9842703165467964,,,,,,,,,,,,,,E2-Huddersf-Bromley,0.6042145098080434,0.2328862826956228,0.16289920749633383,2.045529812119753,0.7215839051846243
E2,42,2027-04-17 15:00:00,Leicester,Barnsley,,,,,,,,,,,,,,,,,,,,0.5739053329722457,0.24604435926655027,0.18005030776120406,1.9677603581832872,0.7861952825501624,1.539111528779142,1.2483941068132571,1.852968808979601,0.9546841757008089,,,,,,,,,,,,,,E2-Leiceste-Barnsley,0.5632648821702586,0.2480863577083942,0.18864876012134718,1.93788100421917,0.8140326380724359
E2,42,2027-04-17 15:00:00,Mansfield,Burton,,,,,,,,,,,,,,,,,,,,0.4499747028491322,0.27732369716061045,0.27270159999025734,1.627247805708007,1.0954284971313824,1.679160601621276,1.5316745047454075,1.5371299987043474,1.1508460582326132,,,,,,,,,,,,,,E2-Mansfiel-Burton,0.4576826132935765,0.27770658751176197,0.2646107991946615,1.6507544273924915,1.0715389850957464
E2,42,2027-04-17 15:00:00,Notts County,Reading,,,,,,,,,,,,,,,,,,,,0.3892333462290579,0.2841919424578893,0.32657471131305277,1.4518919811450632,1.2639160763970476,1.6793017336060738,1.625880496100457,1.3993798703276072,1.2641313752682903,,,,,,,,,,,,,,E2-NottsCou-Reading,0.3764901310900828,0.28334807915922555,0.34016178975069167,1.412818472429474,1.3038334484113006
E2,42,2027-04-17 15:00:00,Plymouth,Blackpool,,,,,,,,,,,,,,,,,,,,0.4489215932867227,0.2774945042352093,0.2735839024780679,1.6242592840953773,1.098246211669413,1.6795706218456856,1.5336048850916035,1.534668062418769,1.1526922618119149,,,,,,,,,,,,,,E2-Plymouth-Blackpoo,0.4599910898137316,0.2677941069375693,0.2722148032486991,1.6477673763787641,1.0844385166836668
E2,42,2027-04-17 15:00:00,Stevenage,Leyton Orient,,,,,,,,,,,,,,,,,,,,0.4197012304808768,0.28152379541011946,0.2987749741090037,1.5406274868527499,1.1778487177371306,1.6853018164917906,1.5831709605161501,1.4674597426326401,1.2054845176375286,,,,,,,,,,,,,,E2-Stevenag-LeytonOr,0.4359751381410876,0.28223321394719747,0.28179164791171485,1.5901586283704603,1.127608157682342
E2,42,2027-04-17 15:00:00,Stockport,Sheffield Wed,,,,,,,,,,,,,,,,,,,,0.3696300557765687,0.28502323225985754,0.34534671196357375,1.3939133995895638,1.3210633681505788,1.6686991686936405,1.6479352172626693,1.3564732594355917,1.3041171196666672,,,,,,,,,,,,,,E2-Stockpor-Sheffiel,0.37938570875881994,0.27914196726169305,0.341472323979487,1.4172990935381529,1.303558939200154
E2,42,2027-04-17 15:00:00,Wycombe,Wigan,,,,,,,,,,,,,,,,,,,,0.44488359644253206,0.278133256771389,0.27698314678607894,1.612784046098985,1.109082697129626,1.6810132454027644,1.5409171487737738,1.5252550453113602,1.159806030760503,,,,,,,,,,,,,,E2-Wycombe-Wigan,0.44696415200156175,0.2729754776002936,0.2800603703981447,1.613867933604979,1.1131565887947277
E2,43,2027-04-24 15:00:00,AFC Wimbledon,Plymouth,,,,,,,,,,,,,,,,,,,,0.2956040734065788,0.2811041001257433,0.42329182646767793,1.1679163203454797,1.550979579528777,1.5775122294556272,1.685192882219583,1.1988264899122252,1.4756097023928136,,,,,,,,,,,,,,E2-AFCWimbl-Plymouth,0.29020023769709813,0.2812304016153619,0.42856936068754,1.1518311147066562,1.5669384836779818
E2,43,2027-04-24 15:00:00,Barnsley,Stockport,,,,,,,,,,,,,,,,,,,,0.3643987037018126,0.28512185327990464,0.35047944301828277,1.3783179643853425,1.336560182334753,1.664949775648864,1.6530437194417416,1.3451255179995099,1.315118906249643,,,,,,,,,,,,,,E2-Barnsley-Stockpor,0.3531902694468214,0.2815602271622977,0.36524950339088086,1.341131035502762,1.3773087373349402
E2,43,2027-04-24 15:00:00,Blackpool,Cambridge,,,,,,,,,,,,,,,,,,,,0.47037005329150167,0.273677783086123,0.2559521636223754,1.684787942960628,1.0415342739532492,1.6684978499641336,1.4924536118681793,1.5854118699909245,1.115798382416631,,,,,,,,,,,,,,E2-Blackpoo-Cambridg,0.48003886889910197,0.2653888831037906,0.2545722479971074,1.7055054898010966,1.0291056270951129
E2,43,2027-04-24 15:00:00,Bromley,Mansfield,,,,,,,,,,,,,,,,,,,,0.34384028913095477,0.28498398862855384,0.3711757222404914,1.316504856021418,1.398511155350028,1.646361554879172,1.6697320371545061,1.300894161747089,1.3598339142549836,,,,,,,,,,,,,,E2-Bromley-Mansfiel,0.3320343665950204,0.2824029630269145,0.38556267037806513,1.2785060628119758,1.4390909741611098
E2,43,2027-04-24 15:00:00,Burton,Doncaster,,,,,,,,,,,,,,,,,,,,0.3712005058314847,0.2849833220852056,0.3438161720833097,1.3985848395796596,1.3164318383351348,1.6697483210665054,1.6463360858525706,1.3598878294866832,1.3008425854268761,,,,,,,,,,,,,,E2-Burton-Doncaste,0.35175497557640567,0.28746453899075963,0.3607804854328347,1.3427294657199766,1.3698059952892638
E2,43,2027-04-24 15:00:00,Leyton Orient,Bradford,,,,,,,,,,,,,,,,,,,,0.35775037538018384,0.2851699979810309,0.3570796266387853,1.3584211241215824,1.3564088778973868,1.659615425942942,1.6590415936912506,1.3307607298176551,1.3293148500424967,,,,,,,,,,,,,,E2-LeytonOr-Bradford,0.3387807229641191,0.2890372564832437,0.3721820205526372,1.305379425375601,1.4055833181411554
E2,43,2027-04-24 15:00:00,Luton,Wycombe,,,,,,,,,,,,,,,,,,,,0.4610512452591907,0.27542266414638117,0.2635260905944281,1.6585763999239536,1.0660009359296656,1.6740081970943956,1.5107994840933112,1.5632060886208412,1.131648611707189,,,,,,,,,,,,,,E2-Luton-Wycombe,0.4680523022477478,0.2721068512053458,0.25984084654690637,1.676263757948589,1.0516293908460648
E2,43,2027-04-24 15:00:00,Oxford,Notts County,,,,,,,,,,,,,,,,,,,,0.43859401074586324,0.2790766026639572,0.2823293865901796,1.5948586349015468,1.126064762434496,1.6828486340567004,1.552019232778916,1.510676506491943,1.1709985509127494,,,,,,,,,,,,,,E2-Oxford-NottsCou,0.4307864459765568,0.27968326951425215,0.28953028450919105,1.5720426074439224,1.1482741230418254
E2,43,2027-04-24 15:00:00,Peterborough,Leicester,,,,,,,,,,,,,,,,,,,,0.2529339537221229,0.27293693262258245,0.47412911365529464,1.0317387937889513,1.6953242735884664,1.4848575775126085,1.6659745629019729,1.1094791945665754,1.5944417963520896,,,,,,,,,,,,,,E2-Peterbor-Leiceste,0.26500674756382603,0.2721903015677737,0.4628029508684003,1.0672105442592517,1.6605991541729743
E2,43,2027-04-24 15:00:00,Reading,Huddersfield,,,,,,,,,,,,,,,,,,,,0.3630971602226243,0.2851381232413901,0.3517647165359856,1.374429603909263,1.340432272849347,1.6639558291428354,1.6542618939691947,1.3423084354665913,1.3178789265263682,,,,,,,,,,,,,,E2-Reading-Huddersf,0.35609873960183613,0.28095174094373526,0.3629495194544286,1.3492479597492437,1.369800299307021
E2,43,2027-04-24 15:00:00,Sheffield Wed,MK Dons,,,,,,,,,,,,,,,,,,,,0.45486614502512734,0.2765076206850114,0.26862623428986127,1.6411060557603934,1.0823863235545952,1.677073839657722,1.5225835758757298,1.5486039343858404,1.1423191951927762,,,,,,,,,,,,,,E2-Sheffiel-MKDons,0.4670160349159209,0.2691427897444845,0.26384117533959456,1.6701908944922472,1.060666315763268
E2,43,2027-04-24 15:00:00,Wigan,Stevenage,,,,,,,,,,,,,,,,,,,,0.41934188387490734,0.2815646074274616,0.29909350869763107,1.5395902590521837,1.1788451335203547,1.6853033965332571,1.5837303368815185,1.4666456680608673,1.206153632416814,,,,,,,,,,,,,,E2-Wigan-Stevenag,0.41967114596280103,0.2816271550143093,0.2987016990228896,1.5406405929027123,1.177732252082978
E2,44,2027-04-27 19:45:00,Bradford,Reading,,,,,,,,,,,,,,,,,,,,0.43907164627152495,0.27900718511166483,0.2819211686168102,1.5962221239262397,1.1247706909620956,1.682726932643794,1.5511885954156068,1.5117801252564416,1.1701437070420055,,,,,,,,,,,,,,E2-Bradford-Reading,0.42144305757534417,0.28322363832629727,0.29533330409835856,1.5475528110523298,1.169223550621373
E2,44,2027-04-27 19:45:00,Cambridge,Sheffield Wed,,,,,,,,,,,,,,,,,,,,0.29161450633586483,0.2805410636667622,0.427844429997373,1.1553845826743567,1.5640743536588813,1.570158086807948,1.6848123498696723,1.190456105295837,1.4859850708736468,,,,,,,,,,,,,,E2-Cambridg-Sheffiel,0.2813548852362945,0.2751643908728626,0.4434807238908429,1.119229046581746,1.6056065625453915
E2,44,2027-04-27 19:45:00,Doncaster,Luton,,,,,,,,,,,,,,,,,,,,0.331895414573001,0.2845041083100862,0.3836004771169128,1.2801903520290892,1.4353055396608245,1.632675502038732,1.6768064101812508,1.2754278512982553,1.3869855501425177,,,,,,,,,,,,,,E2-Doncaste-Luton,0.33213047888221425,0.2846056499887681,0.38326387112901766,1.2809970866354108,1.434397263375821
E2,44,2027-04-27 19:45:00,Huddersfield,Burton,,,,,,,,,,,,,,,,,,,,0.5203772252245699,0.2621502714839235,0.21747250329150664,1.823281947157633,0.9145677813584434,1.6211882396741224,1.3829685744085776,1.7093460924049284,1.0348986714043045,,,,,,,,,,,,,,E2-Huddersf-Burton,0.561999325773637,0.25009832950390065,0.18790234472246237,1.9360963068248114,0.8138053636712878
E2,44,2027-04-27 19:45:00,Leicester,Blackpool,,,,,,,,,,,,,,,,,,,,0.551540605211766,0.25322510467323184,0.1952342901150022,1.9078469203085298,0.8389279750182386,1.5772106802483838,1.3065335684400492,1.7913756445126052,0.9875092392926368,,,,,,,,,,,,,,E2-Leiceste-Blackpoo,0.5502579505728475,0.2476436191565436,0.20209843027060886,1.8984174708750863,0.8539389099683703
E2,44,2027-04-27 19:45:00,MK Dons,Barnsley,,,,,,,,,,,,,,,,,,,,0.4615698423536671,0.2753290254845429,0.26310113216178993,1.660038552545544,1.0646324219699126,1.6737296107300415,1.5097970210311302,1.5644352832683095,1.1307594624843336,,,,,,,,,,,,,,E2-MKDons-Barnsley,0.4645875057030855,0.271412990835354,0.26399950346156054,1.6651755079446104,1.0634115012200356
E2,44,2027-04-27 19:45:00,Mansfield,Wigan,,,,,,,,,,,,,,,,,,,,0.4066148246131903,0.2828683541556913,0.3105168212311184,1.5027128279952622,1.2144188178490465,1.6842559322528858,1.6027066800898813,1.4379913743648443,1.2301881857819634,,,,,,,,,,,,,,E2-Mansfiel-Wigan,0.4019515422677743,0.2800596854752062,0.3179887722570195,1.4859143122785292,1.2340260022462646
E2,44,2027-04-27 19:45:00,Notts County,Peterborough,,,,,,,,,,,,,,,,,,,,0.4145751409223932,0.28208532870468317,0.3033395303729236,1.5258107514718628,1.192103919823454,1.6851631476990914,1.5910293464025518,1.455873514783973,1.2150780833886448,,,,,,,,,,,,,,E2-NottsCou-Peterbor,0.4168420669880294,0.27982235663611854,0.30333557637585207,1.530348557600207,1.1898290857636749
E2,44,2027-04-27 19:45:00,Plymouth,Leyton Orient,,,,,,,,,,,,,,,,,,,,0.4890887743580412,0.2697819767107333,0.2411292489312255,1.7370482997848569,0.9931697235044097,1.654244150147643,1.453559117405937,1.6308124009090472,1.0847354355497447,,,,,,,,,,,,,,E2-Plymouth-LeytonOr,0.5100998274343825,0.2636465821768135,0.22625359038880394,1.793946064479961,0.9424073533432253
E2,44,2027-04-27 19:45:00,Stevenage,AFC Wimbledon,,,,,,,,,,,,,,,,,,,,0.467324445116226,0.27426249794928464,0.2584130569344894,1.6762358332979628,1.049501668752753,1.6704159351632026,1.4985262576448763,1.5781266881957046,1.1209492959164917,,,,,,,,,,,,,,E2-Stevenag-AFCWimbl,0.46808667842102475,0.27875617290009547,0.25315714867887984,1.6830162081631697,1.038227618936735
E2,44,2027-04-27 19:45:00,Stockport,Oxford,,,,,,,,,,,,,,,,,,,,0.4461226136730997,0.27794000005154124,0.2759373862753591,1.6163078410708402,1.1057521588776185,1.6805924860023578,1.5386886396672588,1.5281388240507976,1.1576173395756848,,,,,,,,,,,,,,E2-Stockpor-Oxford,0.4689547038337968,0.2711489778609959,0.2598963183052073,1.6780130893623864,1.0508379327766177
E2,44,2027-04-27 19:45:00,Wycombe,Bromley,,,,,,,,,,,,,,,,,,,,0.5222934910499517,0.26163882112810033,0.21606768782194796,1.8285192942779553,0.9098418845939442,1.6187974310309143,1.3784357565641718,1.7142739634997226,1.0319237401171006,,,,,,,,,,,,,,E2-Wycombe-Bromley,0.5455027420399348,0.25200564572048517,0.20249161223958007,1.8885138718402894,0.8594804824392253
E2,45,2027-05-01 15:00:00,Barnsley,AFC Wimbledon,,,,,,,,,,,,,,,,,,,,0.4772454785946031,0.2723068065711711,0.2504477148342258,1.7040432423549805,1.0236499510738484,1.663752742106924,1.4784770177457112,1.6019604030119983,1.1042719886670946,,,,,,,,,,,,,,E2-Barnsley-AFCWimbl,0.4814452446482589,0.2723912267475115,0.24616352860422963,1.7167269606922881,1.0108818125602004
E2,45,2027-05-01 15:00:00,Blackpool,Stevenage,,,,,,,,,,,,,,,,,,,,0.44370140627482624,0.27831538119779153,0.27798321252738223,1.6094196000222705,1.1122650187799383,1.6813965887353826,1.5430308219426951,1.5225072120778793,1.1618992579915028,,,,,,,,,,,,,,E2-Blackpoo-Stevenag,0.44390433045447286,0.2742909052259375,0.2818047643195896,1.606003896589356,1.1197051981847064
E2,45,2027-05-01 15:00:00,Bradford,Wycombe,,,,,,,,,,,,,,,,,,,,0.41961171008544135,0.28153398282656045,0.29885430708799826,1.5403691130828845,1.1780969040905551,1.6853023690557802,1.5833104311907942,1.4672569138915534,1.2056511598286792,,,,,,,,,,,,,,E2-Bradford-Wycombe,0.41993737963231137,0.2827924018220073,0.2972702185456813,1.5426045407189415,1.1746030574590514
E2,45,2027-05-01 15:00:00,Burton,Bromley,,,,,,,,,,,,,,,,,,,,0.4445951672589485,0.27817789580243674,0.2772269369386147,1.6119633975792822,1.109858706618281,1.6811084059976298,1.5414339795935657,1.5245843020044956,1.1603162892823644,,,,,,,,,,,,,,E2-Burton-Bromley,0.44828226875485927,0.27847952667462833,0.27323820457051234,1.623326332939206,1.0981941403861653
E2,45,2027-05-01 15:00:00,Cambridge,Luton,,,,,,,,,,,,,,,,,,,,0.30280913273288446,0.2820226395301794,0.4151682277369361,1.1904500377288327,1.5275273227409878,1.5901335417975604,1.6851969674423546,1.2139627200006715,1.4572111407169253,,,,,,,,,,,,,,E2-Cambridg-Luton,0.2943965283644707,0.2810808836687972,0.4245225879667321,1.1642704687622094,1.5546486475689936
E2,45,2027-05-01 15:00:00,Huddersfield,Doncaster,,,,,,,,,,,,,,,,,,,,0.4777235753840235,0.27220886384840337,0.2500675607675732,1.705379590000474,1.022411546151123,1.6634014963144304,1.4774915410534326,1.6031165154772975,1.1034756257085365,,,,,,,,,,,,,,E2-Huddersf-Doncaste,0.5022651141937354,0.26474655791875235,0.23298832788751223,1.7715419004999586,0.963711541581289
E2,45,2027-05-01 15:00:00,Leyton Orient,Stockport,,,,,,,,,,,,,,,,,,,,0.347788431452755,0.28507688651922636,0.3671346820280186,1.3284421808774913,1.386480932603282,1.6504141416594762,1.6669596482989268,1.309346842612334,1.3510553066829811,,,,,,,,,,,,,,E2-LeytonOr-Stockpor,0.31903515582574793,0.2814217052473902,0.3995431389268619,1.238527172724634,1.4800511220279757
E2,45,2027-05-01 15:00:00,Mansfield,Leicester,,,,,,,,,,,,,,,,,,,,0.25855797911464995,0.2742963946299863,0.46714562625536377,1.0499703319739362,1.6757332733960777,1.498880508636378,1.6705250273615264,1.121252600315387,1.5776997970862352,,,,,,,,,,,,,,E2-Mansfiel-Leiceste,0.264100953409746,0.2741687512594322,0.46173029533082177,1.06647161148867,1.6593596372518975
E2,45,2027-05-01 15:00:00,Notts County,MK Dons,,,,,,,,,,,,,,,,,,,,0.3524851128924409,0.28514577748023967,0.36236910962731944,1.3426011161575624,1.372253106362198,1.6549340364046754,1.6633891762054125,1.3194268343848612,1.3407336836716202,,,,,,,,,,,,,,E2-NottsCou-MKDons,0.355593929650345,0.28303973166764596,0.36136633868200907,1.349821520618681,1.3671387477136734
E2,45,2027-05-01 15:00:00,Oxford,Peterborough,,,,,,,,,,,,,,,,,,,,0.4412392900678878,0.2786875487480703,0.28007316118404185,1.6024054189517336,1.1189070323001957,1.6821380326731803,1.5473930524736157,1.5167958035917228,1.1662743236835607,,,,,,,,,,,,,,E2-Oxford-Peterbor,0.43650828304332945,0.27612113270234245,0.2873705842543281,1.5856459818323307,1.1382328854653267
E2,45,2027-05-01 15:00:00,Plymouth,Wigan,,,,,,,,,,,,,,,,,,,,0.473580154478828,0.2730464380440367,0.2533734074771352,1.6937869014805207,1.0331666604754424,1.6663537607265049,1.4859737570202756,1.5931204407861055,1.1103994115643314,,,,,,,,,,,,,,E2-Plymouth-Wigan,0.4775848500315052,0.2685026246891021,0.25391252527939273,1.7012571747836176,1.0302402005272802
E2,45,2027-05-01 15:00:00,Reading,Sheffield Wed,,,,,,,,,,,,,,,,,,,,0.33409419503735754,0.2846152136616503,0.3812905913009922,1.286897798773723,1.4284869875646269,1.6353570245092148,1.6756554617291175,1.2801042404785041,1.3819187094784924,,,,,,,,,,,,,,E2-Reading-Sheffiel,0.3450123233566357,0.2795966182246218,0.37539105841874254,1.3146335882945288,1.4057697934808493
E2,46,2027-05-08 12:30:00,AFC Wimbledon,Notts County,,,,,,,,,,,,,,,,,,,,0.36056445669057835,0.28516025842057613,0.3542752848888455,1.3668536284923112,1.3479861130871127,1.6619515269131844,1.6565712613444832,1.3368334911043172,1.3232762432804426,,,,,,,,,,,,,,E2-AFCWimbl-NottsCou,0.3524282531994344,0.28805633638353223,0.3595154104170334,1.3453410959818353,1.3666025676346325
E2,46,2027-05-08 12:30:00,Bromley,Plymouth,,,,,,,,,,,,,,,,,,,,0.2838677634650122,0.27933435729700085,0.43679787923798696,1.1309376476920374,1.5897279950109617,1.5551242655149113,1.6832801723173105,1.174220439121877,1.506531432311739,,,,,,,,,,,,,,E2-Bromley-Plymouth,0.26688029844906924,0.27287969916630167,0.4602400023846291,1.0735205945135093,1.6535997063201888
E2,46,2027-05-08 12:30:00,Doncaster,Reading,,,,,,,,,,,,,,,,,,,,0.3970748675790599,0.28366139705781057,0.3192637353631296,1.4748859997949904,1.2414526031471993,1.6820464928780816,1.6158304494650195,1.4167283968908417,1.2486514732691565,,,,,,,,,,,,,,E2-Doncaste-Reading,0.38639302832385647,0.28229713373424675,0.3313098379418968,1.441476218705816,1.276226647559937
E2,46,2027-05-08 12:30:00,Leicester,Cambridge,,,,,,,,,,,,,,,,,,,,0.6102145238590841,0.23306908746724725,0.1567163886736686,2.0637126590444996,0.7032182534882531,1.4660898630984853,1.1490006734911957,1.958667731326157,0.9031649277247558,,,,,,,,,,,,,,E2-Leiceste-Cambridg,0.6046017767718703,0.23462363621048493,0.16077458701764474,2.048428966526096,0.7169473972634192
E2,46,2027-05-08 12:30:00,Luton,Blackpool,,,,,,,,,,,,,,,,,,,,0.46978280145868945,0.2737916121917734,0.25642558634953716,1.6831400165678416,1.043068371240385,1.6688765099479843,1.4936302622555382,1.5840050112836508,1.1167893961184074,,,,,,,,,,,,,,E2-Luton-Blackpoo,0.48260771497585375,0.26520561929381276,0.2521866657303335,1.713028764221374,1.0217656164848132
E2,46,2027-05-08 12:30:00,MK Dons,Bradford,,,,,,,,,,,,,,,,,,,,0.4230321108841153,0.2811351813262868,0.2958327077895979,1.5502315139786327,1.1686333046950805,1.6852064323508404,1.5779257505901232,1.4750192319044884,1.19930639664673,,,,,,,,,,,,,,E2-MKDons-Bradford,0.4219618120370067,0.28257802121362785,0.29546016674936537,1.5484634573246479,1.168958521461724
E2,46,2027-05-08 12:30:00,Peterborough,Leyton Orient,,,,,,,,,,,,,,,,,,,,0.4148780691196237,0.2820533840887163,0.30306854679166007,1.5266875914475875,1.1912590244636965,1.685181004285294,1.590572241847459,1.4565566340668104,1.214508216588067,,,,,,,,,,,,,,E2-Peterbor-LeytonOr,0.43628821338488,0.27715050446873013,0.2865612821463899,1.5860151446233701,1.1368343509078997
E2,46,2027-05-08 12:30:00,Sheffield Wed,Oxford,,,,,,,,,,,,,,,,,,,,0.49018325258344975,0.2695383612079437,0.24027838620860653,1.740088118958293,0.9903735198337633,1.65328097271918,1.4512041282974848,1.6335016407147003,1.0829496315816465,,,,,,,,,,,,,,E2-Sheffiel-Oxford,0.5076981185810945,0.26187630890150804,0.23042557251739748,1.7849706646447916,0.9531530264537005
E2,46,2027-05-08 12:30:00,Stevenage,Huddersfield,,,,,,,,,,,,,,,,,,,,0.34336580703322495,0.2849706529367115,0.3716635400300636,1.3150680740363863,1.3999612730269022,1.6458588768859657,1.670050947232179,1.2998795660291664,1.3608953061735471,,,,,,,,,,,,,,E2-Stevenag-Huddersf,0.3198171281535143,0.2843845026182471,0.39579836922823863,1.2438358870787902,1.471779610302963
E2,46,2027-05-08 12:30:00,Stockport,Mansfield,,,,,,,,,,,,,,,,,,,,0.4688402890713077,0.273973220428582,0.2571864905001103,1.6804940876425052,1.045532691928913,1.6694754434689352,1.495513025037455,1.581749206113409,1.1183821007545776,,,,,,,,,,,,,,E2-Stockpor-Mansfiel,0.4917553173830122,0.26682779590260475,0.241416886714383,1.7420937480516412,0.9910784560457537
E2,46,2027-05-08 12:30:00,Wigan,Burton,,,,,,,,,,,,,,,,,,,,0.4554452047088429,0.27640854873868964,0.2681462465524675,1.6427441628652184,1.080847288396092,1.6768070064905296,1.5214939068777122,1.5499665282107644,1.1413149689381235,,,,,,,,,,,,,,E2-Wigan-Burton,0.47210096084956155,0.27305133523407815,0.2548477039163603,1.689354217782763,1.037594446983159
E2,46,2027-05-08 12:30:00,Wycombe,Barnsley,,,,,,,,,,,,,,,,,,,,0.4425401940099746,0.27849211116547096,0.27896769482455447,1.6061126931953948,1.1153951956391344,1.681755874011877,1.5450949221315984,1.519811614733502,1.163960047976205,,,,,,,,,,,,,,E2-Wycombe-Barnsley,0.44405895758936037,0.27476381927261906,0.2811772231380206,1.6069406920407001,1.118295488686681
E3,1,2026-08-15 12:30:00,Newport,Rochdale,3.0,0.0,1.35,0.19,oddalerts.com,,,2.85,3.4,2.25,3.01,3.32,2.27,2.88,3.31,2.35,2.7,3.4,2.35,0.3360936591660589,0.28791959527830957,0.3759867455556316,1.2962005727764863,1.4158798319452044,1.6326266029067489,1.667084606769814,1.2634013639796922,1.348740035100508,0.6708332852821545,0.2839959376414809,0.04517077707636463,2.2964957934879444,0.4195082688705748,0.3230367992425029,0.2810712936007276,0.39589190715676953,1.2501816913282362,1.4687470150710362,closing avg,3.0,0.0,E3-Newport-Rochdale,,,,,
E3,1,2026-08-15 12:30:00,Oldham,Port Vale,2.0,0.0,1.54,0.8,oddalerts.com,,,2.5,3.2,2.65,2.58,3.25,2.63,2.33,3.25,2.96,2.25,3.2,3.0,0.38812129993498146,0.2873018313636819,0.3245768687013366,1.4516657311686263,1.2610324374676918,1.6730601357291732,1.6182908413300032,1.3751681073340707,1.2391212324603784,0.5366738928922967,0.2806992232404481,0.18262688386725517,1.8907209019173383,0.8285798748422137,0.39934742811123614,0.2863013869228247,0.3143511849659393,1.484343671256533,1.2293549418206426,closing avg,3.0,0.0,E3-Oldham-PortVale,,,,,
E3,1,2026-08-15 15:00:00,Accrington,Colchester,2.0,2.0,1.82,0.83,oddalerts.com,,,2.35,3.2,2.85,2.48,3.22,2.76,2.84,3.2,2.44,2.82,3.2,2.4,0.34382604927460736,0.28817383025032356,0.3680001204750691,1.3196519780741456,1.3921741916755308,1.6411269304867848,1.6620259345585275,1.2797818652771031,1.3314769073017325,0.597538462776481,0.24647182891914343,0.15598970830437553,2.0390872172485865,0.71444095383227,0.3277147270163186,0.29084682022698277,0.3814384527566987,1.2739910012759386,1.4351621784970787,closing avg,1.0,1.0,E3-Accringt-Colchest,,,,,
E3,1,2026-08-15 15:00:00,Barnet,Salford,3.0,1.0,1.71,1.32,oddalerts.com,,,2.25,3.2,3.1,2.29,3.29,2.97,2.26,3.47,2.93,2.2,3.6,2.85,0.35790200462658833,0.28831705360102067,0.35378094177239094,1.3620230674807856,1.3496598789181935,1.6543282588905468,1.6507637407910667,1.3097864352406192,1.3009754522972747,0.45560873427780724,0.258548856236102,0.28584240948609074,1.6253750590695237,1.1160760846943742,0.41277490652061827,0.26883898810852946,0.31838610537085227,1.5071637076703843,1.2239973042210863,closing avg,3.0,0.0,E3-Barnet-Salford,,,,,
E3,1,2026-08-15 15:00:00,Cheltenham,Rotherham,2.0,1.0,0.4,2.11,oddalerts.com,,,2.65,3.3,2.45,2.67,3.35,2.49,2.58,3.29,2.59,2.5,3.2,2.65,0.3365481054352571,0.2879380582607525,0.37551383630399043,1.2975823745665238,1.4144795671727237,1.633150988392368,1.6668101390475307,1.2643622339243679,1.3477150410535992,0.05114993625290918,0.17948299119890918,0.7693670725481816,0.3329327999576367,2.487584208843454,0.3596690796277146,0.2820505244496972,0.3582803959225883,1.361057763332841,1.3568917122174622,closing avg,3.0,0.0,E3-Cheltenh-Rotherha,,,,,
E3,1,2026-08-15 15:00:00,Chesterfield,Fleetwood,0.0,1.0,2.15,1.35,oddalerts.com,,,1.76,3.5,4.33,1.82,3.5,4.2,1.79,3.5,4.36,1.68,3.5,4.75,0.4813581246216816,0.2741039045617504,0.24453797081656803,1.7181782784267952,1.0077178170114545,1.6541904296992191,1.459450443188531,1.58882626348333,1.0724898241952294,0.5485977658847123,0.22367863208260502,0.22772360203268266,1.869471929736742,0.9068494381806529,0.5202970398303409,0.26609477179894575,0.21360818837071335,1.8269858912899684,0.9069193369110857,closing avg,0.0,3.0,E3-Chesterf-Fleetwoo,,,,,
E3,1,2026-08-15 15:00:00,Crawley,Crewe,0.0,1.0,1.05,2.26,oddalerts.com,,,2.5,3.25,2.65,2.52,3.3,2.67,2.92,3.35,2.31,3.1,3.3,2.2,0.3689684385097468,0.2881495672784136,0.34288199421183957,1.3950548828076539,1.3167955499139323,1.6626873878206583,1.6401369949118347,1.3335646782853179,1.277778294331388,0.15474487513221585,0.20768024620851014,0.6375748786592741,0.6719148716051577,2.1204048821863326,0.31890693447953283,0.27797261154633907,0.4031204539741281,1.2346934149849376,1.4873339734687234,closing avg,0.0,3.0,E3-Crawley-Crewe,,,,,
E3,1,2026-08-15 15:00:00,Gillingham,Walsall,0.0,3.0,1.34,1.76,oddalerts.com,,,2.15,3.4,3.1,2.25,3.3,3.07,2.32,3.27,2.99,2.32,3.2,3.1,0.4074281838161026,0.2857638828397543,0.30680793334414314,1.508048434288062,1.2061876828721836,1.6784074570260024,1.5921465566244755,1.4177659511517673,1.2018909035131655,0.2824646474855834,0.25426257772842714,0.46327277478598944,1.1016565201851773,1.6440809020863953,0.40234974589000233,0.2854591469311331,0.31219110717886467,1.4925083846011402,1.222032468467727,closing avg,0.0,3.0,E3-Gillingh-Walsall,,,,,
E3,1,2026-08-15 15:00:00,Grimsby,Exeter,1.0,0.0,1.25,0.96,oddalerts.com,,,1.76,3.6,4.2,1.77,3.68,4.24,1.72,3.73,4.53,1.62,3.75,4.75,0.4803569995331832,0.27431864732801575,0.24532435313880102,1.7153896459275653,1.0102917067444188,1.6549700057711672,1.4615484928606741,1.586408792744766,1.0741241524839131,0.4161482744608349,0.31284200445488564,0.27100972108427945,1.5612868278373904,1.125871167707724,0.5432370652100527,0.25050073784485,0.20626219694509723,1.880211933475008,0.8692873286801417,closing avg,3.0,0.0,E3-Grimsby-Exeter,,,,,
E3,1,2026-08-15 15:00:00,Northampton,Swindon,0.0,0.0,1.15,0.19,oddalerts.com,,,2.05,3.4,3.3,2.09,3.38,3.31,2.19,3.38,3.1,2.2,3.4,3.1,0.3984658057586353,0.2865608733775736,0.3149733208637911,1.4819582906534796,1.2314808359689469,1.676552749968708,1.6047757117929173,1.3979031898118117,1.2189685325987385,0.6112184343421696,0.3337038118498996,0.055077753807930785,2.167359114876408,0.49893707327369197,0.4247401618212184,0.2752014657954048,0.3000583723833768,1.54942195125906,1.1753765829455352,closing avg,1.0,1.0,E3-Northamp-Swindon,,,,,
E3,1,2026-08-15 15:00:00,Tranmere,Shrewsbury,2.0,0.0,1.2,1.73,oddalerts.com,,,2.15,3.3,3.2,2.27,3.3,3.04,2.13,3.35,3.28,2.1,3.3,3.3,0.4121494579410077,0.2852873614442923,0.30256318061470006,1.5217357352673155,1.1929769032883926,1.678952834923804,1.58516209519703,1.428294695472579,1.193031105836459,0.25396212434296916,0.259096896122808,0.48694097953422283,1.0209832691517156,1.7199198347254765,0.43759632654849284,0.27823288822337006,0.2841707852281371,1.5910218678688486,1.1307452439077814,closing avg,3.0,0.0,E3-Tranmere-Shrewsbu,,,,,
E3,1,2026-08-15 15:00:00,York,Bristol Rovers,3.0,2.0,2.03,2.02,oddalerts.com,,,2.15,3.2,3.3,2.19,3.23,3.19,2.23,3.31,3.09,2.2,3.2,3.25,0.3804490076469301,0.28772450343075817,0.3318264889223117,1.4290715263715486,1.2832039701976932,1.669520144767222,1.6275504746004417,1.3584295975045413,1.2543896298566208,0.3919703548789708,0.21989430076486685,0.38813534435616237,1.3958053654017792,1.384300333833354,0.4174670100694289,0.28125420920085387,0.3012787807297173,1.5336552394091405,1.1850905513900059,closing avg,3.0,0.0,E3-York-BristolR,,,,,
E3,2,2026-08-22 12:30:00,Bristol Rovers,Newport,5.0,3.0,3.42,0.64,oddalerts.com,,,1.61,3.6,5.25,1.63,3.85,4.96,1.68,3.77,4.72,1.62,3.6,5.25,0.5618748091580336,0.25223700124062776,0.18588818960133868,1.9378614287147284,0.8099015700446438,1.5538033667626414,1.2692901544918969,1.7953239652132735,0.9491323198582575,0.8778505556544579,0.08906524482439108,0.033084199521151006,2.7226169117877648,0.1883178433878441,0.5550758634457975,0.24735476142942703,0.1975693751247754,1.9125823517668197,0.8400628868037533,closing avg,3.0,0.0,E3-BristolR-Newport,,,,,
E3,2,2026-08-22 12:30:00,Salford,Chesterfield,0.0,1.0,0.56,1.88,oddalerts.com,,,1.96,3.1,3.8,2.03,3.31,3.55,1.99,3.44,3.59,1.86,3.3,4.0,0.47150523947946543,0.2761526230357174,0.25234213748481715,1.6906683414741137,1.0331790354901689,1.6613403374880762,1.4797729410226759,1.5651696256723673,1.0886998904466942,0.09318292340103367,0.22444865608158573,0.6823684205173807,0.5039974262846867,2.2715539176337276,0.468865915191368,0.27123348000896,0.259900604799672,1.6778312255830639,1.050935294407976,closing avg,0.0,3.0,E3-Salford-Chesterf,,,,,
E3,2,2026-08-22 12:30:00,Walsall,Grimsby,0.0,0.0,2.03,1.09,oddalerts.com,,,2.75,3.2,2.4,2.73,3.26,2.49,2.95,3.38,2.28,2.85,3.3,2.25,0.374922815042921,0.2879605331886174,0.33711665176846156,1.4127289783173806,1.299310488494002,1.6664627023972363,1.6338026535942487,1.3464345533502446,1.2655646691181897,0.5810615027416957,0.23075507607027027,0.18818342118803408,1.9739395842953573,0.7953053396343724,0.3157920617618856,0.2756173320111132,0.4085906062270012,1.22299351729677,1.5013891506921169,closing avg,1.0,1.0,E3-Walsall-Grimsby,,,,,
E3,2,2026-08-22 15:00:00,Colchester,Oldham,2.0,1.0,2.48,0.42,oddalerts.com,,,2.4,3.4,2.65,2.47,3.38,2.68,2.64,3.38,2.52,2.55,3.4,2.55,0.39085819168866687,0.287124723971398,0.32201708433993514,1.4596992990373985,1.2531759769912034,1.6741264055591274,1.6148284537229571,1.3811641221451405,1.2337418650532639,0.81998424059372,0.1405744910713212,0.03944126833495881,2.6005272128524815,0.25889829607619763,0.353521267058472,0.2761231198326527,0.3703556131088754,1.3366869210080687,1.387189959159279,closing avg,3.0,0.0,E3-Colchest-Oldham,,,,,
E3,2,2026-08-22 15:00:00,Crewe,Northampton,1.0,0.0,0.81,0.87,oddalerts.com,,,2.1,3.4,3.2,2.13,3.41,3.17,2.13,3.4,3.18,2.1,3.4,3.2,0.4047088421406949,0.28602069310378614,0.30927046475551895,1.500147219525871,1.213832087370343,1.6779585921188387,1.5960665395736129,1.4117223806615173,1.2070361873851745,0.2986477968853435,0.36901152149840283,0.3323406816162537,1.2649549121544332,1.3660335663471639,0.43548659948282953,0.27281954614659615,0.2916938543705745,1.5792793445950846,1.1479011092583196,closing avg,3.0,0.0,E3-Crewe-Northamp,,,,,
E3,2,2026-08-22 15:00:00,Exeter,Accrington,2.0,0.0,2.15,0.85,oddalerts.com,,,1.91,3.4,3.75,1.95,3.44,3.69,1.99,3.39,3.63,1.96,3.3,3.7,0.4429496322865957,0.2812539150893352,0.2757964526240691,1.6101028119491223,1.1086432729615425,1.675369540622225,1.534332082023076,1.498200944452544,1.1373641208206933,0.6628403382138393,0.21002179914631094,0.1271378626398498,2.198542813787829,0.5914353870658603,0.4683336187703374,0.27492150482388544,0.2567448764057773,1.6799223611348975,1.0451561340412172,closing avg,3.0,0.0,E3-Exeter-Accringt,,,,,
E3,2,2026-08-22 15:00:00,Fleetwood,Gillingham,0.0,0.0,0.82,1.15,oddalerts.com,,,1.81,3.4,4.2,1.88,3.52,3.87,1.88,3.52,3.9,1.81,3.5,4.0,0.36963325946699543,0.28813185433399796,0.3422348861990066,1.3970316327349843,1.3148365129310178,1.6631338066747807,1.639450774388459,1.3349989091952956,1.2764055373102356,0.24764788073451888,0.3317165065747514,0.4206356126907298,1.074660148778308,1.5936233446469408,0.49599676272509174,0.2649073619099922,0.23909587536491606,1.7528976500852673,0.9821949880047404,closing avg,1.0,1.0,E3-Fleetwoo-Gillingh,,,,,
E3,2,2026-08-22 15:00:00,Port Vale,Tranmere,1.0,1.0,1.57,0.79,oddalerts.com,,,1.68,3.5,4.75,1.74,3.53,4.67,1.93,3.36,3.87,1.86,3.3,4.1,0.48509030888136695,0.2732903553632844,0.24161933575534866,1.7285612820073852,0.9981483626293304,1.6511790296405717,1.4515642233418093,1.597866735564162,1.0664218498787166,0.5470930123205056,0.2766765873703523,0.17623040030914217,1.917955624331869,0.8053677882977788,0.48236642665568624,0.2770735724540102,0.2405600008903034,1.724172852421069,0.9987535751249205,closing avg,1.0,1.0,E3-PortVale-Tranmere,,,,,
E3,2,2026-08-22 15:00:00,Rochdale,Crawley,1.0,2.0,0.88,2.1,oddalerts.com,,,1.86,3.3,4.0,1.95,3.5,3.63,1.8,3.68,4.03,1.71,3.6,4.33,0.4369264791964118,0.2821658151895262,0.280907705614062,1.5929452527787618,1.1248889320317121,1.6770295496068397,1.5449600563086379,1.4843534043111282,1.1479745962457015,0.13758740605672345,0.21681250341362207,0.6456000905296544,0.6295747215837924,2.153612775002585,0.5165874796226888,0.2526786585110978,0.23073386186621336,1.8024410973791642,0.9448802441097379,closing avg,0.0,3.0,E3-Rochdale-Crawley,,,,,
E3,2,2026-08-22 15:00:00,Rotherham,York,1.0,1.0,0.83,2.19,oddalerts.com,,,2.45,3.2,2.7,2.41,3.34,2.77,2.74,3.37,2.42,2.85,3.25,2.3,0.3927936274775542,0.28699121566231195,0.32021515686013385,1.4653720980949747,1.2476366862427135,1.6748184770850316,1.6123303265448177,1.3854124799723704,1.229958604121989,0.11987743019752778,0.20469948552576245,0.6754230842767097,0.5643317761183457,2.230968738355892,0.3395253955037469,0.2760532889258951,0.384421315570358,1.2946294754371357,1.4293172356369692,closing avg,1.0,1.0,E3-Rotherha-York,,,,,
E3,2,2026-08-22 15:00:00,Shrewsbury,Barnet,1.0,3.0,1.23,1.38,oddalerts.com,,,4.0,3.4,1.86,3.83,3.45,1.91,3.71,3.4,1.96,3.9,3.3,1.91,0.324215224653369,0.2872776994634625,0.3885070758831686,1.2599233734235695,1.4527989271129682,1.617807814444756,1.6732166597913887,1.2383608812211593,1.3760124579514086,0.3212466653101439,0.2874066697060952,0.3913466649837609,1.2511466656365269,1.461446664657378,0.25100189833368486,0.27388736553469734,0.4751107361316178,1.026893060535752,1.6992195739295508,closing avg,0.0,3.0,E3-Shrewsbu-Barnet,,,,,
E3,2,2026-08-22 15:00:00,Swindon,Cheltenham,2.0,1.0,0.77,1.14,oddalerts.com,,,1.76,3.7,4.2,1.8,3.63,4.11,1.95,3.48,3.66,1.96,3.5,3.6,0.4781151787253586,0.27479414934233426,0.24709067193230716,1.70913968551841,1.0160661651392557,1.6566722932565923,1.466219744792305,1.581006791960943,1.0777942312863227,0.23417395433110155,0.3355278420142272,0.43029820365467125,1.038049705007532,1.626422452978241,0.47775302140301135,0.26770643440685976,0.25454054419012895,1.700965498615894,1.0313280669772467,closing avg,3.0,0.0,E3-Swindon-Cheltenh,,,,,
E3,3,2026-08-29 12:30:00,Barnet,Cheltenham,2.0,2.0,1.98,1.21,oddalerts.com,,,1.57,3.8,5.25,1.59,3.85,5.42,1.52,4.08,5.84,1.49,4.0,5.75,0.5191712519161855,0.2649377666226197,0.2158909814611948,1.8224515223711761,0.9126107110062041,1.6161494824752718,1.3750982899301238,1.6826267642971353,1.0127023034200888,0.5426438403213505,0.23694487758058075,0.22041128209806876,1.8648763985446322,0.8981787238747869,0.6124362559631519,0.22816252673137027,0.15940121730547785,2.065471294620826,0.7063661786478038,closing avg,1.0,1.0,E3-Barnet-Cheltenh,,,,,
E3,3,2026-08-29 12:30:00,Port Vale,Crewe,0.0,0.0,0.99,1.25,oddalerts.com,,,2.15,3.3,3.2,2.18,3.4,3.11,2.23,3.35,3.07,2.2,3.25,3.2,0.45413695257139897,0.27940648023325604,0.266456567195345,1.641817337947453,1.0787761818192911,1.671074882190985,1.513757534530753,1.5241694931083243,1.1179858983563153,0.2795726826791304,0.311367080112728,0.4090602372081416,1.1500851281501192,1.5385477917371528,0.41805041237993423,0.2782843043603741,0.30366528325969167,1.5324355415001767,1.189280154139449,closing avg,1.0,1.0,E3-PortVale-Crewe,,,,,
E3,3,2026-08-29 13:00:00,Rotherham,Chesterfield,2.0,1.0,2.52,1.1,oddalerts.com,,,3.0,3.3,2.25,2.88,3.36,2.32,3.22,3.4,2.13,3.25,3.4,2.1,0.3849927278232208,0.2874873956165658,0.3275198765602134,1.4424655790862282,1.270047025297206,1.6717149991769853,1.6221468381922046,1.36833027543259,1.24531337981343,0.6746878113345108,0.18625534319979994,0.13905684546568922,2.2103187772033324,0.6034258795968677,0.2891179546960708,0.27381171003569066,0.4370703352682386,1.141165574123903,1.5850227158404064,closing avg,3.0,0.0,E3-Rotherha-Chesterf,,,,,
E3,3,2026-08-29 15:00:00,Colchester,Rochdale,1.0,0.0,1.38,1.11,oddalerts.com,,,2.2,3.3,3.0,2.23,3.36,3.05,1.91,3.47,3.8,1.81,3.5,3.9,0.42732232626630184,0.28349754978968744,0.2891801239440107,1.565464528588593,1.1510379216217195,1.6787192959172983,1.5612303682745359,1.4624564696202211,1.1651628854583986,0.4177182676731349,0.2930679421539412,0.28921379017292387,1.546222745173346,1.1607093126727128,0.4870769105745114,0.26810285279461576,0.24482023663087282,1.72933358451815,1.0025635626872342,closing avg,3.0,0.0,E3-Colchest-Rochdale,,,,,
E3,3,2026-08-29 15:00:00,Crawley,Bristol Rovers,0.0,2.0,0.81,2.88,oddalerts.com,,,3.4,3.25,2.05,3.26,3.37,2.13,4.22,3.88,1.73,4.5,3.8,1.66,0.30955187691571906,0.2860491303444353,0.40439899273984564,1.2147047610915924,1.4992461085639721,1.5965083659673245,1.6779011709588323,1.2076244437393273,1.4110347044017089,0.07059845560265134,0.13909863454197768,0.790302909855371,0.3508940013499317,2.5100073641080907,0.22090000197455456,0.2402572186424279,0.5388427793830175,0.9029572245660915,1.8567855567914804,closing avg,0.0,3.0,E3-Crawley-BristolR,,,,,
E3,3,2026-08-29 15:00:00,Gillingham,Northampton,1.0,1.0,0.82,0.27,oddalerts.com,,,2.45,3.3,2.65,2.56,3.28,2.62,2.99,3.28,2.31,3.0,3.3,2.25,0.41534572263715486,0.28494287861050904,0.2997113987523361,1.5309800465219736,1.1840770748675173,1.6791544794964781,1.5803069481547176,1.435449131387933,1.1870849079496155,0.4620405795780342,0.42976542497567977,0.108193995446286,1.8158871637097822,0.7543474113145378,0.31191927841290357,0.2843410495288359,0.4037396720582605,1.2200988847675465,1.4955600657036174,closing avg,1.0,1.0,E3-Gillingh-Northamp,,,,,
E3,3,2026-08-29 15:00:00,Grimsby,Fleetwood,2.0,2.0,2.4,1.18,oddalerts.com,,,1.81,3.5,4.1,1.86,3.46,4.07,1.88,3.54,3.87,1.86,3.5,3.9,0.4840936211138833,0.2735096151603644,0.24239676372575225,1.7257904785020144,1.0006999063376212,1.6519994294971023,1.4536801861480106,1.5954480816630547,1.0680385150633003,0.6355177561562253,0.19959189811055095,0.16489034573322375,2.106145166579227,0.6942629353102222,0.4958198519033245,0.2633167575079803,0.2408633905886951,1.7507763132179537,0.9859069292740656,closing avg,1.0,1.0,E3-Grimsby-Fleetwoo,,,,,
E3,3,2026-08-29 15:00:00,Newport,Tranmere,2.0,2.0,1.76,1.51,oddalerts.com,,,2.5,3.2,2.65,2.56,3.18,2.69,2.94,3.2,2.35,3.0,3.25,2.3,0.35343622232347327,0.28831549554360825,0.3582482821329185,1.348624162514028,1.3630603419423637,1.6504543647382042,1.6546165389638412,1.3002394551327876,1.3105278364483854,0.42785952722223375,0.24980759115946394,0.3223328816183023,1.5333861728261653,1.2168062360143708,0.315475940764358,0.2898435205772539,0.39468053865838826,1.2362713428703278,1.4738851365524186,closing avg,1.0,1.0,E3-Newport-Tranmere,,,,,
E3,3,2026-08-29 15:00:00,Oldham,Swindon,3.0,0.0,3.05,0.21,oddalerts.com,,,1.91,3.5,3.6,1.91,3.54,3.72,1.8,3.6,4.2,1.76,3.7,4.2,0.419423791176891,0.28447796574300993,0.2960982430800991,1.5427493392736829,1.172772694983307,1.679216562505644,1.5739663593654925,1.4446093421299335,1.1795576494664093,0.9182594247807667,0.07214672713431837,0.00959384808491491,2.8269250014766185,0.1009282713890631,0.5185185185185186,0.2592592592592593,0.2222222222222222,1.814814814814815,0.9259259259259259,closing avg,3.0,0.0,E3-Oldham-Swindon,,,,,
E3,3,2026-08-29 15:00:00,Shrewsbury,Salford,1.0,0.0,1.0,0.74,oddalerts.com,,,3.8,3.5,1.86,3.73,3.48,1.93,3.57,3.44,1.98,3.6,3.4,1.91,0.2781481335325101,0.2816820510935523,0.44016981537393757,1.1161264516910827,1.602191497215365,1.5392769967216169,1.6761927957097775,1.1422452705324608,1.4917986915416823,0.3930233858571662,0.357481096745631,0.24949551739720288,1.5365512543171296,1.1059676489372396,0.2603610008944749,0.270200224765487,0.46943877434003806,1.0512832274489117,1.678516547785601,closing avg,3.0,0.0,E3-Shrewsbu-Salford,,,,,
E3,3,2026-08-29 15:00:00,Walsall,Accrington,3.0,2.0,2.63,2.37,oddalerts.com,,,1.81,3.4,4.1,1.85,3.47,4.05,2.04,3.37,3.49,2.1,3.3,3.3,0.4806273953765361,0.27426079277214194,0.24511181185132197,1.7161429789017502,1.0095962283261077,1.6547606271271942,1.4609825551837374,1.5870614196965231,1.073682454158477,0.44964148138179416,0.1908603332671712,0.3594981853510346,1.5397847774125537,1.269354889320275,0.4566484312210501,0.2764281304720897,0.2669234383068602,1.64637342413524,1.0771984453926704,closing avg,3.0,0.0,E3-Walsall-Accringt,,,,,
E3,3,2026-08-29 15:00:00,York,Exeter,2.0,1.0,1.38,1.17,oddalerts.com,,,1.62,3.75,4.75,1.68,3.83,4.63,1.58,4.08,5.1,1.51,4.1,5.5,0.46948060714331225,0.27655561961080133,0.2539637732458865,1.6849974410407382,1.0384469393484608,1.6626647075867749,1.4838575329815942,1.5603451773503192,1.0920660535469635,0.40433960130905966,0.2903678715695076,0.30529252712143273,1.5033866754966865,1.2062454529338058,0.5892547660311958,0.22819179664933562,0.18255343731946852,1.995956094742923,0.7758521086077412,closing avg,3.0,0.0,E3-York-Exeter,,,,,
E3,4,2026-09-01 19:45:00,Accrington,Grimsby,2.0,2.0,1.83,2.31,oddalerts.com,,,3.7,3.6,1.91,3.52,3.54,1.98,3.49,3.51,1.99,3.5,3.5,1.96,0.30815386974289455,0.28590602149618144,0.40594010876092407,1.2103676307248652,1.5037263477789538,1.5943010476757087,1.6781740713398672,1.2047026296707197,1.4144569440059682,0.30366678101760913,0.21176283064789592,0.48457038833449495,1.1227631737007233,1.6654739956513809,0.2668039220929033,0.2652836718245677,0.46791240608252893,1.0656954381032777,1.6690208900721544,closing avg,1.0,1.0,E3-Accringt-Grimsby,,,,,
E3,4,2026-09-01 19:45:00,Bristol Rovers,Colchester,2.0,0.0,2.64,1.12,oddalerts.com,,,1.76,3.75,3.9,1.8,3.71,3.98,1.84,3.68,3.82,1.81,3.6,3.8,0.46552827216771464,0.2773244510619142,0.25714727677037114,1.6739092675650582,1.0487662813730276,1.6651066645311565,1.491739229050246,1.5509622293406804,1.098672790197074,0.6910339303284803,0.17701246409336202,0.13195360557815772,2.250114255078803,0.5728732808278352,0.5046235138705416,0.2523117569352708,0.2430647291941876,1.7661822985468956,0.9815059445178336,closing avg,3.0,0.0,E3-BristolR-Colchest,,,,,
E3,4,2026-09-01 19:45:00,Cheltenham,York,3.0,2.0,1.78,2.12,oddalerts.com,,,3.8,3.6,1.81,3.75,3.64,1.88,3.53,3.57,1.96,3.6,3.6,1.86,0.3219331832489325,0.28711867011075126,0.39094814664031624,1.2529182198575488,1.4599631100317,1.6147132537001347,1.6741597072201633,1.2335656465384262,1.3813614255404116,0.3226494068484277,0.2225073393102657,0.45484325384130664,1.1904555598555489,1.5870371008341857,0.2638650582055276,0.26090858696512953,0.475226354829343,1.0525037615817123,1.6865876514531586,closing avg,3.0,0.0,E3-Cheltenh-York,,,,,
E3,4,2026-09-01 19:45:00,Chesterfield,Gillingham,1.0,1.0,2.2,0.89,oddalerts.com,,,1.56,3.8,5.5,1.56,3.86,5.63,1.55,3.9,5.78,1.53,3.8,5.75,0.44100459910499945,0.2815547869817169,0.2774406139132837,1.6045685842967154,1.113876628721568,1.675955837214746,1.537799168189144,1.4937192455289319,1.1407766252597267,0.6630381326521637,0.20677333409511753,0.13018853325271876,2.1958877320516086,0.5973389338532739,0.6003835295371011,0.23861396686730946,0.1610025035955894,2.0397645554786124,0.7216214776540777,closing avg,1.0,1.0,E3-Chesterf-Gillingh,,,,,
E3,4,2026-09-01 19:45:00,Crewe,Walsall,2.0,2.0,2.04,1.86,oddalerts.com,,,2.2,3.4,3.0,2.22,3.49,2.98,2.24,3.49,2.91,2.25,3.3,2.85,0.39684666082818343,0.28668962614977445,0.3164637130220421,1.4772296086343248,1.2360807652159007,1.6761022569775048,1.606967385211427,1.3943314883235012,1.2220910266100595,0.42283574855000616,0.2245035080940121,0.35266074335598174,1.4930107537440307,1.2824857381619572,0.41466362348368235,0.26614513369726317,0.3191912428190545,1.51013600414831,1.2237188621544266,closing avg,1.0,1.0,E3-Crewe-Walsall,,,,,
E3,4,2026-09-01 19:45:00,Exeter,Barnet,1.0,1.0,1.21,0.62,oddalerts.com,,,3.8,3.6,1.86,3.56,3.71,1.92,2.96,3.49,2.23,3.0,3.4,2.25,0.3323060588250553,0.287748396876585,0.37994554429835975,1.284666573351751,1.4275850297716643,1.628134721614753,1.669259278333659,1.255401478123002,1.3573347090109487,0.492676057959498,0.32936675658535486,0.17795718545514716,1.8073949304638488,0.8632383129507963,0.31491185122542376,0.2670885614977806,0.4179995872767957,1.2118241151740519,1.5210873233281679,closing avg,1.0,1.0,E3-Exeter-Barnet,,,,,
E3,4,2026-09-01 19:45:00,Fleetwood,Oldham,1.0,1.0,1.04,0.72,oddalerts.com,,,2.55,3.2,2.57,2.53,3.35,2.64,2.74,3.31,2.45,2.75,3.2,2.4,0.3560815233684777,0.2883212810795174,0.35559719555200486,1.3565658511849503,1.355112867735532,1.6527840827946676,1.6523651567451436,1.3058913647737123,1.3048558601161075,0.41134099387510675,0.35285721714939416,0.23580178897549914,1.5868801987747145,1.0602625840758917,0.33942465856629234,0.2809738865473236,0.3796014548863841,1.2992478622462005,1.4197782512064756,closing avg,1.0,1.0,E3-Fleetwoo-Oldham,,,,,
E3,4,2026-09-01 19:45:00,Northampton,Crawley,1.0,1.0,0.74,2.41,oddalerts.com,,,1.68,3.6,4.5,1.73,3.75,4.38,1.63,3.92,4.87,1.57,3.75,5.0,0.4527377859338666,0.27964833383398086,0.26761388023215255,1.6378616916355806,1.0824899745304384,1.6716974863114142,1.5163887109644445,1.5209034651478275,1.1203866905743263,0.08789874050025401,0.17620069535762278,0.7359005641421232,0.4398969168583848,2.3839023877839924,0.571259287631553,0.2375389384794468,0.19120177388900028,1.9513168013741058,0.8111442601464476,closing avg,1.0,1.0,E3-Northamp-Crawley,,,,,
E3,4,2026-09-01 19:45:00,Rochdale,Shrewsbury,3.0,0.0,0.79,0.94,oddalerts.com,,,2.15,3.3,3.1,2.18,3.43,3.1,2.23,3.31,3.09,2.15,3.2,3.2,0.4306158440546568,0.2830579686358331,0.2863261873095101,1.5749055007998036,1.1420365305643634,1.6782732286782642,1.555746217277936,1.4699407247435647,1.1592304174695665,0.2774955267864376,0.36182027625059376,0.3606841969629686,1.1943068566099064,1.4438728671394996,0.4174670100694289,0.28125420920085387,0.3012787807297173,1.5336552394091405,1.1850905513900059,closing avg,3.0,0.0,E3-Rochdale-Shrewsbu,,,,,
E3,4,2026-09-01 19:45:00,Salford,Newport,2.0,1.0,2.39,0.27,oddalerts.com,,,1.46,4.1,6.0,1.5,4.31,5.63,1.41,4.7,6.6,1.39,4.5,7.0,0.6044877901043192,0.23724729201186606,0.15826491788381475,2.050710662324824,0.7120420456633103,1.4722231823780216,1.154627678173807,1.9166942737203145,0.8890306729474002,0.8434652798759958,0.1319443377897887,0.024590382334215455,2.6623401774177764,0.20571548479243507,0.6606606606606606,0.19819819819819817,0.14114114114114112,2.18018018018018,0.6216216216216215,closing avg,3.0,0.0,E3-Salford-Newport,,,,,
E3,4,2026-09-01 19:45:00,Swindon,Port Vale,3.0,1.0,1.47,0.98,oddalerts.com,,,3.1,3.6,2.01,3.1,3.49,2.15,3.13,3.38,2.18,3.0,3.4,2.15,0.3773706956042582,0.28786312055656654,0.3347661838391753,1.419975207369341,1.2921616720740923,1.6678697914512872,1.6310769883318301,1.351741716923456,1.2605958510167745,0.4725148036026098,0.28809350337794165,0.23939169301944857,1.7056379141857712,1.0062685824362874,0.29745833871592814,0.27545698230202814,0.4270846789820436,1.1678319984498124,1.5567110192481588,closing avg,3.0,0.0,E3-Swindon-PortVale,,,,,
E3,4,2026-09-01 19:45:00,Tranmere,Rotherham,2.0,2.0,1.08,1.75,oddalerts.com,,,2.15,3.2,3.2,2.23,3.34,3.07,2.25,3.35,3.03,2.25,3.2,3.0,0.35995923545337016,0.2883042740193835,0.3517364905272463,1.3681819803794941,1.3435137456011226,1.6560154616645606,1.648903504145442,1.3141935230310315,1.2966126907016906,0.22247576295174815,0.2580330880161032,0.5194911490321485,0.9254603768713476,1.816506535112549,0.41421313582665115,0.2782028524208851,0.30758401175246375,1.5208422599008384,1.2009548876782763,closing avg,1.0,1.0,E3-Tranmere-Rotherha,,,,,
E3,5,2026-09-05 12:30:00,Fleetwood,Shrewsbury,2.0,0.0,0.81,0.73,oddalerts.com,,,1.86,3.4,4.0,1.9,3.45,3.87,1.92,3.41,3.88,1.86,3.3,4.0,0.4135308481502366,0.2851406363368446,0.3013285155129187,1.5257331807875545,1.1891261828756008,1.6790565307328658,1.5830761971528167,1.4313840964752085,1.1904561495381356,0.32996314462307086,0.3865139103462225,0.28352294503070663,1.376403344215435,1.2370827454383424,0.4859333911178363,0.2736047246176673,0.24046188426449633,1.7314048979711762,0.9949903774111564,closing avg,3.0,0.0,E3-Fleetwoo-Shrewsbu,,,,,
E3,5,2026-09-05 12:30:00,Salford,Port Vale,1.0,0.0,0.38,0.77,oddalerts.com,,,1.81,3.5,4.0,1.82,3.56,4.1,1.79,3.75,4.03,1.76,3.9,4.0,0.4692012467468382,0.2766107398337603,0.25418801341940145,1.6842144800742749,1.0391747800919646,1.6628435456634443,1.4844186370291905,1.5596804556034038,1.0925314822520886,0.1581429074431918,0.4348158784558491,0.40704121410095906,0.9092446007854245,1.6559395207587262,0.520426189877646,0.24841676796826306,0.2311570421540909,1.8096953376012008,0.9418878944305358,closing avg,3.0,0.0,E3-Salford-PortVale,,,,,
E3,5,2026-09-05 15:00:00,Accrington,Crawley,3.0,2.0,1.95,1.23,oddalerts.com,,,1.91,3.5,3.5,1.99,3.54,3.43,2.06,3.57,3.24,1.96,3.5,3.3,0.3893137470442131,0.28722635509087985,0.323459897864907,1.455167596223519,1.2576060486856007,1.6735373453898634,1.6167924621844332,1.37777888266574,1.2367732017369029,0.5314498377025232,0.23966119926609186,0.22888896303138495,1.8340107123736615,0.9263280883602467,0.4519093274572775,0.2607656063198856,0.28732506622283693,1.6164935886917182,1.1227408049883965,closing avg,3.0,0.0,E3-Accringt-Crawley,,,,,
E3,5,2026-09-05 15:00:00,Bristol Rovers,Rotherham,1.0,0.0,1.08,1.13,oddalerts.com,,,1.66,4.0,4.1,1.7,3.93,4.24,1.61,4.08,4.82,1.56,4.1,4.75,0.45295874227445265,0.27961034407436397,0.2674309136511834,1.6384865708977219,1.081903085027914,1.6716007815322618,1.5159742815420962,1.521418883189054,1.1200071320452107,0.3288483626079214,0.3171840339705928,0.3539676034214858,1.303729121794357,1.3790868442350503,0.5784918781218193,0.22827743229807085,0.19323068958010978,1.963753066663529,0.8079695010384002,closing avg,3.0,0.0,E3-BristolR-Rotherha,,,,,
E3,5,2026-09-05 15:00:00,Cheltenham,Grimsby,2.0,2.0,1.28,1.53,oddalerts.com,,,3.6,3.5,1.91,3.48,3.57,1.97,3.06,3.52,2.16,3.1,3.4,2.1,0.312265104084569,0.28631378892653475,0.40142110698889627,1.2231091011802417,1.4905771098932237,1.6007038522977166,1.6772836312889656,1.2132990035885012,1.4044353411320556,0.3067180645350589,0.27364432219383744,0.41963761327110366,1.193798515799014,1.5325571620071483,0.30432276657060514,0.26455331412103744,0.43112391930835725,1.1775216138328528,1.557925072046109,closing avg,1.0,1.0,E3-Cheltenh-Grimsby,,,,,
E3,5,2026-09-05 15:00:00,Chesterfield,Barnet,3.0,3.0,2.03,2.31,oddalerts.com,,,2.1,3.4,3.25,2.1,3.59,3.12,2.13,3.53,3.14,2.1,3.4,3.25,0.3979206223166456,0.2866047507029945,0.3154746269803599,1.4803666176529313,1.2330286316440742,1.6764050288916246,1.6055167870721758,1.3967000013844664,1.220018614098178,0.3437851904996414,0.20870274923729593,0.44751206026306267,1.2400583207362201,1.551238930026484,0.43826137841866575,0.2644466674310929,0.2972919541502414,1.57923080268709,1.156322529881817,closing avg,1.0,1.0,E3-Chesterf-Barnet,,,,,
E3,5,2026-09-05 15:00:00,Crewe,York,1.0,1.0,1.17,2.4,oddalerts.com,,,2.82,3.3,2.32,2.79,3.35,2.4,2.79,3.41,2.38,2.82,3.4,2.3,0.37388148562879187,0.2879985088151082,0.33812000555609995,1.409642965701484,1.302358525483408,1.66583858872256,1.6349408299206911,1.3441797994434637,1.267687552443143,0.16304230705827646,0.19926465976006386,0.6376930331816597,0.6883915809348933,2.112343759305043,0.334397751947886,0.273598160684634,0.3920040873674799,1.276791416528292,1.4496104227870736,closing avg,1.0,1.0,E3-Crewe-York,,,,,
E3,5,2026-09-05 15:00:00,Exeter,Walsall,0.0,0.0,1.06,1.17,oddalerts.com,,,2.45,3.3,2.65,2.45,3.41,2.68,2.42,3.38,2.76,2.32,3.25,2.85,0.3721772548316481,0.28805617674306827,0.33976656842528363,1.4045879412380127,1.307355882018919,1.664784185556662,1.6367758903211553,1.3404933890519628,1.2711737438743504,0.3149530857452637,0.3150658003491793,0.369981113905557,1.2599250575849705,1.4250091420658502,0.3856852271411798,0.27614149398865534,0.33817327887016496,1.4331971754121948,1.2906613305991501,closing avg,1.0,1.0,E3-Exeter-Walsall,,,,,
E3,5,2026-09-05 15:00:00,Northampton,Newport,1.0,0.0,0.36,0.53,oddalerts.com,,,1.68,3.6,4.5,1.73,3.62,4.57,1.73,3.59,4.59,1.68,3.6,4.5,0.5003495856112787,0.2697538628751714,0.22989655151354987,1.7708026197090077,0.9594435174158211,1.637158215408395,1.4182909633858776,1.635308461333221,1.0420052487289013,0.186573569879565,0.5084971235400085,0.3049293065804265,1.0682178331787036,1.423285043281288,0.5379813578412969,0.25925006937756084,0.20276857278114238,1.8731941429014514,0.8675557877209881,closing avg,3.0,0.0,E3-Northamp-Newport,,,,,
E3,5,2026-09-05 15:00:00,Rochdale,Gillingham,1.0,4.0,1.15,1.4,oddalerts.com,,,2.05,3.25,3.4,2.08,3.34,3.39,2.08,3.41,3.35,2.05,3.2,3.5,0.3861965135902581,0.28741813737022576,0.32638534903951616,1.446007678141,1.2665741844887743,1.6722485544398227,1.6206761139124672,1.3709592477286476,1.242925347943873,0.2963109818977114,0.2895581689117202,0.41413084919056836,1.1784911146048542,1.5319507164834252,0.4482563774559239,0.2734232448998011,0.27832037764427514,1.6181923772675728,1.1083843778326266,closing avg,0.0,3.0,E3-Rochdale-Gillingh,,,,,
E3,5,2026-09-05 15:00:00,Swindon,Colchester,3.0,1.0,2.7,2.12,oddalerts.com,,,2.45,3.25,2.65,2.5,3.39,2.63,2.67,3.42,2.45,2.7,3.3,2.4,0.4151710458291198,0.284962158085692,0.29986679608518824,1.5304752955730514,1.1845625463412568,1.6791469401883514,1.5805748966579036,1.43505757585733,1.1874088041255058,0.5061953076325556,0.1906945572831197,0.3031101350843247,1.7092804801807866,1.1000249625360938,0.3483716463148442,0.2719743554563257,0.37965399822883017,1.3170892944008583,1.4109363501428163,closing avg,3.0,0.0,E3-Swindon-Colchest,,,,,
E3,5,2026-09-05 15:00:00,Tranmere,Oldham,2.0,0.0,1.9,2.56,oddalerts.com,,,3.1,3.25,2.2,2.97,3.28,2.31,3.07,3.32,2.23,3.2,3.25,2.15,0.354762884343462,0.28832016911931185,0.3569169465372261,1.3526088221496977,1.35907100873099,1.6516355024532774,1.653498681181276,1.3030728186534977,1.3076782629544768,0.28148096451382,0.1981607373185821,0.5203582981675979,1.0426036308600422,1.7592356318213758,0.30290359666313454,0.28009459089030814,0.4170018124465574,1.1888053808797117,1.5311000282299803,closing avg,3.0,0.0,E3-Tranmere-Oldham,,,,,
E3,6,2026-09-12 12:30:00,Crawley,Cheltenham,1.0,3.0,1.66,2.11,oddalerts.com,,,2.35,3.4,2.7,2.35,3.53,2.73,,,,,,,0.42320952745901996,0.28402113148860253,0.2927693410523775,1.5536497138656624,1.162329154645735,1.6790794452249278,1.5679361372205305,1.4531457704197726,1.1726284001829785,0.2988437168222316,0.22511923607944062,0.47603704709832784,1.1216503865461354,1.6532303773744244,0.3958000484641386,0.26349295011068713,0.3407070014251742,1.4508930955031027,1.2856139543862095,pre-match avg,0.0,3.0,E3-Crawley-Cheltenh,,,,,
E3,6,2026-09-12 12:30:00,Grimsby,Bristol Rovers,2.0,0.0,0.86,0.12,oddalerts.com,,,2.25,3.4,2.82,2.33,3.53,2.76,,,,,,,0.390838286797181,0.28712606154998827,0.3220356516528307,1.4596409219415312,1.2532330165084804,1.6741190217182949,1.6148539327585198,1.381120465578947,1.23378086305144,0.5307604852697873,0.42280044729038924,0.04643906743982351,2.015081903099751,0.5621176496098598,0.39931963030514167,0.26357358034305384,0.3371067893518044,1.461532471258479,1.2748939483984671,pre-match avg,3.0,0.0,E3-Grimsby-BristolR,,,,,
E3,6,2026-09-12 15:00:00,Barnet,Accrington,2.0,1.0,1.64,0.55,oddalerts.com,,,1.56,3.9,5.25,1.57,4.13,5.12,,,,,,,0.5238638979916219,0.2636608196812327,0.21247528232714535,1.8352525136560984,0.9010866666626687,1.6102841127248024,1.3639811797883015,1.6946334524820184,1.0055271820016671,0.6309776783143238,0.25823458339462024,0.11078773829105593,2.151167618337592,0.590597798267788,0.5928434651691568,0.2253666441442073,0.18178989068663598,2.0038970396516778,0.7707363162041152,pre-match avg,3.0,0.0,E3-Barnet-Accringt,,,,,
E3,6,2026-09-12 15:00:00,Colchester,Crewe,1.0,1.0,1.36,0.99,oddalerts.com,,,2.05,3.4,3.3,2.09,3.51,3.21,,,,,,,0.4154487100879325,0.28493148715608874,0.29961980275597877,1.531277617419886,1.183790895424025,1.6791587363363578,1.5801488278710827,1.4356800188074323,1.18689399983114,0.4401424983351276,0.2997168292700507,0.26014067239482164,1.6201443242754334,1.0801388464545156,0.4451305512426962,0.2650492456117478,0.289820203145556,1.6004408993398362,1.1345098550484158,pre-match avg,1.0,1.0,E3-Colchest-Crewe,,,,,
E3,6,2026-09-12 15:00:00,Gillingham,Tranmere,2.0,0.0,1.48,1.15,oddalerts.com,,,2.57,3.1,2.65,2.6,3.28,2.59,,,,,,,0.4496352962013712,0.2801736579506277,0.2701910458480011,1.6290795465547414,1.090746795494631,1.6729911547599672,1.522164498700831,1.513680242495431,1.125733131847457,0.4353295337331384,0.2824874899225911,0.2821829763442705,1.5884760911220062,1.1290364189554025,0.3575842270974694,0.2834509117236038,0.35896486117892684,1.3562035930160121,1.3603454952603844,pre-match avg,3.0,0.0,E3-Gillingh-Tranmere,,,,,
E3,6,2026-09-12 15:00:00,Newport,Fleetwood,1.0,1.0,2.02,1.16,oddalerts.com,,,3.4,3.3,2.05,3.25,3.46,2.09,,,,,,,0.3521211437519016,0.288307329526603,0.3595715267214954,1.3446707607823079,1.3670219096910892,1.6492581683908467,1.6557021684445894,1.2974331077056804,1.313362507769879,0.5627847350730246,0.23285855683877865,0.20435670808819673,1.9212127620578525,0.8459286811033688,0.2861778708214445,0.26880869369066324,0.44501343548789224,1.1273423061549968,1.60384900015434,pre-match avg,1.0,1.0,E3-Newport-Fleetwoo,,,,,
E3,6,2026-09-12 15:00:00,Oldham,Chesterfield,1.0,2.0,0.76,2.05,oddalerts.com,,,2.1,3.3,3.2,2.17,3.37,3.15,,,,,,,0.3903309106991226,0.2871599120286859,0.32250917727219147,1.4581526441260537,1.2546874438452602,1.6739289747489878,1.615501925735456,1.3800079010158164,1.2347755391441562,0.11868017660014074,0.21628189979743137,0.6650379236024279,0.5723224295978536,2.211395670604715,0.4286683438392176,0.27602679707154365,0.29530485908923876,1.5620318285891965,1.16194137433926,pre-match avg,0.0,3.0,E3-Oldham-Chesterf,,,,,
E3,6,2026-09-12 15:00:00,Port Vale,Exeter,1.0,0.0,1.56,0.55,oddalerts.com,,,1.96,3.4,3.6,2.0,3.4,3.58,,,,,,,0.4799324462391547,0.27440926795055426,0.24565828581029098,1.7142066066680184,1.0113841253814273,1.6552969937586641,1.4624359911696183,1.5853845570144958,1.0748180890628036,0.6111591643203413,0.2706227785904811,0.11821805708917754,2.104100271551505,0.6252769498580137,0.4657890708709628,0.2739935711005663,0.2602173580284708,1.6713607837134545,1.0546456451859787,pre-match avg,3.0,0.0,E3-PortVale-Exeter,,,,,
E3,6,2026-09-12 15:00:00,Rotherham,Salford,3.0,3.0,2.35,1.58,oddalerts.com,,,2.75,3.4,2.3,2.8,3.52,2.31,,,,,,,0.3256686979526091,0.28737291850474916,0.3869583835426417,1.2643790123625764,1.4482480691326742,1.6197369131752666,1.6725759006420051,1.2414175174652962,1.372624420089702,0.5417003204617487,0.21036282631341438,0.24793685322483697,1.8354637876986601,0.9541733859879253,0.33249370277078083,0.26448362720403024,0.4030226700251889,1.2619647355163728,1.473551637279597,pre-match avg,1.0,1.0,E3-Rotherha-Salford,,,,,
E3,6,2026-09-12 15:00:00,Shrewsbury,Northampton,2.0,0.0,0.91,0.49,oddalerts.com,,,2.55,3.1,2.65,2.58,3.15,2.7,,,,,,,0.371389165732834,0.2880809560927484,0.3405298781744176,1.4022484532912505,1.309670590616001,1.66428272293055,1.6376128037380417,1.3387902166352006,1.272790896457763,0.42934655141004385,0.3914281130709247,0.17922533551903147,1.6794677673010563,0.9291041196280192,0.36041189931350115,0.2951945080091533,0.34439359267734554,1.376430205949657,1.32837528604119,pre-match avg,3.0,0.0,E3-Shrewsbu-Northamp,,,,,
E3,6,2026-09-12 15:00:00,Walsall,Rochdale,0.0,0.0,1.95,0.5,oddalerts.com,,,1.66,3.8,4.5,1.73,3.77,4.37,,,,,,,0.4320082708133499,0.2828667322390895,0.2851249969475606,1.5788915446791392,1.1382417230817712,1.6780426596999605,1.5533974846029757,1.4731126045863483,1.1567343831658308,0.7130626636386246,0.21012921032731893,0.07680812603405648,2.3493172012431924,0.4405535884294884,0.5391512938073313,0.2474089491476613,0.21343975704500753,1.864862830569655,0.8877282202826839,pre-match avg,1.0,1.0,E3-Walsall-Rochdale,,,,,
E3,6,2026-09-12 15:00:00,York,Swindon,4.0,0.0,2.73,0.7,oddalerts.com,,,1.57,3.9,5.0,1.6,4.07,4.82,,,,,,,0.42982676044228246,0.2831649222182071,0.2870083173395104,1.5726452035450544,1.1441898742367382,1.6783928299654831,1.5570693099679174,1.468145273327672,1.1606480850071081,0.792578036194304,0.1433329960883883,0.06408896771730771,2.5210671046713,0.3355998992403114,0.5796864195925701,0.22788655315678427,0.19242702725064564,1.9669458119344942,0.8051676349087212,pre-match avg,3.0,0.0,E3-York-Swindon,,,,,
E3,7,2026-09-19 12:30:00,Rochdale,Oldham,2.0,0.0,0.61,2.08,oddalerts.com,,,,,,,,,,,,,,,0.3724428725418384,0.2880475556937336,0.33950957176442803,1.405376173319249,1.3065762709870177,1.6649512200368233,1.6364921496672449,1.3410676448752068,1.2706294171749746,0.08819986578593592,0.20272868263979504,0.709071451574269,0.4673282799976028,2.329943037362602,,,,,,,3.0,0.0,E3-Rochdale-Oldham,,,,,
E3,7,2026-09-19 12:30:00,Walsall,Port Vale,2.0,0.0,1.4,0.48,oddalerts.com,,,,,,,,,,,,,,,0.3753243364338249,0.28794533698773156,0.33673032657844354,1.4139183462892064,1.2981363167230622,1.6666992749189513,1.633360379398405,1.3473044157264804,1.2647475805096249,0.5896729566295942,0.29420743442180697,0.11611960894859885,2.0632263043105894,0.6425662612676035,,,,,,,3.0,0.0,E3-Walsall-PortVale,,,,,
E3,7,2026-09-19 15:00:00,Accrington,Newport,0.0,0.0,0.81,0.86,oddalerts.com,,,,,,,,,,,,,,,0.4356445388565604,0.28235231744915845,0.28200314369428114,1.5892859340188397,1.1283617485320019,1.6773233870880668,1.547180375147492,1.4814177995514795,1.150249443820582,0.30078281276012947,0.3702900593979443,0.3289271278419262,1.2726384976783327,1.357071442923723,,,,,,,1.0,1.0,E3-Accringt-Newport,,,,,
E3,7,2026-09-19 15:00:00,Barnet,Fleetwood,3.0,1.0,2.79,1.55,oddalerts.com,,,,,,,,,,,,,,,0.4922478124774884,0.2716732945326116,0.23607889298990004,1.7484167319650767,0.9799099735023117,1.6449425382145684,1.4361597752724102,1.6153313466814323,1.0548919288297909,0.6296845828007641,0.1804184210837612,0.1898969961154747,2.0694721694860534,0.7501094094301852,,,,,,,3.0,0.0,E3-Barnet-Fleetwoo,,,,,
E3,7,2026-09-19 15:00:00,Chesterfield,York,2.0,0.0,2.15,0.36,oddalerts.com,,,,,,,,,,,,,,,0.4163614319712631,0.2848297375246752,0.2988088305040617,1.5339140334384647,1.1812562290368605,1.6791903632865832,1.5787429334228469,1.437727248225082,1.1852039405274122,0.7865300902717887,0.17002336022104733,0.043446549507164006,2.5296136310364132,0.30036300874253935,,,,,,,3.0,0.0,E3-Chesterf-York,,,,,
E3,7,2026-09-19 15:00:00,Colchester,Cheltenham,1.0,1.0,0.68,1.56,oddalerts.com,,,,,,,,,,,,,,,0.4711900743855904,0.2762157615089347,0.25259416410547497,1.689785984665706,1.0339982538253596,1.6615497570065991,1.480410849544317,1.5644178201305383,1.0892230822695528,0.1500386306290341,0.27569979412224843,0.5742615752487175,0.7258156860093508,1.9984845198684007,,,,,,,1.0,1.0,E3-Colchest-Cheltenh,,,,,
E3,7,2026-09-19 15:00:00,Crewe,Shrewsbury,1.0,1.0,1.28,1.65,oddalerts.com,,,,,,,,,,,,,,,0.44258332019288066,0.28131104314601485,0.27610563666110455,1.6090610037246569,1.1096279531293285,1.675483611174541,1.5349875787299725,1.4973561620263836,1.1380058019689607,0.2860862253813679,0.2642548963982092,0.44965887822042294,1.122513572542313,1.613231531059478,,,,,,,1.0,1.0,E3-Crewe-Shrewsbu,,,,,
E3,7,2026-09-19 15:00:00,Exeter,Tranmere,0.0,0.0,0.91,0.69,oddalerts.com,,,,,,,,,,,,,,,0.4134396710405183,0.2851504221174234,0.3014099068420582,1.5254694352389784,1.1893801426435981,1.6790504636337604,1.5832144599810416,1.4311800594134108,1.1906258676482735,0.3751086759677749,0.3753655806609451,0.24952574337128003,1.5006916085642699,1.123942810774785,,,,,,,1.0,1.0,E3-Exeter-Tranmere,,,,,
E3,7,2026-09-19 15:00:00,Gillingham,Bristol Rovers,3.0,0.0,2.04,0.71,oddalerts.com,,,,,,,,,,,,,,,0.35683779608349897,0.2883203347644404,0.3548418691520606,1.3588337230149374,1.3528459422206223,1.6534314127132956,1.6517050137501825,1.3075089264422823,1.303241580641874,0.6756576868822743,0.21448339317823045,0.1098589199394952,2.2414564538250534,0.5440601529967161,,,,,,,3.0,0.0,E3-Gillingh-BristolR,,,,,
E3,7,2026-09-19 15:00:00,Grimsby,Crawley,2.0,0.0,3.4,1.21,oddalerts.com,,,,,,,,,,,,,,,0.4957776669292536,0.27084855956043574,0.23337377351031063,1.7581815603481967,0.9709698800913676,1.6416451627752982,1.4284300131085867,1.6240074232427832,1.0492562876329032,0.7825553943949086,0.126406398391302,0.09103820721378938,2.474072581576028,0.3995210200326701,,,,,,,3.0,0.0,E3-Grimsby-Crawley,,,,,
E3,7,2026-09-19 15:00:00,Northampton,Rotherham,0.0,1.0,0.89,1.47,oddalerts.com,,,,,,,,,,,,,,,0.39297742372375977,0.2869781828155886,0.3200443934606516,1.465910453986868,1.2471113631975435,1.6748815372214412,1.6120909717450185,1.3858162766827664,1.2296002209462216,0.21570690840165074,0.28943955456960746,0.4948535370287418,0.9365602797745597,1.7740001656558326,,,,,,,0.0,3.0,E3-Northamp-Rotherha,,,,,
E3,7,2026-09-19 15:00:00,Salford,Swindon,1.0,0.0,1.65,0.68,oddalerts.com,,,,,,,,,,,,,,,0.5016108367739694,0.26944664092987675,0.2289425222961538,1.774279151251785,0.9562742078183382,1.635877665328847,1.4154689810566707,1.638438926038003,1.0400143532481456,0.5968779795385315,0.2630136310500191,0.14010838941144937,2.0536475696656136,0.6833387992843672,,,,,,,3.0,0.0,E3-Salford-Swindon,,,,,
E3,8,2026-09-26 12:30:00,Crawley,Barnet,,,,,,,,,,,,,,,,,,,,0.31848885185864895,0.2868564155851663,0.3946547325561848,1.242322971161113,1.4708206132537207,1.6098897176384313,1.6754357322187783,1.2263367240910528,1.3895041765653604,,,,,,,,,,,,,,E3-Crawley-Barnet,0.3107956625532018,0.2788214318273922,0.410382905619406,1.2112084194869976,1.5099701486856103
E3,8,2026-09-26 15:00:00,Bristol Rovers,Exeter,1.0,0.0,1.73,0.46,oddalerts.com,,,,,,,,,,,,,,,0.49863725257434743,0.2701673494769397,0.23119539794871286,1.766079107199982,0.9637535433230782,1.6388672097577812,1.4221050387475669,1.6310673412208585,1.0447146827944889,0.6780895592781241,0.23815966274105166,0.08375077798082425,2.272428340575424,0.4894119966835244,,,,,,,3.0,0.0,E3-BristolR-Exeter,,,,,
E3,8,2026-09-26 15:00:00,Cheltenham,Chesterfield,2.0,1.0,1.05,2.05,oddalerts.com,,,,,,,,,,,,,,,0.3146807228609426,0.2865349957408571,0.39878428139820027,1.230577164323685,1.482887839935458,1.6043413441344192,1.676637182496211,1.2183557209804894,1.3986063106665438,0.17741000790126676,0.22790732257364343,0.5946826695250897,0.7601373462774437,2.0119553311489127,,,,,,,3.0,0.0,E3-Cheltenh-Chesterf,,,,,
E3,8,2026-09-26 15:00:00,Fleetwood,Rochdale,1.0,2.0,1.51,1.28,oddalerts.com,,,,,,,,,,,,,,,0.3915825514547898,0.2870755560878317,0.3213418924573785,1.461823210452201,1.2511012334599672,1.67439142056416,1.6138982918391866,1.382753319763545,1.232323926216564,0.4145417852356894,0.27517101752228657,0.310287197242024,1.5187963732293548,1.2060326092483586,,,,,,,0.0,3.0,E3-Fleetwoo-Rochdale,,,,,
E3,8,2026-09-26 15:00:00,Newport,Grimsby,2.0,1.0,0.91,1.11,oddalerts.com,,,,,,,,,,,,,,,0.2841732898171144,0.28271258110274994,0.43311412908013563,1.1352324505540932,1.5820549683431568,1.5515194726657282,1.6778418199647032,1.1547571081232817,1.4756349954574872,0.28227092001181553,0.3313343500223895,0.386394729965795,1.178147110057836,1.4905185399197745,,,,,,,3.0,0.0,E3-Newport-Grimsby,,,,,
E3,8,2026-09-26 15:00:00,Port Vale,Northampton,,,,,,,,,,,,,,,,,,,,0.4503253658010665,0.2800581229445196,0.2696165112544139,1.631034220347719,1.0889076567077614,1.6727137872088265,1.520886839397457,1.5152846375651703,1.1245411969186634,,,,,,,,,,,,,,E3-PortVale-Northamp,0.4503834248972398,0.2872158284749171,0.2624007466278431,1.6383661031666366,1.0744180683584463
E3,8,2026-09-26 15:00:00,Rotherham,Crewe,1.0,1.0,0.32,0.36,oddalerts.com,,,,,,,,,,,,,,,0.42780797124523423,0.283433861957676,0.2887581667970897,1.5668577756933786,1.149708362348945,1.678662313913982,1.56042804467639,1.4635584632169663,1.1642855702904635,0.19583863783587746,0.5783542292746795,0.2258071328894431,1.165870142782312,1.2557756279430088,,,,,,,1.0,1.0,E3-Rotherha-Crewe,,,,,
E3,8,2026-09-26 15:00:00,Shrewsbury,Colchester,2.0,2.0,1.51,1.47,oddalerts.com,,,,,,,,,,,,,,,0.36821154912730647,0.28816868817882296,0.34361976269387057,1.3928033355607425,1.3190279762604347,1.6621714987754508,1.6409117502659605,1.3319326434337344,1.279343973135963,0.37560952983327267,0.2664255169067924,0.35796495325993494,1.3932541064066104,1.3403203766865972,,,,,,,1.0,1.0,E3-Shrewsbu-Colchest,,,,,
E3,8,2026-09-26 15:00:00,Swindon,Accrington,1.0,1.0,1.36,1.42,oddalerts.com,,,,,,,,,,,,,,,0.4827895584700955,0.2737942953997674,0.24341614613013707,1.722162970810054,1.0040427337901785,1.6530550236013157,1.456437799294146,1.5922883524186995,1.0701579254860525,0.34750999427411977,0.27768512565718023,0.3748048800687,1.3202151084795395,1.4020997658632801,,,,,,,1.0,1.0,E3-Swindon-Accringt,,,,,
E3,8,2026-09-26 15:00:00,Tranmere,Walsall,1.0,1.0,2.56,1.25,oddalerts.com,,,,,,,,,,,,,,,0.3673248253918273,0.28818967045166616,0.34448550415650653,1.3901641466271482,1.3216461829211859,1.661556744410525,1.6418105750300842,1.33002175368064,1.281182052311874,0.6499307218464982,0.18866767586333888,0.16140160229016287,2.1384598414028337,0.6728724827338275,,,,,,,1.0,1.0,E3-Tranmere-Walsall,,,,,
E3,8,2026-09-26 15:00:00,York,Gillingham,3.0,0.0,2.39,0.3,oddalerts.com,,,,,,,,,,,,,,,0.43296804251094134,0.2827330599392292,0.28429889754982945,1.5816371874720534,1.1356297525887176,1.6778692497431935,1.551768202922982,1.4753016132021024,1.1550180551226497,0.836286250435957,0.13574262687319633,0.027971122690846728,2.6446013781810676,0.2196559949457365,,,,,,,3.0,0.0,E3-York-Gillingh,,,,,
E3,8,2026-09-26 17:30:00,Oldham,Salford,1.0,4.0,0.84,1.45,oddalerts.com,,,,,,,,,,,,,,,0.3306991853779456,0.2876663641514199,0.3816344504706345,1.2797639202852569,1.4325697155633232,1.626163340889041,1.6701204284379494,1.2520120422095764,1.3610092735152497,0.20542572466454964,0.2923247041410251,0.5022495711944253,0.9086018781346741,1.7990734177243008,,,,,,,0.0,3.0,E3-Oldham-Salford,,,,,
E3,9,2026-10-03 12:30:00,Chesterfield,Tranmere,4.0,2.0,2.65,0.35,oddalerts.com,,,,,,,,,,,,,,,0.48277904238612523,0.2737965809423579,0.24342437667151684,1.7221337081007337,1.0040697109569083,1.6530634538407023,1.4564599865249197,1.5922628942199477,1.0701750359100042,0.8560738196036726,0.11708931419325294,0.02683686620307449,2.6853107730042707,0.1975999128024764,,,,,,,3.0,0.0,E3-Chesterf-Tranmere,,,,,
E3,9,2026-10-03 15:00:00,Accrington,Cheltenham,2.0,0.0,2.08,0.46,oddalerts.com,,,,,,,,,,,,,,,0.40390517347355626,0.28609410223792375,0.31000072428852,1.4978096226585924,1.2160962751034838,1.6778069977712553,1.5972104705140353,1.4099391238869015,1.208562817451604,0.7482480363249351,0.1895079460224197,0.06224401765264523,2.434252054997225,0.3762399989803554,,,,,,,3.0,0.0,E3-Accringt-Cheltenh,,,,,
E3,9,2026-10-03 15:00:00,Colchester,Port Vale,,,,,,,,,,,,,,,,,,,,0.3708188785417915,0.28809814039869136,0.3410829810595171,1.4005547760240658,1.3113470835772427,1.6639143666309943,1.6382137963278058,1.3375583463155325,1.2739631169689722,,,,,,,,,,,,,,E3-Colchest-PortVale,0.36802601759191356,0.28885574880459947,0.343118233603487,1.39293380158034,1.3182104496150604
E3,9,2026-10-03 15:00:00,Crewe,Bristol Rovers,3.0,1.0,1.51,1.0,oddalerts.com,,,,,,,,,,,,,,,0.3467042935820878,0.28823629936529416,0.36505940705261797,1.3283491801115574,1.3834145205231483,1.644063397301038,1.6599352272445635,1.2858969182617743,1.3251450997358336,0.4782674148285476,0.2834034110251175,0.23832917414633487,1.7182056555107603,0.9983909334641221,,,,,,,3.0,0.0,E3-Crewe-BristolR,,,,,
E3,9,2026-10-03 15:00:00,Exeter,Rotherham,1.0,0.0,1.62,0.52,oddalerts.com,,,,,,,,,,,,,,,0.36477831659228604,0.2882413833117315,0.3469803000959825,1.3825763330885896,1.329182283599679,1.659728915825615,1.6443385411403169,1.324540538290332,1.286483841558719,0.634824646497714,0.25952328225668425,0.10565207124560178,2.1639972217498262,0.5764794959934896,,,,,,,3.0,0.0,E3-Exeter-Rotherha,,,,,
E3,9,2026-10-03 15:00:00,Gillingham,Newport,0.0,0.0,0.32,1.4,oddalerts.com,,,,,,,,,,,,,,,0.5074875934561359,0.2679855616162664,0.22452684492759767,1.790448341984674,0.9415660963990594,1.629668637405822,1.4021804520764825,1.6531000777268372,1.0307905873086367,0.07490947096664347,0.28477700721436744,0.640313521818989,0.5095054201142979,2.2057175726713347,,,,,,,1.0,1.0,E3-Gillingh-Newport,,,,,
E3,9,2026-10-03 15:00:00,Grimsby,Shrewsbury,1.0,2.0,1.89,0.68,oddalerts.com,,,,,,,,,,,,,,,0.48934941888798567,0.27233707070140084,0.2383135104106135,1.7403853273653578,0.9872776019332412,1.6475407529846477,1.4424416011178711,1.6082387400312508,1.0595441818339038,0.6522071445507174,0.23107196030573737,0.11672089514354525,2.1876933939578893,0.5812346457363732,,,,,,,0.0,3.0,E3-Grimsby-Shrewsbu,,,,,
E3,9,2026-10-03 15:00:00,Northampton,Oldham,,,,,,,,,,,,,,,,,,,,0.38762831882593785,0.28733227079047957,0.3250394103835826,1.450217227268293,1.2624505019412273,1.6728571339581846,1.6189056943910658,1.3740895006300136,1.2400938943341928,,,,,,,,,,,,,,E3-Northamp-Oldham,0.3733678630197327,0.29179821008189955,0.3348339268983678,1.4119017991410976,1.296299990777003
E3,9,2026-10-03 15:00:00,Rochdale,Swindon,1.0,0.0,1.78,0.87,oddalerts.com,,,,,,,,,,,,,,,0.38314921294150245,0.28758824362747903,0.3292625434310186,1.4370358824519864,1.2753758739205348,1.6708590326464416,1.6243675147280783,1.3643090480386701,1.2489838738881553,0.5780506395811874,0.2523422619397353,0.1696070984790773,1.9864941806832976,0.7611635573769672,,,,,,,3.0,0.0,E3-Rochdale-Swindon,,,,,
E3,9,2026-10-03 15:00:00,Salford,Fleetwood,1.0,0.0,1.55,0.63,oddalerts.com,,,,,,,,,,,,,,,0.5455350865119257,0.25737987995866113,0.19708503352941315,1.8939851394944383,0.8486349805469005,1.5800159499402255,1.3109638515155413,1.751255357799035,0.9730162950887838,0.5856593474507037,0.2755609951997305,0.13877965734956582,2.0325390375518415,0.691899967248428,,,,,,,3.0,0.0,E3-Salford-Fleetwoo,,,,,
E3,9,2026-10-03 15:00:00,Walsall,Crawley,,,,,,,,,,,,,,,,,,,,0.46083239291029154,0.2782069667505757,0.26096064033913274,1.6607041454814504,1.061088887767974,1.6677602441239254,1.500943102058094,1.5398730348953371,1.1065847387319292,,,,,,,,,,,,,,E3-Walsall-Crawley,0.48141504094014304,0.26714212795011366,0.25144283110974336,1.7113872507705428,1.0214706212793436
E3,10,2026-10-10 12:30:00,Oldham,Accrington,,,,,,,,,,,,,,,,,,,,0.4941020173843481,0.27124229869061167,0.23465568392504021,1.7535483508436562,0.9752093504657323,1.6432286364032382,1.4321101767801783,1.6198835417385444,1.0519274726201473,,,,,,,,,,,,,,E3-Oldham-Accringt,0.49486885752260784,0.26811935133199516,0.23701179114539694,1.7527259238998187,0.979154724768186
E3,10,2026-10-10 12:30:00,Swindon,Crewe,,,,,,,,,,,,,,,,,,,,0.42221666405132297,0.2841432811837392,0.2936400547649378,1.5507932733377081,1.1650634454785527,1.6791334810161627,1.5695309420778232,1.4509038644342254,1.1744403208026937,,,,,,,,,,,,,,E3-Swindon-Crewe,0.40101948802901766,0.2858248757547627,0.31315563621621967,1.4888833398418155,1.2252917844034217
E3,10,2026-10-10 15:00:00,Bristol Rovers,Barnet,,,,,,,,,,,,,,,,,,,,0.4182651369936008,0.284612936585389,0.2971219264210102,1.5394083475661913,1.1759787158484196,1.679221108971325,1.5757843342459827,1.4420030641456485,1.1816895833086027,,,,,,,,,,,,,,E3-BristolR-Barnet,0.4251664490580219,0.28006676369653083,0.29476678724544725,1.5555661108705967,1.1643671254328725
E3,10,2026-10-10 15:00:00,Cheltenham,Salford,,,,,,,,,,,,,,,,,,,,0.2603669802057976,0.27807230556828344,0.46156071422591893,1.0591732461856762,1.6627544482460404,1.499527161984959,1.6673663784395596,1.1053531166304684,1.541588813893638,,,,,,,,,,,,,,E3-Cheltenh-Salford,0.2632835000622519,0.2789692889577327,0.4577472109800154,1.0688197891444884,1.652210921897779
E3,10,2026-10-10 15:00:00,Crawley,Chesterfield,,,,,,,,,,,,,,,,,,,,0.3282233380571038,0.28752891019526716,0.38424775174762904,1.2721989243665786,1.4402721654381543,1.6230488495497217,1.6713747653880184,1.246794692119388,1.3667045671356064,,,,,,,,,,,,,,E3-Crawley-Chesterf,0.30679061382774386,0.2772465028315911,0.41596288334066506,1.1976183443148227,1.5251351528535864
E3,10,2026-10-10 15:00:00,Fleetwood,Walsall,,,,,,,,,,,,,,,,,,,,0.3686595752536723,0.2881575044434683,0.34318292030285935,1.3941362302044853,1.3177062653520464,1.6624778533577456,1.6404539854211648,1.3328985903393242,1.2784168370725053,,,,,,,,,,,,,,E3-Fleetwoo-Walsall,0.3576171337241665,0.284097982696727,0.35828488357910654,1.3569493838692264,1.3589526334340465
E3,10,2026-10-10 15:00:00,Newport,Colchester,,,,,,,,,,,,,,,,,,,,0.31867332969858164,0.286871143907731,0.39445552639368736,1.242891133003476,1.470237723088793,1.6101527426963018,1.675371919057599,1.2267236489555458,1.389065908569396,,,,,,,,,,,,,,E3-Newport-Colchest,0.32922205474617644,0.28742510757347645,0.38335283768034717,1.2750912718120058,1.4374836206145178
E3,10,2026-10-10 15:00:00,Port Vale,Grimsby,,,,,,,,,,,,,,,,,,,,0.4080199942206278,0.2857062773377344,0.30627372844163786,1.5097662599996178,1.2045274626626479,1.678492065490151,1.5912834250039583,1.4190832030535663,1.2007752585143372,,,,,,,,,,,,,,E3-PortVale-Grimsby,0.3965194780719543,0.2881106369591683,0.3153698849688774,1.4776690711750313,1.2342202918658005
E3,10,2026-10-10 15:00:00,Rotherham,Gillingham,,,,,,,,,,,,,,,,,,,,0.41709194753560186,0.2847472743548396,0.29816077810955854,1.5360231169616452,1.1792296086835152,1.6792077863346888,1.5776118073449898,1.4393670891926504,1.1838536623452907,,,,,,,,,,,,,,E3-Rotherha-Gillingh,0.43155885853357745,0.28464766752205023,0.2837934739443723,1.5793242431227825,1.136028089355167
E3,10,2026-10-10 15:00:00,Shrewsbury,Exeter,,,,,,,,,,,,,,,,,,,,0.39974347668311005,0.28645596162379744,0.3138005616930925,1.4856863916731275,1.2278576467030748,1.67688319736907,1.6030266162944173,1.4007251719690537,1.2165127279069463,,,,,,,,,,,,,,E3-Shrewsbu-Exeter,0.396921029572626,0.2919841663847106,0.31109480404266343,1.4827472551025886,1.2252685785127009
E3,10,2026-10-10 15:00:00,Tranmere,Rochdale,,,,,,,,,,,,,,,,,,,,0.3902218794254697,0.2871671248003336,0.3226109957741967,1.4578327630767427,1.2550001121229237,1.673887674529591,1.615640805339553,1.3797688800852044,1.2349894425034236,,,,,,,,,,,,,,E3-Tranmere-Rochdale,0.3988914372919522,0.2854928988355667,0.3156156638724811,1.4821672107114232,1.23233989045301
E3,10,2026-10-10 15:00:00,York,Northampton,,,,,,,,,,,,,,,,,,,,0.4399757255890233,0.2817114794146775,0.2783127949962992,1.6016386561817475,1.1166498644035752,1.6762466247402128,1.539619714708847,1.4913524078916722,1.142587084704512,,,,,,,,,,,,,,E3-York-Northamp,0.46208020378402603,0.27924199030559,0.258677805910384,1.6654826016576683,1.055275408036742
E3,11,2026-10-17 12:30:00,Fleetwood,Rotherham,,,,,,,,,,,,,,,,,,,,0.361284702701388,0.2882915658259462,0.35042373147266576,1.37214567393011,1.3395627602439435,1.6570701396533223,1.647676760447565,1.3170361232315158,1.2938141710335318,,,,,,,,,,,,,,E3-Fleetwoo-Rotherha,0.34632409713205814,0.28768700028794053,0.36598890258000133,1.3266592916841151,1.3856537080279445
E3,11,2026-10-17 12:30:00,Shrewsbury,Bristol Rovers,,,,,,,,,,,,,,,,,,,,0.3152104059665144,0.28658169663765937,0.39820789739582624,1.2322129145372025,1.481205388825138,1.6051266835840217,1.6764833693154677,1.2194651280965882,1.3973339300482512,,,,,,,,,,,,,,E3-Shrewsbu-BristolR,0.31342579397824333,0.2871237230467684,0.39945048297498825,1.2274011049814983,1.4854751719717332
E3,11,2026-10-17 15:00:00,Accrington,Gillingham,,,,,,,,,,,,,,,,,,,,0.3404049934129167,0.2880769864512862,0.37151802013579704,1.3092919666900362,1.4026310468586773,1.6374764731284734,1.6643653140615904,1.2725262697076152,1.3390686232289122,,,,,,,,,,,,,,E3-Accringt-Gillingh,0.35307503178330907,0.28754192257498284,0.35938304564170803,1.34676701792491,1.365691059500107
E3,11,2026-10-17 15:00:00,Colchester,Exeter,,,,,,,,,,,,,,,,,,,,0.44084029072421616,0.2815799248023091,0.27757978447347476,1.6041007969749574,1.1143192782227334,1.6760031744645607,1.5380905312447486,1.4933410889820367,1.141065502430903,,,,,,,,,,,,,,E3-Colchest-Exeter,0.42928686517931647,0.2839034087841801,0.28680972603650345,1.5717640043221295,1.1443325868936904
E3,11,2026-10-17 15:00:00,Crewe,Rochdale,,,,,,,,,,,,,,,,,,,,0.42025638413834454,0.2843795714712983,0.2953640443903572,1.545148723886332,1.1704717046423698,1.6792024497888387,1.572651959616098,1.446484007338727,1.1780289248652367,,,,,,,,,,,,,,E3-Crewe-Rochdale,0.43666319029921874,0.28380428309214334,0.2795325266086379,1.5937938539897996,1.122401862918057
E3,11,2026-10-17 15:00:00,Grimsby,Northampton,,,,,,,,,,,,,,,,,,,,0.4507461551592815,0.2799873038596763,0.2692665409810422,1.6322257693375208,1.0877869268028029,1.6725417382037482,1.5201057745659696,1.5162635853292679,1.1238151575274846,,,,,,,,,,,,,,E3-Grimsby-Northamp,0.4654522287450981,0.28027670073183153,0.2542710705230703,1.6766333869671257,1.0430899123010424
E3,11,2026-10-17 15:00:00,Newport,York,,,,,,,,,,,,,,,,,,,,0.29345052244396286,0.28411685322550356,0.4224326243305336,1.164468420557392,1.5514147262171043,1.569184852745742,1.679122819477013,1.1740458819004007,1.451391318064823,,,,,,,,,,,,,,E3-Newport-York,0.28731351361867313,0.28181197507021283,0.4308745113111141,1.1437525159262323,1.5744355090035551
E3,11,2026-10-17 15:00:00,Oldham,Cheltenham,,,,,,,,,,,,,,,,,,,,0.48941809236051304,0.27232148400482337,0.2382604236346636,1.7405757610863624,0.9871027549088142,1.647480335168071,1.4422934479682257,1.60840646594201,1.0594336917204585,,,,,,,,,,,,,,E3-Oldham-Cheltenh,0.49806746034550964,0.26818424896321597,0.2337482906912744,1.762386629999745,0.9694291210370392
E3,11,2026-10-17 15:00:00,Port Vale,Chesterfield,,,,,,,,,,,,,,,,,,,,0.41067320273313745,0.2854405194846211,0.3038862777822414,1.5174601276840334,1.1970993528313454,1.678814104972015,1.587370158975568,1.424997575926482,1.1957915078501942,,,,,,,,,,,,,,E3-PortVale-Chesterf,0.3888980571324845,0.2869251096317035,0.32417683323581203,1.453619281029157,1.2594556093391396
E3,11,2026-10-17 15:00:00,Salford,Crawley,,,,,,,,,,,,,,,,,,,,0.5572058916207547,0.25374158918332285,0.18905251919592242,1.925359264045587,0.82089914677109,1.5615863181239513,1.2813388527771212,1.7826037297902932,0.9559051019154209,,,,,,,,,,,,,,E3-Salford-Crawley,0.5611302941282782,0.25022657273396465,0.18864313313775716,1.9336174551187995,0.8161559721472361
E3,11,2026-10-17 15:00:00,Swindon,Walsall,,,,,,,,,,,,,,,,,,,,0.41052943408042275,0.2854552334944052,0.30401533242517204,1.5170435357356735,1.1975012307699213,1.6787990509008162,1.5875840276254773,1.4246767216273895,1.1960608144516764,,,,,,,,,,,,,,E3-Swindon-Walsall,0.3873146457566274,0.2831014096470938,0.32958394459627877,1.445045346916976,1.2718532434359302
E3,11,2026-10-17 15:00:00,Tranmere,Barnet,,,,,,,,,,,,,,,,,,,,0.3276534246542085,0.28749536091168804,0.38485121443410353,1.2704556348743137,1.4420490042139984,1.622318662615669,1.6716509602640355,1.2455945617809372,1.3680213869620945,,,,,,,,,,,,,,E3-Tranmere-Barnet,0.3181996114604362,0.2819273341443616,0.3998730543952022,1.23652616852567,1.4815464973299681
E3,12,2026-10-20 19:45:00,Barnet,Swindon,,,,,,,,,,,,,,,,,,,,0.44859810863827015,0.2803458951566345,0.2710559962050953,1.6261402210714448,1.0935138837719203,1.6733968543147784,1.5240772470005437,1.5112711833061865,1.12752761967722,,,,,,,,,,,,,,E3-Barnet-Swindon,0.47620921282904405,0.2724595702184472,0.25133121695250876,1.7010872087055793,1.0264532210759734
E3,12,2026-10-20 19:45:00,Bristol Rovers,Salford,,,,,,,,,,,,,,,,,,,,0.3673526637774377,0.28818903502936216,0.34445830119320014,1.390247026361675,1.3215639386089626,1.6615762147188213,1.6417825019365295,1.3300817274601264,1.2811242834332397,,,,,,,,,,,,,,E3-BristolR-Salford,0.38165315704949876,0.28758438977823036,0.3307624531722709,1.4325438609267267,1.279871749295043
E3,12,2026-10-20 19:45:00,Cheltenham,Fleetwood,,,,,,,,,,,,,,,,,,,,0.3826440426871993,0.28761477326360196,0.3297411840491987,1.4355469013251998,1.2768383254111981,1.670616251544013,1.624969320467518,1.3632081463091337,1.2499925302042503,,,,,,,,,,,,,,E3-Cheltenh-Fleetwoo,0.38855736244140116,0.2851538976454897,0.32628873991310914,1.4508259849696932,1.2640201173848171
E3,12,2026-10-20 19:45:00,Chesterfield,Colchester,,,,,,,,,,,,,,,,,,,,0.44469726065811815,0.2809784071786972,0.2743243321631847,1.6150701891530517,1.1039514036682512,1.6748020372108865,1.5311886949862572,1.5022360227443905,1.1343091060265036,,,,,,,,,,,,,,E3-Chesterf-Colchest,0.47490541094779,0.2705591175433413,0.2545354715088688,1.6952753503867113,1.0341655320699477
E3,12,2026-10-20 19:45:00,Crawley,Shrewsbury,,,,,,,,,,,,,,,,,,,,0.4022236603876605,0.28624400710647047,0.311532332505869,1.492914988269452,1.2208410046240774,1.6774617883958372,1.5995822410877645,1.4062121749938399,1.2117659271492685,,,,,,,,,,,,,,E3-Crawley-Shrewsbu,0.39044113170592976,0.2848493332864882,0.32470953500758204,1.4561727284042774,1.2589779383092343
E3,12,2026-10-20 19:45:00,Exeter,Crewe,,,,,,,,,,,,,,,,,,,,0.38354449823542935,0.2875671527092346,0.32888834905533604,1.4382006474155227,1.2742321998752426,1.6710465346016705,1.6238945950083585,1.3651707849920927,1.2481954776155495,,,,,,,,,,,,,,E3-Exeter-Crewe,0.38551571745518076,0.2908447662902474,0.3236395162545718,1.4473919186557895,1.2617633150539629
E3,12,2026-10-20 19:45:00,Northampton,Tranmere,,,,,,,,,,,,,,,,,,,,0.4425976239912888,0.28130881643975103,0.2760935595689602,1.6091016884136176,1.1095894951466316,1.675479188705796,1.5349620048206363,1.4973891427732005,1.1379807368204575,,,,,,,,,,,,,,E3-Northamp-Tranmere,0.43931011737649767,0.2840977418541427,0.27659214076935956,1.6020280939836358,1.1138741641622214
E3,12,2026-10-20 19:45:00,Rochdale,Grimsby,,,,,,,,,,,,,,,,,,,,0.35233498430696414,0.2883088974670285,0.35935611822600744,1.345313850387921,1.3663772521450508,1.6494544001841325,1.655527166321636,1.2978892854522968,1.3129008915472933,,,,,,,,,,,,,,E3-Rochdale-Grimsby,0.32984025589546684,0.2873914907799696,0.38276825332456355,1.2769122584663701,1.4356962507536601
E3,12,2026-10-20 19:45:00,Rotherham,Newport,,,,,,,,,,,,,,,,,,,,0.5164275110812693,0.265670436121556,0.21790205279717473,1.8149529693653639,0.9193765945130803,1.6194637548448276,1.3815355887576595,1.675646371142128,1.0169210099136523,,,,,,,,,,,,,,E3-Rotherha-Newport,0.5161717467872051,0.26766277419852774,0.21616547901426714,1.8161780145601432,0.9161592112413293
E3,12,2026-10-20 19:45:00,Walsall,Oldham,,,,,,,,,,,,,,,,,,,,0.3954379015158929,0.28679781686974654,0.3177642816143606,1.4731115214174253,1.2400906617128282,1.6756813759800213,1.6088515021316319,1.391227923428589,1.2248172792568777,,,,,,,,,,,,,,E3-Walsall-Oldham,0.40136658160120076,0.28192341874437793,0.3167099996544213,1.4860231635479801,1.2320534177076419
E3,12,2026-10-20 19:45:00,York,Accrington,,,,,,,,,,,,,,,,,,,,0.5047580649543553,0.2686702193333709,0.22657171571227386,1.7829444141964368,0.9483853664701924,1.6326020198082936,1.4083808574090342,1.6462750833649438,1.035063955725472,,,,,,,,,,,,,,E3-York-Accringt,0.518970699049954,0.2603224557302096,0.2207068452198364,1.8172345528800715,0.9224429913897189
E3,12,2026-10-20 20:00:00,Gillingham,Port Vale,,,,,,,,,,,,,,,,,,,,0.3743457016817322,0.28798183572358,0.3376724625946878,1.4110189407687765,1.3009992235076433,1.6661186996509296,1.6344350195082795,1.345184736939035,1.2667405102123357,,,,,,,,,,,,,,E3-Gillingh-PortVale,0.36713937994176066,0.2928840274087977,0.3399765926494417,1.3943021672340796,1.312813805357123
E3,13,2026-10-24 12:30:00,Bristol Rovers,Swindon,,,,,,,,,,,,,,,,,,,,0.45862776662836047,0.2786096038231327,0.2627626295485068,1.6544929037082141,1.0668974924686532,1.66891273505754,1.5052030103237946,1.534688504987705,1.1103230358877623,,,,,,,,,,,,,,E3-BristolR-Swindon,0.4900520632683031,0.2699581045659776,0.23998983216571934,1.740114294370887,0.9899276010631356
E3,13,2026-10-24 12:30:00,Cheltenham,Newport,,,,,,,,,,,,,,,,,,,,0.44025244875039415,0.2816695035949336,0.27807804765467226,1.602426849846116,1.1159036465589502,1.6761697332407341,1.5391309840834213,1.4919887247074097,1.1420997838533713,,,,,,,,,,,,,,E3-Cheltenh-Newport,0.43039935741731483,0.28380110012917054,0.28579954245351463,1.574999172381115,1.1411997274897143
E3,13,2026-10-24 12:30:00,Northampton,Colchester,,,,,,,,,,,,,,,,,,,,0.40516109586665067,0.2859788829940512,0.30886002113929806,1.5014621705940032,1.2125589464119455,1.6780400960690516,1.5954198747240864,1.4127264527144843,1.2061783062997427,,,,,,,,,,,,,,E3-Northamp-Colchest,0.3993649893305111,0.28899499111243515,0.3116400195570537,1.4870899591039686,1.2239150497835964
E3,13,2026-10-24 15:00:00,Barnet,Oldham,,,,,,,,,,,,,,,,,,,,0.43743814730535413,0.28209062920877,0.2804712234858759,1.5944050711248323,1.1235042996663975,1.6769064241283749,1.5440697292127707,1.4855262372391367,1.1470682626022806,,,,,,,,,,,,,,E3-Barnet-Oldham,0.44123408150137355,0.27841986190867085,0.2803460565899556,1.6021221064127915,1.1194580316785376
E3,13,2026-10-24 15:00:00,Chesterfield,Crewe,,,,,,,,,,,,,,,,,,,,0.451845807092894,0.2798009164365011,0.26835327647060486,1.6353383377151833,1.0848607458483157,1.6720817014714884,1.5180575667893812,1.5188241136527247,1.1219205599139015,,,,,,,,,,,,,,E3-Chesterf-Crewe,0.47284130573377287,0.2733093137151858,0.2538493805510414,1.6918332309165045,1.03485745536831
E3,13,2026-10-24 15:00:00,Crawley,Tranmere,,,,,,,,,,,,,,,,,,,,0.3985303721528862,0.2865556417193956,0.31491398612771815,1.4821467581780543,1.23129760010255,1.676569978317656,1.6046877368505599,1.3980457218113278,1.218844257677262,,,,,,,,,,,,,,E3-Crawley-Tranmere,0.4042825911490162,0.2791917024647374,0.3165257063862464,1.492039475911786,1.2287688216234767
E3,13,2026-10-24 15:00:00,Exeter,Fleetwood,,,,,,,,,,,,,,,,,,,,0.4120583586752432,0.28529692189208794,0.30264471943266885,1.5214719979178175,1.1932310801900945,1.6789451095212415,1.5852989860544877,1.428091098790345,1.193201191046819,,,,,,,,,,,,,,E3-Exeter-Fleetwoo,0.423724215874537,0.2861166466517677,0.29015913747369526,1.5572892942753789,1.1565940590728534
E3,13,2026-10-24 15:00:00,Gillingham,Grimsby,,,,,,,,,,,,,,,,,,,,0.37394452303078496,0.2879962689221485,0.3380592080470665,1.4098298380145033,1.302173893063348,1.6658768040432124,1.6348722935699918,1.3443162430945175,1.2675588863506675,,,,,,,,,,,,,,E3-Gillingh-Grimsby,0.35906395647443945,0.28836231127107104,0.3525737322544895,1.3655541806943892,1.3460835080345395
E3,13,2026-10-24 15:00:00,Rochdale,Accrington,,,,,,,,,,,,,,,,,,,,0.4565609609306531,0.2789802434147703,0.2644587956545766,1.6486631262067297,1.0723566303785002,1.6699387880769008,1.5091606615892286,1.529840426965788,1.1138416595380682,,,,,,,,,,,,,,E3-Rochdale-Accringt,0.4353484940441375,0.28144990444332507,0.2832016015125375,1.5874953865757377,1.1310547089809375
E3,13,2026-10-24 15:00:00,Rotherham,Shrewsbury,,,,,,,,,,,,,,,,,,,,0.46228116010343656,0.2779382984605893,0.2597805414359741,1.664781778770899,1.0572799227685117,1.6669703684639199,1.4981223362949663,1.5432875235097105,1.1041364451160731,,,,,,,,,,,,,,E3-Rotherha-Shrewsbu,0.4619345299640783,0.2803088354348214,0.2577566346011004,1.6661124253270563,1.0535787392381224
E3,13,2026-10-24 15:00:00,York,Port Vale,,,,,,,,,,,,,,,,,,,,0.39831607446923945,0.2865729770282668,0.31511094850249377,1.481521200435985,1.2319058225357482,1.6765125799101397,1.6049795579532322,1.3975726848316932,1.2192568003754374,,,,,,,,,,,,,,E3-York-PortVale,0.41486615319708553,0.2845466184645821,0.30058722833833235,1.5291450780558387,1.1863083034795792
E3,13,2026-10-26 20:00:00,Walsall,Salford,,,,,,,,,,,,,,,,,,,,0.31863523279153466,0.2868681086790962,0.3944966585293691,1.2427738070537,1.4703580842672035,1.6100984683041608,1.675385139473497,1.2266437419653633,1.38915639619194,,,,,,,,,,,,,,E3-Walsall-Salford,0.33095011798242446,0.28583101806158967,0.38321886395598587,1.278681372008863,1.4354876099295473
E3,9,2026-10-27 19:45:00,Barnet,York,,,,,,,,,,,,,,,,,,,,0.42699395900125725,0.28354038985990343,0.2894656511388393,1.5645222668636751,1.1519373432764213,1.6787560973589666,1.5617716072747174,1.461711670692293,1.1657565812503603,,,,,,,,,,,,,,E3-Barnet-York,0.4216215183383657,0.2788361740406479,0.2995423076209864,1.5437007290557452,1.177463096903607
E3,14,2026-10-30 19:45:00,Newport,Chesterfield,,,,,,,,,,,,,,,,,,,,0.2864895113571193,0.2830836851298625,0.4304268035130182,1.1425522192012205,1.5743640956689173,1.5560637137423026,1.678302611015618,1.1595698379902795,1.469510454802192,,,,,,,,,,,,,,E3-Newport-Chesterf,0.2752736642858624,0.27989841137594423,0.44482792433819335,1.1057194042335314,1.6143821843905242
E3,14,2026-10-31 12:30:00,Grimsby,York,,,,,,,,,,,,,,,,,,,,0.4190282702409056,0.28452429595971085,0.29644743379938354,1.5416091066824276,1.1738665973578615,1.6792200903216687,1.574588411761639,1.443719324670816,1.1802848177491359,,,,,,,,,,,,,,E3-Grimsby-York,0.4169193925031428,0.2799854828562334,0.30309512464062377,1.5307436603656617,1.1892708567781047
E3,14,2026-10-31 12:30:00,Port Vale,Rochdale,,,,,,,,,,,,,,,,,,,,0.46621798867719,0.2771919918885688,0.2565900194342412,1.6758459579201388,1.0469620501912924,1.6646942153060116,1.4903726322559852,1.55259633539068,1.097516438212655,,,,,,,,,,,,,,E3-PortVale-Rochdale,0.4759776816737044,0.27902028631775916,0.24500203200853637,1.7069533313388723,1.0140263823433682
E3,14,2026-10-31 15:00:00,Accrington,Northampton,,,,,,,,,,,,,,,,,,,,0.34692720833811297,0.28824041766240266,0.36483237399948437,1.3290220426767416,1.3827375396608559,1.6442857027847604,1.659768680070405,1.2863709355775512,1.32465679445326,,,,,,,,,,,,,,E3-Accringt-Northamp,0.3597458145897878,0.2908802723114372,0.34937391309877497,1.3701177160808007,1.339002011607762
E3,14,2026-10-31 15:00:00,Colchester,Walsall,,,,,,,,,,,,,,,,,,,,0.40381001774414427,0.28610271860948355,0.3100872636463722,1.4975327718419162,1.2163645095486002,1.677788475566249,1.5973454713374264,1.4097280685775206,1.2087437556091316,,,,,,,,,,,,,,E3-Colchest-Walsall,0.3963099235905475,0.28115940045159055,0.32253067595786195,1.470089171223233,1.2487514283251764
E3,14,2026-10-31 15:00:00,Crewe,Barnet,,,,,,,,,,,,,,,,,,,,0.35604910312324073,0.2883212958684443,0.35562960100831503,1.3564686052381665,1.3552100988933893,1.652756146980834,1.6523932928006497,1.3058220396541729,1.304925133941895,,,,,,,,,,,,,,E3-Crewe-Barnet,0.35445236570645433,0.28640982500030265,0.359137809293243,1.3497669221196658,1.3638232528800316
E3,14,2026-10-31 15:00:00,Fleetwood,Bristol Rovers,,,,,,,,,,,,,,,,,,,,0.3198734775711759,0.2869650721799068,0.3931614502489173,1.2465855048934344,1.4664494229266587,1.611850949310071,1.6749442144182325,1.2292415426503938,1.3862206416535268,,,,,,,,,,,,,,E3-Fleetwoo-BristolR,0.3063687182830048,0.2831000124648127,0.4105312692521825,1.2022061673138271,1.51469382022136
E3,14,2026-10-31 15:00:00,Oldham,Crawley,,,,,,,,,,,,,,,,,,,,0.47424561530052206,0.275597344248212,0.2501570404512659,1.6983341901497782,1.0260684656020098,1.6594688605212071,1.4741942122067426,1.5717192508346152,1.0841630902561898,,,,,,,,,,,,,,E3-Oldham-Crawley,0.48995192133546805,0.2672561180798554,0.24279196058467656,1.7371118820862597,0.9956319998338851
E3,14,2026-10-31 15:00:00,Salford,Exeter,,,,,,,,,,,,,,,,,,,,0.5417924728595847,0.2585090847921513,0.19969844234826406,1.8838865033709054,0.8576044118369435,1.5856129829453565,1.3203097387243379,1.7413333156274435,0.9785604999959521,,,,,,,,,,,,,,E3-Salford-Exeter,0.5242868714423183,0.2672388348249713,0.20847429373271037,1.8400994491519262,0.8926617160231023
E3,14,2026-10-31 15:00:00,Shrewsbury,Gillingham,,,,,,,,,,,,,,,,,,,,0.36470430907083484,0.28824269602081526,0.3470529949083499,1.3823556232333198,1.329401680745865,1.6596744085735486,1.6444108214260333,1.3243813842318692,1.2866384413794116,,,,,,,,,,,,,,E3-Shrewsbu-Gillingh,0.3758350127306548,0.2919386764214559,0.33222631084788934,1.4194437146134202,1.288617608965124
E3,14,2026-10-31 15:00:00,Swindon,Rotherham,,,,,,,,,,,,,,,,,,,,0.4029051752829771,0.28618385340914104,0.31091097130788187,1.4948993792580723,1.2189167673327865,1.6776062768497648,1.5986245094950673,1.4077220276995328,1.210466247221149,,,,,,,,,,,,,,E3-Swindon-Rotherha,0.3753945002041035,0.28724821626273794,0.3373572835331586,1.4134317168750483,1.2993200668622136
E3,14,2026-10-31 15:00:00,Tranmere,Cheltenham,,,,,,,,,,,,,,,,,,,,0.43325885133494557,0.2826922590059935,0.28404888965906094,1.5824688130108302,1.1348389279831763,1.6778143768685974,1.551272873471537,1.4759653148701173,1.154498674753715,,,,,,,,,,,,,,E3-Tranmere-Cheltenh,0.43103602157593623,0.2794463490308092,0.28951762939325454,1.5725544137586178,1.147999237210573
E3,15,2026-11-14 12:30:00,Exeter,Cheltenham,,,,,,,,,,,,,,,,,,,,0.4383360730372534,0.28195765835448433,0.27970626860826225,1.5969658774662445,1.121076464179271,1.6766823018982322,1.5425016372921485,1.4875860049492593,1.1454799886061864,,,,,,,,,,,,,,E3-Exeter-Cheltenh,0.44579363659814086,0.28229021620216815,0.271916147199691,1.6196711259965906,1.098038657801241
E3,15,2026-11-14 15:00:00,Bristol Rovers,Chesterfield,,,,,,,,,,,,,,,,,,,,0.4289089711092198,0.283288025788715,0.28780300310206525,1.5700149391163745,1.1466970350949106,1.6785218567231004,1.5586009634118434,1.466058816536917,1.1622998891853062,,,,,,,,,,,,,,E3-BristolR-Chesterf,0.42113276851018366,0.2795198717627539,0.29934735972706245,1.542918177293305,1.1775619509439412
E3,15,2026-11-14 15:00:00,Colchester,Gillingham,,,,,,,,,,,,,,,,,,,,0.40481113555628156,0.2860112677416803,0.30917759670203815,1.500444674410525,1.2135440578477947,1.6779772667813075,1.5959204577223316,1.411949451708755,1.2068420706830563,,,,,,,,,,,,,,E3-Colchest-Gillingh,0.40753837048620173,0.28507790272404154,0.3073837267897568,1.5076930141826468,1.207229083093312
E3,15,2026-11-14 15:00:00,Crewe,Newport,,,,,,,,,,,,,,,,,,,,0.49649499058197366,0.27067877588190875,0.2328262335361176,1.7601637476278298,0.9691574764902615,1.640957272656426,1.4268486634699955,1.625775742358632,1.0481150355508946,,,,,,,,,,,,,,E3-Crewe-Newport,0.4892552826788815,0.274516044673884,0.23622867264723446,1.7422818927105284,0.9832020626155874
E3,15,2026-11-14 15:00:00,Port Vale,Accrington,,,,,,,,,,,,,,,,,,,,0.5152633735760828,0.2659781729688704,0.21875845345504685,1.8117682936971187,0.9222535333340109,1.6208441851074462,1.3842526743172243,1.6726934089011236,1.0187162757575778,,,,,,,,,,,,,,E3-PortVale-Accringt,0.5061346917179306,0.2688382757172056,0.22502703256486384,1.7872423508709974,0.9439193734117972
E3,15,2026-11-14 15:00:00,Rochdale,York,,,,,,,,,,,,,,,,,,,,0.36246472918770223,0.288277315029877,0.34925795578242075,1.3756715025929835,1.3360511823771393,1.6579877946727601,1.6465661551403121,1.3195689033032942,1.2913308245854795,,,,,,,,,,,,,,E3-Rochdale-York,0.33527372506885056,0.2856811900867311,0.37904508484441835,1.2915023652932827,1.4228164446199862
E3,15,2026-11-14 15:00:00,Rotherham,Crawley,,,,,,,,,,,,,,,,,,,,0.46867098441183497,0.2767150406498121,0.2546139749383529,1.682727993885317,1.0405569654648708,1.663180398951023,1.4854820167175284,1.5584193639863688,1.093415571814535,,,,,,,,,,,,,,E3-Rotherha-Crawley,0.48851925955838005,0.2687194838400155,0.24276125660160447,1.7342772625151557,0.997003253644829
E3,15,2026-11-14 15:00:00,Salford,Northampton,,,,,,,,,,,,,,,,,,,,0.5119583684748443,0.2668416469321056,0.22119998459305007,1.8027167523566385,0.9304416007112557,1.6246792739784386,1.3919199359354324,1.6643379111876648,1.023830550602571,,,,,,,,,,,,,,E3-Salford-Northamp,0.5082056746524088,0.27314275455083936,0.2186515707967518,1.797759778508066,0.9290974669410947
E3,15,2026-11-14 15:00:00,Shrewsbury,Oldham,,,,,,,,,,,,,,,,,,,,0.35121716564849814,0.28829966873025853,0.36048316562124333,1.341951165675753,1.3697491655939886,1.6484212285082296,1.6564353826760203,1.2955053381863453,1.31531684955118,,,,,,,,,,,,,,E3-Shrewsbu-Oldham,0.3538389711236712,0.28958180459824173,0.35657922427808714,1.3510987179692553,1.359319477432503
E3,15,2026-11-14 15:00:00,Swindon,Grimsby,,,,,,,,,,,,,,,,,,,,0.3769684653324973,0.2878799092900682,0.33515162537743454,1.41878530528756,1.2933347854223718,1.6676443547826287,1.6315296705034465,1.3508689896851163,1.2614102574056403,,,,,,,,,,,,,,E3-Swindon-Grimsby,0.35124904109815436,0.28574853120480964,0.363002427697036,1.3394956544992727,1.3747558142959175
E3,15,2026-11-14 15:00:00,Walsall,Barnet,,,,,,,,,,,,,,,,,,,,0.36725028095591306,0.2881913645111141,0.34455835453297284,1.3899422073788532,1.3218664281100325,1.6615045532611326,1.641885701543494,1.3298611641758418,1.28133676349292,,,,,,,,,,,,,,E3-Walsall-Barnet,0.3721836869367429,0.2824066628587627,0.3454096502044943,1.3989577236689914,1.3186356134722457
E3,15,2026-11-14 17:30:00,Fleetwood,Tranmere,,,,,,,,,,,,,,,,,,,,0.40980985734843023,0.28552833966384156,0.3046618029877282,1.5149579117091323,1.1995137486270262,1.6787195815496188,1.588651333408135,1.4230714595787826,1.1974100025197398,,,,,,,,,,,,,,E3-Fleetwoo-Tranmere,0.41237307682502383,0.2822436926396334,0.30538323053534283,1.519362923114705,1.198393384245662
E3,16,2026-11-21 12:30:00,Gillingham,Crewe,,,,,,,,,,,,,,,,,,,,0.41909340607885776,0.28451668438704053,0.29638990953410166,1.5417969026236138,1.1736864129893456,1.6792196501569916,1.5744860741581588,1.4438658722798758,1.180165022745063,,,,,,,,,,,,,,E3-Gillingh-Crewe,0.40872853228785067,0.28756050395885835,0.303710963753291,1.5137461008224102,1.1986933952187313
E3,16,2026-11-21 12:30:00,Newport,Swindon,,,,,,,,,,,,,,,,,,,,0.31252940001397567,0.28633865101077677,0.40113194897524757,1.2239268510527037,1.4897344979365195,1.6011063144087705,1.6772173174458311,1.213852050832318,1.4037954615898993,,,,,,,,,,,,,,E3-Newport-Swindon,0.33616066218176877,0.28923291551345215,0.3746064223047791,1.2977149020587584,1.4130521824277893
E3,16,2026-11-21 15:00:00,Accrington,Salford,,,,,,,,,,,,,,,,,,,,0.2565924841089443,0.2771925797121228,0.4662149361789329,1.0469700320389557,1.6758373882489215,1.4903786887049697,1.664696053469553,1.0975215527095907,1.5525891002259762,,,,,,,,,,,,,,E3-Accringt-Salford,0.2668182083580021,0.27867268924905697,0.45450910239294096,1.0791273143230633,1.6421999964278797
E3,16,2026-11-21 15:00:00,Barnet,Port Vale,,,,,,,,,,,,,,,,,,,,0.4167616781617216,0.2847846691595453,0.2984536526787331,1.53506970364471,1.1801456271957445,1.679200777567182,1.578123841878906,1.4386255662389067,1.184463866059936,,,,,,,,,,,,,,E3-Barnet-PortVale,0.42309948796124425,0.28474880450140494,0.29215170753735087,1.5540472683851378,1.1612039271134575
E3,16,2026-11-21 15:00:00,Cheltenham,Bristol Rovers,,,,,,,,,,,,,,,,,,,,0.29634856962535716,0.2845112092817769,0.4191402210928659,1.1735569181578485,1.5419318725603748,1.5744124957538443,1.6792192995000264,1.180078932903256,1.4439712060682093,,,,,,,,,,,,,,E3-Cheltenh-BristolR,0.2874168827276369,0.27987558362804377,0.43270753364431935,1.1421262318109544,1.5779981845610018
E3,16,2026-11-21 15:00:00,Chesterfield,Shrewsbury,,,,,,,,,,,,,,,,,,,,0.4866112659166054,0.27295296381544026,0.24043577026795432,1.7327867615652564,0.9942602746193032,1.64990439600908,1.4483214025409772,1.6015638349381465,1.0639600887752374,,,,,,,,,,,,,,E3-Chesterf-Shrewsbu,0.5009637347971287,0.26881034688467287,0.23022591831819839,1.7717015512760592,0.959488101839268
E3,16,2026-11-21 15:00:00,Crawley,Fleetwood,,,,,,,,,,,,,,,,,,,,0.39716271047898366,0.28666486365239474,0.3161724258686216,1.4781529950893457,1.2351821412582595,1.6761929810716447,1.60654177438665,1.3950282760640116,1.2214806174450696,,,,,,,,,,,,,,E3-Crawley-Fleetwoo,0.4014216413183444,0.28102814776049545,0.3175502109211601,1.4852930717155286,1.2336787805239757
E3,16,2026-11-21 15:00:00,Grimsby,Rotherham,,,,,,,,,,,,,,,,,,,,0.43492091778133424,0.2824564105143254,0.28262267170434036,1.5872191638583282,1.1303244256273466,1.6774799964272034,1.5484271486835979,1.479762504430048,1.15153613833209,,,,,,,,,,,,,,E3-Grimsby-Rotherha,0.43558174521890264,0.28111195891909074,0.2833062958620067,1.5878571945757987,1.1310308465051107
E3,16,2026-11-21 15:00:00,Northampton,Rochdale,,,,,,,,,,,,,,,,,,,,0.4240146766519124,0.28392085963944486,0.29206446370864275,1.555964889595182,1.1601142507653732,1.6790262118537091,1.5666359581883265,1.454965451109805,1.1711618297879436,,,,,,,,,,,,,,E3-Northamp-Rochdale,0.4260821621226891,0.2895442254521142,0.28437361242519665,1.5677907118201815,1.1426650627277042
E3,16,2026-11-21 15:00:00,Oldham,Exeter,,,,,,,,,,,,,,,,,,,,0.4589013694604519,0.27856004283118047,0.26253858770836763,1.6552641512125361,1.0661758059562834,1.6687729576858894,1.5046764829999586,1.5353311835678085,1.1098582626585085,,,,,,,,,,,,,,E3-Oldham-Exeter,0.45461332370780905,0.28102835715845215,0.2643583191337388,1.6448683282818792,1.0741033145596686
E3,16,2026-11-21 15:00:00,Tranmere,Colchester,,,,,,,,,,,,,,,,,,,,0.37181616746862606,0.28806767867333544,0.34011615385803856,1.4035161810792136,1.308416140247451,1.6645555153397902,1.6371602673356451,1.33971290798815,1.2719142958463396,,,,,,,,,,,,,,E3-Tranmere-Colchest,0.3717147794540297,0.28331850800032604,0.3449667125456443,1.3984628463624151,1.3182186456372589
E3,16,2026-11-21 15:00:00,York,Walsall,,,,,,,,,,,,,,,,,,,,0.4319503447639128,0.28287475145838964,0.28517490377769755,1.578725785750128,1.1383994627914822,1.678052747741246,1.5534955485737325,1.472980559772687,1.1568380782044836,,,,,,,,,,,,,,E3-York-Walsall,0.44500865610378004,0.2746814352155668,0.28030990868065314,1.609707403526907,1.1156111612575264
E3,17,2026-11-28 12:30:00,Bristol Rovers,Tranmere,,,,,,,,,,,,,,,,,,,,0.5038093516204842,0.26890573756583014,0.22728491081368563,1.7803337924272828,0.950760470006887,1.6336014896916766,1.4105244635612841,1.6439091931801006,1.0365536047058992,,,,,,,,,,,,,,E3-BristolR-Tranmere,0.5247601950467993,0.26015377483295704,0.2150860301202437,1.8344343599733548,0.905411865193688
E3,17,2026-11-28 12:30:00,Exeter,Crawley,,,,,,,,,,,,,,,,,,,,0.42343476187302964,0.283993190818036,0.2925720473089344,1.554297476437125,1.1617093327448391,1.6790654024164877,1.5675730428119858,1.4536546642651988,1.1722178877067386,,,,,,,,,,,,,,E3-Exeter-Crawley,0.4374836121572232,0.2805348120397946,0.2819815758029822,1.5929856485114642,1.1264795394487412
E3,17,2026-11-28 15:00:00,Colchester,York,,,,,,,,,,,,,,,,,,,,0.38072160312248576,0.28771136769658706,0.3315670291809271,1.4298761770640442,1.2824124552393683,1.669659914063673,1.6272329249718664,1.3590225913701146,1.2538422913794922,,,,,,,,,,,,,,E3-Colchest-York,0.3655943123304351,0.2823825978667888,0.35202308980277613,1.3791655348580942,1.3384518672751173
E3,17,2026-11-28 15:00:00,Crewe,Grimsby,,,,,,,,,,,,,,,,,,,,0.36364110920929527,0.28826036455062615,0.3480985262400786,1.3791836921785119,1.3325559432708618,1.6588826906631315,1.6454417587648371,1.3220958413401658,1.2888626881033907,,,,,,,,,,,,,,E3-Crewe-Grimsby,0.3580909078436067,0.28709600472125907,0.3548130874351342,1.3613687282520792,1.3515352670266614
E3,17,2026-11-28 15:00:00,Fleetwood,Accrington,,,,,,,,,,,,,,,,,,,,0.43926222788986957,0.28181913879062676,0.2789186333195037,1.5996058224602356,1.1185750387491378,1.676440402550766,1.5408767213535244,1.489712626123537,1.1438447725546046,,,,,,,,,,,,,,E3-Fleetwoo-Accringt,0.4282544718307031,0.28045872940813754,0.29128679876115937,1.5652221449002468,1.1543191256916157
E3,17,2026-11-28 15:00:00,Port Vale,Newport,,,,,,,,,,,,,,,,,,,,0.5431936409333891,0.25808848161268094,0.19871787745393,1.8876694044128481,0.8542421139744709,1.5835354696568253,1.316819789410478,1.7450406965764549,0.9764815246676071,,,,,,,,,,,,,,E3-PortVale-Newport,0.528503983129603,0.26642586291314757,0.20507015395724942,1.8519378123019565,0.8816363247848957
E3,17,2026-11-28 15:00:00,Rochdale,Barnet,,,,,,,,,,,,,,,,,,,,0.344829875764848,0.28819758072621027,0.3669725435089417,1.3226872080207543,1.3891152112530354,1.6421650123481044,1.6613094021721204,1.2819134445326132,1.32926291339528,,,,,,,,,,,,,,E3-Rochdale-Barnet,0.3262732723461843,0.2864781496260026,0.3872485780278131,1.2652979666645554,1.4482238837094417
E3,17,2026-11-28 15:00:00,Rotherham,Oldham,,,,,,,,,,,,,,,,,,,,0.4030233643231552,0.28617333786346727,0.3108032978133775,1.4952434308329328,1.2185832313035998,1.6776306993228247,1.5984579265695422,1.4079839613121232,1.210241058720594,,,,,,,,,,,,,,E3-Rotherha-Oldham,0.4089034926645925,0.28473584684615705,0.3063606604892505,1.5114463248399348,1.2038178283139085
E3,17,2026-11-28 15:00:00,Salford,Gillingham,,,,,,,,,,,,,,,,,,,,0.5048182762473196,0.26865522912883893,0.2265264946238415,1.7831100578707977,0.9482347130003634,1.6325382368747157,1.408244609804531,1.646425346749387,1.034969489120345,,,,,,,,,,,,,,E3-Salford-Gillingh,0.5025656382857795,0.2719013383085517,0.22553302340566883,1.77959825316589,0.9485004085255582
E3,17,2026-11-28 15:00:00,Shrewsbury,Cheltenham,,,,,,,,,,,,,,,,,,,,0.4294962928890924,0.28320940859497107,0.2872942985159365,1.5716982872622483,1.1450923041427805,1.6784405384137182,1.5576217102313776,1.4673937764797949,1.161242488085108,,,,,,,,,,,,,,E3-Shrewsbu-Cheltenh,0.4382727302493662,0.2828589826970191,0.2788682870536147,1.5976771734451176,1.1194638438578632
E3,17,2026-11-28 15:00:00,Swindon,Chesterfield,,,,,,,,,,,,,,,,,,,,0.37956115797761975,0.2877663180022928,0.3326725240200875,1.426449791935152,1.2857838900625553,1.669057730889032,1.628578822238683,1.3564990633060745,1.2561748445642062,,,,,,,,,,,,,,E3-Swindon-Chesterf,0.3435946121361399,0.2837863298064627,0.37261905805739737,1.3145701662148823,1.4016435039786548
E3,17,2026-11-28 15:00:00,Walsall,Northampton,,,,,,,,,,,,,,,,,,,,0.41635421099653624,0.28483054810498964,0.2988152408984741,1.5338931810945984,1.1812762708004119,1.6791901560653097,1.5787540882351285,1.4377110445591927,1.1852172983218978,,,,,,,,,,,,,,E3-Walsall-Northamp,0.4306568287036171,0.28444961573233,0.2848935555640529,1.5764201018431812,1.1391302824244887
E3,18,2026-12-01 19:45:00,Accrington,Crewe,,,,,,,,,,,,,,,,,,,,0.35047037065324604,0.28829207784737654,0.3612375514993774,1.3397031898071148,1.372004732345509,1.6477207769472324,1.6570330557633015,1.2939135580355228,1.3169349601584581,,,,,,,,,,,,,,E3-Accringt-Crewe,0.35531830207360193,0.28627745601868737,0.3584042419077107,1.3522323622394932,1.3614901817418195
E3,18,2026-12-01 19:45:00,Barnet,Rotherham,,,,,,,,,,,,,,,,,,,,0.44295097361441327,0.2812537055078133,0.2757953208777734,1.610106626351053,1.1086396681411335,1.675369119817963,1.5343296796316916,1.4982040384279274,1.1373617720240663,,,,,,,,,,,,,,E3-Barnet-Rotherha,0.4403279461199543,0.2798027739100671,0.2798692799699786,1.60078661226993,1.1194106138200028
E3,18,2026-12-01 19:45:00,Cheltenham,Rochdale,,,,,,,,,,,,,,,,,,,,0.3661310940344322,0.2882154933981054,0.34565341256746235,1.386608775501402,1.3251757311004924,1.660711443410498,1.6430054882075424,1.3274511196039882,1.283663085468899,,,,,,,,,,,,,,E3-Cheltenh-Rochdale,0.3788934248158161,0.28774498703966805,0.33336158814451583,1.4244252614871165,1.2878297514732155
E3,18,2026-12-01 19:45:00,Chesterfield,Exeter,,,,,,,,,,,,,,,,,,,,0.4776236544211857,0.2748974089757821,0.24747893660303222,1.7077683722393393,1.0173342187848786,1.6570374855454513,1.4672389256924325,1.5798244916289803,1.0786008249834007,,,,,,,,,,,,,,E3-Chesterf-Exeter,0.49210407234960396,0.271457810868308,0.23643811678208804,1.7477700279171198,0.9807721612145721
E3,18,2026-12-01 19:45:00,Crawley,Port Vale,,,,,,,,,,,,,,,,,,,,0.3261461816680773,0.2874031732699205,0.3864506450620022,1.2658417182741524,1.4467551084559271,1.6203635525593578,1.6723586349846187,1.2424220873908849,1.371514574067529,,,,,,,,,,,,,,E3-Crawley-PortVale,0.32291867586283424,0.28538191260169954,0.3916994115354663,1.2541379401902022,1.4604801472080986
E3,18,2026-12-01 19:45:00,Gillingham,Swindon,,,,,,,,,,,,,,,,,,,,0.405334666606985,0.2859627411425662,0.30870259225044877,1.5019667409635211,1.2120705178939126,1.6780706496448499,1.5951711310489876,1.4131119151970322,1.2058492902612095,,,,,,,,,,,,,,E3-Gillingh-Swindon,0.4174244540852726,0.2853822487549214,0.29719329715980597,1.5376556110107393,1.1769621402343393
E3,18,2026-12-01 19:45:00,Grimsby,Colchester,,,,,,,,,,,,,,,,,,,,0.4474021857622612,0.2805423795432648,0.272055434694474,1.6227489368300483,1.0967086836266868,1.6738479394205634,1.526271355051351,1.508496955128424,1.1296012194170666,,,,,,,,,,,,,,E3-Grimsby-Colchest,0.46414567772130333,0.2741461302907877,0.26170819198790896,1.6665831634546977,1.0592707062545146
E3,18,2026-12-01 19:45:00,Newport,Walsall,,,,,,,,,,,,,,,,,,,,0.31443915269041856,0.2865134821674737,0.39904736514210776,1.2298309402387293,1.483655577593797,1.603981714812764,1.67670589552126,1.2178498312115986,1.3991872859273184,,,,,,,,,,,,,,E3-Newport-Walsall,0.31502614715031174,0.2852649001755088,0.39970895267417944,1.230343341626444,1.484391758198047
E3,18,2026-12-01 19:45:00,Northampton,Fleetwood,,,,,,,,,,,,,,,,,,,,0.4411948877869423,0.28152562007694026,0.27727949213611747,1.6051102834377673,1.1133640964852927,1.6759005881617517,1.5374614379594855,1.4941572810175743,1.1404421888166387,,,,,,,,,,,,,,E3-Northamp-Fleetwoo,0.4362251832523245,0.28611313524334825,0.27766168150432724,1.5947886850003217,1.11909817975633
E3,18,2026-12-01 19:45:00,Oldham,Bristol Rovers,,,,,,,,,,,,,,,,,,,,0.37039938557569085,0.28811037988348703,0.3414902345408221,1.3993085366105595,1.3125810835059533,1.663640469433519,1.6386533899732239,1.3366525253546089,1.2748264546524049,,,,,,,,,,,,,,E3-Oldham-BristolR,0.367015908930051,0.28531745121401625,0.34766663985593277,1.386365178004169,1.3283173707818146
E3,18,2026-12-01 19:45:00,Tranmere,Salford,,,,,,,,,,,,,,,,,,,,0.28136177755478575,0.2822435024937282,0.43639471995148604,1.1263288351580854,1.5914276623481864,1.5458828555782307,1.6771539775700885,1.1489175076268696,1.4831352022127968,,,,,,,,,,,,,,E3-Tranmere-Salford,0.28026026738964527,0.2812049856361764,0.4385347469741783,1.1219857878051123,1.5968092265587115
E3,18,2026-12-01 19:45:00,York,Shrewsbury,,,,,,,,,,,,,,,,,,,,0.47845161170144973,0.2747232647376157,0.2468251235609346,1.710078099841965,1.0151986354204194,1.6564206624915578,1.4655211074265455,1.5818164734790707,1.0772425427155887,,,,,,,,,,,,,,E3-York-Shrewsbu,0.48680621632109,0.2719764191527024,0.24121736452620762,1.7323950681159723,0.9956285127313251
E3,19,2026-12-12 12:30:00,Chesterfield,Grimsby,,,,,,,,,,,,,,,,,,,,0.4057823354831362,0.28592086418439566,0.3082968003324681,1.5032678706338043,1.2108112651818,1.6781475926527292,1.5945281472854573,1.414106369286923,1.2050012905742433,,,,,,,,,,,,,,E3-Chesterf-Grimsby,0.4208251693241656,0.2796863314511436,0.29948849922469084,1.5421618394236403,1.178151829125216
E3,19,2026-12-12 12:30:00,Tranmere,York,,,,,,,,,,,,,,,,,,,,0.3449568597047389,0.2882004350368995,0.3668427052583616,1.3230710141511164,1.3887285508119844,1.6422952638926858,1.6612177945217996,1.2821831745817238,1.3289832792852565,,,,,,,,,,,,,,E3-Tranmere-York,0.3271614246495415,0.2813157677478972,0.39152280760256125,1.2628000416965217,1.455884190555581
E3,19,2026-12-12 15:00:00,Barnet,Northampton,,,,,,,,,,,,,,,,,,,,0.45882850736516984,0.278573252532065,0.2625982401027651,1.6550587746275744,1.0663679728403603,1.668810271346865,1.5048167599572915,1.5351600138945842,1.1099820113716232,,,,,,,,,,,,,,E3-Barnet-Northamp,0.4702620828555084,0.2787265926233853,0.2510113245211063,1.6895128411899105,1.0317605661867042
E3,19,2026-12-12 15:00:00,Bristol Rovers,Accrington,,,,,,,,,,,,,,,,,,,,0.5340083215681265,0.2607985461407804,0.2051931322910931,1.86282351084516,0.8763779430140597,1.5967620076964306,1.339498437759064,1.720891993720275,0.9901841639208528,,,,,,,,,,,,,,E3-BristolR-Accringt,0.5410973493581188,0.25559767839458664,0.20330497224729455,1.878889726468943,0.8655125951364702
E3,19,2026-12-12 15:00:00,Cheltenham,Crewe,,,,,,,,,,,,,,,,,,,,0.3547973754670782,0.2883202430076125,0.3568823815253094,1.352712369408847,1.3589673875835406,1.6516658678596192,1.6534693162197636,1.3031465126985342,1.307604312635104,,,,,,,,,,,,,,E3-Cheltenh-Crewe,0.35104065412672564,0.2872398628496746,0.3617194830235997,1.3403618252298515,1.3723983119204737
E3,19,2026-12-12 15:00:00,Crawley,Newport,,,,,,,,,,,,,,,,,,,,0.4552685582461429,0.2792086384715384,0.26552280328231875,1.645014313209967,1.0757770483184947,1.6705535720211646,1.5116176103235541,1.5268148625511007,1.1160488686577537,,,,,,,,,,,,,,E3-Crawley-Newport,0.44393240479691887,0.2787758129075612,0.27729178229551993,1.6105730272983179,1.110651159794121
E3,19,2026-12-12 15:00:00,Exeter,Rochdale,,,,,,,,,,,,,,,,,,,,0.395167293661963,0.28681818967258,0.318014516665457,1.4723200706584691,1.240861739668951,1.6755974421664876,1.6092109826874375,1.3906321885754356,1.2253419804309136,,,,,,,,,,,,,,E3-Exeter-Rochdale,0.41369081288673437,0.28932755884253125,0.2969816282707344,1.5303999975027345,1.1802724436547343
E3,19,2026-12-12 15:00:00,Fleetwood,Swindon,,,,,,,,,,,,,,,,,,,,0.3666290325396455,0.2882050606058119,0.34516590685454257,1.3880921582247485,1.3237027811694397,1.661066513737581,1.6425091694209857,1.328523144618953,1.2826272593758545,,,,,,,,,,,,,,E3-Fleetwoo-Swindon,0.37965693868172656,0.28610713089108014,0.3342359304271933,1.4250779469362598,1.28881492217266
E3,19,2026-12-12 15:00:00,Oldham,Gillingham,,,,,,,,,,,,,,,,,,,,0.4225476357128213,0.28410274676582015,0.2933496175213586,1.551745653904284,1.1641515993298959,1.6791168937703778,1.5690003582356928,1.4516509582600774,1.1738358937484417,,,,,,,,,,,,,,E3-Oldham-Gillingh,0.4327698673805499,0.28320876167868664,0.28402137094076346,1.5815183638203363,1.135272874500977
E3,19,2026-12-12 15:00:00,Rotherham,Walsall,,,,,,,,,,,,,,,,,,,,0.41608301526909097,0.2848609262715218,0.2990560584593872,1.5331099720787948,1.1820291016496833,1.679181877205897,1.5791726552592493,1.4371025706096965,1.1857191232196258,,,,,,,,,,,,,,E3-Rotherha-Walsall,0.420657989248718,0.2813315180511464,0.2980104927001356,1.5433054857973005,1.175362996151553
E3,19,2026-12-12 15:00:00,Salford,Colchester,,,,,,,,,,,,,,,,,,,,0.5085694976705102,0.2677112960027389,0.2237192063267509,1.7934197890142696,0.9388689149829916,1.628482235409344,1.3997093134221572,1.6558128122467493,1.0291018328864516,,,,,,,,,,,,,,E3-Salford-Colchest,0.5079034216194293,0.26731358916211734,0.2247829892184534,1.791023854020405,0.9416625568174776
E3,19,2026-12-12 15:00:00,Shrewsbury,Port Vale,,,,,,,,,,,,,,,,,,,,0.3319280811646414,0.28772960681604853,0.38034231201931,1.2835138503099728,1.4287565428739786,1.6276745333602898,1.669465156184636,1.254603960531621,1.358197529743134,,,,,,,,,,,,,,E3-Shrewsbu-PortVale,0.3380039334634781,0.29361142133881135,0.3683846451977105,1.3076232217292456,1.3987653569319427
E3,20,2026-12-17 20:00:00,Crewe,Salford,,,,,,,,,,,,,,,,,,,,0.3080427355239122,0.28589444738086534,0.4060628170952225,1.210022653952602,1.5040828986665329,1.5941242440175767,1.678194435176748,1.2044704185755448,1.4147296386201154,,,,,,,,,,,,,,E3-Crewe-Salford,0.31456186663756996,0.28865687397347667,0.3967812593889533,1.2323424738861866,1.4790006521403367
E3,20,2026-12-19 12:30:00,Colchester,Fleetwood,,,,,,,,,,,,,,,,,,,,0.4445302532470345,0.28100494633842116,0.2744648004145443,1.6145957060795246,1.1043993475820542,1.6748579314712932,1.5314902311296532,1.501850082136005,1.1346005971358255,,,,,,,,,,,,,,E3-Colchest-Fleetwoo,0.44951703727129316,0.2774152565987114,0.2730677061299955,1.625966368412591,1.0966183749886977
E3,20,2026-12-19 12:30:00,Northampton,Exeter,,,,,,,,,,,,,,,,,,,,0.4375103858825344,0.28207998001495216,0.2804096341025134,1.5946111376625551,1.1233088823224924,1.676888772600293,1.5439438418329658,1.4856918727678716,1.1469403792493096,,,,,,,,,,,,,,E3-Northamp-Exeter,0.4165319133376789,0.29239125122255627,0.2910768354397648,1.5419869912355932,1.1656217575418508
E3,20,2026-12-19 15:00:00,Accrington,Chesterfield,,,,,,,,,,,,,,,,,,,,0.31055582223224254,0.28614906623181197,0.4032951115359455,1.2178165329285395,1.4960344008396484,1.5980743584479065,1.6776861415596755,1.209723519592835,1.4085863194372932,,,,,,,,,,,,,,E3-Accringt-Chesterf,0.29982868976718846,0.2788787429634707,0.42129256726934083,1.178364812265036,1.5427564447714932
E3,20,2026-12-19 15:00:00,Gillingham,Cheltenham,,,,,,,,,,,,,,,,,,,,0.4749213101953585,0.2754587006158403,0.24961998918880124,1.7002226312019157,1.024318668182244,1.6589934967229016,1.4728098693284053,1.57333770121651,1.0830478407035318,,,,,,,,,,,,,,E3-Gillingh-Cheltenh,0.47012442800745013,0.2766179975685936,0.25325757442395624,1.686991281590944,1.0363907208404624
E3,20,2026-12-19 15:00:00,Grimsby,Barnet,,,,,,,,,,,,,,,,,,,,0.4005558462351764,0.28638774187890736,0.31305641188591626,1.4880552805844367,1.2255569775366562,1.6770818399202683,1.6019055436633693,1.4025210868444413,1.2149549949611536,,,,,,,,,,,,,,E3-Grimsby-Barnet,0.4068721251206189,0.2821489670678221,0.310978907811559,1.5027653424296787,1.2150856905024991
E3,20,2026-12-19 15:00:00,Newport,Oldham,,,,,,,,,,,,,,,,,,,,0.3026315530955864,0.2852953792198159,0.41207306768459767,1.1931900385065752,1.521514582273609,1.5852768890887716,1.6789463643099607,1.1931737265664577,1.4281239706002613,,,,,,,,,,,,,,E3-Newport-Oldham,0.3050948618062406,0.2866774867041025,0.40822765148965695,1.2019620721228244,1.5113604411730732
E3,20,2026-12-19 15:00:00,Port Vale,Rotherham,,,,,,,,,,,,,,,,,,,,0.43450301380019607,0.2825161366636113,0.2829808495361926,1.5860251780641996,1.131458685272189,1.6775673954117996,1.5491450260114745,1.4788071229191266,1.1522800868285976,,,,,,,,,,,,,,E3-PortVale-Rotherha,0.4210042794589324,0.287340832934564,0.2916548876065036,1.550353671311361,1.1623054957540748
E3,20,2026-12-19 15:00:00,Rochdale,Bristol Rovers,,,,,,,,,,,,,,,,,,,,0.3355977771160409,0.2878989427366507,0.37650328014730844,1.2946922740847735,1.417408783178576,1.6320508522062163,1.6673808054306551,1.2623531367561993,1.3498599958951871,,,,,,,,,,,,,,E3-Rochdale-BristolR,0.3133891354800268,0.28603833401060236,0.40057253050937086,1.2262057404506828,1.487755925538715
E3,20,2026-12-19 15:00:00,Swindon,Tranmere,,,,,,,,,,,,,,,,,,,,0.45280427078160324,0.27963691091858234,0.2675588182998144,1.638049723263392,1.0823133658180257,1.6716684520697362,1.5162640537885685,1.5210585384129427,1.1202724661589532,,,,,,,,,,,,,,E3-Swindon-Tranmere,0.44318469014546363,0.27817456764126397,0.27864074221327234,1.6077286380776548,1.1140967942810809
E3,20,2026-12-19 15:00:00,Walsall,Shrewsbury,,,,,,,,,,,,,,,,,,,,0.45445869319909427,0.27935043274697335,0.2661908740539324,1.642726512344256,1.0779230549087706,1.6709282771800988,1.5131501869285082,1.524921274376435,1.1174347349156062,,,,,,,,,,,,,,E3-Walsall-Shrewsbu,0.45488918623868824,0.27835419601596145,0.2667566177453503,1.6430217547320263,1.0786240492520123
E3,20,2026-12-19 15:00:00,York,Crawley,,,,,,,,,,,,,,,,,,,,0.4848676315770126,0.2733394679118794,0.24179290051110797,1.7279423626429173,0.9987181694452034,1.6513633434890052,1.4520375905318734,1.597326087971127,1.0667828021042132,,,,,,,,,,,,,,E3-York-Crawley,0.5141412214135447,0.25967435645695736,0.22618442212949796,1.8020980206975912,0.9382276228454512
E3,21,2026-12-26 15:00:00,Barnet,Colchester,,,,,,,,,,,,,,,,,,,,0.45547446568382854,0.2791724243666023,0.2653531099495692,1.645595821418088,1.0752317542153098,1.670457008052387,1.5112270886397925,1.5272965920974753,1.1156968520828383,,,,,,,,,,,,,,E3-Barnet-Colchest,0.46902368223658275,0.272646017647855,0.25833030011556224,1.6797170643576034,1.0476369179945417
E3,21,2026-12-26 15:00:00,Bristol Rovers,Walsall,,,,,,,,,,,,,,,,,,,,0.46077714756777854,0.2782171479027465,0.26100570452947497,1.660548590606082,1.0612342614911714,1.6677898542489085,1.5010503309053096,1.5397429492993826,1.1066782288403125,,,,,,,,,,,,,,E3-BristolR-Walsall,0.4673494835776176,0.27248487302175517,0.2601656434006273,1.6745333237546078,1.052981803223637
E3,21,2026-12-26 15:00:00,Cheltenham,Port Vale,,,,,,,,,,,,,,,,,,,,0.31263969121478297,0.28634897796819275,0.4010113308170243,1.2242680516125417,1.4893829704192656,1.6012739367020707,1.6771893227464965,1.2140828539076418,1.4035285932220465,,,,,,,,,,,,,,E3-Cheltenh-PortVale,0.3118140625635157,0.2879672202077129,0.40021871722877134,1.2234094078982598,1.4886233718940272
E3,21,2026-12-26 15:00:00,Chesterfield,Northampton,,,,,,,,,,,,,,,,,,,,0.44803757260117083,0.28043827062812177,0.2715241567707074,1.6245509884316345,1.095010740940244,1.6736105100244592,1.5251071587899863,1.509970417980242,1.1284989293229297,,,,,,,,,,,,,,E3-Chesterf-Northamp,0.47607337469062666,0.2765772934139268,0.2473493318954465,1.7047974174858067,1.0186252891002663
E3,21,2026-12-26 15:00:00,Crawley,Gillingham,,,,,,,,,,,,,,,,,,,,0.3587124891374469,0.2883130298078576,0.3529744810546955,1.3644504972201983,1.347236472971944,1.6550002726804331,1.6500372451942333,1.3115219907338374,1.2992538531866773,,,,,,,,,,,,,,E3-Crawley-Gillingh,0.36082013966901394,0.28515447047774783,0.3540253898532382,1.3676148894847895,1.3472306400374625
E3,21,2026-12-26 15:00:00,Exeter,Newport,,,,,,,,,,,,,,,,,,,,0.47059582556157864,0.27633440331477993,0.25306977112364143,1.688121879999516,1.0355437166857042,1.6619413516358876,1.4816115542603108,1.5630010890259411,1.0902103728295731,,,,,,,,,,,,,,E3-Exeter-Newport,0.46546104456532633,0.2819428194851295,0.25259613594954416,1.6783259531811083,1.039731227333762
E3,21,2026-12-26 15:00:00,Fleetwood,Crewe,,,,,,,,,,,,,,,,,,,,0.3799922083633325,0.2877462023362154,0.33226158930045213,1.4277228274262128,1.2845309702375718,1.6692836056523084,1.6280806925408071,1.3574361721957382,1.2553076416430489,,,,,,,,,,,,,,E3-Fleetwoo-Crewe,0.3712939794757753,0.28771082894706135,0.3409951915771634,1.4015927673743873,1.3106964036785516
E3,21,2026-12-26 15:00:00,Oldham,York,,,,,,,,,,,,,,,,,,,,0.39816347307117084,0.286585271389332,0.3152512555394972,1.4810756906028444,1.2323390380078236,1.676471327735177,1.6051870666467583,1.397235888772071,1.219550695550428,,,,,,,,,,,,,,E3-Oldham-York,0.3906178408432569,0.2826164484188323,0.3267657107379108,1.4544699709486029,1.2629135806325646
E3,21,2026-12-26 15:00:00,Rotherham,Rochdale,,,,,,,,,,,,,,,,,,,,0.4397592953631886,0.2817442233507348,0.2784964812860766,1.6010221094403005,1.1172336672089647,1.6763060867027626,1.5400014877802328,1.4908548667947794,1.1429683988378196,,,,,,,,,,,,,,E3-Rotherha-Rochdale,0.463280058860268,0.279147804068288,0.257572137071444,1.6689879806490922,1.0518642152826199
E3,21,2026-12-26 15:00:00,Salford,Grimsby,,,,,,,,,,,,,,,,,,,,0.4687778615383251,0.27669405250197976,0.2545280859596951,1.6830276371169552,1.040278310381065,1.6631127790474243,1.4852678630899518,1.5586734765336085,1.0932373108635867,,,,,,,,,,,,,,E3-Salford-Grimsby,0.45394488522900567,0.2794924105954252,0.26656270417556915,1.6413270662824422,1.0791805231221328
E3,21,2026-12-26 15:00:00,Shrewsbury,Swindon,,,,,,,,,,,,,,,,,,,,0.36171390477637777,0.2882867020647559,0.34999939315886636,1.3734284163938892,1.338284881541355,1.6574062300939294,1.6472748163323943,1.3179571227628122,1.2929100428001272,,,,,,,,,,,,,,E3-Shrewsbu-Swindon,0.3865852214366534,0.28883861680097217,0.3245761617623744,1.4485942811109325,1.2625671020880955
E3,21,2026-12-26 15:00:00,Tranmere,Accrington,,,,,,,,,,,,,,,,,,,,0.4378615907618199,0.28202808578204,0.28011032345614006,1.5956128580674998,1.1223590561504602,1.676802009808084,1.543331145964349,1.4864973328335607,1.1463189084583392,,,,,,,,,,,,,,E3-Tranmere-Accringt,0.4277041645653191,0.27897251014834423,0.29332332528633664,1.5620850038443017,1.158942486007354
E3,22,2026-12-29 19:45:00,Accrington,Rotherham,,,,,,,,,,,,,,,,,,,,0.3323072874388492,0.28774845744677996,0.37994425511437085,1.2846703197633276,1.4275812227898925,1.6281362139156126,1.6692586058138335,1.255404070686626,1.3573319059480349,,,,,,,,,,,,,,E3-Accringt-Rotherha,0.3306350260184504,0.2854114937626018,0.3839534802189478,1.2773165718179529,1.4372719344194453
E3,22,2026-12-29 19:45:00,Colchester,Crawley,,,,,,,,,,,,,,,,,,,,0.45608855425388256,0.27906402908417305,0.26484741666194433,1.6473296918458207,1.073606279070006,1.6701659037322698,1.5100603365831289,1.5287339713645134,1.114647827495485,,,,,,,,,,,,,,E3-Colchest-Crawley,0.4638297517745302,0.2714332722182872,0.26473697600718255,1.6629225275418777,1.065644200239835
E3,22,2026-12-29 19:45:00,Crewe,Tranmere,,,,,,,,,,,,,,,,,,,,0.43880409330578163,0.2818878327862073,0.27930807390801105,1.5983001127035523,1.1198120545102404,1.6765614222700536,1.5416814605318614,1.4886603981778108,1.1446532749079472,,,,,,,,,,,,,,E3-Crewe-Tranmere,0.45015457029047284,0.27824240013315277,0.27160302957637444,1.6287061110045713,1.093051488862276
E3,22,2026-12-29 19:45:00,Gillingham,Barnet,,,,,,,,,,,,,,,,,,,,0.36627872896882174,0.28821245076188434,0.3455088202692939,1.3870486376683497,1.324738911569766,1.660817088223655,1.6428586493584811,1.3277689283996894,1.2833558336492839,,,,,,,,,,,,,,E3-Gillingh-Barnet,0.3554404354842621,0.28768725558813724,0.3568723089276007,1.3540085620409235,1.3583041823709392
E3,22,2026-12-29 19:45:00,Grimsby,Oldham,,,,,,,,,,,,,,,,,,,,0.4294289886934015,0.28321844670715046,0.287352564599448,1.5715054127873551,1.1452761405054945,1.6784500825278084,1.5577340900910215,1.4672407554849067,1.1613635960083775,,,,,,,,,,,,,,E3-Grimsby-Oldham,0.43647048893768314,0.27972787820453143,0.2838016328577854,1.5891393450175808,1.1311327767778876
E3,22,2026-12-29 19:45:00,Newport,Shrewsbury,,,,,,,,,,,,,,,,,,,,0.35699001224860905,0.2883200050158224,0.35468998273556857,1.3592900417616496,1.352389953222528,1.6535606976209167,1.651571264058708,1.3078345891621952,1.3029170616228998,,,,,,,,,,,,,,E3-Newport-Shrewsbu,0.35438031493726746,0.2929921797319548,0.3526275053307777,1.3561331245437571,1.3508746957242879
E3,22,2026-12-29 19:45:00,Northampton,Cheltenham,,,,,,,,,,,,,,,,,,,,0.46782306442123395,0.2768809392398527,0.2552959963389133,1.6803501325035546,1.0427689282565926,1.6637119512262446,1.48717786855267,1.5564045335185503,1.0948310437953952,,,,,,,,,,,,,,E3-Northamp-Cheltenh,0.4583315803388585,0.28178495673294457,0.25988346292819686,1.6567796977495202,1.0614353455175352
E3,22,2026-12-29 19:45:00,Port Vale,Bristol Rovers,,,,,,,,,,,,,,,,,,,,0.3904316533384525,0.2871532282505546,0.32241511841099296,1.4584481882659122,1.2543985834835336,1.6739669904405052,1.6153734877039954,1.380228770490567,1.2345779456505293,,,,,,,,,,,,,,E3-PortVale-BristolR,0.37902715436695883,0.2890764682285834,0.3318963774044578,1.42615793132946,1.2847656004419568
E3,22,2026-12-29 19:45:00,Rochdale,Salford,,,,,,,,,,,,,,,,,,,,0.29747138523823,0.2846584219465466,0.41787019281522336,1.1770725776612367,1.5382690003922168,1.5764010360085485,1.679218639715887,1.182417493522109,1.4411153499803477,,,,,,,,,,,,,,E3-Rochdale-Salford,0.2881658438809415,0.286572701629196,0.4252614544898624,1.1510702332720206,1.5623570650987832
E3,22,2026-12-29 19:45:00,Swindon,Exeter,,,,,,,,,,,,,,,,,,,,0.44769521921720534,0.2804944451643562,0.2718103356184385,1.6235801028159722,1.0959254520196717,1.6737390678592816,1.5257348693457804,1.5091763683681039,1.129092686391957,,,,,,,,,,,,,,E3-Swindon-Exeter,0.42008910350560646,0.28641039271259505,0.2935005037817985,1.5466777032294146,1.1669119040579905
E3,22,2026-12-29 19:45:00,Walsall,Chesterfield,,,,,,,,,,,,,,,,,,,,0.37751097470259015,0.2878571932716764,0.3346318320257334,1.4203901173794469,1.2917526893488767,1.667947880045789,1.6309186710632213,1.352046145384,1.260312013622908,,,,,,,,,,,,,,E3-Walsall-Chesterf,0.36811104285892404,0.2814064318909896,0.3504825252500864,1.3857395604677616,1.3328540076412487
E3,22,2026-12-29 19:45:00,York,Fleetwood,,,,,,,,,,,,,,,,,,,,0.47320772046905146,0.27580897629707096,0.2509833032338776,1.6954321377042254,1.0287588859987038,1.6601883269582154,1.476313859880675,1.5692359569115726,1.0858787631616966,,,,,,,,,,,,,,E3-York-Fleetwoo,0.49910068849258216,0.26655416394151393,0.2343451475659039,1.7638562294192603,0.9695896066392256
E3,23,2027-01-01 15:00:00,Accrington,Shrewsbury,,,,,,,,,,,,,,,,,,,,0.38319140407149677,0.28758600635904175,0.3292225895694615,1.4371602185735322,1.2752537750674262,1.67087914915219,1.6243171216604735,1.3644010135591358,1.2488996878967396,,,,,,,,,,,,,,E3-Accringt-Shrewsbu,0.3822977759888528,0.2876304315365514,0.3300717924745958,1.4345237595031097,1.2778458089603388
E3,23,2027-01-01 15:00:00,Colchester,Rotherham,,,,,,,,,,,,,,,,,,,,0.3962203687248856,0.2867381656608104,0.3170414656143041,1.4753992718354672,1.2378625625037225,1.6759184728521541,1.607807632541265,1.3929512745431956,1.2233019425311984,,,,,,,,,,,,,,E3-Colchest-Rotherha,0.38418686681022673,0.28544979444204854,0.3303633387477247,1.4380103948727285,1.2765398106852226
E3,23,2027-01-01 15:00:00,Crewe,Oldham,,,,,,,,,,,,,,,,,,,,0.38396120324188265,0.2875446036712114,0.328494193086906,1.4394282133968592,1.2730271829319293,1.6712418513252811,1.6233941329697614,1.3660795077967594,1.2473651718473147,,,,,,,,,,,,,,E3-Crewe-Oldham,0.38291706566607553,0.28684103349013484,0.3302419008437896,1.4355922304883613,1.2775667360215037
E3,23,2027-01-01 15:00:00,Grimsby,Tranmere,,,,,,,,,,,,,,,,,,,,0.48551530008357535,0.27319642030224744,0.2412882796141772,1.7297423205529736,0.997061259144779,1.6508256255424394,1.4506597823424703,1.5988990353904309,1.0657333341776047,,,,,,,,,,,,,,E3-Grimsby-Tranmere,0.5058682217888704,0.2651236463924758,0.22900813181865382,1.7827283117590869,0.9521480418484372
E3,23,2027-01-01 15:00:00,Newport,Barnet,,,,,,,,,,,,,,,,,,,,0.2773281058841929,0.28153442758210107,0.44113746653370606,1.1135187452346798,1.6049468271832192,1.5375633845508212,1.675917308299974,1.1405430945960626,1.4940250903921277,,,,,,,,,,,,,,E3-Newport-Barnet,0.27908286566841545,0.2817706815145953,0.4391464528169893,1.1190192785198416,1.599210039965563
E3,23,2027-01-01 15:00:00,Port Vale,Fleetwood,,,,,,,,,,,,,,,,,,,,0.483668744148786,0.2736026408784601,0.2427286149727539,1.7246088733248182,1.0017884857967219,1.6523455722668352,1.4545800053583564,1.5944180098817433,1.0687285200236694,,,,,,,,,,,,,,E3-PortVale-Fleetwoo,0.4866385130512023,0.2748646311053151,0.23849685584348257,1.734780170258922,0.9903551986357628
E3,23,2027-01-01 15:00:00,Rochdale,Chesterfield,,,,,,,,,,,,,,,,,,,,0.35486853290950315,0.28832038783017183,0.356811079260325,1.3529259865586813,1.358753625611147,1.6517284589099186,1.6534086860616597,1.3032985533270836,1.3074517697038786,,,,,,,,,,,,,,E3-Rochdale-Chesterf,0.3223303094505612,0.28506523062109057,0.39260445992834825,1.2520561589727741,1.4628786104061353
E3,23,2027-01-01 15:00:00,Swindon,Crawley,,,,,,,,,,,,,,,,,,,,0.46298332480720394,0.27780692538982144,0.2592097498029746,1.6667568998114333,1.0554361747987453,1.6665782855856368,1.4967491545427856,1.5449445542796534,1.1029522032229226,,,,,,,,,,,,,,E3-Swindon-Crawley,0.4542022665982416,0.2743437083576415,0.2714540250441169,1.636950508152366,1.0887057834899923
E3,23,2027-01-01 15:00:00,Walsall,Cheltenham,,,,,,,,,,,,,,,,,,,,0.4759552293192293,0.27524523463227596,0.24879953604849475,1.7031109225899639,1.0216438427777603,1.6582554838601018,1.4706849175830197,1.5758168927053648,1.081343909871768,,,,,,,,,,,,,,E3-Walsall-Cheltenh,0.4896917095627881,0.26820060237555776,0.24210768806165406,1.7372757310639222,0.9945236665605199
E3,23,2027-01-01 15:00:00,York,Salford,,,,,,,,,,,,,,,,,,,,0.3403501815591136,0.2880752337458618,0.3715745846950245,1.3091257784232027,1.4027989878309355,1.6374165640457279,1.6644014957415856,1.272410130761834,1.3391908464134585,,,,,,,,,,,,,,E3-York-Salford,0.3603845360713966,0.28642941348076345,0.3531860504478399,1.3675830216949532,1.3459875648242832
E3,23,2027-01-02 15:00:00,Gillingham,Exeter,,,,,,,,,,,,,,,,,,,,0.4445326888292195,0.28100455961985843,0.2744627515509221,1.6146026261075168,1.1043928142726247,1.6748571188495434,1.531485835361149,1.501855710052643,1.1345963454373864,,,,,,,,,,,,,,E3-Gillingh-Exeter,0.42765719031649574,0.2878276906779581,0.28451511900554616,1.570799261627445,1.1413730476945965
E3,23,2027-01-02 15:00:00,Northampton,Bristol Rovers,,,,,,,,,,,,,,,,,,,,0.3502466132097024,0.2882895806726604,0.3614638061176372,1.3390294203017676,1.372680999025572,1.6475093111262942,1.6572107106455527,1.2934367613241977,1.3174204189584613,,,,,,,,,,,,,,E3-Northamp-BristolR,0.3324196567359668,0.2910932980505695,0.37648704521346377,1.2883522682584698,1.420554433690961
E3,24,2027-01-09 12:30:00,Barnet,Grimsby,,,,,,,,,,,,,,,,,,,,0.41634783809396714,0.28483126341214304,0.2988208984938898,1.5338747776940445,1.1812939588938125,1.6791899726118928,1.5787639325381355,1.4376967440373651,1.1852290874741758,,,,,,,,,,,,,,E3-Barnet-Grimsby,0.4152473866883535,0.2813261234368025,0.303426489874844,1.527068283501863,1.1916055930613345
E3,24,2027-01-09 12:30:00,Chesterfield,Accrington,,,,,,,,,,,,,,,,,,,,0.512944686043439,0.26658554119504124,0.22046977276151974,1.8054195993253583,0.9279948594796006,1.6235477859578547,1.3896390368281553,1.6668271446674636,1.0223015658531,,,,,,,,,,,,,,E3-Chesterf-Accringt,0.5333264811317495,0.25656848250361397,0.2101050363646365,1.8565479258988624,0.8868835915975235
E3,24,2027-01-09 12:30:00,Shrewsbury,Walsall,,,,,,,,,,,,,,,,,,,,0.36373507396948196,0.2882588927478246,0.34800603328269336,1.3794641146562705,1.3322769925959048,1.6589533148487536,1.645351207291676,1.322297769650134,1.2886658656702268,,,,,,,,,,,,,,E3-Shrewsbu-Walsall,0.3646910031546722,0.28720368281545505,0.34810531402987277,1.3812766922794717,1.3315196249050736
E3,24,2027-01-09 15:00:00,Bristol Rovers,Rochdale,,,,,,,,,,,,,,,,,,,,0.4848710261016058,0.2733387197775506,0.2417902541208436,1.727951798082368,0.9987094821400813,1.6513605381959144,1.4520303771486338,1.5973343284759713,1.0667772986672108,,,,,,,,,,,,,,E3-BristolR-Rochdale,0.5102268314019018,0.26699661246137735,0.22277655613672082,1.797677106667083,0.9353262808715399
E3,24,2027-01-09 15:00:00,Cheltenham,Gillingham,,,,,,,,,,,,,,,,,,,,0.3446854133940075,0.28819429258072143,0.3671202940252711,1.3222505327627438,1.3895551746565347,1.6420165417354289,1.6614133553934085,1.2816066114991793,1.329581155957614,,,,,,,,,,,,,,E3-Cheltenh-Gillingh,0.34882378679442994,0.2884946908501583,0.3626815223554118,1.334966051233448,1.3765392579163935
E3,24,2027-01-09 15:00:00,Crawley,York,,,,,,,,,,,,,,,,,,,,0.3356008583047765,0.2878990726947473,0.3765000690004762,1.2947016476090767,1.4173992796961759,1.632054441116078,1.667378975615795,1.2623596491566522,1.3498530320882764,,,,,,,,,,,,,,E3-Crawley-York,0.31969333257929133,0.27836657461072595,0.4019400928099827,1.2374465723486,1.484186853040674
E3,24,2027-01-09 15:00:00,Exeter,Northampton,,,,,,,,,,,,,,,,,,,,0.3798894665326479,0.28775102870678465,0.33235950476056747,1.4274194283047281,1.284829542988487,1.6692300031988188,1.6281996170158872,1.357212782111683,1.2555142586770747,,,,,,,,,,,,,,E3-Exeter-Northamp,0.38948812337359673,0.29507410080499674,0.31543777582140653,1.463538470925787,1.2413874282692163
E3,24,2027-01-09 15:00:00,Fleetwood,Colchester,,,,,,,,,,,,,,,,,,,,0.373156350906349,0.2880237273158476,0.3388199217778034,1.4074927800348944,1.3044834926492577,1.6653949596226332,1.6357258407216722,1.3426107066107267,1.2691690834952156,,,,,,,,,,,,,,E3-Fleetwoo-Colchest,0.37250562427059386,0.2849655209312765,0.34252885479812967,1.4024823937430582,1.3125520853256654
E3,24,2027-01-09 15:00:00,Oldham,Newport,,,,,,,,,,,,,,,,,,,,0.5220361766938826,0.26416174033895956,0.21380208296715786,1.8302702704206073,0.9055679892404331,1.61259806779838,1.368327103906419,1.6899466985436424,1.0083158252674291,,,,,,,,,,,,,,E3-Oldham-Newport,0.5177375285476211,0.26614764257508433,0.21611482887729455,1.8193602282179477,0.9144921292069681
E3,24,2027-01-09 15:00:00,Rotherham,Port Vale,,,,,,,,,,,,,,,,,,,,0.38279241122282914,0.287607030924083,0.32960055785308784,1.4359842645925704,1.2764087044833465,1.6706879237720802,1.6247928707210182,1.363531436080507,1.2496961602133465,,,,,,,,,,,,,,E3-Rotherha-PortVale,0.391559143030646,0.29025011893647434,0.31819073803287967,1.4649275480284123,1.2448223330351134
E3,24,2027-01-09 15:00:00,Salford,Crewe,,,,,,,,,,,,,,,,,,,,0.5158168586352105,0.2658320933232351,0.21835104804155436,1.8132826692288666,0.9208852374478982,1.620189782514366,1.3829619051477526,1.6740967390338033,1.0178623255567985,,,,,,,,,,,,,,E3-Salford-Crewe,0.5055357190191365,0.2701245987964135,0.22433968218445,1.7867317558538232,0.9431436453497635
E3,24,2027-01-09 15:00:00,Tranmere,Swindon,,,,,,,,,,,,,,,,,,,,0.36529679236375645,0.28823188499637264,0.3464713226398709,1.3841222620876419,1.3276458529159854,1.6601085798635702,1.6438302779901968,1.3256557516214278,1.2854015817574165,,,,,,,,,,,,,,E3-Tranmere-Swindon,0.378909534028978,0.2844800649511255,0.33661040101989653,1.4212086670380593,1.294311268010815
E3,25,2027-01-16 15:00:00,Barnet,Tranmere,,,,,,,,,,,,,,,,,,,,0.4936713991908782,0.2713428334126082,0.2349857673965136,1.752357030985243,0.976300135602149,1.6436302620870964,1.4330527852044557,1.6188253079051451,1.052615122631778,,,,,,,,,,,,,,E3-Barnet-Tranmere,0.5108605329303563,0.263343720920442,0.22579574614920173,1.7959253197115106,0.9407309593680472
E3,25,2027-01-16 15:00:00,Bristol Rovers,Shrewsbury,,,,,,,,,,,,,,,,,,,,0.5076519152048034,0.26794401100306314,0.2244040737921335,1.7908997566174731,0.9411562323794636,1.6294893095937693,1.401805621385558,1.653511817223764,1.0305339110675393,,,,,,,,,,,,,,E3-BristolR-Shrewsbu,0.5087389411048941,0.26820751936168935,0.2230535395334165,1.7944243426763717,0.9373681379619387
E3,25,2027-01-16 15:00:00,Cheltenham,Oldham,,,,,,,,,,,,,,,,,,,,0.33148212675083083,0.2877070374598412,0.380810835789328,1.2821534177123337,1.4301395448278251,1.6271287916659007,1.6697054418834543,1.253663201869209,1.3592167317819805,,,,,,,,,,,,,,E3-Cheltenh-Oldham,0.3269460434209012,0.2847832265829082,0.3882707299961905,1.2656213568456118,1.4495954165714797
E3,25,2027-01-16 15:00:00,Chesterfield,Port Vale,,,,,,,,,,,,,,,,,,,,0.40619343808039265,0.28588209790333435,0.307924464016273,1.5044624121445123,1.2096554899521532,1.6782158910711837,1.5939358696784072,1.4150199509560633,1.204223303599844,,,,,,,,,,,,,,E3-Chesterf-PortVale,0.42867827601185504,0.2830078744763438,0.28831384951180117,1.569042702511909,1.1479494230117473
E3,25,2027-01-16 15:00:00,Crawley,Salford,,,,,,,,,,,,,,,,,,,,0.27280398991580845,0.28068776890643005,0.4465082411777615,1.0990997386538555,1.6202124924397145,1.5279034426397329,1.674173418848572,1.1311543705999147,1.5064256871467268,,,,,,,,,,,,,,E3-Crawley-Salford,0.27313602292316946,0.2774122755532416,0.449451701523589,1.09682034432275,1.6257673801240085
E3,25,2027-01-16 15:00:00,Exeter,Colchester,,,,,,,,,,,,,,,,,,,,0.3766881062704648,0.2878914296306953,0.3354204640988399,1.4179557484420897,1.2941528219272151,1.6674858815249114,1.63184408001808,1.3502608445432354,1.2619783850552422,,,,,,,,,,,,,,E3-Exeter-Colchest,0.38688683910241795,0.28808193233894636,0.3250312285586357,1.4487424496462002,1.2631756180148535
E3,25,2027-01-16 15:00:00,Gillingham,Accrington,,,,,,,,,,,,,,,,,,,,0.47959237238119756,0.2744816643683355,0.24592596325046695,1.713258781511928,1.0122595541197363,1.6555573633713765,1.463145928715851,1.584564537487546,1.0753743124289705,,,,,,,,,,,,,,E3-Gillingh-Accringt,0.46690738810371446,0.27639642708179374,0.2566961848144918,1.6771185913929372,1.0464849815252693
E3,25,2027-01-16 15:00:00,Northampton,Grimsby,,,,,,,,,,,,,,,,,,,,0.36724414055365673,0.2881915035713295,0.3445643558750138,1.3899239252322997,1.321884571196371,1.6615002506210765,1.64189188687944,1.3298479364075235,1.2813495087289588,,,,,,,,,,,,,,E3-Northamp-Grimsby,0.349072848624309,0.2917080620359403,0.3592190893397507,1.338926607908867,1.3693653300551925
E3,25,2027-01-16 15:00:00,Rochdale,Crewe,,,,,,,,,,,,,,,,,,,,0.39669667968394784,0.28670131437595037,0.3166020059401018,1.476791353427794,1.2365073321962559,1.676058729972385,1.6071689852617648,1.3940008944238633,1.2223808512721637,,,,,,,,,,,,,,E3-Rochdale-Crewe,0.37837187857125276,0.2895495782053604,0.3320785432233868,1.424665213919119,1.285785207875521
E3,25,2027-01-16 15:00:00,Rotherham,Fleetwood,,,,,,,,,,,,,,,,,,,,0.4570614955252338,0.278891090648428,0.26404741382633823,1.6500755772241296,1.0710333321274428,1.6696951398239879,1.508205416557459,1.5310134357230125,1.1129882731533935,,,,,,,,,,,,,,E3-Rotherha-Fleetwoo,0.47388310037699455,0.2752146883881164,0.25090221123488904,1.6968639895191,1.0279213220927834
E3,25,2027-01-16 15:00:00,Walsall,Swindon,,,,,,,,,,,,,,,,,,,,0.40633680448831716,0.2858685089761143,0.3077946865355686,1.504878922441066,1.2092525685828202,1.6782391781635853,1.5937289131720835,1.415338630434484,1.2039521591217377,,,,,,,,,,,,,,E3-Walsall-Swindon,0.4358465890970823,0.27834043300420946,0.28581297789870824,1.5858802002954562,1.1357793667003342
E3,25,2027-01-16 15:00:00,York,Newport,,,,,,,,,,,,,,,,,,,,0.5326992727133276,0.2611756578083526,0.20612506947831977,1.8592734759483356,0.8795508662433119,1.598571253863295,1.3426915568038704,1.7174797263767072,0.9921514494932964,,,,,,,,,,,,,,E3-York-Newport,0.5417404836778417,0.2575338647353924,0.20072565158676592,1.8827553157689174,0.8597108194956902
E3,26,2027-01-19 19:45:00,Accrington,York,,,,,,,,,,,,,,,,,,,,0.31776828865235923,0.2867981442274584,0.3954335671201824,1.2401030101845363,1.4730988455880056,1.6088572662299436,1.6756800394363855,1.2248256809418083,1.3912183803084033,,,,,,,,,,,,,,E3-Accringt-York,0.31251656121282767,0.28016260363198564,0.4073208351551867,1.2177122872704687,1.5021251090975456
E3,26,2027-01-19 19:45:00,Colchester,Chesterfield,,,,,,,,,,,,,,,,,,,,0.3729968942941953,0.28802913759148596,0.3389739681143188,1.4070198204740718,1.3049510419344426,1.6652964110323545,1.635897628774568,1.3422657754646958,1.2694952304882172,,,,,,,,,,,,,,E3-Colchest-Chesterf,0.3520617282659261,0.28252409549119456,0.36541417624287936,1.3387092802889726,1.3787666242198326
E3,26,2027-01-19 19:45:00,Crewe,Exeter,,,,,,,,,,,,,,,,,,,,0.43372574537245345,0.2826264630697191,0.28364779155782743,1.5838036991870794,1.1335698377432013,1.6777240138631235,1.5504760100490182,1.4770313151784003,1.153665452105994,,,,,,,,,,,,,,E3-Crewe-Exeter,0.4269238468004962,0.28675444753079526,0.2863217056687085,1.5675259879322838,1.145719564536921
E3,26,2027-01-19 19:45:00,Fleetwood,Cheltenham,,,,,,,,,,,,,,,,,,,,0.4346564408892126,0.2824942422682615,0.2828493168425259,1.5864635649358994,1.1310421927958392,1.6775355674020522,1.5488816519665742,1.479157827408363,1.1520068842049018,,,,,,,,,,,,,,E3-Fleetwoo-Cheltenh,0.43156178715561283,0.28092630187145384,0.2875119109729334,1.5756116633382924,1.143462034790254
E3,26,2027-01-19 19:45:00,Grimsby,Rochdale,,,,,,,,,,,,,,,,,,,,0.46664106318569454,0.2771103827881791,0.25624855402612634,1.6770335723452627,1.0458560448665581,1.6644383486863163,1.4895325024393966,1.5535993883309636,1.0968078468610958,,,,,,,,,,,,,,E3-Grimsby-Rochdale,0.4915488742951882,0.2716504794263515,0.23680064627846037,1.746297102311916,0.9820524182617325
E3,26,2027-01-19 19:45:00,Newport,Rotherham,,,,,,,,,,,,,,,,,,,,0.30750958153266617,0.2858385159331971,0.40665190253413674,1.2083672605311957,1.5057942235356072,1.593273313403526,1.6782893951072255,1.2033565283978218,1.4160391868806717,,,,,,,,,,,,,,E3-Newport-Rotherha,0.3047723259782516,0.28810154681661243,0.407126127205136,1.2024185247513672,1.5094799284320204
E3,26,2027-01-19 19:45:00,Oldham,Walsall,,,,,,,,,,,,,,,,,,,,0.4215355216849057,0.28422612068311975,0.29423835763197453,1.548832685737837,1.1669411935790435,1.67916312743739,1.5706195900992082,1.4493671137873054,1.1756855690945822,,,,,,,,,,,,,,E3-Oldham-Walsall,0.4218019596820779,0.2799172888276073,0.2982807514903148,1.545323167873841,1.1747595432985518
E3,26,2027-01-19 19:45:00,Port Vale,Gillingham,,,,,,,,,,,,,,,,,,,,0.4432856962238226,0.2812013152217369,0.27551298855444056,1.6110584038932048,1.1077402808850587,1.6752634004812195,1.5337296823163933,1.4989762704179306,1.1367758340329872,,,,,,,,,,,,,,E3-PortVale-Gillingh,0.4443415136871391,0.2852653025377221,0.27039318377513877,1.6182898435991393,1.0964448538631384
E3,26,2027-01-19 19:45:00,Salford,Bristol Rovers,,,,,,,,,,,,,,,,,,,,0.45063161621079817,0.28000660845095476,0.26936177533824707,1.6319014570833492,1.0880919344656959,1.67258878871738,1.520318528645878,1.5159970687293336,1.1240127274310927,,,,,,,,,,,,,,E3-Salford-BristolR,0.43579577781562717,0.28225507708589403,0.2819491450984788,1.5896424105327756,1.1281025123813304
E3,26,2027-01-19 19:45:00,Shrewsbury,Crawley,,,,,,,,,,,,,,,,,,,,0.4146647413117689,0.2850177445167446,0.3003175141714865,1.5290119684520511,1.185970287031204,1.6791228166530487,1.5813498503392462,1.433923013793301,1.1883483168962028,,,,,,,,,,,,,,E3-Shrewsbu-Crawley,0.4298936899590553,0.28097101411521724,0.28913529592572745,1.5706520839923832,1.1483769018923997
E3,26,2027-01-19 19:45:00,Swindon,Barnet,,,,,,,,,,,,,,,,,,,,0.3692819861161052,0.2881413202263654,0.3425766936575294,1.395987278574681,1.3158714011989536,1.662898713328968,1.6398140186508325,1.3342410166180436,1.2771305774418478,,,,,,,,,,,,,,E3-Swindon-Barnet,0.3476056532975711,0.28500402752044024,0.36739031918198867,1.3278209874131535,1.3871749850664061
E3,26,2027-01-19 19:45:00,Tranmere,Northampton,,,,,,,,,,,,,,,,,,,,0.37500405800145153,0.28795748324957343,0.33703845874897503,1.412969657253928,1.2990728594964986,1.6665107529423537,1.6337133177099388,1.3466105385708749,1.2653992755829864,,,,,,,,,,,,,,E3-Tranmere-Northamp,0.3748176254967945,0.2904560299206927,0.33472634458251277,1.414908906411076,1.294635063668231
E3,27,2027-01-23 15:00:00,Accrington,Rochdale,,,,,,,,,,,,,,,,,,,,0.36175529981900667,0.288286213640167,0.34995848654082634,1.373552113097187,1.338161673262646,1.6574385046174793,1.6472359287185196,1.318045963786714,1.2928228960274264,,,,,,,,,,,,,,E3-Accringt-Rochdale,0.3833542196463885,0.2865641818487145,0.330081598504897,1.4366268407878802,1.2768089773634055
E3,27,2027-01-23 15:00:00,Colchester,Northampton,,,,,,,,,,,,,,,,,,,,0.41170922951662214,0.28533342860560945,0.3029573418777684,1.5204611171554758,1.1942054542389147,1.678914485473531,1.5858228385715525,1.4273109957880288,1.1938533403220994,,,,,,,,,,,,,,E3-Colchest-Northamp,0.41398647131382615,0.2875506918736274,0.29846283681254643,1.529510105815106,1.1829392023112668
E3,27,2027-01-23 15:00:00,Crewe,Chesterfield,,,,,,,,,,,,,,,,,,,,0.3662030421602894,0.28821401593639867,0.3455829419033119,1.3868231424172668,1.3249628416463344,1.6607629670349011,1.6429339613226768,1.3276059958981166,1.2835133354811759,,,,,,,,,,,,,,E3-Crewe-Chesterf,0.3504547071669054,0.28525826399372695,0.36428702883936764,1.336622385494443,1.3781193505118299
E3,27,2027-01-23 15:00:00,Fleetwood,Exeter,,,,,,,,,,,,,,,,,,,,0.4048135190039611,0.28601104791015514,0.30917543308588374,1.5004516049220387,1.2135373471678064,1.6779777002326837,1.5959170527120319,1.4119547427387358,1.206837548273531,,,,,,,,,,,,,,E3-Fleetwoo-Exeter,0.3901664203138868,0.28942925599253017,0.320404323693583,1.4599285169341907,1.2506422270732793
E3,27,2027-01-23 15:00:00,Grimsby,Gillingham,,,,,,,,,,,,,,,,,,,,0.4437052771180928,0.2811353896465423,0.2751593332353649,1.6122512210008206,1.106613389352637,1.6751288840907406,1.5329761952702956,1.4999446821816231,1.1360418955728318,,,,,,,,,,,,,,E3-Grimsby-Gillingh,0.459356649538749,0.278522285277286,0.262121065183965,1.6565922338935328,1.064885480829181
E3,27,2027-01-23 15:00:00,Newport,Cheltenham,,,,,,,,,,,,,,,,,,,,0.3772522723658368,0.287868095313104,0.3348796323210592,1.4196249124106144,1.2925069922762815,1.6678036546687909,1.6312104611195577,1.3514847442264892,1.2608355420062618,,,,,,,,,,,,,,E3-Newport-Cheltenh,0.38573435391208466,0.2882026284209406,0.32606301766697476,1.4454056901571946,1.2663916814218648
E3,27,2027-01-23 15:00:00,Oldham,Barnet,,,,,,,,,,,,,,,,,,,,0.3799590666602142,0.2877477613621049,0.33229317197768093,1.4276249613427474,1.2846272772951477,1.6692663310551512,1.628119067590489,1.357364110746032,1.2553742849908198,,,,,,,,,,,,,,E3-Oldham-Barnet,0.38085563106735343,0.28434416474799334,0.3348002041846532,1.4269110579500537,1.2887447773019531
E3,27,2027-01-23 15:00:00,Port Vale,York,,,,,,,,,,,,,,,,,,,,0.41861387882315104,0.28457255176105584,0.2968135694157931,1.540414188230509,1.175013260008435,1.6792215898675575,1.5752385153075434,1.442787213777601,1.1810473392943885,,,,,,,,,,,,,,E3-PortVale-York,0.4026699083962532,0.28574826755209876,0.31158182405164797,1.4937579927408584,1.2204937397070428
E3,27,2027-01-23 15:00:00,Salford,Walsall,,,,,,,,,,,,,,,,,,,,0.5037796070916384,0.26891310115919087,0.22730729174917075,1.7802519224341058,0.9508349764067031,1.6336326576536062,1.4105915745433917,1.6438350688271288,1.036600345322842,,,,,,,,,,,,,,E3-Salford-Walsall,0.4925130588342123,0.27012470000736505,0.23736224115842258,1.7476638765100019,0.9822114234826327
E3,27,2027-01-23 15:00:00,Shrewsbury,Rotherham,,,,,,,,,,,,,,,,,,,,0.35639486269855286,0.28832102887324845,0.35528410842819863,1.357505616968907,1.3541733541578445,1.6530532930580915,1.6520925316159294,1.3065614600540196,1.304186639585671,,,,,,,,,,,,,,E3-Shrewsbu-Rotherha,0.35329777384481026,0.2909818678214131,0.3557203583337767,1.350875189355844,1.3581429428227432
E3,27,2027-01-23 15:00:00,Swindon,Bristol Rovers,,,,,,,,,,,,,,,,,,,,0.35981402728806944,0.28830545352831716,0.3518805191836134,1.3677475353925255,1.3439470110791574,1.6558983785486148,1.6490365575922368,1.313882259133852,1.2969198633698917,,,,,,,,,,,,,,E3-Swindon-BristolR,0.33427209812278746,0.2851043964968868,0.38062350538032574,1.2879206908652492,1.426974912637864
E3,27,2027-01-23 15:00:00,Tranmere,Crawley,,,,,,,,,,,,,,,,,,,,0.41839678213339865,0.2845977161742465,0.2970055016923548,1.5397880625744425,1.175614221251311,1.679221477728079,1.575578434197113,1.4422990382514267,1.1814470888546433,,,,,,,,,,,,,,E3-Tranmere-Crawley,0.42242301158108964,0.2774147981687199,0.3001621902501905,1.5446838329119887,1.1779013689192912
E3,28,2027-01-30 15:00:00,Barnet,Crewe,,,,,,,,,,,,,,,,,,,,0.4626515422354258,0.2778690951940291,0.2594793625705451,1.6658237219003065,1.0563071829056643,1.666764302867072,1.4973984936708342,1.544161408497909,1.1035115828063433,,,,,,,,,,,,,,E3-Barnet-Crewe,0.46699778806870074,0.2753993400945831,0.25760287183671615,1.6763927043006854,1.0482079556047315
E3,28,2027-01-30 15:00:00,Bristol Rovers,Fleetwood,,,,,,,,,,,,,,,,,,,,0.5023841487353529,0.2692571602417868,0.22835869102286033,1.7764096064478454,0.9543332333103678,1.6350834089797734,1.4137334592469086,1.6403610926233398,1.0387956698454033,,,,,,,,,,,,,,E3-BristolR-Fleetwoo,0.5212162107110458,0.26242872111110077,0.21635506817785338,1.8260773532442383,0.9114939256446608
E3,28,2027-01-30 15:00:00,Cheltenham,Tranmere,,,,,,,,,,,,,,,,,,,,0.38399662414451863,0.28754267204112444,0.32846070381435694,1.4395325444746805,1.2729247834841952,1.6712583427400438,1.6233515019620512,1.3661567651252293,1.2472946322846061,,,,,,,,,,,,,,E3-Cheltenh-Tranmere,0.39132923931432884,0.28334465340561366,0.3253261072800575,1.4573323713486002,1.2593229752457862
E3,28,2027-01-30 15:00:00,Chesterfield,Newport,,,,,,,,,,,,,,,,,,,,0.5408788974539662,0.25878193204360594,0.20033917050242783,1.8814186244055047,0.8597994435508896,1.5869559688694004,1.3225793834350368,1.7389207048492605,0.979918172949532,,,,,,,,,,,,,,E3-Chesterf-Newport,0.5558667992444705,0.25331011402450754,0.190823086731022,1.9209105117579188,0.8257793742175735
E3,28,2027-01-30 15:00:00,Crawley,Oldham,,,,,,,,,,,,,,,,,,,,0.34530667349455646,0.2882081239549387,0.3664852025505048,1.3241281444386082,1.3876637316064533,1.6426528425115154,1.6609643148935354,1.2829263234698245,1.3282134514095338,,,,,,,,,,,,,,E3-Crawley-Oldham,0.3385003243399851,0.2819498772908292,0.3795497983691857,1.2974508503107844,1.4205992723983862
E3,28,2027-01-30 15:00:00,Exeter,Salford,,,,,,,,,,,,,,,,,,,,0.2857164098642858,0.28296135123818783,0.43132223889752636,1.1401105808310452,1.576928067930767,1.554556903493857,1.6781593698880637,1.1579632583285433,1.4715492808119242,,,,,,,,,,,,,,E3-Exeter-Salford,0.29497530112695525,0.2893656910302384,0.41565900784280635,1.174291594411104,1.5363427145586575
E3,28,2027-01-30 15:00:00,Gillingham,Shrewsbury,,,,,,,,,,,,,,,,,,,,0.4534315175748621,0.2795288014113622,0.2670396810137757,1.6398233541359484,1.0806478444526892,1.6713918268154493,1.5150861668150994,1.5225221556323039,1.1191955359705936,,,,,,,,,,,,,,E3-Gillingh-Shrewsbu,0.4361197790320732,0.2859861150454807,0.27789410592244607,1.5943454521417004,1.119668432812819
E3,28,2027-01-30 15:00:00,Northampton,Accrington,,,,,,,,,,,,,,,,,,,,0.47248577503662836,0.27595523277376327,0.25155899218960837,1.6934125578836483,1.0306322093425884,1.6606811169053786,1.4777834115458535,1.5675105401030243,1.0870740300655364,,,,,,,,,,,,,,E3-Northamp-Accringt,0.45514112978865673,0.28149677495500164,0.26336209525634163,1.6469201643209719,1.0715830607240266
E3,28,2027-01-30 15:00:00,Rochdale,Port Vale,,,,,,,,,,,,,,,,,,,,0.35272797188200977,0.288311535652783,0.3589604924652072,1.3464954512988123,1.3651930130484047,1.649813282222479,1.655204004963466,1.2987277852183083,1.3120532411752226,,,,,,,,,,,,,,E3-Rochdale-PortVale,0.3380593508225942,0.2925438803146635,0.3693967688627423,1.306721932782446,1.4007341869028904
E3,28,2027-01-30 15:00:00,Rotherham,Swindon,,,,,,,,,,,,,,,,,,,,0.4139780293727329,0.2850924345444111,0.30092953608285605,1.5270265226626099,1.1878810427929791,1.6790846979839453,1.58239688746318,1.432385059211693,1.1896242487601687,,,,,,,,,,,,,,E3-Rotherha-Swindon,0.4431617637153059,0.280586492008728,0.2762517442759661,1.6100717831546456,1.1093417248366264
E3,28,2027-01-30 15:00:00,Walsall,Colchester,,,,,,,,,,,,,,,,,,,,0.41306722423918807,0.2851902471178709,0.30174252864294104,1.5243919198354352,1.190417833046694,1.6790245400109995,1.583778387668754,1.4303467774708056,1.1913194945725527,,,,,,,,,,,,,,E3-Walsall-Colchest,0.42857654410498597,0.27799597084607824,0.29342748504893573,1.563725603161036,1.1582784259928853
E3,28,2027-01-30 15:00:00,York,Grimsby,,,,,,,,,,,,,,,,,,,,0.3979071915686839,0.28660582491375153,0.31548698351756455,1.4803273996198032,1.2330667754664453,1.676401338966779,1.6055350038126157,1.396670367669811,1.2200444997218163,,,,,,,,,,,,,,E3-York-Grimsby,0.406889690876863,0.2809698098410165,0.3121404992821205,1.5016388824716056,1.217391307687378
E3,29,2027-02-06 15:00:00,Accrington,Walsall,,,,,,,,,,,,,,,,,,,,0.33945990849301755,0.2880458735465645,0.37249421796041793,1.3064255990256173,1.4055285274278184,1.6364372041942792,1.6649833937769143,1.2705242374208645,1.3411786645322732,,,,,,,,,,,,,,E3-Accringt-Walsall,0.34159600759418385,0.2821531408120445,0.37625085159377164,1.306941163594596,1.4109056955933594
E3,29,2027-02-06 15:00:00,Bristol Rovers,Crawley,,,,,,,,,,,,,,,,,,,,0.5140908541922622,0.2662862368206151,0.21962290898712272,1.8085587993974017,0.9251549637819834,1.6222189936732034,1.3869807106942766,1.6697244002086888,1.0205276989346428,,,,,,,,,,,,,,E3-BristolR-Crawley,0.5364657810553891,0.2551314257248146,0.20840279321979627,1.864528768890982,0.8803398053842034
E3,29,2027-02-06 15:00:00,Cheltenham,Barnet,,,,,,,,,,,,,,,,,,,,0.30511902770918375,0.2855794415234816,0.40930153076733466,1.2009365246510328,1.5134840338254856,1.5894021546652346,1.6786592977848298,1.1983643923804383,1.4219381106736355,,,,,,,,,,,,,,E3-Cheltenh-Barnet,0.29988528952564064,0.28107078149285625,0.4190439289815031,1.1807266500697782,1.5382025684373657
E3,29,2027-02-06 15:00:00,Chesterfield,Rotherham,,,,,,,,,,,,,,,,,,,,0.4322311899489433,0.28283582008628955,0.2849329899647672,1.5795293899331193,1.137634789980591,1.6780034359642877,1.5530198143950107,1.4736208327792253,1.1563354440275408,,,,,,,,,,,,,,E3-Chesterf-Rotherha,0.446036550790456,0.277934642003832,0.276028807205712,1.6160442943752,1.106021063620968
E3,29,2027-02-06 15:00:00,Crewe,Port Vale,,,,,,,,,,,,,,,,,,,,0.3640385309138623,0.28825402070023126,0.34770744838590645,1.3803696134418182,1.3313763658579507,1.659180529211477,1.6450580286082652,1.3229499797216397,1.2880305575563304,,,,,,,,,,,,,,E3-Crewe-PortVale,0.3662258118414371,0.2916387825415946,0.3421354056169683,1.3903162180659057,1.3180449993924994
E3,29,2027-02-06 15:00:00,Exeter,York,,,,,,,,,,,,,,,,,,,,0.34970276702211806,0.2882830823612753,0.3620141506166067,1.3373913834276294,1.3743255342110956,1.6469922730938693,1.6576397639261222,1.2922781633639067,1.3186015583242134,,,,,,,,,,,,,,E3-Exeter-York,0.34243320273716615,0.2876878214567477,0.36987897580608614,1.3149874296682462,1.3973247488750062
E3,29,2027-02-06 15:00:00,Fleetwood,Grimsby,,,,,,,,,,,,,,,,,,,,0.33630376372435233,0.28792818638091905,0.3757680498947286,1.2968394775539762,1.415232336065105,1.63286942935762,1.6669580703891826,1.2638455761582386,1.34826598450399,,,,,,,,,,,,,,E3-Fleetwoo-Grimsby,0.3227717544853488,0.2847393353160835,0.39248891019856774,1.2530545987721298,1.4622060659117866
E3,29,2027-02-06 15:00:00,Northampton,Gillingham,,,,,,,,,,,,,,,,,,,,0.40154842737560303,0.2863027947136192,0.3121487779107778,1.4909480768404284,1.2227491284459524,1.677312473259874,1.6005263647952825,1.4047171410737116,1.2130556039898026,,,,,,,,,,,,,,E3-Northamp-Gillingh,0.3953932229204817,0.293205413587974,0.3114013634915443,1.479385082349419,1.227409504062607
E3,29,2027-02-06 15:00:00,Rochdale,Colchester,,,,,,,,,,,,,,,,,,,,0.38976890169460066,0.28719685779013016,0.3230342405152692,1.456503562873932,1.2562995793359377,1.6737143443770783,1.616216389387899,1.3787760811257717,1.2358787067213137,,,,,,,,,,,,,,E3-Rochdale-Colchest,0.37966473222678676,0.2867948085310341,0.3335404592421791,1.4257890052113944,1.2874161862575715
E3,29,2027-02-06 15:00:00,Salford,Shrewsbury,,,,,,,,,,,,,,,,,,,,0.5507909223019145,0.255763235336556,0.1934458423615295,1.9081360022422995,0.8361007624211445,1.571898533000561,1.2977113316691025,1.7652951183243242,0.9652776934077133,,,,,,,,,,,,,,E3-Salford-Shrewsbu,0.533111594037054,0.26416785936187365,0.20272054660107236,1.8635026414730356,0.8723294991650907
E3,29,2027-02-06 15:00:00,Swindon,Oldham,,,,,,,,,,,,,,,,,,,,0.397517131148258,0.28663688143603183,0.31584598741571024,1.4791882748808058,1.2341748436831625,1.6762931092254996,1.6060632233970655,1.3958098852019176,1.2207966271520565,,,,,,,,,,,,,,E3-Swindon-Oldham,0.3760208004738286,0.2858628703451578,0.33811632918101364,1.4139252717666435,1.3002118578881987
E3,29,2027-02-06 15:00:00,Tranmere,Newport,,,,,,,,,,,,,,,,,,,,0.4654560819181713,0.277338273225241,0.25720564485658776,1.6737065189797549,1.0489552077950042,1.6651494988134536,1.4918820489742701,1.5507912731305895,1.0987939057460179,,,,,,,,,,,,,,E3-Tranmere-Newport,0.4511450562247338,0.2796986444102441,0.2691562993650221,1.6331338130844455,1.0871675425053104
E3,30,2027-02-09 19:45:00,Barnet,Exeter,,,,,,,,,,,,,,,,,,,,0.4885057263124999,0.2725280038887086,0.2389662697987915,1.7380451828262082,0.989426813285083,1.6482784831558197,1.4442590132303574,1.606179405662956,1.0609026575687341,,,,,,,,,,,,,,E3-Barnet-Exeter,0.4862050149100289,0.27371985650446484,0.24007512858550628,1.7323349012345517,0.9939452422609837
E3,30,2027-02-09 19:45:00,Colchester,Bristol Rovers,,,,,,,,,,,,,,,,,,,,0.35336908691848085,0.28831516399295,0.3583157490885691,1.3484224247483925,1.3632624112586573,1.650393910694943,1.6546725038393033,1.3000961350665379,1.310672306485082,,,,,,,,,,,,,,E3-Colchest-BristolR,0.34258341786285884,0.28397244640702535,0.3734441357301158,1.311722699995602,1.404304853597373
E3,30,2027-02-09 19:45:00,Crawley,Northampton,,,,,,,,,,,,,,,,,,,,0.36535961995765165,0.28823069815055574,0.3464096818917926,1.3843095580235107,1.3274597438259337,1.6601543253341728,1.6437684636982757,1.3257909171796196,1.2852705339277415,,,,,,,,,,,,,,E3-Crawley-Northamp,0.36754687418445164,0.288366238373607,0.3440868874419414,1.391006860926962,1.3206269006994311
E3,30,2027-02-09 19:45:00,Gillingham,Chesterfield,,,,,,,,,,,,,,,,,,,,0.3765304908023759,0.28789784070952035,0.33557166848810377,1.417489313116648,1.2946128461738315,1.667396305130997,1.6320204356241454,1.3499190065573432,1.2622979539681114,,,,,,,,,,,,,,E3-Gillingh-Chesterf,0.3514619762114195,0.28654771595805495,0.36199030783052555,1.3409336445923135,1.3725186394496316
E3,30,2027-02-09 19:45:00,Grimsby,Accrington,,,,,,,,,,,,,,,,,,,,0.5156896283470169,0.26586571019370975,0.21844466145927333,1.8129345952347604,0.9211996945715297,1.6203405187178377,1.3832587860484904,1.6737740504070624,1.0180585602851153,,,,,,,,,,,,,,E3-Grimsby-Accringt,0.5222129454163655,0.26097984965076043,0.21680720493287403,1.827618685899857,0.9114014644493826
E3,30,2027-02-09 19:45:00,Newport,Salford,,,,,,,,,,,,,,,,,,,,0.2346999190141355,0.2712557917011735,0.4940442892846911,0.9753555487435801,1.7533886595552468,1.4322366163635027,1.643282603806448,1.0520196296544235,1.6197416397636462,,,,,,,,,,,,,,E3-Newport-Salford,0.24430463424046647,0.27821949234824983,0.4774758734112837,1.0111333950696493,1.7106471125821008
E3,30,2027-02-09 19:45:00,Oldham,Fleetwood,,,,,,,,,,,,,,,,,,,,0.46261680592100773,0.27787559436747983,0.25950759971151244,1.6657260121305029,1.0563983935020171,1.6667837001683612,1.4974664259774495,1.5440794344707272,1.1035701674144047,,,,,,,,,,,,,,E3-Oldham-Fleetwoo,0.47526947210813936,0.2737497838056562,0.2509807440862044,1.6995582001300742,1.0266920160642694
E3,30,2027-02-09 19:45:00,Port Vale,Swindon,,,,,,,,,,,,,,,,,,,,0.4401291114169719,0.2816882277535929,0.2781826608294352,1.6020755620045088,1.1162362102418986,1.6762041241342773,1.5393488981633139,1.4917050903698497,1.1423169438789769,,,,,,,,,,,,,,E3-PortVale-Swindon,0.45604639277142467,0.280941932429465,0.2630116747991103,1.649081110743739,1.069976956826796
E3,30,2027-02-09 19:45:00,Rotherham,Tranmere,,,,,,,,,,,,,,,,,,,,0.45847298222594834,0.278637590518394,0.26288942725565767,1.654056537196239,1.067305872285367,1.6689914023103158,1.505500610804485,1.5343250173303338,1.1105860758008717,,,,,,,,,,,,,,E3-Rotherha-Tranmere,0.47718895127407934,0.2730917091649005,0.24971933956102016,1.7046585629871385,1.022249727847961
E3,30,2027-02-09 19:45:00,Shrewsbury,Rochdale,,,,,,,,,,,,,,,,,,,,0.38656110881824546,0.2873966315703415,0.32604225961141303,1.447079958025078,1.2655234104045807,1.6724062060166895,1.620227465791018,1.3717559940056536,1.242203429360759,,,,,,,,,,,,,,E3-Shrewsbu-Rochdale,0.4063058177499256,0.2894747195071595,0.30421946274291495,1.508392172756936,1.2021331077359043
E3,30,2027-02-09 19:45:00,Walsall,Crewe,,,,,,,,,,,,,,,,,,,,0.4201041170356955,0.28439765383434473,0.29549822912995977,1.544710004941431,1.170892341224224,1.6792057077894484,1.5728928412664378,1.4461410481552373,1.1783082999916912,,,,,,,,,,,,,,E3-Walsall-Crewe,0.42689917815801526,0.28072319870929735,0.2923776231326874,1.5614207331833432,1.1578560681073595
E3,30,2027-02-09 19:45:00,York,Cheltenham,,,,,,,,,,,,,,,,,,,,0.5000682816239562,0.2698220767788181,0.2301096415972257,1.7700269216506865,0.9601510015704952,1.6374413080262187,1.4189189053370241,1.6346110202228203,1.042449842145149,,,,,,,,,,,,,,E3-York-Cheltenh,0.5221413529353194,0.26026206412728103,0.21759658293739959,1.8266861229332392,0.9130518129394798
E3,31,2027-02-13 15:00:00,Barnet,Chesterfield,,,,,,,,,,,,,,,,,,,,0.4190146550496654,0.28452588607890883,0.2964594588714258,1.541569851227905,1.1739042626931862,1.6792201753110723,1.5746097979525078,1.4436886933495106,1.1803098603249012,,,,,,,,,,,,,,E3-Barnet-Chesterf,0.40746146481068457,0.2804097171402197,0.3121288180490957,1.5027941115722734,1.2167961712875068
E3,31,2027-02-13 15:00:00,Colchester,Swindon,,,,,,,,,,,,,,,,,,,,0.4017215732762599,0.2862877972621788,0.3119906294615613,1.4914525170909583,1.2222596856468626,1.6773513460115628,1.600284723258663,1.4051004182151818,1.21272471199211,,,,,,,,,,,,,,E3-Colchest-Swindon,0.41886751687684576,0.2814769778360603,0.29965550528709395,1.5380795284665973,1.180443493697342
E3,31,2027-02-13 15:00:00,Crawley,Accrington,,,,,,,,,,,,,,,,,,,,0.42778880207173897,0.2834363832471193,0.28877481468114174,1.5668027894623364,1.1497608272905446,1.6786646208258111,1.5604597554055575,1.4635149553886682,1.164320182534428,,,,,,,,,,,,,,E3-Crawley-Accringt,0.42027081095239116,0.27769253354821627,0.30203665549939257,1.5385049664053898,1.183802500046394
E3,31,2027-02-13 15:00:00,Gillingham,Rochdale,,,,,,,,,,,,,,,,,,,,0.4309910603184544,0.28300675072965614,0.2860021889518895,1.5759799316850194,1.1410133175853245,1.678213548521828,1.555115060389593,1.4707949950669166,1.1585571107566035,,,,,,,,,,,,,,E3-Gillingh-Rochdale,0.43737994142085224,0.28485097264795206,0.2777690859311957,1.5969907969105086,1.1181582304415392
E3,31,2027-02-13 15:00:00,Grimsby,Cheltenham,,,,,,,,,,,,,,,,,,,,0.51099700320553,0.26708997482538915,0.22191302196908086,1.8000809844419792,0.9328290407326318,1.6257714531255534,1.3941371533129545,1.6619151536729324,1.0253231016240854,,,,,,,,,,,,,,E3-Grimsby-Cheltenh,0.5253474073763424,0.26090138978683164,0.21375120283682592,1.836943611915859,0.9021549982973094
E3,31,2027-02-13 15:00:00,Newport,Northampton,,,,,,,,,,,,,,,,,,,,0.32168267813889345,0.28710050068086784,0.39121682118023865,1.252148535097548,1.4607509642215837,1.6143686499839736,1.6742585118287292,1.2330395443292,1.3819508123942712,,,,,,,,,,,,,,E3-Newport-Northamp,0.3328716136654184,0.2952099187134848,0.3719184676210968,1.2938247597097399,1.410965321576775
E3,31,2027-02-13 15:00:00,Oldham,Tranmere,,,,,,,,,,,,,,,,,,,,0.46403087219304284,0.277609528485213,0.2583595993217442,1.6697021450643414,1.0526883264504454,1.6659821249901348,1.4946932097358712,1.547419277829464,1.10118829745366,,,,,,,,,,,,,,E3-Oldham-Tranmere,0.4785831717553011,0.27162997414725853,0.2497868540974404,1.7073794894131618,1.0209905364395797
E3,31,2027-02-13 15:00:00,Port Vale,Salford,,,,,,,,,,,,,,,,,,,,0.3499613145323175,0.2882862475170467,0.36175243795063583,1.3381701911139992,1.3735435613689542,1.647238617921827,1.657436274094659,1.2928289206649717,1.3180398216366793,,,,,,,,,,,,,,E3-PortVale-Salford,0.3512426620283988,0.293077198059029,0.3556801399125722,1.3468051841442255,1.3601176177967456
E3,31,2027-02-13 15:00:00,Rotherham,Bristol Rovers,,,,,,,,,,,,,,,,,,,,0.36515083851845265,0.28823461222774344,0.3466145492538039,1.3836871277831013,1.3280782599891552,1.6600020913011686,1.6439736908561564,1.325341772920166,1.2857060984696231,,,,,,,,,,,,,,E3-Rotherha-BristolR,0.3661211094884024,0.2867084062181909,0.34717048429340674,1.3850717346833978,1.3282198590984111
E3,31,2027-02-13 15:00:00,Shrewsbury,Fleetwood,,,,,,,,,,,,,,,,,,,,0.4033492963373717,0.28614421100540727,0.310506492657221,1.4961921000175225,1.2176636889770704,1.6776970778869087,1.5979977854671485,1.408706443620127,1.209620363218486,,,,,,,,,,,,,,E3-Shrewsbu-Fleetwoo,0.4162616290718078,0.2863902628574464,0.29734810807074585,1.5351751500728699,1.178434587069684
E3,31,2027-02-13 15:00:00,Walsall,Exeter,,,,,,,,,,,,,,,,,,,,0.4455562706441137,0.28084119881117225,0.2736025305447141,1.6175100107435134,1.1016487904453147,1.6745089997527147,1.5296339162239743,1.504222263584648,1.1328113146917997,,,,,,,,,,,,,,E3-Walsall-Exeter,0.4462157837329853,0.2804053408301361,0.2733788754368786,1.6190526920290922,1.100541967140772
E3,31,2027-02-13 15:00:00,York,Crewe,,,,,,,,,,,,,,,,,,,,0.4437712263602351,0.28112500191987094,0.2751037717198939,1.6124386810005762,1.1064363170795528,1.6751075391751082,1.5328576236463514,1.5000969370577193,1.1359265910789835,,,,,,,,,,,,,,E3-York-Crewe,0.45867745489336353,0.27584161586369743,0.26548092924293903,1.6518739805437879,1.0722844035925145
E3,32,2027-02-20 15:00:00,Accrington,Barnet,,,,,,,,,,,,,,,,,,,,0.3010492408029858,0.285106936882942,0.41384382231407224,1.1882546592918994,1.5266384038251586,1.5826009687809064,1.6790765216757646,1.189873832035306,1.4320846077312832,,,,,,,,,,,,,,E3-Accringt-Barnet,0.3037799041438862,0.28051677507628014,0.41570332077983363,1.191856487507939,1.527626737415781
E3,32,2027-02-20 15:00:00,Bristol Rovers,Grimsby,,,,,,,,,,,,,,,,,,,,0.4262274350666275,0.2836396948345632,0.2901328700988093,1.5623220000344458,1.154038305130991,1.6788365786425805,1.5630311160142363,1.4599740212775374,1.1671440554188286,,,,,,,,,,,,,,E3-BristolR-Grimsby,0.4288953128612537,0.2802248140786942,0.2908798730600521,1.5669107526624555,1.1528644332588505
E3,32,2027-02-20 15:00:00,Cheltenham,Crawley,,,,,,,,,,,,,,,,,,,,0.3937936549936966,0.28691956378299605,0.3192867812233073,1.4683005287640858,1.2447799074529178,1.6751560159573717,1.611023576794267,1.3876102735498579,1.2280105102138923,,,,,,,,,,,,,,E3-Cheltenh-Crawley,0.40170394442547575,0.280370394474274,0.3179256611002503,1.4854822277507012,1.2341473777750247
E3,32,2027-02-20 15:00:00,Chesterfield,Oldham,,,,,,,,,,,,,,,,,,,,0.4267467216571368,0.2835725269753841,0.2896807513674791,1.5638126919467945,1.1526147810778216,1.678782886395735,1.5621784557236216,1.461151054653918,1.166203860013366,,,,,,,,,,,,,,E3-Chesterf-Oldham,0.44696219867718867,0.2765539142494532,0.27648388707335814,1.6174405102810194,1.1060055754695277
E3,32,2027-02-20 15:00:00,Crewe,Colchester,,,,,,,,,,,,,,,,,,,,0.40144636076467166,0.2863116105317227,0.3122420287036056,1.4906506928257377,1.2230376966425396,1.6772893693919153,1.6006686614554848,1.4044912331335158,1.2132507201189568,,,,,,,,,,,,,,E3-Crewe-Colchest,0.40945927618968436,0.2836942419400158,0.30684648187029984,1.5120720705090687,1.2042336875509152
E3,32,2027-02-20 15:00:00,Exeter,Port Vale,,,,,,,,,,,,,,,,,,,,0.34009433533327815,0.2880669683931422,0.3718386962735796,1.3083499743929767,1.4035830572138812,1.6371363308985427,1.6645698363574934,1.271868072057651,1.3397615974770387,,,,,,,,,,,,,,E3-Exeter-PortVale,0.34504942998596355,0.2944755911663246,0.36047497884771185,1.3296238811242151,1.3759005277094603
E3,32,2027-02-20 15:00:00,Fleetwood,Newport,,,,,,,,,,,,,,,,,,,,0.46687136969512555,0.2770658433624214,0.25606278694245305,1.677679952447798,1.0452542041897805,1.6642981477733048,1.4890745744680876,1.5541456341943567,1.0964223445400116,,,,,,,,,,,,,,E3-Fleetwoo-Newport,0.4515441723423253,0.28113910309602563,0.2673167245616491,1.6357716201230015,1.083089276780973
E3,32,2027-02-20 15:00:00,Northampton,Shrewsbury,,,,,,,,,,,,,,,,,,,,0.44638309671100296,0.28070802085218577,0.2729088824368113,1.6198573109851946,1.0994346681626195,1.6742181832990264,1.5281313732256383,1.5061358941416862,1.131372014057916,,,,,,,,,,,,,,E3-Northamp-Shrewsbu,0.4248559301465268,0.29067623645950585,0.28446783339396736,1.5652440268990861,1.144079736641408
E3,32,2027-02-20 15:00:00,Rochdale,Walsall,,,,,,,,,,,,,,,,,,,,0.38520897371066,0.2874751521028422,0.3273158741864978,1.443102073234822,1.2694227746623357,1.6718123217241403,1.6218838389498995,1.3688023534128997,1.244883891199731,,,,,,,,,,,,,,E3-Rochdale-Walsall,0.3648011514850873,0.2861712918046804,0.3490275567102323,1.3805747462599423,1.3332539619353772
E3,32,2027-02-20 15:00:00,Salford,Rotherham,,,,,,,,,,,,,,,,,,,,0.4958851323890606,0.2708231703825089,0.23329169722843046,1.758478567549691,0.9706982620678003,1.641542489352442,1.4281933294569353,1.6242722304394805,1.049085226027011,,,,,,,,,,,,,,E3-Salford-Rotherha,0.47891231666540734,0.27622438354972667,0.24486329978486598,1.7129613335459486,1.0108142829043247
E3,32,2027-02-20 15:00:00,Swindon,York,,,,,,,,,,,,,,,,,,,,0.3873284258971751,0.2873505688481968,0.3253210052546281,1.4493358465397221,1.263313584612081,1.6727320058577595,1.619278403074424,1.3734335672584113,1.2406861464740893,,,,,,,,,,,,,,E3-Swindon-York,0.35695270398556883,0.2838533882695818,0.35919390774484933,1.3547115002262882,1.3614351115041297
E3,32,2027-02-20 15:00:00,Tranmere,Gillingham,,,,,,,,,,,,,,,,,,,,0.36829731856259085,0.28816657740414564,0.3435361040332635,1.393058533091918,1.3187748895039362,1.6622303678472565,1.6408243045173985,1.3321175393528242,1.279166402108815,,,,,,,,,,,,,,E3-Tranmere-Gillingh,0.3681928581196142,0.28736869052588293,0.34443845135450285,1.3919472648847258,1.3206840445893915
E3,33,2027-02-27 15:00:00,Accrington,Port Vale,,,,,,,,,,,,,,,,,,,,0.3085263263033273,0.2859445985365132,0.40552907516015946,1.2115235774464952,1.5025318240169916,1.5948921565577052,1.6781043927941206,1.2054809263131336,1.4135437258319354,,,,,,,,,,,,,,E3-Accringt-PortVale,0.3157673053678501,0.28729204424578225,0.3969406503863677,1.2345939603493326,1.4781139954048854
E3,33,2027-02-27 15:00:00,Barnet,Walsall,,,,,,,,,,,,,,,,,,,,0.45073967393622627,0.2799883967674707,0.269271929296303,1.6322074185761495,1.0878041846563797,1.6725444049384897,1.5201178162782665,1.516248503466622,1.1238263359232465,,,,,,,,,,,,,,E3-Barnet-Walsall,0.4534503070312709,0.27445941691497955,0.27209027605374947,1.6348103380087924,1.090730245076228
E3,33,2027-02-27 15:00:00,Cheltenham,Exeter,,,,,,,,,,,,,,,,,,,,0.3790943905878349,0.28778770562906414,0.33311790378310097,1.4250708773925689,1.287141416978367,1.6688102153271522,1.6291158123758944,1.3554846531839873,1.2571149337599374,,,,,,,,,,,,,,E3-Cheltenh-Exeter,0.36976776207685635,0.28977446750794394,0.3404577704151997,1.399077753738513,1.311147778753543
E3,33,2027-02-27 15:00:00,Chesterfield,Bristol Rovers,,,,,,,,,,,,,,,,,,,,0.3882218708874303,0.2872955666074414,0.3244825625051283,1.4519611792697322,1.2607432541228263,1.6731011384879628,1.6181650763373827,1.3753882022026125,1.2389229435523241,,,,,,,,,,,,,,E3-Chesterf-BristolR,0.40271516997860657,0.28132719389007066,0.31595763613132277,1.4894727038258906,1.229200102284039
E3,33,2027-02-27 15:00:00,Crawley,Rotherham,,,,,,,,,,,,,,,,,,,,0.3504523205282658,0.2882918802163747,0.3612557992553595,1.339648841801172,1.3720592779824532,1.647703745631545,1.6570474112168794,1.2938750933138665,1.316974110411016,,,,,,,,,,,,,,E3-Crawley-Rotherha,0.33805764061570476,0.28333652923569685,0.3786058301485984,1.2975094510828111,1.419154019681492
E3,33,2027-02-27 15:00:00,Gillingham,Colchester,,,,,,,,,,,,,,,,,,,,0.41206075331016373,0.285296670769652,0.30264257592018434,1.5214789307001433,1.1932243985302051,1.6789453139966746,1.5852953888035415,1.4280964503082831,1.1931967197538775,,,,,,,,,,,,,,E3-Gillingh-Colchest,0.4102922099383664,0.2848066132028039,0.3049011768588297,1.5156832430179032,1.1995101437792932
E3,33,2027-02-27 15:00:00,Grimsby,Swindon,,,,,,,,,,,,,,,,,,,,0.44054811125630533,0.2816245184266893,0.2778273703170054,1.6032688521956053,1.1151066293777054,1.676086507312823,1.5386080563976305,1.4926688045966743,1.1415794279029152,,,,,,,,,,,,,,E3-Grimsby-Swindon,0.47132249291407724,0.274017567411998,0.25465993967392475,1.6879850461542296,1.0379973864337724
E3,33,2027-02-27 15:00:00,Newport,Crewe,,,,,,,,,,,,,,,,,,,,0.3251228886617974,0.28733771362829574,0.38753939770990686,1.262706379613688,1.4499559067580163,1.6190163104673652,1.6728201614749967,1.2402694587352252,1.373894993542506,,,,,,,,,,,,,,E3-Newport-Crewe,0.3283693435589763,0.2902159191869463,0.38141473725407743,1.275323949863875,1.4344601309491785
E3,33,2027-02-27 15:00:00,Northampton,Salford,,,,,,,,,,,,,,,,,,,,0.31142089584258936,0.2862332853234806,0.40234581883393006,1.2204959728512486,1.4932707418252709,1.5994109281606692,1.6774881464374563,1.2115328182130425,1.406482741848731,,,,,,,,,,,,,,E3-Northamp-Salford,0.3065674865802919,0.2927447406890051,0.40068777273070305,1.212447200429881,1.4948080588811143
E3,33,2027-02-27 15:00:00,Oldham,Shrewsbury,,,,,,,,,,,,,,,,,,,,0.4678456912657387,0.27687652636300303,0.25527778237125826,1.6804136001602192,1.042709873476778,1.6636978801512217,1.4871326874583695,1.5564582719688964,1.0947932435377568,,,,,,,,,,,,,,E3-Oldham-Shrewsbu,0.46328155003779914,0.2788429550099268,0.2578754949522741,1.6686876051233241,1.052469439866749
E3,33,2027-02-27 15:00:00,Tranmere,Fleetwood,,,,,,,,,,,,,,,,,,,,0.40705476787619355,0.2857999153433483,0.30714531678045814,1.506964218971929,1.2072358656847229,1.678351668967414,1.5926893309719292,1.416935169648359,1.2025955996440416,,,,,,,,,,,,,,E3-Tranmere-Fleetwoo,0.4088417485247864,0.28259083941629626,0.30856741205891736,1.5091160849906555,1.2082930755930483
E3,33,2027-02-27 15:00:00,York,Rochdale,,,,,,,,,,,,,,,,,,,,0.4558069967409798,0.27911380081782955,0.26507920244119065,1.6465347910407688,1.0743514081414016,1.6702999533789793,1.5105956746131328,1.5280748090928173,1.1151286506788403,,,,,,,,,,,,,,E3-York-Rochdale,0.4882251388272123,0.2707971556028582,0.24097770556992948,1.735472572084495,0.9937302723126467
E3,34,2027-03-06 15:00:00,Bristol Rovers,York,,,,,,,,,,,,,,,,,,,,0.43692982090431454,0.2821653255293011,0.28090485356638434,1.5929547882422448,1.1248798862284541,1.677028756284237,1.5449542491854205,1.4843610619970014,1.1479686739474997,,,,,,,,,,,,,,E3-BristolR-York,0.4353863820198943,0.27760343468542387,0.2870101832946818,1.583762580745107,1.1386339845694693
E3,34,2027-03-06 15:00:00,Colchester,Accrington,,,,,,,,,,,,,,,,,,,,0.4758569147670882,0.27526560153077756,0.2488774837021343,1.7028363458320421,1.0218980526371804,1.6583262137479493,1.4708873248663248,1.5755810069737168,1.0815058016426224,,,,,,,,,,,,,,E3-Colchest-Accringt,0.46892207811676345,0.2725490670510299,0.25852885483220667,1.6793153014013202,1.04813563154765
E3,34,2027-03-06 15:00:00,Crewe,Crawley,,,,,,,,,,,,,,,,,,,,0.4489282326433669,0.28029125861843346,0.27078050873819964,1.6270759565485342,1.0926327848330324,1.6732691840304081,1.5234694347702427,1.5120376482921425,1.1269560661566067,,,,,,,,,,,,,,E3-Crewe-Crawley,0.4612219048479572,0.2742832650975052,0.26449483005453756,1.657948979641377,1.067767755261118
E3,34,2027-03-06 15:00:00,Exeter,Grimsby,,,,,,,,,,,,,,,,,,,,0.33970669040214285,0.2880541806440087,0.3722391289538485,1.3071742518504372,1.404771567505554,1.6367098695625444,1.6648231843566332,1.2710469137726306,1.3406271487983938,,,,,,,,,,,,,,E3-Exeter-Grimsby,0.33692890164128875,0.28948064124951944,0.3735904571091918,1.3002673461733858,1.4102520125770948
E3,34,2027-03-06 15:00:00,Fleetwood,Chesterfield,,,,,,,,,,,,,,,,,,,,0.33879341152145526,0.28802279115161233,0.3731837973269324,1.304403025715978,1.4075741831324096,1.6356962413477112,1.6654118860731342,1.2691129586310215,1.3426700818168984,,,,,,,,,,,,,,E3-Fleetwoo-Chesterf,0.31523347596740003,0.28227647728864463,0.40249004674395533,1.2279769051908447,1.4897466175205105
E3,34,2027-03-06 15:00:00,Port Vale,Oldham,,,,,,,,,,,,,,,,,,,,0.4290122287048941,0.28327424540848545,0.28771352588662047,1.5703109315231676,1.1464148230683469,1.678507882091374,1.558429031837241,1.4662934584114478,1.1621138935217499,,,,,,,,,,,,,,E3-PortVale-Oldham,0.42185029972569493,0.285944841858423,0.292204858415882,1.5514957410355077,1.162559417106069
E3,34,2027-03-06 15:00:00,Rochdale,Newport,,,,,,,,,,,,,,,,,,,,0.48432490124523025,0.27345886578058093,0.24221623297418887,1.7264335695162718,1.0001075647031477,1.6518101070349576,1.45318982157182,1.5960090415356012,1.0676631244898807,,,,,,,,,,,,,,E3-Rochdale-Newport,0.4584296171487043,0.28179764231552396,0.2597727405357717,1.6570864937616367,1.061115863922839
E3,34,2027-03-06 15:00:00,Rotherham,Cheltenham,,,,,,,,,,,,,,,,,,,,0.48382473716317864,0.27356851735186855,0.2426067454849528,1.7250427288414043,1.001388753806727,1.652218735491878,1.454249790465854,1.5947961319134256,1.0684751272600292,,,,,,,,,,,,,,E3-Rotherha-Cheltenh,0.496590636532499,0.2696671790120175,0.2337421844554835,1.7594390886095146,0.9708937323784681
E3,34,2027-03-06 15:00:00,Salford,Barnet,,,,,,,,,,,,,,,,,,,,0.4606687018774581,0.2782371196710334,0.2610941784515085,1.6602432253034078,1.0615196550255588,1.6678478694022942,1.5012607477290287,1.5394876185517752,1.1068617762596782,,,,,,,,,,,,,,E3-Salford-Barnet,0.45026856883079536,0.27951439159805025,0.2702170395711544,1.6303200980904364,1.0901655103115133
E3,34,2027-03-06 15:00:00,Shrewsbury,Tranmere,,,,,,,,,,,,,,,,,,,,0.4047228505198902,0.2860194034537906,0.30925774602631917,1.5001879550134614,1.213792641532748,1.6779611577653308,1.5960465410516167,1.41175347523981,1.2070096018078134,,,,,,,,,,,,,,E3-Shrewsbu-Tranmere,0.4192196531930932,0.2844614500153313,0.2963188967915755,1.5421204095946108,1.1734181403900579
E3,34,2027-03-06 15:00:00,Swindon,Northampton,,,,,,,,,,,,,,,,,,,,0.4184621854778823,0.2845901434824895,0.2969476710396282,1.5399766999161364,1.1754331566013743,1.6792215764988354,1.5754760772012726,1.4424460969085071,1.1813266392775874,,,,,,,,,,,,,,E3-Swindon-Northamp,0.4049672302190486,0.28985344631491494,0.3051793234660365,1.5047551369720609,1.2053914167130244
E3,34,2027-03-06 15:00:00,Walsall,Gillingham,,,,,,,,,,,,,,,,,,,,0.4094358663907787,0.2855659804958271,0.30499815311339423,1.5138735796681633,1.2005604398360097,1.6786755627955374,1.5892039888171423,1.4222375691572458,1.1981120713958597,,,,,,,,,,,,,,E3-Walsall-Gillingh,0.42426537571626427,0.28221955449179437,0.2935150697919414,1.5550156816405871,1.1627647638676186
E3,35,2027-03-13 15:00:00,Accrington,Exeter,,,,,,,,,,,,,,,,,,,,0.3746671802184715,0.2879700477473164,0.33736277203421206,1.4119715884027308,1.3000583638499525,1.666310903257029,1.6340832466390094,1.345880876304487,1.2660853051711638,,,,,,,,,,,,,,E3-Accringt-Exeter,0.374154088777358,0.2886527803793408,0.3371931308433012,1.4111150467114149,1.3002321729092445
E3,35,2027-03-13 15:00:00,Barnet,Shrewsbury,,,,,,,,,,,,,,,,,,,,0.49751019191946716,0.27043723079837734,0.23205257728215556,1.7629678065567789,0.966594962644844,1.6399734711179619,1.42460460452739,1.6282814085758335,1.0465021531446417,,,,,,,,,,,,,,E3-Barnet-Shrewsbu,0.49502364827302314,0.2711357044309469,0.23384064729602994,1.7562066492500166,0.9726576463190367
E3,35,2027-03-13 15:00:00,Cheltenham,Swindon,,,,,,,,,,,,,,,,,,,,0.3417559462729851,0.2881181767324577,0.3701258769945572,1.313386015551413,1.3984958077161291,1.6389388673433076,1.663460545483884,1.2753898403554818,1.336062077713473,,,,,,,,,,,,,,E3-Cheltenh-Swindon,0.3591818017338184,0.285947740119044,0.3548704581471376,1.3634931453204993,1.3505591145604567
E3,35,2027-03-13 15:00:00,Chesterfield,Salford,,,,,,,,,,,,,,,,,,,,0.3478316775685084,0.28825607017505717,0.3639122522564344,1.3317511028805824,1.3799928269443604,1.6451801682679854,1.6590861380650797,1.2882948703619215,1.322678556906226,,,,,,,,,,,,,,E3-Chesterf-Salford,0.37372352952918186,0.28629827575905636,0.33997819471176177,1.407468864346602,1.3062328598943418
E3,35,2027-03-13 15:00:00,Crawley,Rochdale,,,,,,,,,,,,,,,,,,,,0.3804522295378132,0.2877243489908402,0.3318234214713466,1.4290810376042797,1.28319461340488,1.6695218027910341,1.62754672636166,1.3584366055574135,1.2543831585727843,,,,,,,,,,,,,,E3-Crawley-Rochdale,0.3915245146500803,0.2837814013030648,0.3246940840468549,1.4583549452533058,1.2578636534436296
E3,35,2027-03-13 15:00:00,Gillingham,Fleetwood,,,,,,,,,,,,,,,,,,,,0.4482284280166971,0.2804068737989099,0.27136469818439307,1.6250921578490012,1.094500968352089,1.673538204446861,1.524756787734787,1.5104132191504456,1.1281680922777146,,,,,,,,,,,,,,E3-Gillingh-Fleetwoo,0.4477049382437931,0.2812891566743458,0.2710059050818611,1.624403971405725,1.0943068719199291
E3,35,2027-03-13 15:00:00,Grimsby,Walsall,,,,,,,,,,,,,,,,,,,,0.44268250151945615,0.2812955966025469,0.2760219018779969,1.6093431011609152,1.1093613022365376,1.675452893023421,1.5348102146045726,1.4975848584565243,1.1378320169156997,,,,,,,,,,,,,,E3-Grimsby-Walsall,0.4486161435337646,0.27584309075476526,0.2755407657114702,1.6216915213560592,1.102465387889176
E3,35,2027-03-13 15:00:00,Newport,Bristol Rovers,,,,,,,,,,,,,,,,,,,,0.26894105098306276,0.27992113738307306,0.4511378116338642,1.0867442903322613,1.6333345722846655,1.519377443660868,1.6723796170675187,1.1231399118322714,1.517175181870372,,,,,,,,,,,,,,E3-Newport-BristolR,0.2671811323540618,0.2800577393330417,0.4527611283128965,1.0816011363952271,1.6383411242717312
E3,35,2027-03-13 15:00:00,Northampton,Crewe,,,,,,,,,,,,,,,,,,,,0.41216353383073434,0.2852858829660995,0.30255058320316613,1.5217764844583026,1.192937632575598,1.6789540187924379,1.5851409365795222,1.4283261550724564,1.1930048287280428,,,,,,,,,,,,,,E3-Northamp-Crewe,0.3978678937679703,0.2917677771132192,0.3103643291188105,1.4853714584171303,1.2228607644696508
E3,35,2027-03-13 15:00:00,Oldham,Colchester,,,,,,,,,,,,,,,,,,,,0.42620706993999413,0.2836423198308964,0.2901506102291095,1.562263529650879,1.1540941505182247,1.678838613213621,1.563064503632499,1.4599278736463623,1.1671809482916682,,,,,,,,,,,,,,E3-Oldham-Colchest,0.4372134254178268,0.2789297355274552,0.283856839054718,1.5905700117809356,1.130500252691609
E3,35,2027-03-13 15:00:00,Tranmere,Port Vale,,,,,,,,,,,,,,,,,,,,0.3353987631639519,0.2878905054712666,0.3767107313647815,1.2940867949631223,1.4180226995656111,1.6318187410489078,1.6674987112709565,1.2619325223564812,1.3503099173781652,,,,,,,,,,,,,,E3-Tranmere-PortVale,0.3301987929946799,0.28825170272843204,0.38154950427688805,1.2788480817124719,1.4329002155590964
E3,35,2027-03-13 15:00:00,York,Rotherham,,,,,,,,,,,,,,,,,,,,0.4242294126788411,0.2838939331102409,0.291876654210918,1.5565821711467644,1.159523895742995,1.679010591687836,1.5662881562094915,1.4554510148776871,1.170771109835806,,,,,,,,,,,,,,E3-York-Rotherha,0.4319971393031229,0.27984988539187583,0.2881529753050013,1.5758413033012446,1.1443088113068796
E3,36,2027-03-20 15:00:00,Bristol Rovers,Cheltenham,,,,,,,,,,,,,,,,,,,,0.5293181639740716,0.262139083979949,0.20854275204597938,1.850093575902164,0.8877673401178872,1.603156320152137,1.350893002213775,1.7086992605140476,0.9972498024534556,,,,,,,,,,,,,,E3-BristolR-Cheltenh,0.5441777503912024,0.2554277023057556,0.20039454730304196,1.8879609534793629,0.8566113442148815
E3,36,2027-03-20 15:00:00,Colchester,Tranmere,,,,,,,,,,,,,,,,,,,,0.4459349991314747,0.28078033156612725,0.27328466930239803,1.6185853289605514,1.1006343394733213,1.6743768566230637,1.5289464060598352,1.5050985834181687,1.1321517532294225,,,,,,,,,,,,,,E3-Colchest-Tranmere,0.45268362920720895,0.275394014739585,0.271922356053206,1.6334449023612119,1.091161082899203
E3,36,2027-03-20 15:00:00,Crewe,Gillingham,,,,,,,,,,,,,,,,,,,,0.39784294136568543,0.28661095926588553,0.31554609936842903,1.480139783362942,1.2332492573711726,1.676383653263358,1.605622122775198,1.3965286102483245,1.220168342771726,,,,,,,,,,,,,,E3-Crewe-Gillingh,0.40538112071337773,0.2878910287890291,0.30672785049759316,1.5040343909291622,1.2080745802818085
E3,36,2027-03-20 15:00:00,Exeter,Oldham,,,,,,,,,,,,,,,,,,,,0.35955742098746535,0.2883074350365472,0.35213514397598744,1.3669796979989433,1.3447128669645094,1.6556907291824534,1.6492710362405236,1.313332277479235,1.297462972029134,,,,,,,,,,,,,,E3-Exeter-Oldham,0.3610717699202111,0.290226137247867,0.34870209283192194,1.3734414470085003,1.3363324157436327
E3,36,2027-03-20 15:00:00,Fleetwood,Crawley,,,,,,,,,,,,,,,,,,,,0.419783347629726,0.28443561810496737,0.2957810342653066,1.5437856609941454,1.1717787209008872,1.679211579681371,1.5733995557366074,1.4454187306433326,1.1788971347019817,,,,,,,,,,,,,,E3-Fleetwoo-Crawley,0.4230200542635059,0.2789095870595888,0.29807035867690534,1.5479697498501066,1.1731206630903048
E3,36,2027-03-20 15:00:00,Port Vale,Barnet,,,,,,,,,,,,,,,,,,,,0.40014631658595556,0.28642227959800304,0.3134314038160414,1.4868612293558696,1.2267164910461272,1.6769828135099552,1.6024715645378524,1.401615574837591,1.2157399151314705,,,,,,,,,,,,,,E3-PortVale-Barnet,0.3928690467719088,0.28772935875924066,0.3194015944688505,1.4663364990749672,1.2459341421657921
E3,36,2027-03-20 15:00:00,Rochdale,Northampton,,,,,,,,,,,,,,,,,,,,0.39300407397306003,0.286976287974395,0.32001963805254496,1.4659885098935752,1.24703520213203,1.6748906425919503,1.612056235090827,1.385874831915733,1.229548268543497,,,,,,,,,,,,,,E3-Rochdale-Northamp,0.38246856755772257,0.29386237615069116,0.3236690562915862,1.4412680788238588,1.2648695450254497
E3,36,2027-03-20 15:00:00,Rotherham,Grimsby,,,,,,,,,,,,,,,,,,,,0.3823883537144803,0.28762801941509203,0.32998362687042765,1.434793080558533,1.2775789000263749,1.6704920188267702,1.6252728154563387,1.3626510970263064,1.250503524870463,,,,,,,,,,,,,,E3-Rotherha-Grimsby,0.38357348265222,0.28622616317383937,0.3302003541739406,1.4369466111304994,1.2768272256956612
E3,36,2027-03-20 15:00:00,Salford,Accrington,,,,,,,,,,,,,,,,,,,,0.5769837186621962,0.2471789844462848,0.17583729689151897,1.9781301404328735,0.7746908751208418,1.527033599917071,1.2295687044744599,1.8372304352674051,0.9274830022897951,,,,,,,,,,,,,,E3-Salford-Accringt,0.5654946737087121,0.25051341023424867,0.18399191605703924,1.9469974313603848,0.8024891584053664
E3,36,2027-03-20 15:00:00,Shrewsbury,Chesterfield,,,,,,,,,,,,,,,,,,,,0.3340198895451473,0.2878297027621931,0.3781504076926596,1.289889371397635,1.4222809258401719,1.630194118223933,1.6683003399873537,1.259019438384031,1.3534342267082928,,,,,,,,,,,,,,E3-Shrewsbu-Chesterf,0.32234721111207676,0.28613802255274745,0.3915147663351758,1.2531796558889776,1.460682321558275
E3,36,2027-03-20 15:00:00,Swindon,Newport,,,,,,,,,,,,,,,,,,,,0.5106962645968691,0.2671673942286108,0.22213634117452008,1.7992561880192182,0.933576417752171,1.6261109454749842,1.3948295370163153,1.6611579628813808,1.0257904654920997,,,,,,,,,,,,,,E3-Swindon-Newport,0.48246941743785443,0.2749405604484053,0.24259002211374026,1.7223488127619686,1.002710626789626
E3,36,2027-03-20 15:00:00,Walsall,York,,,,,,,,,,,,,,,,,,,,0.3852651757587392,0.28747195582534857,0.32726286841591223,1.4432674831015664,1.2692605610730854,1.671837509875671,1.6218153996729954,1.3689250592086388,1.2447723040332566,,,,,,,,,,,,,,E3-Walsall-York,0.38189629009565196,0.2808543328248662,0.3372493770794818,1.4265432031118221,1.2926024640633118
E3,37,2027-03-26 15:00:00,Barnet,Newport,,,,,,,,,,,,,,,,,,,,0.5517719578152067,0.2554575057386965,0.19277053644609676,1.9107733791843167,0.8337691150769868,1.5703502194761056,1.2952213964973058,1.7679296902973511,0.9638392348699122,,,,,,,,,,,,,,E3-Barnet-Newport,0.5497748771863997,0.25602498706902194,0.19420013574457834,1.905349618628221,0.8386253943027568
E3,37,2027-03-26 15:00:00,Bristol Rovers,Northampton,,,,,,,,,,,,,,,,,,,,0.46889309527915835,0.2766714039503777,0.25443550077046395,1.6833506897878527,1.0399779062617696,1.663039716653563,1.4850368653719392,1.5589474957675125,1.093045150414815,,,,,,,,,,,,,,E3-BristolR-Northamp,0.4838551692870692,0.27628668115526067,0.23985814955767015,1.7278521890164682,0.9958611298282711
E3,37,2027-03-26 15:00:00,Cheltenham,Walsall,,,,,,,,,,,,,,,,,,,,0.34373580457759556,0.2881715917118014,0.36809260371060304,1.319379005444588,1.3924494028436105,1.6410328729022112,1.6620896856277014,1.2795902933482588,1.3316762473566464,,,,,,,,,,,,,,E3-Cheltenh-Walsall,0.337388270067573,0.2829886631110928,0.37962306682133423,1.2951534733138117,1.4218578635750954
E3,37,2027-03-26 15:00:00,Chesterfield,Rochdale,,,,,,,,,,,,,,,,,,,,0.46391748540947675,0.2776309757953562,0.258451538795167,1.6693834320237864,1.0529855921808573,1.6660473013651305,1.494916167611389,1.5471512608162563,1.101379059149648,,,,,,,,,,,,,,E3-Chesterf-Rochdale,0.5024259681290106,0.26761380874663093,0.22996022312435843,1.7748917131336628,0.9574944781197061
E3,37,2027-03-26 15:00:00,Crawley,Swindon,,,,,,,,,,,,,,,,,,,,0.35573951372128143,0.28832133022744216,0.3559391560512764,1.3555398713912865,1.3561387983812714,1.6524886107874692,1.6526612942139314,1.305160107147125,1.3055869472785804,,,,,,,,,,,,,,E3-Crawley-Swindon,0.37145602955585433,0.2824347950912198,0.34610917535292585,1.3968028837587827,1.3207623211499975
E3,37,2027-03-26 15:00:00,Exeter,Gillingham,,,,,,,,,,,,,,,,,,,,0.37315402520019236,0.2880238065764451,0.33882216822336253,1.4074858821770222,1.3044903112465327,1.6653935248505463,1.6357283484506324,1.3426056754342406,1.2691738394811067,,,,,,,,,,,,,,E3-Exeter-Gillingh,0.3831062994941564,0.2922325485529136,0.32466115195293,1.441551447035383,1.2662160044117035
E3,37,2027-03-26 15:00:00,Fleetwood,Port Vale,,,,,,,,,,,,,,,,,,,,0.33668989786931613,0.28794372822969994,0.37536637390098393,1.2980134218376485,1.4140428499326516,1.633313965782864,1.6667239118928998,1.2646620820280088,1.3473955013085155,,,,,,,,,,,,,,E3-Fleetwoo-PortVale,0.33110256647625136,0.2900509846478204,0.3788464488759282,1.2833586840765745,1.4265903312756052
E3,37,2027-03-26 15:00:00,Oldham,Crewe,,,,,,,,,,,,,,,,,,,,0.43329541919543324,0.28268711866192364,0.2840174621426431,1.5825733762482233,1.134739505089853,1.677807400211123,1.5512105335341473,1.476048786685989,1.1544333868705008,,,,,,,,,,,,,,E3-Oldham-Crewe,0.43544276786574515,0.28167348308392487,0.28288374905033004,1.5880017866811604,1.130324730234915
E3,37,2027-03-26 15:00:00,Rotherham,Colchester,,,,,,,,,,,,,,,,,,,,0.420740152167329,0.2843218616929705,0.2949379861397004,1.5465423181949576,1.1691358201120718,1.6791900892310978,1.5718851710811477,1.4475739653285848,1.1771419221491795,,,,,,,,,,,,,,E3-Rotherha-Colchest,0.43599659778289834,0.2803583525511776,0.2836450496659241,1.5883481458998725,1.1312935015489498
E3,37,2027-03-26 15:00:00,Salford,York,,,,,,,,,,,,,,,,,,,,0.47965236379154896,0.2744689055538898,0.24587873065456123,1.7134259969285366,1.0121050975175736,1.6555115327272811,1.4630207530238837,1.584709168255926,1.0752761668409865,,,,,,,,,,,,,,E3-Salford-York,0.46061152755543333,0.2766116875486033,0.26277678489596334,1.6584462702149034,1.0649420422364932
E3,37,2027-03-26 15:00:00,Shrewsbury,Accrington,,,,,,,,,,,,,,,,,,,,0.43409056606546437,0.28257480308982846,0.28333463084470717,1.5848465012862216,1.13257869562395,1.6776514650398302,1.5498519789109446,1.4778646306778083,1.1530149410358894,,,,,,,,,,,,,,E3-Shrewsbu-Accringt,0.4350177952168387,0.2824404264096548,0.2825417783735065,1.5874938120601707,1.1300657615301744
E3,37,2027-03-26 15:00:00,Tranmere,Grimsby,,,,,,,,,,,,,,,,,,,,0.3350132099328341,0.2878739171625664,0.3771128729045995,1.2929135469610686,1.4192125358763648,1.6313673666426218,1.6677255513153404,1.2611177787768322,1.3511822834285332,,,,,,,,,,,,,,E3-Tranmere-Grimsby,0.3217947974495982,0.28291717363906027,0.39528802891134146,1.248301565987855,1.4687812603730848
E3,38,2027-03-29 15:00:00,Accrington,Tranmere,,,,,,,,,,,,,,,,,,,,0.37955118013417405,0.2877667794903624,0.3326820403754636,1.4264203198928846,1.2858129006167534,1.6690524716946094,1.6285903274770661,1.3564773750090346,1.2561949291551218,,,,,,,,,,,,,,E3-Accringt-Tranmere,0.3959011728779518,0.2820930491376512,0.322005777984397,1.4697965677715066,1.2481103830908422
E3,38,2027-03-29 15:00:00,Colchester,Barnet,,,,,,,,,,,,,,,,,,,,0.36277783274970404,0.28827307065537544,0.34894909659492057,1.3766065689044877,1.3351203604401372,1.658227919851726,1.646268563147859,1.320241274964692,1.2906731764204016,,,,,,,,,,,,,,E3-Colchest-Barnet,0.356104785878827,0.2836669196903924,0.3602282944307806,1.3519812773268733,1.3643518029827342
E3,38,2027-03-29 15:00:00,Crewe,Fleetwood,,,,,,,,,,,,,,,,,,,,0.4374037515746637,0.2820956967469104,0.2805005516784259,1.5943069514709016,1.123597351782188,1.6769148054104432,1.5441296529207977,1.4854473759442746,1.1471291596020323,,,,,,,,,,,,,,E3-Crewe-Fleetwoo,0.44700354677046344,0.28027027335570265,0.27272617987383396,1.6212809136670931,1.0984488129772045
E3,38,2027-03-29 15:00:00,Gillingham,Crawley,,,,,,,,,,,,,,,,,,,,0.4598029326220962,0.278395913271313,0.2618011541065907,1.6578047111376015,1.063799375591085,1.6683058466001528,1.502937188722647,1.537450392937568,1.1083284428736655,,,,,,,,,,,,,,E3-Gillingh-Crawley,0.4619107820208955,0.27526363355518957,0.2628255844239149,1.660995979617876,1.0637403868269342
E3,38,2027-03-29 15:00:00,Grimsby,Salford,,,,,,,,,,,,,,,,,,,,0.3503533294422988,0.28829078446922646,0.36135588608847474,1.3393507727961227,1.3723584427346507,1.6476102568603446,1.6571260639204235,1.2936641511885774,1.3171888534086833,,,,,,,,,,,,,,E3-Grimsby-Salford,0.36414212640576005,0.2883115785617692,0.34754629503247075,1.3807379577790493,1.3309504636591813
E3,38,2027-03-29 15:00:00,Newport,Exeter,,,,,,,,,,,,,,,,,,,,0.3486715364501694,0.2882690885616909,0.3630593749881397,1.3342836979121993,1.3774472135261102,1.6459999300989627,1.6584426374041032,1.2900822745149947,1.3208459907261474,,,,,,,,,,,,,,E3-Newport-Exeter,0.34659054141740187,0.2936342532149049,0.35977520536769325,1.3334058774671105,1.3729598693179845
E3,38,2027-03-29 15:00:00,Northampton,Chesterfield,,,,,,,,,,,,,,,,,,,,0.36981467602344625,0.28812687195776526,0.34205845201878854,1.397570900028104,1.3143022280141308,1.663254535563417,1.6392625935639538,1.3353903996988001,1.2760313391382325,,,,,,,,,,,,,,E3-Northamp-Chesterf,0.3415949987427386,0.2897382771450058,0.36866672411225565,1.3145232733732217,1.3957384494817728
E3,38,2027-03-29 15:00:00,Port Vale,Cheltenham,,,,,,,,,,,,,,,,,,,,0.5105707989864283,0.26719965577501786,0.22222954523855382,1.7989120527343028,0.9338882914906792,1.62625227318013,1.3951182219386227,1.6608421686460881,1.0259855103444862,,,,,,,,,,,,,,E3-PortVale-Cheltenh,0.5092468088472686,0.2688383052369544,0.22191488591577702,1.79657873177876,0.9345829629842854
E3,38,2027-03-29 15:00:00,Rochdale,Rotherham,,,,,,,,,,,,,,,,,,,,0.377725888341471,0.28784804008567494,0.33442607157285414,1.4210257051100879,1.2911262548042373,1.6680669805752912,1.6306756783965461,1.35251260529142,1.2598773522209403,,,,,,,,,,,,,,E3-Rochdale-Rotherha,0.3533881773834523,0.2899333935858131,0.3566784290307346,1.35009792573617,1.359968680678017
E3,38,2027-03-29 15:00:00,Swindon,Shrewsbury,,,,,,,,,,,,,,,,,,,,0.45660497669753164,0.27897241914775495,0.2644226041547134,1.6487873492403498,1.0722402316118953,1.6699174864105206,1.5090767422530451,1.529943550646817,1.1137665826164609,,,,,,,,,,,,,,E3-Swindon-Shrewsbu,0.4285562214054805,0.28469967256244416,0.2867441060320753,1.5703683367788857,1.1449319906586701
E3,38,2027-03-29 15:00:00,Walsall,Bristol Rovers,,,,,,,,,,,,,,,,,,,,0.3578005460707532,0.2883174645401822,0.3538819893890646,1.3617191027524418,1.3499634327073762,1.6542434643760455,1.6508540993946812,1.3095692374610364,1.3011912247600417,,,,,,,,,,,,,,E3-Walsall-BristolR,0.35838074708113654,0.2831196332922493,0.35849961962661414,1.3582618745356592,1.3586184921720919
E3,38,2027-03-29 15:00:00,York,Oldham,,,,,,,,,,,,,,,,,,,,0.4187685102968697,0.28455457906498743,0.2966769106381429,1.5408601099555965,1.1745853109794162,1.6792212932844413,1.5749961220396616,1.4431349897346732,1.1807627229059756,,,,,,,,,,,,,,E3-York-Oldham,0.4328619560619825,0.27847226872420844,0.28866577521380904,1.5770581369101562,1.1444695943656356
E3,39,2027-04-03 15:00:00,Barnet,Gillingham,,,,,,,,,,,,,,,,,,,,0.4517658120102356,0.27981453944502205,0.2684196485447424,1.6351119754757288,1.0850734850792492,1.6721156751930022,1.518206908325676,1.518637736484986,1.1220582493518503,,,,,,,,,,,,,,E3-Barnet-Gillingh,0.46417855481657183,0.2770336206177759,0.2587878245656523,1.6695692850674915,1.0533970943147328
E3,39,2027-04-03 15:00:00,Bristol Rovers,Port Vale,,,,,,,,,,,,,,,,,,,,0.42664358668552615,0.2835859028735938,0.28977051044088004,1.5635166629301722,1.152897434196234,1.6787938277830277,1.5623480030652546,1.4609172356864595,1.1663905102737187,,,,,,,,,,,,,,E3-BristolR-PortVale,0.4366029501151516,0.28340361501445127,0.27999343487039713,1.593212465359906,1.1233839196256425
E3,39,2027-04-03 15:00:00,Cheltenham,Northampton,,,,,,,,,,,,,,,,,,,,0.3512381463610454,0.2882998654841713,0.36046198815478325,1.3420143045673074,1.369685829948521,1.6484407890703061,1.6564184861154516,1.2955500684912176,1.31527143677624,,,,,,,,,,,,,,E3-Cheltenh-Northamp,0.3554735734096064,0.29190378230552183,0.3526226442848718,1.358324502534341,1.349771715160137
E3,39,2027-04-03 15:00:00,Chesterfield,Walsall,,,,,,,,,,,,,,,,,,,,0.43998303627142443,0.2817103720545053,0.2783065916740703,1.6016594808687787,1.1166301470767162,1.6762446058404792,1.5396068117605692,1.4913692161204413,1.1425742073667606,,,,,,,,,,,,,,E3-Chesterf-Walsall,0.4592678286424948,0.27250757998268516,0.26822459137482,1.6503110659101696,1.0771813541071453
E3,39,2027-04-03 15:00:00,Crawley,Colchester,,,,,,,,,,,,,,,,,,,,0.36219972372083764,0.2882807557659862,0.34951952051317614,1.3748799269284993,1.3368393173055146,1.6577834557826092,1.6468170800906967,1.3189999292029906,1.291887863124941,,,,,,,,,,,,,,E3-Crawley-Colchest,0.36421673806791416,0.2811476244109628,0.354635637521123,1.3737978386147052,1.3450545369743316
E3,39,2027-04-03 15:00:00,Exeter,Swindon,,,,,,,,,,,,,,,,,,,,0.3701402078772818,0.2881177717988438,0.34174202032387446,1.3985383954306894,1.313343832770467,1.6634699992005326,1.6389239316374937,1.3360930122304824,1.2753603112969891,,,,,,,,,,,,,,E3-Exeter-Swindon,0.3939608243235734,0.28898977250524716,0.31704940317117947,1.4708722454759675,1.2401379820187857
E3,39,2027-04-03 15:00:00,Fleetwood,York,,,,,,,,,,,,,,,,,,,,0.3462619785623504,0.2882278220949005,0.3655101993427491,1.3270137577819519,1.384758420123148,1.6436201158134776,1.6602637340776856,1.2849565364080076,1.3261148931647093,,,,,,,,,,,,,,E3-Fleetwoo-York,0.32813647106579125,0.2831144594544238,0.38874906947978494,1.2675238726517977,1.4493616678937786
E3,39,2027-04-03 15:00:00,Oldham,Grimsby,,,,,,,,,,,,,,,,,,,,0.387715518259332,0.28732691918786024,0.32495756255280783,1.4504734739658562,1.2621996068462837,1.6728932848432687,1.6187971346402175,1.37428025527658,1.2399217651985128,,,,,,,,,,,,,,E3-Oldham-Grimsby,0.3845517011759331,0.2848273314320526,0.33062096739201424,1.438482434959852,1.2766902336080954
E3,39,2027-04-03 15:00:00,Rotherham,Accrington,,,,,,,,,,,,,,,,,,,,0.48850436660422236,0.27252831076586875,0.23896732262990888,1.7380414105785358,0.9894302786555953,1.6482796653180434,1.4442619381145598,1.6061760887051746,1.0609048484675714,,,,,,,,,,,,,,E3-Rotherha-Accringt,0.4934082039172114,0.2695957474185403,0.23699604866424828,1.7498203591701746,0.9805838934112852
E3,39,2027-04-03 15:00:00,Salford,Rochdale,,,,,,,,,,,,,,,,,,,,0.5280119881848511,0.2625071615603363,0.2094808502548126,1.8465431261148895,0.890949712324774,1.6048935386218468,1.3540434239620522,1.705319830810078,0.9992260508637542,,,,,,,,,,,,,,E3-Salford-Rochdale,0.5346732520478654,0.2629171697349776,0.202409578217157,1.8669369258785737,0.8701459043864486
E3,39,2027-04-03 15:00:00,Shrewsbury,Newport,,,,,,,,,,,,,,,,,,,,0.46164403188058395,0.2780568487679136,0.2602991193515025,1.6629889444096655,1.0589542068224211,1.6673209064643948,1.4993649107845333,1.541785189587098,1.1052123288694609,,,,,,,,,,,,,,E3-Shrewsbu-Newport,0.4580091668019993,0.282789187327179,0.2592016458708217,1.656816687733177,1.060394124939644
E3,39,2027-04-03 15:00:00,Tranmere,Crewe,,,,,,,,,,,,,,,,,,,,0.37864409176622504,0.2878079490950089,0.33354795913876606,1.423740224393684,1.2884518265113072,1.6685685484344566,1.6296314721035796,1.3545063753077375,1.2580228716995585,,,,,,,,,,,,,,E3-Tranmere-Crewe,0.37052428820489763,0.2860548457646512,0.34342086603045124,1.3976277103793442,1.316317443856005
E3,40,2027-04-10 15:00:00,Accrington,Bristol Rovers,,,,,,,,,,,,,,,,,,,,0.29233175324544275,0.2839590290237967,0.4237092177307605,1.160954288760125,1.5550866822160783,1.5671299476422538,1.6790473993948316,1.1717179273063425,1.4542749242706547,,,,,,,,,,,,,,E3-Accringt-BristolR,0.2911984450137409,0.2794139573070466,0.4293875976792125,1.1530092923482693,1.567576750344684
E3,40,2027-04-10 15:00:00,Colchester,Salford,,,,,,,,,,,,,,,,,,,,0.31440126992932504,0.2865100962104832,0.3990886338601918,1.2297139059984583,1.4837759977910585,1.6039252349684234,1.6767165893313578,1.2177705022489678,1.3992784328845769,,,,,,,,,,,,,,E3-Colchest-Salford,0.31585674251887863,0.28590338441489177,0.3982398730662296,1.2334736119715277,1.4806230036135806
E3,40,2027-04-10 15:00:00,Crewe,Cheltenham,,,,,,,,,,,,,,,,,,,,0.46399385299486573,0.2776165328927445,0.25838961411238975,1.6695980918773417,1.0527853752299137,1.6660034214460762,1.4947660136062622,1.5473317699515399,1.1012505741114373,,,,,,,,,,,,,,E3-Crewe-Cheltenh,0.46949138018497694,0.2756508221545059,0.25485779766051714,1.6841249627094368,1.0402242151360575
E3,40,2027-04-10 15:00:00,Gillingham,Oldham,,,,,,,,,,,,,,,,,,,,0.394443358599347,0.2868720412088997,0.3186846001917533,1.4702021170069406,1.2429258417841595,1.6753680037513328,1.610168794759818,1.389039140935656,1.226747288670488,,,,,,,,,,,,,,E3-Gillingh-Oldham,0.38381827148836734,0.2880306436467671,0.32815108486486555,1.4394854581118692,1.2724838982413638
E3,40,2027-04-10 15:00:00,Grimsby,Chesterfield,,,,,,,,,,,,,,,,,,,,0.41108560671675975,0.2853981132116855,0.30351628007155473,1.5186549333619648,1.1959469534263496,1.6788557670378896,1.5867555184459108,1.425918193846188,1.1950194670030336,,,,,,,,,,,,,,E3-Grimsby-Chesterf,0.40282864919696193,0.28145255970684235,0.3157187910961957,1.4899385072977283,1.2286089329954295
E3,40,2027-04-10 15:00:00,Newport,Crawley,,,,,,,,,,,,,,,,,,,,0.36297177624558885,0.2882703443380708,0.34875787941634034,1.3771856730748373,1.3345439825870917,1.6583759524257775,1.6460836176257179,1.3206578279116752,1.2902660810290991,,,,,,,,,,,,,,E3-Newport-Crawley,0.3771399972072269,0.2853316752164328,0.33752832757634027,1.4167516668381135,1.2979166579454535
E3,40,2027-04-10 15:00:00,Northampton,Barnet,,,,,,,,,,,,,,,,,,,,0.35962574816839943,0.288306920255282,0.3520673315763186,1.36718416476048,1.3445089149842377,1.6557461133990654,1.6492086819700573,1.3134787134564208,1.297318321601057,,,,,,,,,,,,,,E3-Northamp-Barnet,0.3455105739925994,0.29096161899190387,0.3635278070154967,1.3274933409697018,1.381545040038394
E3,40,2027-04-10 15:00:00,Port Vale,Shrewsbury,,,,,,,,,,,,,,,,,,,,0.488924144095532,0.2724334422742469,0.23864241363022115,1.739205874560843,0.9883606831649103,1.647913665027088,1.443358324920029,1.6072004101960418,1.0602286990408065,,,,,,,,,,,,,,E3-PortVale-Shrewsbu,0.474586000370489,0.28020497246354015,0.24520902716597093,1.703962973575007,1.015832053961453
E3,40,2027-04-10 15:00:00,Rochdale,Exeter,,,,,,,,,,,,,,,,,,,,0.4218107805229452,0.2841927382805699,0.2939964811964849,1.5496250798494056,1.1661821818700246,1.6791518748887997,1.570180187737803,1.4499880101765812,1.1751821311905088,,,,,,,,,,,,,,E3-Rochdale-Exeter,0.39715760402080325,0.29096317335390703,0.3118792226252897,1.482435985416317,1.2266008412297762
E3,40,2027-04-10 15:00:00,Swindon,Fleetwood,,,,,,,,,,,,,,,,,,,,0.45139567352737475,0.2798774424427862,0.2687268840298391,1.6340644630249104,1.0860580945323033,1.6722718348682708,1.5188972140122006,1.517775590261428,1.1226956151709462,,,,,,,,,,,,,,E3-Swindon-Fleetwoo,0.4400754708578757,0.2801701188426654,0.2797544102994589,1.6003965314162927,1.1194333497410422
E3,40,2027-04-10 15:00:00,Walsall,Rotherham,,,,,,,,,,,,,,,,,,,,0.40081802512446785,0.2863654742733951,0.31281650060213706,1.4888195496467986,1.2248149760798062,1.6771440489831098,1.601542254063253,1.4031009624765574,1.2144528765715745,,,,,,,,,,,,,,E3-Walsall-Rotherha,0.40063867958898336,0.28329913193631046,0.3160621884747062,1.4852151707032606,1.2314856973604291
E3,40,2027-04-10 15:00:00,York,Tranmere,,,,,,,,,,,,,,,,,,,,0.4746260094558281,0.2755193763431701,0.2498546142010018,1.6993974047106544,1.0250832189461754,1.6592019223083154,1.4734152983871336,1.5726302138208867,1.083535077111316,,,,,,,,,,,,,,E3-York-Tranmere,0.5025398141604122,0.26436495471188526,0.23309523112770258,1.7719843971931217,0.963650648094993
E3,41,2027-04-13 19:45:00,Accrington,Oldham,,,,,,,,,,,,,,,,,,,,0.32726692442319427,0.2874722006243248,0.3852608749524809,1.2692729738939077,1.4432548254817676,1.6218206381755889,1.6718355839202452,1.2447808426005076,1.3689156690748263,,,,,,,,,,,,,,E3-Accringt-Oldham,0.3310542442093887,0.28401503061025135,0.38493072518036,1.2771777632384176,1.4388072061513313
E3,41,2027-04-13 19:45:00,Barnet,Bristol Rovers,,,,,,,,,,,,,,,,,,,,0.3986603491087876,0.28654508738250445,0.3147945635087079,1.4825261347088672,1.230928777908628,1.6766044892667789,1.604510502677247,1.3983326735818464,1.2185941387146326,,,,,,,,,,,,,,E3-Barnet-BristolR,0.397256012367695,0.28280764061093094,0.31993634702137413,1.474575677714016,1.2426166816750535
E3,41,2027-04-13 19:45:00,Chesterfield,Crawley,,,,,,,,,,,,,,,,,,,,0.49303685270678155,0.27149049271368747,0.23547265457953098,1.750601050834032,0.9779084564522804,1.6442181278935046,1.434439434728585,1.6172670711104675,1.05362931728399,,,,,,,,,,,,,,E3-Chesterf-Crawley,0.5285973944461488,0.2560405540353921,0.21536205151845905,1.8418327373738386,0.9021267085907692
E3,41,2027-04-13 19:45:00,Colchester,Newport,,,,,,,,,,,,,,,,,,,,0.5037366371123411,0.2689237366605935,0.22733962622706544,1.7801336479976166,0.9509426153417897,1.6336776659383614,1.4106885150310995,1.6437279918071186,1.0366678723567992,,,,,,,,,,,,,,E3-Colchest-Newport,0.49214373045413695,0.2715681388891605,0.23628813065670257,1.7479993302515713,0.9804325308592681
E3,41,2027-04-13 19:45:00,Crewe,Swindon,,,,,,,,,,,,,,,,,,,,0.3947684423923423,0.28684797627555636,0.3183835813321013,1.4711533034525832,1.2419987202718603,1.6754719155471887,1.6097393871075294,1.3897543796165208,1.2261159417754017,,,,,,,,,,,,,,E3-Crewe-Swindon,0.416625396750596,0.2842874430459588,0.2990871602034452,1.5341636332977469,1.1815489236562944
E3,41,2027-04-13 19:45:00,Exeter,Shrewsbury,,,,,,,,,,,,,,,,,,,,0.41716897299053196,0.2847385263742585,0.2980925006352096,1.5362454453458545,1.1790160282798874,1.679209214943163,1.5774922371502647,1.4395400613565532,1.1837114129315947,,,,,,,,,,,,,,E3-Exeter-Shrewsbu,0.41251246342587056,0.29044036909679277,0.29704716747733667,1.5279777593744044,1.1815818715288027
E3,41,2027-04-13 19:45:00,Gillingham,Rotherham,,,,,,,,,,,,,,,,,,,,0.39981964347613197,0.2864496153867655,0.31373074113710253,1.4859085458151615,1.227641838798073,1.6769022001454252,1.6029218012531745,1.4008935004419272,1.2163665542473103,,,,,,,,,,,,,,E3-Gillingh-Rotherha,0.38314614199171926,0.28942212900884046,0.3274317289994403,1.4388605549839983,1.2717173160071613
E3,41,2027-04-13 19:45:00,Grimsby,Port Vale,,,,,,,,,,,,,,,,,,,,0.4088435144265328,0.28562510074348557,0.30553138482998166,1.512155644023084,1.2022192552334305,1.678602038831413,1.590076426559296,1.4209173892419658,1.1992252420170983,,,,,,,,,,,,,,E3-Grimsby-PortVale,0.4184552626482081,0.28594621662975556,0.29559852072203635,1.5413120045743798,1.1727417787958645
E3,41,2027-04-13 19:45:00,Northampton,York,,,,,,,,,,,,,,,,,,,,0.3775179959913585,0.2878568956173996,0.33462510839124193,1.420410883591475,1.2917322207911255,1.6679517813145108,1.6309107409086037,1.352061383567006,1.26029780948592,,,,,,,,,,,,,,E3-Northamp-York,0.3547030505944909,0.2897821426035242,0.3555148068019849,1.353891294386997,1.3563265630094787
E3,41,2027-04-13 19:45:00,Rochdale,Tranmere,,,,,,,,,,,,,,,,,,,,0.42685835741477696,0.2835580286177076,0.2895836139675154,1.5641331008620383,1.1523088705202538,1.6787708881384051,1.5619948212456833,1.4614041736290513,1.166001870494539,,,,,,,,,,,,,,E3-Rochdale-Tranmere,0.41950167165773655,0.28346354026649834,0.2970347880757651,1.5419685552397082,1.1745679044937938
E3,41,2027-04-13 19:45:00,Salford,Cheltenham,,,,,,,,,,,,,,,,,,,,0.5723353692628158,0.2487656396960554,0.1788989910411288,1.965771747484503,0.7854626128194417,1.5355253998531215,1.2419050429290701,1.8242134297741381,0.9341012253215226,,,,,,,,,,,,,,E3-Salford-Cheltenh,0.5684474633089138,0.25023323949563614,0.18131929719545004,1.9555756294223776,0.7941911310819862
E3,41,2027-04-13 19:45:00,Walsall,Fleetwood,,,,,,,,,,,,,,,,,,,,0.4492535594043823,0.2802372474985218,0.2705091930970959,1.6279979257116686,1.0917648267898095,1.6731420360164666,1.5228695483570023,1.5127932572024647,1.12639317493464,,,,,,,,,,,,,,E3-Walsall-Fleetwoo,0.46681076215259387,0.2734326141934574,0.25975662365394875,1.673864900651239,1.0527024851553035
E3,42,2027-04-17 12:30:00,Oldham,Rochdale,,,,,,,,,,,,,,,,,,,,0.4452777919124613,0.28088580867924595,0.27383639940829274,1.6167191844166298,1.1023950069041242,1.6746050146306257,1.5301386521067366,1.5035781436570532,1.1332966013029917,,,,,,,,,,,,,,E3-Oldham-Rochdale,0.4646291494085839,0.2776844620207735,0.2576863885706426,1.6715719102465252,1.0507436277327011
E3,42,2027-04-17 15:00:00,Bristol Rovers,Gillingham,,,,,,,,,,,,,,,,,,,,0.4618069359880923,0.2780265965529458,0.2601664674589619,1.6634474045172227,1.0585259989298315,1.6672317528506917,1.4990475132732055,1.542169203759551,1.1049371209371401,,,,,,,,,,,,,,E3-BristolR-Gillingh,0.47789519201743713,0.27476312532230046,0.2473416826602624,1.7084487013746117,1.0167881733030877
E3,42,2027-04-17 15:00:00,Cheltenham,Colchester,,,,,,,,,,,,,,,,,,,,0.3481226293951186,0.2882607451885478,0.3636166254163336,1.3326286333739035,1.3791106214375486,1.645465335256618,1.6588642677736891,1.2889139806856373,1.3220432282793282,,,,,,,,,,,,,,E3-Cheltenh-Colchest,0.3520659403880236,0.2844873355836174,0.3634467240283591,1.3406851567476883,1.3748275076686944
E3,42,2027-04-17 15:00:00,Crawley,Grimsby,,,,,,,,,,,,,,,,,,,,0.325764920050689,0.2873790561657686,0.3868560237835424,1.2646738163178357,1.4479471275163958,1.6198634749420509,1.6725323861346686,1.241619940365602,1.3724006393600987,,,,,,,,,,,,,,E3-Crawley-Grimsby,0.3143996410997703,0.2798787290037586,0.40572162989647115,1.2230776523030695,1.497043618693172
E3,42,2027-04-17 15:00:00,Fleetwood,Barnet,,,,,,,,,,,,,,,,,,,,0.3289326374680953,0.28756966501929127,0.3834976975126134,1.2743675774235772,1.4380627575571316,1.6239506798437118,1.67102444795999,1.248288782448586,1.3650687436744497,,,,,,,,,,,,,,E3-Fleetwoo-Barnet,0.3191955680487206,0.2837618802761366,0.3970425516751428,1.2413485844222985,1.474889535301565
E3,42,2027-04-17 15:00:00,Newport,Accrington,,,,,,,,,,,,,,,,,,,,0.3816892164566924,0.28766361450207867,0.3306471690412289,1.432731263872156,1.2796051216257656,1.6701476881356045,1.6260988685822488,1.3611285085210219,1.2519023658181518,,,,,,,,,,,,,,E3-Newport-Accringt,0.3824404409042771,0.2874221382369701,0.3301374208587528,1.4347434609498015,1.2778344008132285
E3,42,2027-04-17 15:00:00,Port Vale,Walsall,,,,,,,,,,,,,,,,,,,,0.4422631062026272,0.28136080569001676,0.27637608810735603,1.6081501242978984,1.1104890700120849,1.6755819392343154,1.5355596240399159,1.4966179702697229,1.1385671118815326,,,,,,,,,,,,,,E3-PortVale-Walsall,0.43371310046228573,0.28225767354023745,0.2840292259974768,1.5833969749270946,1.134345351532668
E3,42,2027-04-17 15:00:00,Rotherham,Northampton,,,,,,,,,,,,,,,,,,,,0.42404186684938927,0.28391745443606786,0.29204067871454287,1.5560430549842357,1.1600394905796965,1.6790242671158988,1.5665919431625517,1.4550269281196955,1.1711123464924786,,,,,,,,,,,,,,E3-Rotherha-Northamp,0.43778014065504717,0.28677307319109496,0.2754467861538578,1.6001134951562364,1.1131134316526683
E3,42,2027-04-17 15:00:00,Shrewsbury,Crewe,,,,,,,,,,,,,,,,,,,,0.3750177501528418,0.28795696799239145,0.33702528185476677,1.4130102184509168,1.2990328135566918,1.6665188419212598,1.6336982539882776,1.3466401989966035,1.2653714045293383,,,,,,,,,,,,,,E3-Shrewsbu-Crewe,0.37820446661061236,0.29057820477836993,0.3312173286110177,1.425191604610207,1.284230190611423
E3,42,2027-04-17 15:00:00,Swindon,Salford,,,,,,,,,,,,,,,,,,,,0.3205605929683526,0.2870173778911936,0.3924220291404538,1.2486991567962513,1.464283465312555,1.6128131304226978,1.6746895733675338,1.230683651343639,1.384596275525073,,,,,,,,,,,,,,E3-Swindon-Salford,0.3079837597683816,0.28665157121243817,0.40536466901918017,1.210602850517583,1.5027455782699788
E3,42,2027-04-17 15:00:00,Tranmere,Exeter,,,,,,,,,,,,,,,,,,,,0.403439880899936,0.28613608259669354,0.31042403650337047,1.4964557252965016,1.217408192106805,1.6777152729234386,1.5978697049182682,1.4089072767171236,1.2094479375324598,,,,,,,,,,,,,,E3-Tranmere-Exeter,0.3895022685109201,0.28782644467617907,0.32267128681290075,1.4563332502089394,1.2558403051148814
E3,42,2027-04-17 15:00:00,York,Chesterfield,,,,,,,,,,,,,,,,,,,,0.4005423904853721,0.286388881414823,0.3130687280998049,1.4880160528709392,1.2255950657142378,1.6770786221815621,1.6019241692099802,1.4024913296241044,1.2149807731479567,,,,,,,,,,,,,,E3-York-Chesterf,0.3990661983717797,0.27991639043049116,0.32101741119772914,1.47711498554583,1.2429686240236786
E3,43,2027-04-24 15:00:00,Accrington,Swindon,,,,,,,,,,,,,,,,,,,,0.33748956490113347,0.287974898748194,0.37453553635067255,1.3004435934515943,1.4115815078002116,1.6342274431090995,1.6662323727407278,1.2663535451584953,1.3455957907763658,,,,,,,,,,,,,,E3-Accringt-Swindon,0.3635283147662398,0.2849306202894934,0.3515410649442668,1.375515564588213,1.3395538151222939
E3,43,2027-04-24 15:00:00,Barnet,Crawley,,,,,,,,,,,,,,,,,,,,0.5039447333307816,0.2688722065502568,0.2271830601189616,1.7807064065426017,0.9504213869071416,1.6334595002254257,1.4102189349304166,1.6442466089356766,1.0363408935980727,,,,,,,,,,,,,,E3-Barnet-Crawley,0.5224938499174772,0.2585188741846268,0.21898727589789602,1.8260004239370584,0.9154807018783149
E3,43,2027-04-24 15:00:00,Chesterfield,Cheltenham,,,,,,,,,,,,,,,,,,,,0.5082524721769647,0.26779183223968633,0.223955695583349,1.7925492487705803,0.9396589189897333,1.6288312725643963,1.400434208452873,1.655017467622077,1.0295963839271742,,,,,,,,,,,,,,E3-Chesterf-Cheltenh,0.5364537285860372,0.256436669971336,0.20710960144262675,1.865797855729448,0.8777654742992163
E3,43,2027-04-24 15:00:00,Colchester,Shrewsbury,,,,,,,,,,,,,,,,,,,,0.44972570480004737,0.280158564034078,0.2701157311658746,1.6293356784342201,1.0905057575317019,1.6729551542158045,1.5219973373171585,1.5138903682108895,1.125576881774987,,,,,,,,,,,,,,E3-Colchest-Shrewsbu,0.43784159043467674,0.28207604656897245,0.2800823629963508,1.5956008178730026,1.122323135558025
E3,43,2027-04-24 15:00:00,Crewe,Rotherham,,,,,,,,,,,,,,,,,,,,0.3892950488994942,0.2872275587434984,0.3234773923570074,1.455112705441981,1.2576597358145207,1.6735300133002644,1.6168160788675148,1.3777379248437152,1.2368099689157461,,,,,,,,,,,,,,E3-Crewe-Rotherha,0.38225441034228197,0.2882290264016608,0.32951656325605716,1.4349922574285068,1.2767787161698323
E3,43,2027-04-24 15:00:00,Exeter,Bristol Rovers,,,,,,,,,,,,,,,,,,,,0.3232088923096811,0.2872090099737515,0.38958209771656743,1.2568356869027948,1.4559553031234538,1.616453096888461,1.6736420447295504,1.2362457079734785,1.3783667672288946,,,,,,,,,,,,,,E3-Exeter-BristolR,0.32041599203964233,0.28840697224417944,0.39117703571617823,1.2496549483631063,1.4619380793927141
E3,43,2027-04-24 15:00:00,Gillingham,York,,,,,,,,,,,,,,,,,,,,0.38427837043534874,0.28752722426118293,0.32819440530346833,1.440362335567229,1.272110440171588,1.6713889004586386,1.6230118999988468,1.3667713652284688,1.2467337576355795,,,,,,,,,,,,,,E3-Gillingh-York,0.3648339367033204,0.2863698441642345,0.3487962191324451,1.3808716542741957,1.3327585015615697
E3,43,2027-04-24 15:00:00,Grimsby,Newport,,,,,,,,,,,,,,,,,,,,0.54361907630432,0.2579602641935511,0.19842065950212884,1.8888174931065111,0.8532222426999376,1.582900428667266,1.3157580042747996,1.7461680779580266,0.9758510772872803,,,,,,,,,,,,,,E3-Grimsby-Newport,0.5447680506474746,0.2580660864016469,0.1971658629508785,1.8923702383440706,0.8495636752542823
E3,43,2027-04-24 15:00:00,Northampton,Port Vale,,,,,,,,,,,,,,,,,,,,0.3676429066764825,0.2881823200691712,0.3441747732543463,1.3911110400986186,1.3207066398322103,1.6617785542732526,1.6414892508614005,1.3307070830204184,1.280522228928313,,,,,,,,,,,,,,E3-Northamp-PortVale,0.35705879709181576,0.2964391274332571,0.3465020754749271,1.3676155187087045,1.3359453538580386
E3,43,2027-04-24 15:00:00,Rochdale,Fleetwood,,,,,,,,,,,,,,,,,,,,0.425466322321419,0.2837373293196284,0.29079634835895257,1.5601362962838854,1.156126374396486,1.67890896723,1.5642762709750377,1.4582499793562673,1.168523932194545,,,,,,,,,,,,,,E3-Rochdale-Fleetwoo,0.41654171038234594,0.28538757134080234,0.2980707182768518,1.5350127024878402,1.1795997261713576
E3,43,2027-04-24 15:00:00,Salford,Oldham,,,,,,,,,,,,,,,,,,,,0.4902860306834802,0.2721239007560476,0.2375900685604722,1.7429819928064882,0.9848941064374643,1.6467119496596916,1.4404181169050463,1.6105276403263786,1.0580383455292195,,,,,,,,,,,,,,E3-Salford-Oldham,0.47999736381690394,0.27481715169021903,0.24518548449287703,1.7148092431409308,1.01037360516885
E3,43,2027-04-24 15:00:00,Walsall,Tranmere,,,,,,,,,,,,,,,,,,,,0.4506609961703099,0.2800016586717613,0.26933734515792884,1.631984647182691,1.0880136941455478,1.672576735564538,1.5202639664448792,1.516065428569051,1.1239620453639212,,,,,,,,,,,,,,E3-Walsall-Tranmere,0.47007796270103,0.2713560273753308,0.2585660099236391,1.6815899154784208,1.047054057146248
E3,44,2027-04-27 19:45:00,Bristol Rovers,Crewe,,,,,,,,,,,,,,,,,,,,0.4727276221673249,0.275906324868066,0.2513660529646091,1.6940891913700407,1.0300044837618934,1.6605167360571915,1.4772915649799438,1.5680883680207363,1.0866734520522037,,,,,,,,,,,,,,E3-BristolR-Crewe,0.4807721566824049,0.2730815573901393,0.2461462859274558,1.7153980274373541,1.0115204151725066
E3,44,2027-04-27 19:45:00,Cheltenham,Accrington,,,,,,,,,,,,,,,,,,,,0.4129715035324432,0.285200443745279,0.30182805272227775,1.5241149543426085,1.1906846019121122,1.6790175814864963,1.5839230970151734,1.4301326673177315,1.1914978511720296,,,,,,,,,,,,,,E3-Cheltenh-Accringt,0.4070308228718984,0.28216654340336345,0.31080263372473815,1.5032590120190585,1.214574444577578
E3,44,2027-04-27 19:45:00,Crawley,Walsall,,,,,,,,,,,,,,,,,,,,0.35774886549615803,0.28831766591984687,0.3539334685839951,1.3615642624083208,1.3501180716718322,1.6542002147177546,1.6509000757209364,1.3094586074994496,1.3013011562495806,,,,,,,,,,,,,,E3-Crawley-Walsall,0.3492332731314976,0.27997457234937717,0.3707921545191253,1.32767439174387,1.392351035906753
E3,44,2027-04-27 19:45:00,Fleetwood,Salford,,,,,,,,,,,,,,,,,,,,0.2825583847037699,0.2824456554058698,0.4349959598903603,1.1301208095171795,1.5874335350769506,1.548298073636034,1.6774640661322082,1.1514026158550608,1.4799341051822832,,,,,,,,,,,,,,E3-Fleetwoo-Salford,0.281346979613206,0.28319860128493585,0.43545441910185817,1.1272395401245539,1.5895618585905105
E3,44,2027-04-27 19:45:00,Newport,Gillingham,,,,,,,,,,,,,,,,,,,,0.31535540436369647,0.28659436807780886,0.3980502275584947,1.2326605811688982,1.4807450507532929,1.605340898983431,1.676440510773889,1.2197688616485536,1.3969859811776089,,,,,,,,,,,,,,E3-Newport-Gillingh,0.3262936640294358,0.29141371760605317,0.382292618364511,1.2702947096943606,1.4382915726995862
E3,44,2027-04-27 19:45:00,Oldham,Northampton,,,,,,,,,,,,,,,,,,,,0.4295185762300374,0.2832064145693828,0.2872750092005798,1.571762143259495,1.1450314421711223,1.678437365656038,1.557584493814121,1.4674444416287948,1.161202394898603,,,,,,,,,,,,,,E3-Oldham-Northamp,0.4390308129796829,0.28531798008482173,0.27565120693549533,1.6024104190238704,1.1122716008913078
E3,44,2027-04-27 19:45:00,Port Vale,Colchester,,,,,,,,,,,,,,,,,,,,0.44698195531306495,0.28061088303445136,0.2724071616524837,1.6215567489736462,1.0978323679919024,1.674002190710055,1.5270394296960965,1.5075230217466173,1.1303309968863655,,,,,,,,,,,,,,E3-PortVale-Colchest,0.4489714324799751,0.2808965770633339,0.27013199045669095,1.6278108745032591,1.0912925484334066
E3,44,2027-04-27 19:45:00,Rotherham,Exeter,,,,,,,,,,,,,,,,,,,,0.4533531405805288,0.2795423438015733,0.26710451561789794,1.6396017655431594,1.080855890655267,1.6714266594540863,1.5152335279984641,1.5223392125111506,1.119330032358027,,,,,,,,,,,,,,E3-Rotherha-Exeter,0.4533011276973933,0.2824893450580325,0.2642095272445742,1.6423927281502124,1.0751179267917552
E3,44,2027-04-27 19:45:00,Shrewsbury,Grimsby,,,,,,,,,,,,,,,,,,,,0.331544111219215,0.2877102003715601,0.3807456884092249,1.2823425340292052,1.429947265599235,1.627204826764052,1.669672213659855,1.2537939485034528,1.359074991575705,,,,,,,,,,,,,,E3-Shrewsbu-Grimsby,0.3298279450646807,0.28845935527687544,0.38171269965844384,1.2779431904709175,1.433597454252207
E3,44,2027-04-27 19:45:00,Swindon,Rochdale,,,,,,,,,,,,,,,,,,,,0.434134169731806,0.2825686140727758,0.28329721619541826,1.5849711232681938,1.1324602626590305,1.6776426800649906,1.5497773133297794,1.4779642507676505,1.152937223694651,,,,,,,,,,,,,,E3-Swindon-Rochdale,0.4297853396311684,0.2835805383391858,0.28663412202964583,1.572936557232691,1.1434829044281234
E3,44,2027-04-27 19:45:00,Tranmere,Chesterfield,,,,,,,,,,,,,,,,,,,,0.3374991351636221,0.2879752635038847,0.37452560133249324,1.3004726689947512,1.4115520675013644,1.6342383171741524,1.6662264362289476,1.266373792493505,1.3455742768055896,,,,,,,,,,,,,,E3-Tranmere-Chesterf,0.314213548538822,0.2804286675229965,0.4053577839381815,1.2230693131394625,1.4965020193375411
E3,44,2027-04-27 19:45:00,York,Barnet,,,,,,,,,,,,,,,,,,,,0.39008946237343145,0.2871758553692942,0.32273468225727436,1.4574442424895886,1.2553799021411174,1.6738372967641264,1.6158092969849218,1.3794786211462597,1.2352492991765855,,,,,,,,,,,,,,E3-York-Barnet,0.4031430251926896,0.28064841867291496,0.3162085561343955,1.4900774942509838,1.2292740870761016
E3,45,2027-05-01 15:00:00,Accrington,Fleetwood,,,,,,,,,,,,,,,,,,,,0.37820356349849404,0.28782738264556806,0.3339690538559379,1.4224380731410502,1.2897345442133816,1.668329382210791,1.6301336728117102,1.3535496475229487,1.2589120784142565,,,,,,,,,,,,,,E3-Accringt-Fleetwoo,0.39309766857456985,0.2839129628932571,0.322989368532173,1.4632059686169665,1.2528810684897762
E3,45,2027-05-01 15:00:00,Barnet,Rochdale,,,,,,,,,,,,,,,,,,,,0.4747641390284112,0.275491010942268,0.2497448500293208,1.6997834280275015,1.0247255610302304,1.6591045600010448,1.4731321857774349,1.5729611141844146,1.0833071362247435,,,,,,,,,,,,,,E3-Barnet-Rochdale,0.4964698865065026,0.2699428443900053,0.2335872691034921,1.759352503909513,0.9707046517004816
E3,45,2027-05-01 15:00:00,Cheltenham,Shrewsbury,,,,,,,,,,,,,,,,,,,,0.3876500072362206,0.2873309410384528,0.32501905172532664,1.4502809627471147,1.2623880962144327,1.6728661352577405,1.6188787011024925,1.3741369442340445,1.2400510787153196,,,,,,,,,,,,,,E3-Cheltenh-Shrewsbu,0.37785232294553106,0.2888095501957563,0.3333381268587126,1.4223665190323496,1.2888239307718943
E3,45,2027-05-01 15:00:00,Chesterfield,Swindon,,,,,,,,,,,,,,,,,,,,0.43785122964067147,0.2820296196117027,0.28011915074762583,1.595583308533717,1.1223870718545803,1.6768045919063432,1.5433492372740367,1.486473566067644,1.1463372365966829,,,,,,,,,,,,,,E3-Chesterf-Swindon,0.4821080479701881,0.27030492387148297,0.247587028158329,1.7166290677820473,1.01306600834647
E3,45,2027-05-01 15:00:00,Crawley,Exeter,,,,,,,,,,,,,,,,,,,,0.39357269364400516,0.28693555177323254,0.3194917545827623,1.467653632705248,1.2454108155215196,1.6750826089763677,1.6113132436001167,1.3871245004529742,1.2284405613508722,,,,,,,,,,,,,,E3-Crawley-Exeter,0.38217950971359044,0.2859706758220888,0.3318498144643207,1.43250920496286,1.281520119215051
E3,45,2027-05-01 15:00:00,Gillingham,Salford,,,,,,,,,,,,,,,,,,,,0.31771497398951354,0.28679378564828945,0.395491240362197,1.23993870761683,1.4732675067348804,1.6087805529074166,1.6756978025072518,1.2247138954590748,1.3913453634501862,,,,,,,,,,,,,,E3-Gillingh-Salford,0.31561516937873124,0.29007582636138013,0.39430900425988863,1.2369213344975738,1.473002839141046
E3,45,2027-05-01 15:00:00,Grimsby,Crewe,,,,,,,,,,,,,,,,,,,,0.45455834593874067,0.2793330403717943,0.26610861368946503,1.643008078188016,1.0776588814401893,1.6708826088293818,1.5129618988300595,1.5251541809223457,1.1172640912733796,,,,,,,,,,,,,,E3-Grimsby-Crewe,0.4621538211390501,0.2769006713822738,0.26094550747867606,1.6633621347994243,1.059737193818302
E3,45,2027-05-01 15:00:00,Newport,Port Vale,,,,,,,,,,,,,,,,,,,,0.2845323871858374,0.28277101947954114,0.43269659333462146,1.1363681810370534,1.5808607994834056,1.5522298612786165,1.6779194921478222,1.1555031375233349,1.4746822787970042,,,,,,,,,,,,,,E3-Newport-PortVale,0.2907636990223341,0.289330842873362,0.41990545810430385,1.1616219399403644,1.5490472171862737
E3,45,2027-05-01 15:00:00,Northampton,Walsall,,,,,,,,,,,,,,,,,,,,0.40054953805843263,0.286388276143733,0.31306218579783435,1.4880368903190309,1.225574833537236,1.6770803317192953,1.6019142757244182,1.4025071363475792,1.214967079909177,,,,,,,,,,,,,,E3-Northamp-Walsall,0.38449088937935894,0.2890016074193796,0.3265075032012615,1.4424742755574562,1.268524117023164
E3,45,2027-05-01 15:00:00,Oldham,Rotherham,,,,,,,,,,,,,,,,,,,,0.4138590008124355,0.28510529825626524,0.30103570093129933,1.5266823006935717,1.1882124010501631,1.6790774583171677,1.5825778966285655,1.4321185861527028,1.1898456011088365,,,,,,,,,,,,,,E3-Oldham-Rotherha,0.409225739691052,0.2847041070772042,0.30607015323174375,1.5123813261503603,1.2029145667724355
E3,45,2027-05-01 15:00:00,Tranmere,Bristol Rovers,,,,,,,,,,,,,,,,,,,,0.3186088626751773,0.28686600580371246,0.39452513152111024,1.2426925938292444,1.4704414003670432,1.6100608871222528,1.6753942775803137,1.2265884322353142,1.389219036490226,,,,,,,,,,,,,,E3-Tranmere-BristolR,0.30533300902027216,0.28121469634581026,0.4134522946339176,1.1972137234066267,1.521571580247563
E3,45,2027-05-01 15:00:00,York,Colchester,,,,,,,,,,,,,,,,,,,,0.43664713823879164,0.2822066828132318,0.28114617894797655,1.5921480975296065,1.1256452196571614,1.6770953624952116,1.5454451328080017,1.483713378132399,1.1484697955240406,,,,,,,,,,,,,,E3-York-Colchest,0.4606236154621595,0.2731013052609352,0.26627507927690536,1.6549721516474138,1.0719265430916514
E3,46,2027-05-08 15:00:00,Bristol Rovers,Oldham,,,,,,,,,,,,,,,,,,,,0.44742275473364934,0.2805390193172754,0.2720382259490753,1.6228072835182235,1.0966536971645013,1.6738403324803235,1.526233721354383,1.5085446380053458,1.1295655143841765,,,,,,,,,,,,,,E3-BristolR-Oldham,0.4549953412330514,0.27669758690212937,0.2683070718648192,1.6416836106012835,1.081618802496587
E3,46,2027-05-08 15:00:00,Colchester,Grimsby,,,,,,,,,,,,,,,,,,,,0.3704189551236338,0.2881098164709015,0.3414712284054646,1.399366681841803,1.3125235016872954,1.6636533023346682,1.6386329296386035,1.3366947763101953,1.274786159263457,,,,,,,,,,,,,,E3-Colchest-Grimsby,0.35978249906323034,0.284346851326033,0.35587064961073667,1.363694348515724,1.351958800158243
E3,46,2027-05-08 15:00:00,Crewe,Accrington,,,,,,,,,,,,,,,,,,,,0.4686514978833974,0.2767188654815109,0.25462963663509175,1.6826733591317031,1.0406077753867862,1.6631927129005182,1.485521053001901,1.5583730361875086,1.0934480772131179,,,,,,,,,,,,,,E3-Crewe-Accringt,0.46625526135707296,0.2754237236825304,0.25832101496039667,1.6741895077537492,1.0503867685637203
E3,46,2027-05-08 15:00:00,Exeter,Chesterfield,,,,,,,,,,,,,,,,,,,,0.3422060185224997,0.28813104361823927,0.36966293785926096,1.3147490991857382,1.3971198571960222,1.6394200165110262,1.6631535889801543,1.2763443095636908,1.3350629506723777,,,,,,,,,,,,,,E3-Exeter-Chesterf,0.32943881881248904,0.2872885374118705,0.38327264377564046,1.2756049938493377,1.437106468738792
E3,46,2027-05-08 15:00:00,Fleetwood,Northampton,,,,,,,,,,,,,,,,,,,,0.376347994368872,0.28790520485187326,0.33574680077925473,1.4169491879584892,1.2951456071896374,1.6672921529154991,1.632224268042551,1.3495232567663558,1.2626681248035838,,,,,,,,,,,,,,E3-Fleetwoo-Northamp,0.3755258052139011,0.29210727661687996,0.33236691816921893,1.4186846922585834,1.2892080311245366
E3,46,2027-05-08 15:00:00,Port Vale,Crawley,,,,,,,,,,,,,,,,,,,,0.4953519969145167,0.27094896350647996,0.23369903957900334,1.7570049542500301,0.97204608224349,1.6420505264779797,1.4293667337125924,1.6229589126465758,1.0499341583584942,,,,,,,,,,,,,,E3-PortVale-Crawley,0.5013965313935492,0.2680785227772165,0.23052494582923427,1.772268116957864,0.9596533602649193
E3,46,2027-05-08 15:00:00,Rochdale,Cheltenham,,,,,,,,,,,,,,,,,,,,0.4519218581694643,0.27978795576644117,0.26829018606409455,1.6355535302748339,1.0846585139587248,1.6720493288971472,1.5179155384401433,1.5190013178048638,1.1217896785385815,,,,,,,,,,,,,,E3-Rochdale-Cheltenh,0.4386175781971605,0.28186787800826996,0.2795145437945695,1.5977206125997514,1.1204115093919786
E3,46,2027-05-08 15:00:00,Rotherham,Barnet,,,,,,,,,,,,,,,,,,,,0.3746658968329625,0.28797009519917427,0.33736400796786326,1.411967785698062,1.3000621191027641,1.6663101388467485,1.634084653383974,1.345878096895145,1.2660879197982486,,,,,,,,,,,,,,E3-Rotherha-Barnet,0.37989710384950004,0.28573915892593205,0.3343637372245679,1.4254304704744323,1.2888303705996358
E3,46,2027-05-08 15:00:00,Salford,Tranmere,,,,,,,,,,,,,,,,,,,,0.5469577431945587,0.25694583443823177,0.19609642236720953,1.897819064021908,0.8452351015398605,1.5778483234242695,1.3073912588680194,1.7550433226184763,0.9709162036283405,,,,,,,,,,,,,,E3-Salford-Tranmere,0.549375169442239,0.2556138041284073,0.19501102642935375,1.9037393124551243,0.8406468834164685
E3,46,2027-05-08 15:00:00,Shrewsbury,York,,,,,,,,,,,,,,,,,,,,0.3414480453677453,0.28810912820689905,0.37044282642535564,1.312453264310135,1.399437607482966,1.6386079655182781,1.6636689487974514,1.2747370088801133,1.3367463156161161,,,,,,,,,,,,,,E3-Shrewsbu-York,0.3352528817999161,0.28674031544380474,0.3780068027562792,1.2924989608435529,1.4207607237126423
E3,46,2027-05-08 15:00:00,Swindon,Gillingham,,,,,,,,,,,,,,,,,,,,0.4115349424277297,0.28535157409466855,0.30311348347760175,1.5199564013778577,1.194692024527474,1.6788985938547087,1.58608389192353,1.4269216601424313,1.1941790832650976,,,,,,,,,,,,,,E3-Swindon-Gillingh,0.39852170568791756,0.2872463605599227,0.31423193375215974,1.4828114776236754,1.229942161816402
E3,46,2027-05-08 15:00:00,Walsall,Newport,,,,,,,,,,,,,,,,,,,,0.5085265142438451,0.2677222236125972,0.22375126214355773,1.7933017663441324,0.9389760100432702,1.6285296266342177,1.399807635467837,1.6557049550139935,1.0291688714464216,,,,,,,,,,,,,,E3-Walsall-Newport,0.5096020052170058,0.266447871843511,0.2239501229394832,1.7952538874945285,0.9382982406619607
