div,league,match_id,kickoff,home,away,round,exp_home_goals,exp_away_goals,over_0.5,over_1.5,over_2.5,over_3.5,over_4.5,btts,home_2plus,away_2plus,home_3plus,away_3plus,home_cs,away_cs,home_wtn,away_wtn,home_win,draw,away_win,home_m1_win,home_m1_push,home_m15,away_m1_win,away_m1_push,away_m15,home_p1,away_p1,home_p15,away_p15,draw_no_bet_home,draw_no_bet_away,cs_1,cs_1_p,cs_2,cs_2_p,cs_3,cs_3_p,exp_goals,ht_home,ht_draw,ht_away,fh_over_0.5,fh_over_1.5,sh_over_0.5,sh_over_1.5,goal_both_halves,home_scores_both_halves,away_scores_both_halves,second_half_more_goals,htft_HH,htft_HD,htft_HA,htft_DH,htft_DD,htft_DA,htft_AH,htft_AD,htft_AA,ht_share,exp_corners_home,exp_corners_away,exp_corners,corners_over_7.5,corners_over_8.5,corners_over_9.5,corners_over_10.5,corners_over_11.5,corners_over_12.5,home_corners_over_3.5,away_corners_over_3.5,home_corners_over_4.5,away_corners_over_4.5,home_corners_over_5.5,away_corners_over_5.5,home_corners_over_6.5,away_corners_over_6.5,home_most_corners,away_most_corners,home_over25_pct,away_over25_pct,home_btts_pct,away_btts_pct,home_gbh_pct,away_gbh_pct,home_corners_avg,away_corners_avg,home_played,away_played
E1,Championship,E1-WestHam-QPR,2026-10-09 20:00:00,West Ham,QPR,9,2.059090917481137,0.9237337122886142,0.9397159711209065,0.807903387688834,0.5729462885563279,0.3489131062124331,0.1818501826671663,0.5356788941965684,0.6097478777176396,0.23621257518294456,0.3393060021454751,0.06682126004107149,0.397033861775182,0.12757127290734302,0.3367498328960887,0.06728724402824963,0.6266121808374677,0.2229924367397026,0.15039538242282963,0.3958354872539777,0.2307766935834901,0.3958354872539777,0.0521781173317645,0.09821726509106513,0.0521781173317645,0.8496046175771704,0.3733878191625322,0.9478218826682354,0.6041645127460225,0.8064428333338536,0.19355716666614634,2-0,0.10737458224413972,1-1,0.10597305119626864,2-1,0.09918552146181832,2.9828246297697514,0.4806259465016648,0.3572343211597416,0.1621387599928873,0.7589082952781174,0.4159355918369367,0.7899157691542551,0.4621304833110201,0.5994736297821587,0.41242473681614933,0.1365350633171425,0.4087427677464781,0.4278425006279449,0.04211543927001894,0.010667009232730031,0.17899294688708692,0.1194915176071311,0.05874912150086461,0.029411558708944772,0.04211543927001895,0.09061141719983185,0.47692307692307695,5.399611402307835,5.356534491669206,10.756145893977042,0.7911085185220894,0.6992485857336393,0.5979266362153126,0.4942959347033637,0.3951055028995025,0.30559025489717645,0.7342063740422681,0.7294748276399498,0.5870978010605111,0.5812265674055467,0.4406540563529875,0.43447245703593224,0.3118063989088207,0.3060728185055969,0.4513438782539445,0.4427429611357805,0.8571428571428571,0.5,0.7142857142857143,0.5,0.8571428571428571,0.16666666666666666,11.0,10.833333333333334,7,6
E0,Premier League,E0-Arsenal-Leeds,2026-10-10 12:30:00,Arsenal,Leeds,6,2.4271015911666205,0.8628517231819504,0.9549400973188996,0.8479702116676766,0.6385346996698396,0.4174136819377343,0.23554422564776722,0.5348062761309962,0.6973987002482382,0.21395656151407955,0.4373290193694904,0.0568802824816011,0.42195706115743553,0.0882965653926685,0.37689715847633526,0.04323666271156822,0.7107895177819705,0.18259905474085378,0.10661142747717565,0.4940110804925946,0.2167784372893758,0.4940110804925946,0.03457384929842374,0.07203757817875191,0.03457384929842374,0.8933885725228244,0.2892104822180295,0.9654261507015763,0.5059889195074053,0.8695726643142357,0.13042733568576423,2-0,0.10973823823974849,2-1,0.09468782796411836,3-0,0.08878195088117175,3.289953314348571,0.5301108513207242,0.3392199425613139,0.13066721008425736,0.7666396977628743,0.4270584037484859,0.8403516437890737,0.5474192351765782,0.64424693020899,0.4881761669319931,0.12118259811220852,0.4664078912661603,0.485610339199232,0.03568935075386037,0.00880450465987928,0.1990085334931064,0.09560732829767714,0.044599827069345704,0.03397202080800362,0.0356893507538604,0.061004188299616256,0.4423076923076923,5.308916954467027,3.872743367875505,9.181660322342532,0.6591809463596316,0.544724183060102,0.4319938062507438,0.32903868758236776,0.2410450299253423,0.17013613894330828,0.7241575085888021,0.5177330733608334,0.5746674761553306,0.3482297266083234,0.42760746345839357,0.21592069776552333,0.29974301178395873,0.12464113643565075,0.600151731351331,0.2905457880641868,0.5,0.0,0.0,0.5,0.5,0.5,8.0,8.0,2,2
E1,Championship,E1-Charlton-BristolC,2026-10-10 12:30:00,Charlton,Bristol City,9,1.2479515793506395,1.37201926529401,0.9147292182281801,0.74891376264918,0.48657219921057354,0.2683497703965383,0.1254156701114596,0.5445840479318205,0.35463039500208343,0.3984691340253686,0.13107403507715087,0.15978138521245958,0.25359442681426625,0.2870923070257336,0.16832364504244615,0.20182152525391348,0.3275138220839702,0.28707042193466553,0.38541575598136435,0.14568766672670344,0.1818261553572668,0.14568766672670344,0.1842736669661085,0.20114208901525574,0.1842736669661085,0.6145842440186358,0.6724861779160298,0.8157263330338916,0.8543123332732968,0.459391547441108,0.5406084525588921,1-1,0.1371235000172823,0-1,0.08742410228802419,1-2,0.08551640170375216,2.6199708446446497,0.2766617043588783,0.4096250557380998,0.31371319107248336,0.7133589539602285,0.3551938791515049,0.7460064200239733,0.39792175504687693,0.5321703594359165,0.21502800300088987,0.24592641378518248,0.3971333433514378,0.20366525650778897,0.05167031714551838,0.021326088715012893,0.11735757275351527,0.15879815527681504,0.13346928212979228,0.018956686209732784,0.05167031714551839,0.24308614211854657,0.47692307692307695,5.792297234673277,5.093077559032914,10.885374793706191,0.7997834069916119,0.7100579225227042,0.6102619205891207,0.5073376115440494,0.40799874058140373,0.3175991684803764,0.7740177491307373,0.6988847496986959,0.6378467443355483,0.5440428193664857,0.4955545187874541,0.39611801990168466,0.36413781786027816,0.2712169208198982,0.5171459866767601,0.3792171255777996,0.5,0.8,0.5,0.8,0.3333333333333333,0.8,11.166666666666666,11.0,6,5
E2,League One,E2-NottsCou-Oxford,2026-10-10 12:30:00,Notts County,Oxford,10,1.4137182120175307,1.2590982998355225,0.9186502200192833,0.7586568546215078,0.4996930320155733,0.2799237938774839,0.13307308175427104,0.5542025709652623,0.4128937767040892,0.35861953464881685,0.16982687428659698,0.13357427001530306,0.28390994114681956,0.243237267868635,0.20256016116610265,0.16188748788791815,0.3940641606392077,0.28337854833878307,0.3225572910220094,0.19187706546715905,0.20218709517204864,0.19187706546715905,0.14382804282967582,0.17872924819233363,0.14382804282967582,0.6774427089779906,0.6059358393607924,0.8561719571703243,0.808122934532841,0.5498916613865219,0.4501083386134783,1-1,0.13521531732961486,2-1,0.08688925302391187,1-0,0.08533551332215666,2.6728165118530534,0.30270676064644847,0.4366604695277601,0.26063274994217983,0.6735004510760842,0.3080407646858518,0.7884914382095487,0.4599147335590685,0.5310493393037614,0.25034637234834556,0.21266903036937454,0.47340377338286704,0.23059869039316627,0.05098638084247532,0.021121583465267543,0.15127105921951015,0.15682107483121627,0.12856819726581303,0.024486605201198962,0.05098638084247532,0.1851596706638698,0.41878172588832485,5.838952282157677,4.499901523109243,10.33885380526692,0.7609487372181439,0.6623449110687103,0.556569399908648,0.45135286750220827,0.35340854219062806,0.26744377949357023,0.7783658616750462,0.6190816656539897,0.6435417650075151,0.45291123363256536,0.5018835175303291,0.3077588095942785,0.3703340578821992,0.1956944031261277,0.5832396517070468,0.3137875401391468,0.5,1.0,1.0,1.0,0.75,0.3333333333333333,9.25,11.333333333333334,4,3
E3,League Two,E3-Oldham-Accringt,2026-10-10 12:30:00,Oldham,Accrington,10,1.6483106668136034,1.078778931519787,0.9229596601779055,0.7678439103008425,0.5129873457059413,0.2918879241342086,0.14114844094275836,0.5446550033117243,0.49053155094572964,0.29319342833346795,0.22919719554366147,0.09534746726339126,0.3400104556331003,0.19237488087727,0.26297011581100566,0.11533454105517545,0.4948688575226078,0.26811935133199516,0.23701179114539714,0.26981319048858327,0.22505566703402446,0.26981319048858327,0.0937371234448746,0.14327466770052258,0.0937371234448746,0.762988208854603,0.5051311424773923,0.9062628765551256,0.7301868095114168,0.6761605986211692,0.3238394013788309,1-1,0.12793955814915658,1-0,0.09618425967153685,2-1,0.0958564265475791,2.7270895983333903,0.3697925163783077,0.41756629806591,0.21264111221861975,0.6939344462277386,0.3315662326908542,0.7862896373752776,0.4565053335227688,0.5456334640866226,0.3099910472113603,0.17085804435475033,0.45599762940379257,0.30508756264750175,0.04855257861605369,0.016152120173375167,0.17372679386150605,0.147752115419604,0.09608711209216379,0.02768530903531667,0.048552578616053686,0.13640307198801216,0.43414634146341463,6.2815300574608965,4.0844567559249,10.365986813385796,0.7630117186698837,0.6648368735566227,0.5593261681489834,0.4541783379817495,0.3561163833615047,0.26988870925315306,0.8159000299549085,0.5538629502478623,0.6940549007707536,0.3842050908516005,0.5595752460968934,0.24631883622914946,0.42839215619055215,0.14727195034797252,0.6675322120595651,0.23876150375381663,0.4,0.8,0.4,0.8,0.8,0.8,11.6,9.2,5,5
E2,League One,E2-Plymouth-AFCWimbl,2026-10-10 12:30:00,Plymouth,AFC Wimbledon,10,1.760834143353617,0.9944806424240613,0.9252756417164705,0.7723378770103091,0.519825866774721,0.29813616549263633,0.1454299375433451,0.5329069912972949,0.5254075021554826,0.26221066280361116,0.2589134886939237,0.0792889660861102,0.36991551660270355,0.171901850383531,0.29519115831917414,0.09717749210000153,0.5425872903821936,0.2565582167278106,0.20085449288999582,0.3105411559814717,0.23204613440072197,0.3105411559814717,0.07464618824471986,0.12620830464527596,0.07464618824471986,0.7991455071100041,0.4574127096178064,0.9253538117552801,0.6894588440185282,0.7298315787337731,0.2701684212662269,1-1,0.12248716143339429,1-0,0.10083477073239269,2-0,0.0985802706611604,2.7553147857776783,0.39261793751821483,0.4199731003142163,0.1874088697538829,0.6845879757451858,0.32064168201976395,0.7983938635330629,0.47553250344767684,0.5465708388834777,0.3341872727024216,0.1495319376656377,0.4774264110993737,0.3325755436799162,0.04580968273677628,0.014232160261502935,0.19159205339240085,0.14266785849873728,0.08571261110914348,0.029554556553751256,0.04580968273677629,0.11204436234322714,0.41878172588832485,6.35614013671875,4.809722900390625,11.165863037109375,0.8175727577178066,0.7325132932868204,0.6362218852114851,0.5351431223849029,0.4358478114791961,0.3438783893202939,0.8216031066054922,0.6626979172683738,0.7019538224492842,0.5017072424787415,0.5688579120946414,0.35408744630147604,0.4380023534204966,0.23445159606829652,0.5992015302103437,0.3040626071758606,0.25,0.5,0.5,0.25,0.75,0.5,11.5,12.0,4,4
E1,Championship,E1-Swansea-Norwich,2026-10-10 12:30:00,Swansea,Norwich,9,1.3789678238897414,1.3122695244913702,0.9199345774285336,0.7620134835803253,0.5042263458484532,0.2839766108204298,0.13579053260081464,0.5590185726246774,0.4008844973343383,0.3775175562334696,0.1614425372016631,0.14572219388124272,0.2692084279852531,0.251838421961536,0.18914300541378665,0.17177299939006954,0.37387055430693783,0.2830369249362931,0.34309252075676916,0.17833168557655335,0.19553886873038434,0.17833168557655335,0.15760493167142828,0.18548758908534088,0.15760493167142828,0.6569074792432309,0.6261294456930623,0.8423950683285717,0.8216683144234467,0.5214641692303568,0.4785358307696434,1-1,0.1349523657780598,2-1,0.08458862280261066,1-0,0.08122152008275105,2.6912373483811116,0.3081754084780021,0.40338582710890036,0.2884387061064598,0.7229377854970658,0.3673247185079702,0.7553004509639138,0.41083085930563645,0.546035235404787,0.24766014231222055,0.23102662001319316,0.39960220121829526,0.23562506640881267,0.05226340040573098,0.020286890096157105,0.12893060038660778,0.15397322679737635,0.12048194678037236,0.021583251814472213,0.05226340040573098,0.21459200493990646,0.47692307692307695,5.610079181088689,4.457697760568748,10.067776941657437,0.7395400675903915,0.636752005087114,0.5285489657749076,0.42292955840676905,0.32644797217823057,0.24334988266355193,0.7562729710122326,0.6128077567918658,0.6149223874640636,0.44608449955579704,0.4704249359826195,0.3014560085305881,0.339869299137299,0.19056805153846243,0.5653240374411902,0.32853580003833416,0.5,0.8333333333333334,0.3333333333333333,0.6666666666666666,0.5,0.6666666666666666,9.333333333333334,10.166666666666666,6,6
E3,League Two,E3-Swindon-Crewe,2026-10-10 12:30:00,Swindon,Crewe,10,1.4073446426976375,1.218724505129446,0.9152262791519642,0.7500203639266968,0.4880948922299913,0.26968110839291126,0.12628868359422887,0.5443742225224623,0.41070007418480764,0.34412952032589383,0.1682797377546119,0.12459855068397013,0.295606993188116,0.24479250513745754,0.21083327234008006,0.16001878428942162,0.40101948802901766,0.2858248757547626,0.3131556362162197,0.19539850618741306,0.20562098184160463,0.19539850618741306,0.1367565564813268,0.17639907973489286,0.1367565564813268,0.6868443637837803,0.5989805119709822,0.8632434435186732,0.8046014938125868,0.5615142202731124,0.4384857797268875,1-1,0.1365247889430221,1-0,0.08942745830817293,2-1,0.08733519559744901,2.6260691478270832,0.31052501736733995,0.43182987039772264,0.25764508776677003,0.6802124189925547,0.31562311291253525,0.7737174489865482,0.43746795156304763,0.5262922175918885,0.25100962053503256,0.20470799353218197,0.4513919572491603,0.23988473273487296,0.05089504358537521,0.019745158451789053,0.14986285312812272,0.159212000893421,0.12275491619277487,0.023683186026670255,0.05089504358537519,0.18306678802869916,0.43414634146341463,5.335078813785732,5.6848517232166715,11.019930537002404,0.8084923794659571,0.7210016808511241,0.6228564274044045,0.5207661923055835,0.4213869802257003,0.33017480982875935,0.7270902964510174,0.7637034473403643,0.5782800900467223,0.6244606116040965,0.4313832459351274,0.4808137385799982,0.3032195359252902,0.3498375488341547,0.41372002916639466,0.4824064408201787,0.8,0.2,0.6,0.4,0.8,0.2,12.0,11.8,5,5
E1,Championship,E1-WestBrom-Birmingh,2026-10-10 12:30:00,West Brom,Birmingham,9,1.355917167816333,1.318667793485972,0.9187388519117002,0.7590164906130122,0.50012918415595,0.2803125200100841,0.13333293396804077,0.5560588120886117,0.39285452451176467,0.3797761650785366,0.15595233780998935,0.14720775426541563,0.2674914606844112,0.25771087531527703,0.18623031259611136,0.1764497272269771,0.3665186370561658,0.2842006393280868,0.3492807236157475,0.17284589563855768,0.19367274141760804,0.17284589563855768,0.16126711304415864,0.18801361057158889,0.16126711304415864,0.6507192763842525,0.6334813629438344,0.8387328869558414,0.8271541043614425,0.5120410232165039,0.4879589767834962,1-1,0.135582585775541,2-1,0.08356307077726663,1-2,0.08126744964534326,2.674584961302305,0.3030575200901943,0.40493174761298906,0.292010677670411,0.720728622092623,0.3644980159020553,0.7531596905948881,0.40782660422097894,0.54282374601816,0.2419092151100124,0.23262099001601297,0.39903441791257854,0.23045950480400546,0.05219061894906254,0.020407348088328208,0.12725557489918243,0.15516792586671135,0.1225081968801436,0.02112920671153038,0.05219061894906254,0.21869080516388503,0.47692307692307695,5.1604365528080205,5.579861626306393,10.740298179114413,0.7900234372989505,0.6979028239023604,0.5963980615469708,0.4926873764812274,0.3935226931327792,0.3041229128627154,0.706980393412099,0.7532101846724513,0.5537554394127052,0.611015968563617,0.4060051135084599,0.46619741746253573,0.2800835075730744,0.3358389268626669,0.4054131424468544,0.4891003545664934,0.5,0.7142857142857143,0.6666666666666666,0.8571428571428571,0.16666666666666666,0.7142857142857143,10.833333333333334,10.857142857142858,6,7
E0,Premier League,E0-AstonVil-Brentfor,2026-10-10 15:00:00,Aston Villa,Brentford,6,1.7483143976271371,1.246650617255166,0.9390554213459404,0.8110040163394603,0.5756798789493082,0.3516384663257544,0.18388941815266588,0.5994110148256633,0.521607734655752,0.3541642302629003,0.2555800658176893,0.1307833116259234,0.287466046022833,0.17406751780556337,0.22652146736877338,0.11312293915150373,0.48089241093681256,0.2568701653247669,0.2622374237384206,0.2673196958496287,0.21357271508718384,0.2673196958496287,0.11307696761925866,0.14916045611916187,0.11307696761925866,0.7377625762615794,0.5191075890631874,0.8869230323807413,0.7326803041503713,0.6471176213063428,0.3528823786936574,1-1,0.11996685326433756,2-1,0.09533626218184701,1-0,0.07657695431235728,2.994965014882303,0.37191888414537844,0.391928988340917,0.2361519833970611,0.7341162416176856,0.38190092921738134,0.8118035567161436,0.49746390854802625,0.595958175988325,0.33539193978406845,0.21237423089730087,0.4560343687702152,0.3013473810490528,0.05107896637032843,0.01949216311103295,0.1602486657727989,0.1328994960153521,0.09878044334087689,0.030202540006890714,0.051078966370328424,0.15487023400069166,0.4423076923076923,4.650645448035528,4.549209035445177,9.199854483480705,0.6609920321536429,0.5467323755390966,0.43403312061844135,0.3309573330600586,0.24273293157164502,0.1715351149864049,0.6408385077866177,0.6263103299985652,0.4769560038460022,0.46083582587272465,0.3303069405905105,0.31513007755664707,0.21432273453735903,0.2017347547969948,0.45251012922395967,0.430163644032441,0.5,0.5,0.0,0.5,0.0,1.0,6.5,10.5,2,2
E1,Championship,E1-Blackbur-Cardiff,2026-10-10 15:00:00,Blackburn,Cardiff,9,1.4968590887920126,1.2123971750187494,0.9213296390734848,0.765098167827975,0.5086399343002506,0.28794913513939874,0.13847215264141352,0.557354820986641,0.44112249966895645,0.34184873223808077,0.19036470939978142,0.12321233475307844,0.2974833249623644,0.22383221497751007,0.21881296403584904,0.14516185405099474,0.4258209888268053,0.2788239773064701,0.29535503386672474,0.2159032609428781,0.20991772788392718,0.2159032609428781,0.12762634001834175,0.16772869384838293,0.12762634001834175,0.7046449661332754,0.5741790111731948,0.8723736599816584,0.784096739057122,0.5904536138575446,0.40954638614245564,1-1,0.13292410319446374,2-1,0.09044029635734566,1-0,0.08758637611861843,2.709256263810762,0.3417804863008491,0.4003315302402966,0.257887901657617,0.72530855612039,0.3703777825756491,0.7575959774632265,0.41407307811675004,0.5494908445364683,0.2770495859745239,0.2062157252049898,0.40021047275774696,0.2720813291518983,0.0515531501013242,0.01814593454219172,0.1422062095945435,0.15154950149209478,0.10657574603272359,0.02361749964264033,0.051553150101324184,0.18271719381242005,0.47692307692307695,5.634959454215655,5.756201616279817,11.391161070495471,0.8308672758646454,0.7495608980967703,0.6562423174520458,0.5569263397293636,0.45801033599217245,0.36512227489095983,0.7587687726765497,0.7705998561393331,0.6181164632779526,0.6333918648603061,0.4738933010154339,0.49062779505914744,0.3431871522019886,0.3593379027652537,0.4373792693812378,0.4607079742569903,0.8333333333333334,0.42857142857142855,0.8333333333333334,0.7142857142857143,0.5,0.7142857142857143,10.666666666666666,12.857142857142858,6,7
E1,Championship,E1-Bolton-Stoke,2026-10-10 15:00:00,Bolton,Stoke,9,1.2572197045608249,1.3721058929866148,0.9154306825404944,0.7506694297120386,0.48890712665569913,0.2703925547666636,0.12675606544042312,0.5465530640627047,0.357947863580648,0.39849927451616357,0.13315173621203835,0.15980206247102688,0.2535724595020138,0.28444379389478736,0.1690031420425081,0.19987447643528167,0.3299479457248873,0.28656565903944337,0.3834863952356695,0.14748281571960162,0.18246513000528564,0.14748281571960162,0.18321040787611828,0.20027598735955127,0.18321040787611828,0.6165136047643306,0.6700520542751129,0.8167895921238817,0.8525171842803985,0.4624783624525989,0.5375216375474015,1-1,0.13686425556672607,0-1,0.08652383092758377,1-2,0.0853601143646959,2.6293255975474397,0.278461982959813,0.40880768402820294,0.31273028318501916,0.7146349537300218,0.35679111552010534,0.7472462396209549,0.39962388995493014,0.534008281876454,0.21732941239645412,0.24594802771261903,0.3974632984853416,0.2053543792750183,0.051759345493199216,0.0213482154568246,0.1178870730586494,0.15816246944412285,0.1327580951452023,0.01914861982370046,0.051759345493199216,0.24182227178202198,0.47692307692307695,5.862016111340813,4.201203522877807,10.063219634218619,0.7391676325267722,0.6363110140481134,0.5280707527220637,0.42244911224529336,0.32599662596315554,0.24295041139565193,0.7804866195623297,0.5729634332888248,0.6463308280956513,0.40381650797926466,0.5049957350106722,0.2634045807897396,0.3733934435791028,0.16038571809514263,0.6175173409343474,0.2809975639469687,0.5714285714285714,0.6666666666666666,0.42857142857142855,0.6666666666666666,0.5714285714285714,0.6666666666666666,10.857142857142858,8.5,7,6
E2,League One,E2-Bradford-LeytonOr,2026-10-10 15:00:00,Bradford,Leyton Orient,10,1.5852567948996992,1.062280428828488,0.9172475837134839,0.7535882994254834,0.4934373805698604,0.2743766242060927,0.1293837475233112,0.5321904046879896,0.4702928717370521,0.2871384347582265,0.21283784240319423,0.09210644824217053,0.34566664905350725,0.20489536254501903,0.2629142327669913,0.12214294625850305,0.4828599242060238,0.27461434424258313,0.24252573155139298,0.25738585562713495,0.2254740685788888,0.25738585562713495,0.0953702724428906,0.14715545910850247,0.0953702724428906,0.757474268448607,0.5171400757939763,0.9046297275571092,0.7426141443728651,0.6656595982751299,0.33434040172486995,1-1,0.13119615199873338,1-0,0.10034967171989355,2-1,0.09453617791849353,2.647537223728187,0.3537506617682888,0.43486305812956355,0.21138624079199017,0.6700256015238656,0.3041696790434651,0.7853608463146101,0.4550741589044739,0.5262118734652388,0.2920741938222612,0.16541911894045955,0.4721391061533,0.28934484004968636,0.048138653280159434,0.016266944441766417,0.1783855175122459,0.1544829499576629,0.10199432847764466,0.02705632675112693,0.04813865328015944,0.13619112235480577,0.41878172588832485,6.704040527343751,4.51690673828125,11.220947265625,0.8209034134799238,0.7367622700189381,0.6411861144688185,0.5405165494900653,0.4412864861742365,0.34906454900627154,0.8460326461717045,0.6215870202856406,0.7365170935438274,0.45565061068943125,0.6103535855527386,0.3103002433210103,0.4818945752800777,0.1977715082437754,0.6586452099759308,0.25106004960387934,0.25,0.75,0.25,0.5,0.25,1.0,14.0,9.5,4,4
E3,League Two,E3-BristolR-Barnet,2026-10-10 15:00:00,Bristol Rovers,Barnet,10,1.4861995050621382,1.202821024870268,0.9199059898480043,0.7614867974819068,0.5036818341601175,0.2834882947227293,0.13546205769632486,0.5535173310861079,0.4375447811856793,0.33839206268716604,0.1876965931665895,0.12112518671569583,0.30034575203484737,0.22623092703104017,0.22025174188285185,0.1461369168790446,0.425166449058022,0.2800667636965309,0.29476678724544725,0.21479011466523798,0.21037633439278394,0.21479011466523798,0.12681960578387547,0.1679471814615717,0.12681960578387547,0.7052332127545529,0.5748335509419781,0.8731803942161245,0.7852098853347621,0.5905637184373637,0.4094362815626364,1-1,0.13361163463248846,2-1,0.09026070239152163,1-0,0.08883702552871625,2.689020529932406,0.3268014365590164,0.42517904394472544,0.24801948457923248,0.6888338998184858,0.32556971459398926,0.7816360482320622,0.44937486354449463,0.5384174073424014,0.27039656929378536,0.2008292543567508,0.45428887503802734,0.2566459022633864,0.050840959560012826,0.019314457393717666,0.15540071846454936,0.15409167267849957,0.11568651409061959,0.025266280762426756,0.05084095956001281,0.1719121529366222,0.43414634146341463,5.758290462999604,4.562075807158134,10.320366270157738,0.7595348311023615,0.6606396559287968,0.5546858780083767,0.44942541503813416,0.3515642127148133,0.26578111715829844,0.7707989401666496,0.6281786985131387,0.6336508291519398,0.46289440556763206,0.4909136116557619,0.3170545738367926,0.3596158020565468,0.20331971753292055,0.5687979007533118,0.32697546980048997,0.4,0.8,0.4,1.0,0.6,0.8,10.0,11.4,5,5
E2,League One,E2-Cambridg-Blackpoo,2026-10-10 15:00:00,Cambridge,Blackpool,10,1.3804619019797895,1.4016762227193562,0.9261153897882528,0.7778413952885854,0.5262774065980017,0.30409083467992937,0.14955240154755994,0.576238143724223,0.40140324825217033,0.40874567066306045,0.1618004002627182,0.16690725322703476,0.24618402919752339,0.2514624372900012,0.172299418985776,0.1775778270782538,0.35633476764594507,0.2776817941220641,0.36598343823199103,0.1687673843880514,0.18756738325789363,0.1687673843880514,0.17534952199851025,0.19063391623348067,0.17534952199851025,0.6340165617680091,0.643665232354055,0.8246504780014898,0.8312326156119486,0.49332103876966643,0.506678961230334,1-1,0.13176431628651875,1-2,0.08395041324622098,2-1,0.08267982666997917,2.782138124699146,0.2836243679848621,0.42705316605450755,0.289322440667247,0.6881112126511202,0.32472687725198063,0.8015125726559408,0.48055214863968027,0.5515297883253985,0.2422316218767302,0.24740811911162056,0.4787032033977569,0.20731922669163716,0.051906593995579654,0.024398422636871187,0.13707010821346746,0.1499113206790896,0.14007156596148312,0.02392384758384084,0.05190659399557964,0.21349187226390953,0.41878172588832485,6.6796875,4.398040771484375,11.077728271484375,0.8121336657161952,0.7256053226647358,0.6281868441154808,0.5264843076376956,0.42712268655408114,0.3355952186357265,0.844433345397015,0.6038029427910158,0.734216800948529,0.4363685882777508,0.607546340597652,0.2925611302853881,0.4788764992534516,0.18339419824454742,0.6685379316053536,0.24167104999048744,0.75,0.75,1.0,0.75,0.25,0.75,10.5,12.5,4,4
E0,Premier League,E0-Chelsea-Bournemo,2026-10-10 15:00:00,Chelsea,Bournemouth,6,1.9850294166797078,1.0838326557649387,0.9435269492528492,0.8209008782229273,0.5920563769933817,0.36818716404283,0.19643122983983446,0.5807989411684092,0.5899237092882442,0.2950467652554414,0.31926628555655145,0.09634947855141357,0.338296471549335,0.13737763802940667,0.28182342080218403,0.08090458728225579,0.5726918976241473,0.2349799264730543,0.1923281759027985,0.34849708119170175,0.2241948164324455,0.34849708119170175,0.07445642910259226,0.11787174680020623,0.07445642910259226,0.8076718240972015,0.42730810237585276,0.9255435708974078,0.6515029188082982,0.7485972165199347,0.25140278348006545,1-1,0.1099854858522295,2-1,0.09923837492022063,2-0,0.09156245144706492,3.0688620724446465,0.4313344757473264,0.37758970064332736,0.19107543225098245,0.742666224991738,0.39336577925101335,0.8194018300415551,0.5103089632538683,0.6085420638682834,0.3912233371920814,0.17275645574411855,0.45875413270297977,0.36990175303618933,0.04646677471902922,0.014964826738870073,0.1799786179352704,0.12204734294149966,0.0755627667996747,0.03281047410979261,0.04646677471902921,0.1117976802403738,0.4423076923076923,5.449975134416634,4.812931298369535,10.262906432786169,0.755097483625635,0.6553019124505928,0.5488055035909588,0.4434235743513121,0.34583616951788704,0.26063073643202994,0.7396444489709021,0.6631272552438087,0.5938866036794842,0.5021994607789138,0.44784501489910883,0.3545662531001527,0.31851658151724094,0.23486190909248836,0.5113095492493175,0.38077733787132645,1.0,0.5,1.0,1.0,1.0,1.0,10.5,14.0,2,2
E3,League Two,E3-Cheltenh-Salford,2026-10-10 15:00:00,Cheltenham,Salford,10,1.109983588024064,1.5309827527969475,0.9165924214849711,0.7525419799697344,0.49180515196278685,0.2729380217241877,0.12843284070613042,0.5375200831098178,0.304624568533643,0.4524899240416677,0.10160243640820887,0.19896916231805967,0.21632311613079463,0.32956437927441673,0.1329155376157656,0.24615680075938756,0.2632835000622519,0.27896928895773265,0.4577472109800156,0.1070437513711683,0.1562397486910836,0.1070437513711683,0.23765310692328087,0.2200941040567347,0.23765310692328087,0.5422527890199845,0.7367164999377482,0.7623468930767192,0.8929562486288318,0.36514880161161123,0.6348511983883889,1-1,0.13326703527143768,0-1,0.09703223981466749,1-2,0.09274069659861524,2.6409663408210116,0.2272232166111218,0.42793919445247763,0.3448375479977454,0.6822739910885427,0.3179801507970512,0.77561691030208,0.44029834422737246,0.5291832449475644,0.17834171169966437,0.2813805788696203,0.4520855744015853,0.15206092078826125,0.04945840810386403,0.025703790749662093,0.10621750320063039,0.155821921991403,0.16589960751332314,0.017120058099659725,0.049458408103864045,0.27825894083984687,0.43414634146341463,4.838792412503339,4.83585953038264,9.67465194288598,0.7058672580322923,0.5974423844324668,0.4865188768383817,0.38129222533274676,0.2878755624165551,0.20968238826137975,0.6665713471422099,0.6661822364392787,0.5061565634350624,0.5057087260442329,0.35842391831751474,0.35798658594782373,0.23817493420745728,0.23779870254943786,0.4435246398533064,0.442898415911456,1.0,0.4,1.0,0.4,1.0,0.2,9.8,9.4,5,5
E3,League Two,E3-Crawley-Chesterf,2026-10-10 15:00:00,Crawley,Chesterfield,10,1.2561037522507554,1.4955318454275095,0.9241870669207053,0.7725472660262728,0.5189382706275829,0.29732200811758336,0.14487020888085192,0.5669220455353123,0.35754874476822185,0.44067771770200476,0.13290095794630769,0.19003197083246845,0.22412949100322055,0.28476139654076194,0.14831655792392578,0.20894846346146717,0.3067906138277439,0.2772465028315911,0.41596288334066517,0.13567508993552874,0.17111552389221513,0.13567508993552874,0.20994539523478847,0.20601748810587667,0.20994539523478847,0.584037116659335,0.6932093861722562,0.7900546047652116,0.8643249100644714,0.4244747552653607,0.5755252447346396,1-1,0.1318845683677229,1-2,0.08965344177926869,0-1,0.08346046114424867,2.751635597678265,0.25700859810806614,0.4199150650637644,0.32307629806572885,0.6971787337163388,0.3354246165754998,0.7892374363555561,0.46107490778157034,0.5502395564798961,0.21384721955830063,0.2726876005792001,0.4570834637002534,0.17988048653721683,0.05148554215864624,0.025642465155410132,0.11837606668799149,0.15029624375200898,0.15124260361594127,0.02052337509003918,0.05148554215864623,0.2510672540736812,0.43414634146341463,4.658213301038418,4.04238666842545,8.700599969463868,0.608898365019944,0.490103544996622,0.3776480962069563,0.27893586035202533,0.19784761240468196,0.13504311560755047,0.6419039523977158,0.5468348368892577,0.47814846674749323,0.3770929432340608,0.3314393488242753,0.24021210132551962,0.2152700914856401,0.14265269451466867,0.5099110852317377,0.37010568484857675,0.4,0.4,0.6,0.6,0.6,0.6,8.4,7.2,5,5
E1,Championship,E1-Derby-Wrexham,2026-10-10 15:00:00,Derby,Wrexham,9,1.3717195691667252,1.2944761169749925,0.9181400875614596,0.7574836753700217,0.49805852848136384,0.2784693684514106,0.13210245065257453,0.5541480447007583,0.3983648548834975,0.3712184874938021,0.15970985674126442,0.14161720418376697,0.2740414283915822,0.25367043934619965,0.19218151595304195,0.17181052690765944,0.3756260288944141,0.2845363890075505,0.33983758209803533,0.1788409449218044,0.19678508397260974,0.1788409449218044,0.1548288333281632,0.18500874876987214,0.1548288333281632,0.6601624179019646,0.6243739711055858,0.8451711666718367,0.8211590550781955,0.5250106687793213,0.4749893312206786,1-1,0.1357807318932622,2-1,0.08466049411534922,1-0,0.08301304209976293,2.6661956861417178,0.30866712517138206,0.4055970419173928,0.28573577865000044,0.7196090081236676,0.36307211013653645,0.752074116869254,0.4063102561631104,0.5411993092757671,0.24585163860999046,0.22659495301068266,0.39874630374372894,0.23666306842563967,0.052085994536330595,0.019918013301621455,0.12989568580558464,0.15567689813362282,0.12002440824308949,0.021410949186890096,0.0520859945363306,0.21223878909975397,0.47692307692307695,5.73667861911576,5.087339288498396,10.824017907614156,0.7957029755951791,0.7049622793521104,0.6044341163769243,0.5011625243172356,0.4018805419333378,0.3118881275147693,0.7687314475605811,0.6981862215911122,0.6309646075033623,0.5432089992828738,0.4879523004082425,0.395273509639141,0.35673986788363327,0.2704634091748093,0.5122067934834535,0.3835770291341128,0.7142857142857143,0.42857142857142855,0.42857142857142855,0.5714285714285714,0.8571428571428571,0.7142857142857143,12.285714285714286,9.571428571428571,7,7
E2,League One,E2-Doncaste-Burton,2026-10-10 15:00:00,Doncaster,Burton,10,1.570711226050139,1.0956649762548323,0.9185349012213169,0.7571346961434992,0.49810286829710404,0.2785086325613982,0.13212842147913967,0.5392504239858463,0.4655557007277208,0.2993830934534164,0.209100296891893,0.09871222938197452,0.3343172284143707,0.20789744637846594,0.2528521296356876,0.12643234759978286,0.47129851527187655,0.2754793266174331,0.2532221581106902,0.2489889403029796,0.22230957496889697,0.2489889403029796,0.10176554871999578,0.15145660939069439,0.10176554871999578,0.7467778418893097,0.5287014847281234,0.8982344512800041,0.7510110596970203,0.6504969872999303,0.34950301270006956,1-1,0.13157540782109992,1-0,0.09720883809588576,2-1,0.09393953188033041,2.6663762023049715,0.34759149858882615,0.43390251108132455,0.2185059534733385,0.6726186657937802,0.3070549315513761,0.7876982302944738,0.4586837275055411,0.5298205327087908,0.2885517883751796,0.17333207057520295,0.47308283989464367,0.2817242336839693,0.04878896452332551,0.017078092585837847,0.1745189608330199,0.1539783716279066,0.10540493231187059,0.027016569895835802,0.04878896452332552,0.14270028262511078,0.41878172588832485,5.359405517578125,4.363250732421876,9.72265625,0.7101476122763759,0.6023775406857748,0.49173004415151667,0.3863902416798307,0.2925390375120554,0.21370149206028607,0.7297924974040481,0.5984779747154177,0.5816197262100817,0.43066842318093695,0.4348853183853881,0.2873838318021745,0.30645475652212173,0.17925160151167852,0.5501239005077754,0.34027767392632047,0.5,0.75,0.75,1.0,0.5,0.5,11.0,7.25,4,4
E3,League Two,E3-Fleetwoo-Walsall,2026-10-10 15:00:00,Fleetwood,Walsall,10,1.3378494885727874,1.3392929499724133,0.9189205007456052,0.7594820715096211,0.5007595561426431,0.280874783036399,0.13370906861824677,0.5566391548778512,0.38652626171757626,0.38703291587607563,0.15169065522618358,0.15202975070922295,0.26203092012531076,0.2624094242512325,0.18095142087091623,0.1813299249968379,0.3576171337241665,0.284097982696727,0.35828488357910626,0.16690008407667475,0.19071704964749175,0.16690008407667475,0.16734876869719417,0.19093611488191203,0.16734876869719417,0.6417151164208936,0.6423828662758333,0.8326512313028057,0.833099915923325,0.4995336304139389,0.5004663695860607,1-1,0.13552128005120184,1-2,0.08250122497445987,2-1,0.08241230691237722,2.677142438545201,0.2859663974957091,0.4276649191035386,0.2863686586698597,0.6872251246383636,0.3236957465602627,0.7801634236133743,0.4471391744722671,0.5361479060309936,0.2339124600713709,0.23426739586302286,0.453749203817111,0.21190137675419302,0.051627938328730236,0.022437004735570382,0.13562946784610133,0.15620177646356725,0.1358335743192455,0.022406313322238063,0.051627938328730257,0.21233432920058096,0.43414634146341463,5.853581321725365,4.768419696462161,10.622001018187525,0.7817751492963976,0.6877179174423105,0.5848803842360669,0.4806201744194577,0.38170065887214133,0.29321125641052126,0.7797132177887568,0.6571302464210745,0.6453128397048259,0.49534553717652036,0.5038588288673276,0.34791980596091787,0.3722748846484555,0.22918392832140058,0.5564100743115966,0.3404057543595445,0.2,0.6,0.4,0.4,0.6,0.4,9.6,12.6,5,5
E2,League One,E2-Huddersf-Sheffiel,2026-10-10 15:00:00,Huddersfield,Sheffield Wed,10,1.4723104473358548,1.2860072328060013,0.9245977682888604,0.7737326372870145,0.520551340060043,0.29880334340107156,0.1458904884709518,0.569635151857125,0.43286441065514275,0.3682113657388566,0.18423489199493143,0.1396772530186277,0.27637210643714505,0.22939497341686949,0.2009698747260055,0.15399274170573,0.40359538675390844,0.2777463321783269,0.3186582810677647,0.20116043938449044,0.20243494736941794,0.20116043938449044,0.14335799076038866,0.1753002903073761,0.14335799076038866,0.6813417189322354,0.5964046132460917,0.8566420092396113,0.7988395606155095,0.5588000514710539,0.4411999485289461,1-1,0.13204245672009043,2-1,0.08836704023676434,1-0,0.08133822575157033,2.758317680141856,0.3107672045453605,0.4286310277405251,0.26060174082880283,0.6849843751341933,0.3210993922791667,0.7987454273106381,0.4760967698022947,0.5471281374176716,0.26463447525111594,0.2192097190978784,0.4775709620393266,0.23764699383830415,0.05141139088999365,0.021708677623261792,0.1521209745545339,0.1509156808037609,0.12559419087981039,0.025831147976200456,0.05141139088999365,0.1833590812501576,0.41878172588832485,5.486389160156251,4.4879150390625,9.97430419921875,0.7318176266845706,0.6276370152859199,0.5186958896131141,0.41306174942665863,0.3172070991319336,0.2351968808153665,0.7435138947930628,0.6173079137845542,0.5987440606006393,0.4509763829936295,0.4530188670410388,0.3059680130195448,0.32337139198095805,0.19423425257127408,0.5495836769988743,0.34254693124090574,0.75,0.75,0.75,0.75,0.5,0.5,7.0,12.25,4,4
E0,Premier League,E0-Ipswich-Fulham,2026-10-10 15:00:00,Ipswich,Fulham,6,1.3629425539352376,1.585185034405466,0.9362328559313452,0.80429792320448,0.5650879559994393,0.34114751323852144,0.1760962638763481,0.6029503731066066,0.3953071579101718,0.4702695629905493,0.15761942339286464,0.2128193677961133,0.20491006638187378,0.2559067045801746,0.14114292231321895,0.19213956051151979,0.3176206940082883,0.26643756805345425,0.41594173793825734,0.14688657801298555,0.17073411599530275,0.14688657801298555,0.21552022128505646,0.20042151665320096,0.21552022128505646,0.5840582620617427,0.6823793059917116,0.7844797787149437,0.8531134219870145,0.43298386091755736,0.5670161390824425,1-1,0.12462212670121137,1-2,0.08979505918297369,2-1,0.07720581801954081,2.9481275883407037,0.2702425026311791,0.3988928374065995,0.33086458293048165,0.728550594908338,0.3745860555735942,0.8068229355181996,0.4892107066298444,0.587811329657476,0.24103295628286645,0.2957818271648347,0.4542642941830014,0.19004521486081166,0.05278308828683959,0.027414043387486476,0.11635087513530369,0.1382125397289712,0.14432920907785332,0.022553577294368306,0.052783088286839565,0.25552772903797993,0.4423076923076923,4.797046740862013,4.615139601176266,9.412186342038279,0.6816301674767513,0.5698241628988301,0.45769597351603786,0.35342294746068376,0.26267734523440733,0.1882169919120607,0.6609971897650493,0.6358056122444908,0.49975975504330944,0.4713421549598968,0.35219528212077844,0.3249938313851671,0.2328320416898141,0.20989287116221844,0.46199638275115246,0.42249668665468876,1.0,0.5,1.0,0.5,1.0,0.5,10.0,8.5,2,2
E2,League One,E2-Leiceste-Peterbor,2026-10-10 15:00:00,Leicester,Peterborough,10,1.8924459611412088,0.9728982260789943,0.932548261132539,0.7903032163132219,0.5459732399204005,0.3226272598432196,0.16263648340493225,0.5387622798374764,0.564098282131662,0.2542721637370379,0.29423717042928504,0.07538445575386585,0.3779859631913437,0.15070349583864093,0.31053422432388267,0.08325175697117998,0.5784566031769326,0.24219412802363335,0.17934926879943405,0.3463218358343945,0.23213476734253793,0.3463218358343945,0.06510592821650449,0.1142433405829296,0.06510592821650449,0.8206507312005659,0.4215433968230674,0.9348940717834955,0.6536781641656054,0.7633308536766955,0.2366691463233045,1-1,0.11536726120248567,2-0,0.10200371223470976,2-1,0.09923923068662133,2.8653441872202032,0.41788132545673123,0.40660656105349396,0.17551194589513333,0.6987918677708645,0.3373558621398672,0.8108831882465262,0.4959274293466107,0.5666385776587836,0.3651046823072887,0.1445340418303492,0.48256327681934885,0.3603024519931033,0.04426137834899336,0.013316464232909865,0.19726427499954308,0.1326943987874461,0.07664689439264175,0.03137724801663971,0.04426137834899335,0.09987288079015394,0.41878172588832485,5.552490234375,4.408912658691406,9.961402893066406,0.7307379223073271,0.6263674314859309,0.5173286949074924,0.4116976970975564,0.3159345531112063,0.23407840484915132,0.7504057620790572,0.6054558739569917,0.6074518129631874,0.43814481390377075,0.46235402826890487,0.29418064801435523,0.3321878167889214,0.1846950440955162,0.5648368659584709,0.3282695548399223,0.25,0.5,0.5,0.25,0.0,0.25,10.75,8.25,4,4
E2,League One,E2-MKDons-Reading,2026-10-10 15:00:00,MK Dons,Reading,10,1.5411184194350322,1.2115548919264605,0.9243383293177275,0.772644336044845,0.5191888946776375,0.29755188753770745,0.1450283189466771,0.5637860544000418,0.45584078318868165,0.34154492564943595,0.2015426851614016,0.12302823182829649,0.2977339955496158,0.21414162073261478,0.22207232486734346,0.1384799500503424,0.43738595489065,0.27515826410792615,0.28745578100142377,0.2258731648376735,0.21151279005297655,0.2258731648376735,0.12372008992175884,0.16373569107966487,0.12372008992175884,0.7125442189985762,0.56261404510935,0.8762799100782412,0.7741268351623266,0.6034226966143892,0.39657730338561087,1-1,0.130948733608886,2-1,0.09173068425742974,1-0,0.08635302715411107,2.7526733113614927,0.33039624847179166,0.4279383731042266,0.24166534452818494,0.6842388735277116,0.3202391131726712,0.7980841053136272,0.4750375307134433,0.5460801692001678,0.2813736937362161,0.2011462822167145,0.4773007813193896,0.25992351399993446,0.050609566594904384,0.019862982619402073,0.16231515856790513,0.1501300709115508,0.11549291820109801,0.027051574278938846,0.05060956659490438,0.16400406548317378,0.41878172588832485,5.38023568802521,5.098304590248963,10.478540278274174,0.7714163274815794,0.6750372981627772,0.5706640924582841,0.4658540290606838,0.3673592099407983,0.280088263510593,0.7320873616699254,0.6995198281397865,0.5844643162179655,0.5448014808389235,0.4378770781338035,0.39688699592692794,0.3092267132707077,0.2719035622797904,0.4748406644497223,0.417645296323656,0.5,0.6666666666666666,0.75,0.3333333333333333,0.75,0.6666666666666666,11.75,9.333333333333334,4,3
E2,League One,E2-Mansfiel-Bromley,2026-10-10 15:00:00,Mansfield,Bromley,10,1.6708405382654616,1.0851155000250794,0.9249300015054369,0.7728369066669394,0.5199811069072782,0.2982790160557422,0.1455287120597601,0.5491180358725538,0.497643754727745,0.2955171051450016,0.23509869052696414,0.09660451411770082,0.33786276819990296,0.1880891944221061,0.26279276970533993,0.1130191959275431,0.49897257833009967,0.2658353743930517,0.23519204727684845,0.2741570516857648,0.2248155266443349,0.2741570516857648,0.09322620379297868,0.14196584348386979,0.09322620379297868,0.7648079527231514,0.5010274216699002,0.9067737962070213,0.725842948314235,0.6796467180880437,0.32035328191195617,1-1,0.1267382885848253,2-1,0.09625430468996045,1-0,0.09465747315563044,2.755956038290541,0.36669559259000023,0.4238495823373091,0.20945476441000838,0.6846726666427415,0.3207394478920936,0.7984689896872995,0.47565328494533676,0.5466898924007391,0.3127057401371507,0.17082586493759983,0.4774575499606357,0.30186971285382236,0.04823925603547101,0.016586276291516697,0.17978297447020655,0.14631315331006498,0.09775306555947148,0.028841340752334133,0.048239256035471016,0.1323739637319696,0.41878172588832485,5.684692382812501,3.9508438110351567,9.635536193847658,0.7023446089801029,0.5933940004397602,0.4822579234481623,0.3771372943513626,0.28408710050902575,0.2064279727050531,0.763687835548279,0.5312807654903993,0.6244404798366382,0.3615494831906657,0.48079171159058115,0.22703237756849973,0.34981631732747287,0.13280741049101574,0.6282662390059767,0.26867572587838773,1.0,0.5,0.75,0.5,0.75,0.5,8.75,8.75,4,4
E1,Championship,E1-Middlesb-Wolves,2026-10-10 15:00:00,Middlesbrough,Wolves,9,1.399145577135263,1.2985217398913167,0.920398948205508,0.7631544702443323,0.5058037067282433,0.28539331220772746,0.13674483279999508,0.5598582295029213,0.4078721067411725,0.3726529670120304,0.16629558116469,0.14254710269477455,0.2729350008312878,0.24680782146028293,0.19333394903679582,0.16720676966579096,0.38198340370877953,0.28240657535036506,0.3356100209408554,0.1841248238501957,0.1978585798585838,0.1841248238501957,0.15286121996104704,0.18274880097980825,0.15286121996104704,0.6643899790591448,0.6180165962912205,0.8471387800389528,0.8158751761498043,0.5323117389143901,0.4676882610856099,1-1,0.13462414722967478,2-1,0.08561762735091176,1-0,0.08201137524433477,2.6976673170265797,0.31352106407415387,0.40270630171399496,0.2837725733080839,0.7237861231822789,0.3684148686167956,0.7561220831489276,0.41198886615003427,0.547270671214871,0.2526947969956746,0.22760225060515776,0.3998199902150812,0.24127188497583377,0.052242269264319546,0.020006856052186682,0.13098688680665246,0.1534448100186378,0.11827454951964421,0.02196316918818041,0.052242269264319546,0.20956708509152652,0.47692307692307695,5.580977757182575,5.138521570233369,10.719499327415944,0.7885922520135252,0.6961299275425477,0.5943867314353783,0.4905733274000734,0.39144496550694896,0.30219905540325354,0.7533239324017121,0.7043674935754348,0.6111607873959071,0.5506107544625697,0.46635385877082125,0.4027938500089291,0.335987804775427,0.2771946408506747,0.4914074993873656,0.40303223256071186,0.6,1.0,0.8,1.0,0.6,0.8,11.2,10.4,5,5
E3,League Two,E3-Newport-Colchest,2026-10-10 15:00:00,Newport,Colchester,10,1.2499239336174328,1.3658196459119085,0.9144048645000705,0.7481223092746077,0.4855153848569137,0.26742757660148,0.12481213054703574,0.543897020996404,0.3553369050943626,0.39631025991581204,0.1315152279484135,0.15830372806247095,0.25517149674843237,0.28652661775509297,0.16957636124850295,0.20093148225516352,0.3292220547461764,0.2874251075734765,0.383352837680347,0.14667365287838485,0.1825484018677916,0.14667365287838485,0.18272081241896965,0.2006320252613774,0.18272081241896965,0.6166471623196529,0.6707779452538236,0.8172791875810304,0.8533263471216151,0.46201747808581933,0.5379825219141805,1-1,0.13729880548006007,0-1,0.08737804389984415,0-0,0.0855951354999294,2.615743579529341,0.26712709854406635,0.4332036128223975,0.2996692670574881,0.6787756547993056,0.3139882861466538,0.7723914642801182,0.43550148034406916,0.5242805219281317,0.21233428797893886,0.2407921415947278,0.4509080672448842,0.19317815250142034,0.05106767260582583,0.022881208125651052,0.1280684748672179,0.1603262581731815,0.14480879055076532,0.0204570386405681,0.051067672605825815,0.22814448343946794,0.43414634146341463,4.590649211862143,4.985899605188945,9.576548817051087,0.6969731459072084,0.5872435530052633,0.4758083054210531,0.37087124765217827,0.2783946961407363,0.20155595078176025,0.632301261074285,0.6856057803606412,0.4674517779471727,0.5283053752713165,0.32132928351409057,0.38029255639329823,0.20685197150749413,0.25719719805967206,0.40073159273506387,0.4855233159574223,0.8,0.6,0.6,0.6,0.6,0.8,9.8,9.2,5,5
E3,League Two,E3-PortVale-Grimsby,2026-10-10 15:00:00,Port Vale,Grimsby,10,1.383648969733233,1.2104130241554565,0.9127707204988319,0.7439795680956579,0.48007853348878554,0.26270676866655435,0.1217378102490892,0.5384928304943795,0.4025090987546217,0.3411329892891882,0.16256457110228062,0.12277880797428624,0.2980741623898765,0.2506622866169118,0.21084488288870856,0.16343300711574385,0.3965194780719543,0.2881106369591683,0.3153698849688773,0.1912460785692934,0.20527339950266085,0.1912460785692934,0.13736387088223573,0.17800601408664163,0.13736387088223573,0.6846301150311225,0.6034805219280458,0.8626361291177641,0.8087539214307067,0.5569959303482545,0.44300406965174544,1-1,0.13764661212610918,1-0,0.0908673204231206,0-0,0.08722927950116799,2.5940619938886895,0.30688897288315,0.43498874324687675,0.25812226224583507,0.6757377004423442,0.3105526585612383,0.7695818252280247,0.4313601249727367,0.5200354528818074,0.24517900468972817,0.20268009153915809,0.4498836805604265,0.23659507780909594,0.050728458287318014,0.019565362734862736,0.14927882279108776,0.16162697727717246,0.1240828536465026,0.023158847309543033,0.05072845828731802,0.184234892898298,0.43414634146341463,5.148971413304835,4.751269035532995,9.900240448837831,0.7255734334957982,0.6203108849854415,0.51082386523826,0.40522509153974,0.30991221923299733,0.2287992806196287,0.7056159333782634,0.6547961530501907,0.5521120980180194,0.49269033598652145,0.40432577227372535,0.34535696898747525,0.2785716787110931,0.22700472773180405,0.48612460310522415,0.4025640554308263,0.2,0.6,0.4,0.6,0.4,0.6,8.8,11.2,5,5
E1,Championship,E1-Preston-Millwall,2026-10-10 15:00:00,Preston,Millwall,9,1.2839703760367813,1.444869021037768,0.9225916023728206,0.7686385439556942,0.5134132690170184,0.29227545791515275,0.14141306513575258,0.5646957406844333,0.36748727069293985,0.4235560020551131,0.13921202689882417,0.17744644005874816,0.23577704694389104,0.2769356099988548,0.15836864931671157,0.1995272123716754,0.3232031541179793,0.279864068806625,0.39693277707539554,0.14558457651868204,0.17761857759929728,0.14558457651868204,0.19553825527070087,0.2013945218046948,0.19553825527070087,0.6030672229246041,0.6767968458820206,0.8044617447292988,0.8544154234813178,0.4488085375526012,0.5511914624473985,1-1,0.1332467103884879,1-2,0.08751092908887158,0-1,0.08222947257386641,2.728839397074549,0.276482211118765,0.39966876123402645,0.3238489563591908,0.727862134239317,0.3736891950246893,0.7600663651632573,0.41758664012108715,0.5532235267112485,0.22398015298556956,0.264099680840696,0.4008646060250678,0.20138243790130642,0.05226594331657541,0.022833774792559467,0.11423943857613708,0.1511053766485334,0.13432388200773945,0.019694493212818794,0.052265943316575435,0.251888457540335,0.47692307692307695,5.277687784005346,4.983833727167834,10.26152151117318,0.7549897298767093,0.6551725560776799,0.548663285211554,0.44327871209063185,0.34569819573779825,0.2605069284827504,0.7206201747182366,0.6853449823032921,0.5703266919406544,0.5279986712165015,0.4230878108534926,0.379986515981341,0.2955973395016184,0.2569281744008457,0.4757131495248741,0.4153068817668367,0.8333333333333334,0.8,0.8333333333333334,0.2,0.8333333333333334,1.0,9.0,11.4,6,5
E3,League Two,E3-Rotherha-Gillingh,2026-10-10 15:00:00,Rotherham,Gillingham,10,1.458932369672965,1.1421680849509661,0.9134451361192721,0.7451903750617324,0.4818464138670247,0.26423746553084215,0.12273178191897231,0.5349440258581493,0.42833646603232606,0.31637763164861654,0.18091679201786007,0.10821979503301012,0.3191263902930528,0.23248444772952595,0.23257152641232476,0.14592958384879795,0.4315588585335775,0.2846476675220503,0.2837934739443724,0.21666669070519673,0.21489216782838072,0.21666669070519673,0.11824307382349004,0.1655504001208822,0.11824307382349004,0.7162065260556277,0.5684411414664226,0.8817569261765098,0.7833333092948034,0.6032815424515025,0.39671845754849777,1-1,0.13599235405283505,1-0,0.09587805617654573,2-1,0.09018347607077616,2.601100454623931,0.32797827750504166,0.43306192713056135,0.23895976655239967,0.6767270435291205,0.31166836286386257,0.7704976955763121,0.4327062524871542,0.5214166275733579,0.2636976204235503,0.18610347749890674,0.45021739863038307,0.26001840098882245,0.04999868387062076,0.017961093334526602,0.15945033317905644,0.15992429558090035,0.11368718148012241,0.024453010954085447,0.04999868387062076,0.16450799602992977,0.43414634146341463,5.868893044794729,4.248048208507733,10.11694125330246,0.7435314264347312,0.6414870396993423,0.5336934096274625,0.42810784136358215,0.331321857779604,0.24767179529273065,0.7811153139448771,0.580459102288744,0.6471590818987405,0.4116266956827536,0.5059215653576242,0.2703095082396362,0.37430514334242887,0.16576360528010656,0.6130965965449002,0.2852968282139064,0.6,0.4,0.8,0.6,0.6,0.4,9.0,11.4,5,5
E1,Championship,E1-Sheffiel-Lincoln,2026-10-10 15:00:00,Sheffield United,Lincoln,9,1.7288213662029923,1.0069597197291207,0.9238682220953052,0.7690472593017198,0.5150985127011043,0.29380989220181997,0.142460586578332,0.5333099156408746,0.5156509461516589,0.26680142696324705,0.2504020435906604,0.08158600053283437,0.3653279962866982,0.17749386597712216,0.28919621838200327,0.10136208807242718,0.5318526375976929,0.2600435757705061,0.20810378663180124,0.3006633121492818,0.23118932544841106,0.3006633121492818,0.07815991140506338,0.12994387522673792,0.07815991140506338,0.7918962133681988,0.46814736240230737,0.9218400885949367,0.6993366878507183,0.718762105689539,0.28123789431046126,1-1,0.12417129443502502,1-0,0.10081449144107765,2-1,0.09757726676743363,2.735781085932113,0.41058335249934746,0.38975121077665437,0.19966520255042866,0.7287615981750608,0.3748611243980328,0.7609359933469085,0.4188291726549682,0.5545409306204205,0.3342233056584791,0.15615422696068562,0.40109439468167096,0.3500739038213055,0.047168607392335624,0.013340623954565511,0.1668694454982803,0.14312924982399583,0.07975231819459797,0.026197819765834095,0.04716860739233562,0.12629866393446265,0.47692307692307695,5.62885923294108,5.324130066360798,10.952989299301878,0.8042005102563903,0.7155968024667075,0.6166228339192594,0.5141054395543811,0.41473194178455935,0.32391027057557925,0.7581590088997611,0.7258663039814278,0.617335199625982,0.5767708590061484,0.4730439685424829,0.42980426502914865,0.34237374073137233,0.3017642426032604,0.47785618009398706,0.41776504536276476,0.6666666666666666,0.4,0.6666666666666666,0.6,0.3333333333333333,0.6,10.833333333333334,11.8,6,5
E3,League Two,E3-Shrewsbu-Exeter,2026-10-10 15:00:00,Shrewsbury,Exeter,10,1.3572147895733642,1.1758584595672634,0.9079116781538726,0.7320961016567638,0.46464206386257273,0.2495163256427852,0.11328401247124191,0.526157639856207,0.39330787998871536,0.32863016769745984,0.15625984026961126,0.11532013517445071,0.3085540005373615,0.25737668145255893,0.2164656786912341,0.16528835960643157,0.396921029572626,0.29198416638471053,0.31109480404266343,0.18963311549204395,0.20728791408058198,0.18963311549204395,0.13319902043883686,0.1778957836038266,0.13319902043883686,0.6889051959573367,0.6030789704273741,0.8668009795611631,0.8103668845079561,0.5606103857110895,0.4393896142889104,1-1,0.13941088852801242,1-0,0.09510895887784748,0-0,0.09208832184612743,2.5330732491406276,0.3052716395018296,0.4409056974064205,0.2538226450853118,0.6670371922817974,0.30086982244176774,0.7614911268511486,0.4196245605998828,0.5079429032022922,0.23867525373284662,0.19426890346071365,0.44694028948093556,0.23624421236440535,0.05023705064138244,0.018790313129777903,0.15085640134969205,0.16616255923321052,0.12388666077246455,0.022494080925462453,0.050237050641382446,0.18109145869237905,0.43414634146341463,5.472586255765415,3.9497105336440512,9.422296789409465,0.6825899263059325,0.5709074252511377,0.4588157147225782,0.3544952894947109,0.26363760955499516,0.1890271297930028,0.7420532911423093,0.5310859927398178,0.5969078664227345,0.36135655019979146,0.451060252237317,0.22687022311179034,0.3215309081601499,0.1326873490041382,0.6078044468637307,0.28542006572740763,0.4,0.2,0.2,0.4,0.8,0.2,8.6,9.2,5,5
E2,League One,E2-Stevenag-Wigan,2026-10-10 15:00:00,Stevenage,Wigan,10,1.4317281612926418,1.2339859767312944,0.9181627311255982,0.7573382601108147,0.49793950438716394,0.2783635781083785,0.13203191534561345,0.5518116208481653,0.41907035800186804,0.349619999826447,0.1742206154209307,0.12796517551058872,0.29112984904460815,0.23889579898162847,0.20929258017020627,0.15705853010722665,0.40415386185379504,0.2831902598401388,0.31265587830606617,0.19883098876183322,0.2053228730919617,0.19883098876183322,0.13738812723894697,0.17526775106711928,0.13738812723894697,0.6873441216939337,0.5958461381462051,0.8626118727610531,0.8011690112381669,0.5638230610031354,0.4361769389968646,1-1,0.13516328077438203,2-1,0.08796230702608501,1-0,0.08728869010605259,2.665714138023936,0.30838618517187383,0.4370737321724882,0.2545400619885475,0.6725278833222063,0.30695358992912064,0.787616520034063,0.4585573526796988,0.5296940710881105,0.25474012327219736,0.20657668169796636,0.47305005792279203,0.2370840410320427,0.050775187437475805,0.020526844838589624,0.1545459934716846,0.15706462847284228,0.12546296687075273,0.02481129122132488,0.05077518743747579,0.17895348939748823,0.41878172588832485,5.495086669921875,4.8126220703125,10.307708740234375,0.7585629292710454,0.6594687349889532,0.553393929434432,0.4481047443308983,0.35030184563017214,0.26464430824863067,0.7444304243293232,0.6630858950638413,0.5998979176504395,0.5021520327194205,0.4542514089235984,0.3545201072784547,0.32453124736085737,0.2348223558724656,0.5159798122077581,0.376605135027092,0.5,0.5,0.75,0.5,0.0,0.75,9.5,11.0,4,4
E2,League One,E2-Stockpor-Barnsley,2026-10-10 15:00:00,Stockport,Barnsley,10,1.6306104147926885,1.1322610122009402,0.9252377088405085,0.7741757081841829,0.5216485882395311,0.2998128525497197,0.14658694864384708,0.5566483277820137,0.4848995097890182,0.31276436374428873,0.22458051651739355,0.10616526799537374,0.3223037106260926,0.19581025275138486,0.24754141946660133,0.12104796159189354,0.47796880443401485,0.26912008928151837,0.25291110628446645,0.2575417882779076,0.22042701615610727,0.2575417882779076,0.10341237452888265,0.14949873175558379,0.10341237452888265,0.7470888937155333,0.5220311955659849,0.8965876254711171,0.7424582117220923,0.6539635272833728,0.34603647271662674,1-1,0.1281711213099557,2-1,0.09499871149257769,1-0,0.09125650818082741,2.7628714269936285,0.35452157670783974,0.42476582552730335,0.22071254736404583,0.6855845456581833,0.32179321765324226,0.799277387705682,0.47694995916810284,0.5479722247050596,0.3030290220747655,0.18206334738390118,0.477788005749417,0.2874781475886178,0.04924501125219719,0.01779813419477215,0.1737191168612526,0.14732591386604166,0.10372046854498818,0.02842328094812113,0.0492450112521972,0.14304407435768848,0.41878172588832485,5.856903076171875,5.256195068359375,11.11309814453125,0.8143328323493537,0.7283938356682549,0.6314250155824372,0.5299681526213917,0.43062745839625055,0.338917003625669,0.780018096825144,0.718162492658836,0.6457140169023536,0.5673213454995306,0.5043067370682734,0.419969583509888,0.3727154336560373,0.29274714997059537,0.5072294778472255,0.3901511856871755,0.75,0.5,0.75,0.5,0.75,0.25,11.25,13.0,4,4
E0,Premier League,E0-Sunderla-Brighton,2026-10-10 15:00:00,Sunderland,Brighton,6,1.4260819992520775,1.6063207898273741,0.940758912131695,0.8166805174120901,0.5840295720074666,0.3600263718440401,0.1902093896094658,0.6183680219123509,0.4171375473227708,0.4771079062166327,0.17283972012522503,0.21827542722474944,0.20062461068654575,0.24024845526940822,0.1413835228182408,0.18100736740110326,0.32932729182335857,0.26255177964388704,0.40812092853275445,0.15639627374314088,0.17293101808021769,0.15639627374314088,0.21193812377617052,0.1961828047565838,0.21193812377617052,0.5918790714672457,0.6706727081766415,0.7880618762238295,0.8436037262568592,0.44657683445805424,0.5534231655419458,1-1,0.12145468568019538,1-2,0.08867963028638495,2-1,0.07872924589697532,3.032402789079452,0.27939716111352214,0.3925201369907652,0.3280826099493674,0.738482762478432,0.38772134725490626,0.8156921292982212,0.5039996652192336,0.6023745769760648,0.25662590775605026,0.30095261097330406,0.4574241624479696,0.19812309503729283,0.053320064098839236,0.02795381320664597,0.11829999554014359,0.1338286416963918,0.14039125001250494,0.023945188336209157,0.05332006409883923,0.25081713772296726,0.4423076923076923,4.795978118286637,4.356836288859943,9.152814407146579,0.6562958277972507,0.541531059875304,0.4287572711014058,0.3259993648998114,0.23837623466487867,0.16792831439224468,0.660853491177958,0.5974902624697201,0.49959537712379526,0.4296147972884689,0.3520357388272243,0.286430187176243,0.23269562545401426,0.17849120664997806,0.48994286274905813,0.3930909051009033,0.5,1.0,0.5,0.5,0.5,0.5,7.5,9.0,2,2
E3,League Two,E3-Tranmere-Rochdale,2026-10-10 15:00:00,Tranmere,Rochdale,10,1.4063253141392664,1.2273552044850005,0.9157908306311577,0.7514474706254864,0.48999230781542596,0.2713444286056785,0.12738226362737248,0.546100335771452,0.4103488573865007,0.3472364100215531,0.16803268659222825,0.1264984713996701,0.2930666777638532,0.24504215583353717,0.2088575083950108,0.16083298646469482,0.3988914372919522,0.2854928988355667,0.315615663872481,0.19412257454143203,0.20476886275052014,0.19412257454143203,0.13848331284359167,0.1771323510288895,0.13848331284359167,0.6843843361275189,0.6011085627080478,0.8615166871564084,0.805877425458568,0.5582749795514673,0.44172502044853257,1-1,0.1363502673127674,1-0,0.08859793203655592,2-1,0.0871603784143639,2.633680518624267,0.3094783623598269,0.43117183833498396,0.25934977460710595,0.6812673966563059,0.31682763303712635,0.7746899345733981,0.4389151273391399,0.5277709949426628,0.2507588127630892,0.20681552757712626,0.4517470635257842,0.23854987763718327,0.050987205468136995,0.019941196203847118,0.14905008157303407,0.1587274306139503,0.12339422518236291,0.023686895024797885,0.050987205468137,0.18467560279831,0.43414634146341463,5.0057529610829095,4.351162169382847,9.356915130465756,0.6763464676918929,0.5638756263001709,0.4515626586473259,0.3475640933477829,0.2574440824599452,0.18381302825452234,0.6881027031664438,0.5966150129037479,0.5312464165768845,0.4286820990302763,0.3832318401539911,0.2855868629963638,0.2597850214373003,0.17781946789184525,0.5138251536820387,0.3717811128088263,0.4,0.8,0.6,0.4,1.0,0.8,8.6,9.4,5,5
E1,Championship,E1-Watford-Burnley,2026-10-10 15:00:00,Watford,Burnley,9,1.2705286075651128,1.3912377011384611,0.9178329093129904,0.7566601585562124,0.4969635005425811,0.27749698736928075,0.13145484470594582,0.5527165679539544,0.36270066938427725,0.4051382994915243,0.13615519812952204,0.16438849702180092,0.24876728073719478,0.2806832419958605,0.16660019005018506,0.19851615130885084,0.3297981408935704,0.2844561719006178,0.3857456872058118,0.1481997229361283,0.1815984179574421,0.1481997229361283,0.18572154771796856,0.2000241394878433,0.18572154771796856,0.6142543127941883,0.6702018591064296,0.8142784522820316,0.8518002770638717,0.4609055769086511,0.5390944230913489,1-1,0.13576512209919445,1-2,0.0858552528927572,0-1,0.08480061995087991,2.661766308703574,0.27915948971403776,0.4058293405179312,0.3150111142755026,0.7190160638468079,0.3623187651123724,0.7514990301674737,0.40550888946567415,0.5403398746557105,0.22063685108259193,0.25072167951311364,0.39859361731191856,0.2054438385659257,0.05196232769344482,0.021753277460609843,0.11727022219343741,0.1558468497717397,0.13271221759374108,0.019426276315077873,0.05196232769344482,0.24362245998857407,0.47692307692307695,4.549720012199341,5.3388705737044315,9.888590585903772,0.7245811357999075,0.6191502382417572,0.5095805804727059,0.4039912118106799,0.30876718929009467,0.2277981942545603,0.6263846699232942,0.727513056500348,0.4609176526804569,0.5788018753127846,0.31520649864033035,0.4319296749898361,0.2017976305514222,0.303723649274871,0.3625532661911266,0.5276928531203258,0.3333333333333333,0.6666666666666666,0.6666666666666666,1.0,0.3333333333333333,0.8333333333333334,10.333333333333334,9.0,6,6
E2,League One,E2-Wycombe-Luton,2026-10-10 15:00:00,Wycombe,Luton,10,1.3535728969748484,1.3438885384707224,0.920367534027441,0.7631346061359295,0.505753252838486,0.2853479509797515,0.13671425049683253,0.560487240558688,0.3920351055960981,0.3886447286450564,0.15539728750862858,0.15311094416258103,0.26082949821232726,0.25831572720154367,0.18119703223976835,0.17868326122898476,0.360817634485084,0.2828298675632427,0.3563524979516733,0.1695988408507139,0.1912187936343701,0.1695988408507139,0.1665894987294111,0.1897629992222622,0.1665894987294111,0.6436475020483268,0.639182365514916,0.8334105012705889,0.8304011591492862,0.5031130246028508,0.4968869753971492,1-1,0.1348171491285064,2-1,0.08294765413989208,1-2,0.08235419159231722,2.697461435445571,0.28393523159685014,0.4347575014098487,0.2813072475633403,0.676852872202558,0.31181048980452813,0.7914995084083778,0.4646092385340415,0.5357287156131232,0.23567166948639948,0.23330979185173928,0.47462197966472397,0.20946599434020902,0.05140143190447917,0.023067706055197864,0.140327069897025,0.15551469077486263,0.138915605560326,0.023280551669145083,0.05140143190447919,0.2066251658292064,0.41878172588832485,5.56640625,4.6952056884765625,10.261611938476562,0.7549967667234851,0.655181003303729,0.5486725719367056,0.4432881710357456,0.34570720448893283,0.2605150119398256,0.7518351622339661,0.6470751594937548,0.6092669299322202,0.4839562900978933,0.46430971644055385,0.33697387131849577,0.33404411242439364,0.21991631981178714,0.5355723114284396,0.35766467152890247,0.5,0.75,1.0,0.75,0.75,0.75,10.5,9.75,4,4
E3,League Two,E3-York-Northamp,2026-10-10 15:00:00,York,Northampton,10,1.5324313962489378,1.0929155724912913,0.9154571804750626,0.7495998084745062,0.48791451269017866,0.2695231399316816,0.12618485781404712,0.5332951842612598,0.4529695719307782,0.29837586834554103,0.19933649999454905,0.09816113141296659,0.33523766599876953,0.21600996926490826,0.25069484647383206,0.13146714973997076,0.46208020378402603,0.27924199030559,0.2586778059103841,0.24042946802365597,0.22165073576037,0.24042946802365597,0.10407706410731425,0.15460074180306985,0.10407706410731425,0.741322194089616,0.5379197962159741,0.8959229358926858,0.759570531976344,0.6411031130683387,0.35889688693166155,1-1,0.13340955755714093,1-0,0.0988423844112962,2-1,0.09292772480011023,2.625346968740229,0.34694135382540003,0.4291227643853252,0.2239358408555083,0.6801121398223667,0.3155087840553361,0.7736249602510443,0.4373303890190678,0.5261517271363312,0.281735424945792,0.1742429075760725,0.451358047604376,0.2810461623777706,0.049167348759577546,0.016727700946226907,0.16753552748915043,0.15665082840089484,0.10493624613130471,0.025626597550423163,0.04916734875957755,0.14914179906434272,0.43414634146341463,5.658728645417301,4.456990429289598,10.115719074706899,0.7434327916011624,0.6413698287619581,0.5335658484799948,0.42797922378403597,0.33120059597726775,0.24756408471180194,0.7611313276642253,0.6127019254017892,0.6211490238551867,0.445969748475914,0.47719609465980883,0.3013504378907132,0.34635603468204174,0.19048248933493112,0.570236379449876,0.32431223014105853,0.6,0.0,1.0,0.4,0.6,0.2,12.2,8.4,5,5
E0,Premier League,E0-ManUtd-Tottenha,2026-10-10 17:30:00,Man Utd,Tottenham,6,1.8275239016725189,1.1702238416886388,0.939428920600669,0.8111859154624239,0.5763035837022366,0.35226114797949953,0.18435547145325656,0.5894617496323276,0.5453006823003055,0.3265849869496912,0.27675748619665447,0.1141205961483842,0.3102974910303854,0.16081183873661822,0.24972641163105436,0.10024075933728717,0.516912698429385,0.25054885573417646,0.2325384458364385,0.29721560674044006,0.21969709168894502,0.29721560674044006,0.09569736197061336,0.13684108386582514,0.09569736197061336,0.7674615541635615,0.4830873015706151,0.9043026380293868,0.7027843932595601,0.689721674834138,0.3102783251658619,1-1,0.11738726242513019,2-1,0.09751273992446811,2-0,0.08332827998424364,2.997747743361158,0.3943118094245706,0.38883893781712014,0.2168490514515956,0.7344432959391096,0.3823343208312788,0.8120953934457162,0.49795120758684985,0.5964380173792398,0.3543237478561122,0.1936704836108564,0.4561380482877279,0.3274073990369565,0.04941844635428969,0.017485421475918986,0.16905320008445518,0.13036798660783,0.08941722564787191,0.03112382231576308,0.049418446354289707,0.1363064777940574,0.4423076923076923,5.8517772227579385,4.226781474267109,10.078558697025048,0.740419521284387,0.6377939096133722,0.5296794261596615,0.4240659144571636,0.3275160805076669,0.24429574266089987,0.7795474689109682,0.5770682207455617,0.6450948029076723,0.40808551407079363,0.5036154666890048,0.2671716856709487,0.37203559230131666,0.1633141951685222,0.6137843223964933,0.28443779502218636,0.5,0.5,0.5,0.0,0.5,0.5,9.5,13.0,2,2
E1,Championship,E1-Southamp-Portsmou,2026-10-11 12:00:00,Southampton,Portsmouth,9,1.681417925550447,1.085403191744215,0.9256660294704473,0.7746838652150381,0.5225992588072244,0.3006889004494713,0.147192334036807,0.5504581839002961,0.5009607608583169,0.2956225774854543,0.23787851693174497,0.09666174650764525,0.33776558188031247,0.1861102047489444,0.26343161135075965,0.11177623421939156,0.5015169486062616,0.26479069067127214,0.23369236072246638,0.2766120214640836,0.22490492714217802,0.2766120214640836,0.0925764411401323,0.14111591958233405,0.0925764411401323,0.7663076392775339,0.4984830513937385,0.9074235588598679,0.7233879785359165,0.6821417278627284,0.31785827213727175,1-1,0.12619583821527683,2-1,0.09644906568410477,1-0,0.09422430846024628,2.766821117294662,0.3917962247845915,0.3902499877192196,0.21795359875542064,0.7327473572796787,0.38009104667009336,0.7647861730748979,0.42437014016088037,0.5603950472046704,0.32265116792846177,0.1750488770851775,0.4021126831394964,0.3276075190393039,0.049084114570822276,0.015104421086849668,0.15924135905920492,0.14367735908306242,0.0873311095398976,0.0261406178566431,0.04908411457082229,0.14272876583352057,0.47692307692307695,5.997372481824257,5.085984165334258,11.083356647158515,0.8124850926885641,0.7260505142894278,0.6287033453205235,0.5270394793559083,0.42768067486946426,0.33612358302845824,0.7925573044912162,0.6980210564210789,0.6623498647174747,0.543011942283739,0.5230339534395899,0.39507402504855405,0.39128763168058434,0.27028550781094307,0.5378596537102792,0.3606719794262595,0.6666666666666666,0.6,1.0,0.6,1.0,0.8,11.166666666666666,11.6,6,5
E0,Premier League,E0-CrystalP-NottmFor,2026-10-11 14:00:00,Crystal Palace,Nott'm Forest,6,1.489139046731127,1.4383482341791252,0.9350026752921111,0.8012219047822625,0.5603689807415647,0.33652644788108615,0.1727024059121396,0.6021109157454929,0.43853264533401254,0.42133237109628635,0.18843139679359655,0.1758436451862377,0.2373195185135331,0.22556689044886308,0.17232219380564412,0.16056956574097403,0.3766585425697949,0.26926514113471983,0.3540763162954853,0.18649474901939722,0.1901637935503977,0.18649474901939722,0.17078960782006714,0.18328670847541817,0.17078960782006714,0.6459236837045147,0.6233414574302052,0.829210392179933,0.8135052509806029,0.5154517237000137,0.4845482762999863,1-1,0.12612488761366994,2-1,0.08537158859549589,1-2,0.08245977699325578,2.927487280910252,0.3062839093353058,0.4013283091183019,0.2923877193571971,0.7260610872120301,0.37135118449470456,0.8045864383897936,0.4855465699898344,0.5841789042133486,0.27218175496226993,0.2596541397696702,0.45347244093542155,0.2287867898454378,0.053145342597473375,0.024351632524546352,0.13387067928499405,0.14004243939528138,0.12741501598354232,0.025466850391146344,0.053145342597473395,0.2137753878641371,0.4423076923076923,4.306548978764516,4.299034149040906,8.60558312780542,0.5984341699411962,0.47900488712440725,0.3668673216696895,0.26923381036173516,0.1896832695946691,0.1285703180208779,0.5896831709748755,0.5885068016806618,0.4213270287035487,0.4200844143107527,0.27896513677110807,0.2778514239179684,0.17256764385433349,0.17168829221256943,0.4395833169643783,0.43785797054235037,0.5,0.5,0.5,0.5,1.0,0.5,6.0,6.5,2,2
E0,Premier League,E0-Hull-Everton,2026-10-11 14:00:00,Hull,Everton,6,1.1137617690566495,1.8511199511147223,0.937801663977295,0.8061753775982325,0.5688943263116931,0.344898012168865,0.17886736787190619,0.5768149566219376,0.306006406890589,0.5521979558042159,0.10237064997694487,0.28310042660192825,0.15706180443958664,0.32832157496118103,0.09486346841688162,0.266123238938476,0.21629484955707895,0.24825526620812818,0.5354498842347932,0.08606266146036136,0.13023218809671755,0.08606266146036136,0.31195983983076625,0.2234900444040269,0.31195983983076625,0.46455011576520705,0.7837051504429213,0.688040160169234,0.9139373385396389,0.28772379749980714,0.7122762025001934,1-1,0.11694712725140402,1-2,0.09840143658210285,0-2,0.08835052460585745,2.9648817201713715,0.20540823438721062,0.3895869586494535,0.4050045852233559,0.7305547306952549,0.37720667950122305,0.8086195081386233,0.49217197008294594,0.5907408070031414,0.17996796935415535,0.3599179930823809,0.4549008694307446,0.12616517727257234,0.04819453642107864,0.031048204778440117,0.08463160375285649,0.13060214992032484,0.17435262716017577,0.01612868986300954,0.04819453642107863,0.34068074854467956,0.4423076923076923,4.712625557407325,4.616945918045611,9.329571475452937,0.6737094520078066,0.5609163023448558,0.4485211789236533,0.34466802276407676,0.2548655340178063,0.18165004940003615,0.6494891772513735,0.6360630162593166,0.48667896625841317,0.4716285105876765,0.3395794000735796,0.3252641277615157,0.22211290700867342,0.2101176353736065,0.4523146051500114,0.4314186880102309,0.0,0.0,0.0,0.5,0.0,1.0,7.5,10.5,2,2
E0,Premier League,E0-Liverpoo-ManCity,2026-10-11 16:30:00,Liverpool,Man City,6,1.4835901675220982,1.4388838956875265,0.934714676323731,0.800453937861402,0.5592181084877134,0.33540435906523697,0.17188188964601558,0.6012708849479567,0.4366670891933748,0.42151520244266133,0.18704495644489982,0.1759751566991494,0.23719242993904902,0.2268220087892632,0.17190710626278016,0.16153668511299435,0.3751640667357816,0.26956447999823513,0.3552714532659831,0.18531538299872136,0.18984868373706032,0.18531538299872136,0.1714897227508103,0.18378173051517283,0.1714897227508103,0.6447285467340167,0.6248359332642182,0.8285102772491895,0.8146846170012785,0.513616953807059,0.4863830461929407,1-1,0.12633346272675886,2-1,0.08519412869565403,1-2,0.0826269022745335,2.9224740632096244,0.3052461152501104,0.4017466317827035,0.2930071917951924,0.7254529852949798,0.3705644591044818,0.8040393302605882,0.4846541130062946,0.5832927324321199,0.2708142749717961,0.25978636348738066,0.4532789888497566,0.22775254234885864,0.05312748917456632,0.024365941781997805,0.13354946506530024,0.14033956632072606,0.12785742827320198,0.025346795538441963,0.05312748917456632,0.21453277021508751,0.4423076923076923,4.79277225056051,4.477859519106053,9.270631769666563,0.6679734593137341,0.5545009209677323,0.4419499046291225,0.33843197947719184,0.24933189034688616,0.1770238463175388,0.6604220927178988,0.6158149296760914,0.4991020560567661,0.4493507398651582,0.3515570813651228,0.3044661185076857,0.23228648497665452,0.19301187272676237,0.4762964401671439,0.40731854071305035,1.0,1.0,1.0,1.0,1.0,1.0,8.0,9.5,2,2
E0,Premier League,E0-Coventry-Newcastl,2026-10-12 20:00:00,Coventry,Newcastle,6,1.2653529628680815,1.6447766989708332,0.9341950938327178,0.7983563044709943,0.5563762003429185,0.33264160685562444,0.169867437633913,0.5906092578800785,0.3608539416993186,0.48941018820601745,0.13498442987176484,0.22827401906386724,0.19305592490763743,0.2821397233795662,0.1272510187403553,0.2163348172122841,0.28337351148003065,0.2650557477274051,0.45157074079256426,0.12439181837135824,0.15898169310867244,0.12439181837135824,0.24151820943100683,0.2100525313615574,0.24151820943100683,0.5484292592074357,0.7166264885199692,0.7584817905689932,0.8756081816286417,0.38557143702230884,0.6144285629776912,1-1,0.12469777008760498,1-2,0.09322726666077943,0-1,0.07825276209269688,2.9101296618389147,0.24786226676384387,0.40041933692321224,0.3517183054185811,0.7239498522558064,0.3686255376802124,0.8026856085791285,0.482452229865325,0.5811041277387222,0.21697128333110902,0.3103343719099164,0.452800560979799,0.1678731434094831,0.051667983556806185,0.028320973421182536,0.1066297115918486,0.1390471089386516,0.15474226606122612,0.02020641289323919,0.051667983556806164,0.2798436780221217,0.4423076923076923,5.449975134416634,4.362255239467977,9.81223037388461,0.7180087401075685,0.611487393716657,0.5013983840756765,0.3958968513402858,0.3012796679518345,0.22127282057970704,0.7396444489709021,0.59832480688325,0.5938866036794842,0.4305049586010755,0.44784501489910883,0.2872358106255981,0.31851658151724094,0.17913352147590475,0.5595433956055003,0.332146838781727,0.5,0.5,0.0,0.5,0.5,0.5,9.0,12.0,2,2
E1,Championship,E1-BristolC-Blackbur,2026-10-13 19:45:00,Bristol City,Blackburn,10,1.5416189509191882,1.1244289871307755,0.918421481670549,0.7571644985309384,0.49802182761254526,0.27843664545812336,0.13208048993084268,0.5427061433008178,0.4560059516525224,0.3099049244340061,0.20166997706242346,0.10455205298536063,0.3248379116206782,0.21403446340795482,0.24325939329122737,0.13245594507850397,0.4571665151159175,0.2776079061736199,0.2652255787104625,0.2380649926960567,0.2191015224198608,0.2380649926960567,0.10867838195880346,0.15654719675165904,0.10867838195880346,0.7347744212895373,0.5428334848840823,0.8913216180411965,0.7619350073039431,0.6328509392930773,0.3671490607069225,1-1,0.13257211243274195,1-0,0.095131372269822,2-1,0.09289803676804739,2.6660479380499638,0.3606074412934093,0.40235872158040575,0.23703374140983616,0.7195892498236416,0.3630469453110396,0.7520549555197822,0.4062834453880332,0.5411706612686322,0.2881718702048841,0.1845630759948545,0.39874112845997484,0.2941321206145551,0.05025490075161574,0.01622033331788037,0.15105767482420898,0.1529938921001481,0.09830706939597574,0.024028800931397018,0.05025490075161576,0.16274997864677285,0.47692307692307695,5.273352334018486,5.436741693977999,10.710094027996485,0.7879424127066421,0.695325724670575,0.5934752711904607,0.48961626227222393,0.39050527024141746,0.3013298082816348,0.720125944579227,0.7382252945784774,0.5697216351993906,0.5921107120775204,0.422459308243291,0.44595942407308387,0.29502220355398473,0.3167528560047697,0.4305782271486744,0.46328319936009454,0.8,0.8333333333333334,0.8,0.8333333333333334,0.8,0.5,11.0,10.666666666666666,5,6
E1,Championship,E1-Burnley-Charlton,2026-10-13 19:45:00,Burnley,Charlton,10,1.8113062837604412,0.9434837060337351,0.9255047031951402,0.7719832392790116,0.5196988153382822,0.29801928740668326,0.14534915128461648,0.521784885149186,0.5405171798871584,0.24346131708790378,0.27240601074211224,0.07020501208651014,0.38926937260309813,0.16344103905257568,0.3147740757982384,0.08894574224771593,0.5670133889072534,0.2503770625946013,0.18260954849814523,0.33177520838889013,0.23523818051836332,0.33177520838889013,0.06528659078068462,0.11732295771746054,0.06528659078068462,0.8173904515018549,0.4329866110927465,0.9347134092193153,0.6682247916111098,0.7563981311321729,0.24360186886782703,1-1,0.11959976682791636,2-0,0.10436746660097528,1-0,0.10436729230236833,2.754789989794176,0.43414832886389854,0.38387389203084227,0.18197743736290942,0.7312094744621946,0.37806598007069225,0.7633012566659474,0.42222543313863437,0.5581331107430402,0.3541785493744097,0.14114448415713216,0.4017197975695028,0.37730483461777053,0.04502536312527011,0.011817802675518943,0.17390887243783357,0.1385801636692519,0.07138457384265809,0.02667270497424103,0.04502536312527011,0.11027922466733606,0.47692307692307695,6.030157573875521,4.306855884427213,10.337013458302735,0.7608082898287315,0.662175426481262,0.5563820906671034,0.45116108020563894,0.3532249212358402,0.2672781509022461,0.7953862341646687,0.5897311603907832,0.6661403591419673,0.4213777548383491,0.5273433271213098,0.27901063161408846,0.3956036707949031,0.17260358939358292,0.6217748256455854,0.27887732315597397,0.6666666666666666,0.5,1.0,0.5,0.8333333333333334,0.3333333333333333,9.0,11.166666666666666,6,6
E1,Championship,E1-Cardiff-Watford,2026-10-13 19:45:00,Cardiff,Watford,10,1.4621697602221737,1.268050051652818,0.9227053234029785,0.7688607392691715,0.5137487864466048,0.2925807174423396,0.14162135650494437,0.5641818593322716,0.4294339561546017,0.36181654508262456,0.18171825837647704,0.13559409436361522,0.28137979338344227,0.23173302388130754,0.20408511678642088,0.15443834728428615,0.4047912633692832,0.27930707002823546,0.3159016666024815,0.20120497959689307,0.20358628377239005,0.20120497959689307,0.14094882716655924,0.17495283943592219,0.14094882716655924,0.6840983333975186,0.5952087366307168,0.8590511728334408,0.798795020403107,0.5616695357135558,0.43833046428644434,1-1,0.13298654838896667,2-1,0.08838586798666812,1-0,0.08325107893180483,2.7302198118749916,0.32890121382342513,0.39932497014672713,0.2717737412123623,0.7280412376958156,0.3739223440086,0.7602395498610858,0.41783389770424084,0.5534857428261746,0.26841187009838047,0.22002067422273258,0.40091043444066066,0.2574018348552597,0.05214836168850787,0.01935095186565062,0.13634781065820506,0.15083083498043837,0.11214625745358162,0.02313131624639308,0.05214836168850788,0.1964940066425944,0.47692307692307695,7.749964407723494,4.027891734395225,11.777856142118718,0.8517316148195699,0.7768070527342348,0.68882877024304,0.5930356692872171,0.4954267673592169,0.40165102355383575,0.90139767994851,0.544395738258712,0.8198698514180532,0.3746376490641147,0.716903515434775,0.23811498722096494,0.6019671390668281,0.14107474432358322,0.7786557483958716,0.1519440986634197,0.42857142857142855,0.3333333333333333,0.7142857142857143,0.6666666666666666,0.7142857142857143,0.3333333333333333,12.857142857142858,10.333333333333334,7,6
E1,Championship,E1-Millwall-Swansea,2026-10-13 19:45:00,Millwall,Swansea,10,1.6275552878173218,1.145164044793629,0.9258607304245028,0.7758828977418373,0.5240174806656037,0.3019983918295325,0.1480992368734217,0.5595581496123225,0.483923472865509,0.3174694414357327,0.2237855018919148,0.10884412737869269,0.31817173153763584,0.19640938842553893,0.24403246196213862,0.12227011885004181,0.4742349420810025,0.2691827231302609,0.25658233478873677,0.2549195415923126,0.21931540048868986,0.2549195415923126,0.1057220038404646,0.15086033094827214,0.1057220038404646,0.7434176652112634,0.5257650579189977,0.8942779961595354,0.7450804584076876,0.6489104145324278,0.3510895854675724,1-1,0.12812089806884872,2-1,0.09478356596902673,1-0,0.09006169266881354,2.7727193326109507,0.37439502657481827,0.39203489513487305,0.23356993045137572,0.7334980812401772,0.38108276890860593,0.765510741252135,0.4254199829287891,0.5615006598771868,0.3094224514543734,0.18964351777201904,0.4023042671688339,0.3075203846753674,0.05037700517884398,0.016497506106902985,0.15271689994466314,0.14513369597405903,0.09418417265553017,0.025645158902498542,0.05037700517884398,0.15754767905024913,0.47692307692307695,5.4794516171288175,4.9191675936025225,10.39861921073134,0.765473786219742,0.6678169730760051,0.5626296673332856,0.45757106920511226,0.3593745002204184,0.2728364867521481,0.7427807068343806,0.6770880724623466,0.5978219332553507,0.518335117401428,0.4520348319230666,0.37039022396710014,0.32244630460171875,0.24853307889560655,0.5033301709489111,0.3893706937389973,0.8,0.5,0.2,0.3333333333333333,1.0,0.5,11.4,9.333333333333334,5,6
E1,Championship,E1-Wolves-Bolton,2026-10-13 19:45:00,Wolves,Bolton,10,1.9865703191495863,0.8949008999895195,0.9339823726566687,0.7923981080061245,0.549733940105885,0.3262285760762071,0.16522250763252563,0.5202034092251115,0.5903437278924012,0.22565235701178213,0.3196833067742212,0.06201992970008968,0.4086480949966833,0.13716612312153653,0.342630467653352,0.07114849577820521,0.6182797756504474,0.22971408009399408,0.15200614425555858,0.38382919120542824,0.23445058444501907,0.38382919120542824,0.05186792952824157,0.10013821472731697,0.05186792952824157,0.8479938557444416,0.3817202243495526,0.9481320704717584,0.6161708087945718,0.8026626992297782,0.19733730077022194,2-0,0.11060486548094432,1-1,0.10961447674798377,1-0,0.10138762785688187,2.881471219139106,0.47212867380301654,0.3661696060844124,0.16170099387541814,0.7469682034016483,0.3992410306693947,0.7784774966154849,0.4445903533594537,0.5814979370354815,0.3956705364936774,0.12986366851606856,0.4057258064237484,0.41971169051584983,0.042073318642365444,0.010342926568633613,0.18037013338217206,0.12563589705245393,0.06016301044619974,0.028163532471452476,0.04207331864236544,0.09146388113991435,0.47692307692307695,5.668442629718927,4.972995116459522,10.64143774617845,0.7831484636963607,0.6894082041865968,0.5867856839910044,0.48260992176443557,0.38364366596936744,0.294998820255041,0.7620907574795053,0.683973687848386,0.6223830571270765,0.5263874935142175,0.47854283748317317,0.37838031330541516,0.34765081161805367,0.255517555272358,0.5169984604838144,0.3778215696479207,1.0,0.5714285714285714,1.0,0.42857142857142855,0.8,0.5714285714285714,10.4,10.857142857142858,5,7
E1,Championship,E1-Wrexham-WestBrom,2026-10-13 19:45:00,Wrexham,West Brom,10,1.506326171399767,1.1390630379399131,0.9168438649242203,0.7534367840779744,0.4929042267947864,0.27390639641938247,0.12907277208340848,0.5413141192772183,0.4442893826518703,0.3152456378563525,0.19274237631049582,0.10757421073325481,0.3201188324038922,0.22172318339466923,0.23696269732811248,0.1385670483188895,0.4446801744230945,0.2804613229824657,0.27485850259443995,0.22789883959353954,0.21678133482955483,0.22789883959353954,0.11390070696507061,0.16095779562936938,0.11390070696507061,0.72514149740556,0.5553198255769057,0.8860992930349294,0.7721011604064605,0.6180073269532642,0.381992673046736,1-1,0.13396205339664582,1-0,0.09473729890414968,2-1,0.09172297591173668,2.6453892093396805,0.35208415637578355,0.4049684086682927,0.2429473542450517,0.7168128128717789,0.35953042138214003,0.7493611067295793,0.40254135684401177,0.537151642771539,0.279404460910423,0.18814698346972672,0.39802561132408437,0.2849713891988956,0.05053007856744038,0.01658261513134721,0.14841166575645326,0.15504427026570294,0.10151239996683292,0.023475538117172644,0.050530078567440406,0.16894168323689399,0.47692307692307695,6.050258497042788,4.340386397333197,10.390644894375985,0.7648740519956239,0.6670904415575403,0.5618236162761747,0.4567425505501096,0.35857818720717705,0.2721154191093003,0.7971027547648243,0.5949488551226783,0.6684471569843181,0.42690906930473765,0.5299736818842559,0.2839859780460628,0.3982459075716301,0.17654609153126066,0.6200561932363768,0.28073742637275517,0.42857142857142855,0.5,0.5714285714285714,0.6666666666666666,0.7142857142857143,0.16666666666666666,9.571428571428571,10.833333333333334,7,6
E1,Championship,E1-Birmingh-Preston,2026-10-13 20:00:00,Birmingham,Preston,10,1.7501306813850173,1.0291947781587405,0.9267373807736552,0.7765596153702364,0.5256023749688095,0.3034646579721403,0.1491164048786979,0.5422164154906691,0.5221602487010379,0.2749797629710925,0.2560632931850645,0.0857490850115313,0.3572945509384659,0.17375165279720922,0.28403193171212143,0.10048903357086461,0.5316267457928343,0.25791751442255606,0.21045573978460932,0.30210266883056963,0.2295240769622649,0.30210266883056963,0.0800863872561739,0.1303693525284354,0.0800863872561739,0.7895442602153905,0.46837325420716536,0.9199136127438259,0.6978973311694304,0.7163984545183739,0.2836015454816257,1-1,0.12300310511884421,2-1,0.09785068553368896,1-0,0.0974669201345663,2.7793254595437578,0.4116559123792442,0.3861744727708557,0.2021693555007125,0.7343364047081621,0.3821925543416735,0.7663196234722465,0.4265943018040982,0.562736397157922,0.33940165392169397,0.16147494184289596,0.40251777165155456,0.35038590057323427,0.047524224470768886,0.013745547306172856,0.16569185962935437,0.14050429463051775,0.0799781024706262,0.026731359213144915,0.04752422447076888,0.1279136483142009,0.47692307692307695,6.02775009489605,4.23183561968106,10.25958571457711,0.754839051873252,0.6549916906854677,0.54846445904128,0.44307621291590754,0.3455053479151725,0.2603339002846956,0.7951797361180057,0.5778758952398724,0.6658631988888017,0.40892778467774255,0.5270276885674492,0.2679169512139563,0.3952870046924209,0.16389512396105063,0.629551238053898,0.2714784975741859,0.7142857142857143,0.8333333333333334,0.8571428571428571,0.8333333333333334,0.7142857142857143,0.8333333333333334,10.857142857142858,9.0,7,6
E1,Championship,E1-Stoke-Middlesb,2026-10-13 20:00:00,Stoke,Middlesbrough,10,1.3095027790828075,1.3462497197032826,0.9173702283538966,0.7555818622626845,0.4954748660379725,0.27617769047817076,0.13057793498575182,0.5524611221155227,0.3765398177912363,0.38947213110476664,0.1450813434377341,0.1536673994344268,0.26021435986466246,0.26995428966591845,0.17758458821855902,0.187324518019815,0.348777578291507,0.2853866096279092,0.3658358120805839,0.1604398734084714,0.18833770488303564,0.1604398734084714,0.17186551066273062,0.1939703014178532,0.17186551066273062,0.6341641879194162,0.6512224217084932,0.8281344893372694,0.8395601265915288,0.48806471161966697,0.5119352883803332,1-1,0.13622167864763493,1-2,0.08335836213494961,0-0,0.08262977164610345,2.6557524987860903,0.29122268641373533,0.4066298844357905,0.30214737768721744,0.7182090100586094,0.36129540635166224,0.7507160935571349,0.4044200408716228,0.5391710623887362,0.23033730362896432,0.23949780959665834,0.3983856971671555,0.21823138103113285,0.05206839336065813,0.02092286706772651,0.12271631547319459,0.15648215455954978,0.12743136699361893,0.020213610495908037,0.05206839336065812,0.2298653276664749,0.47692307692307695,5.154435803936176,4.860783533779462,10.015219337715639,0.735219569614491,0.6316449367947389,0.5230202726585318,0.41738450869319754,0.32124764485598933,0.2387550776825496,0.706266935547127,0.6694769049519971,0.5528958354146524,0.5095068429337682,0.405126348734277,0.3617016774536711,0.2792921016236671,0.24099998235095427,0.4752846175527205,0.4139870448857017,0.6666666666666666,0.6,0.6666666666666666,0.8,0.6666666666666666,0.6,8.5,11.2,6,5
E1,Championship,E1-Norwich-Southamp,2026-10-14 19:45:00,Norwich,Southampton,10,1.4753324384955013,1.272730497431423,0.9239211293762363,0.7719566517399225,0.5180746503208584,0.2965304133667153,0.14432603680624193,0.5673101894083495,0.4338845593038766,0.3634857131015551,0.18498664667728593,0.13665433962840645,0.2800658888582767,0.2287027923571375,0.2039870182345129,0.1526239217333737,0.4071953132702606,0.2781047308835856,0.31469995584615396,0.2034615207839252,0.20373379248633525,0.2034615207839252,0.14059579681309275,0.17410415903306123,0.14059579681309275,0.685300044153846,0.5928046867297395,0.8594042031869071,0.7965384792160748,0.564064249608755,0.4359357503912451,1-1,0.13229721777681439,2-1,0.08871926223129,1-0,0.08247075347119102,2.7480629359269244,0.33088308169204544,0.39771809225124977,0.2713987462105382,0.7303457324264475,0.37693282419204344,0.7624669019356872,0.421025179895554,0.5568644479451438,0.2716909074350841,0.22118432949721856,0.4014997087438724,0.25922192384118947,0.05222138959188167,0.019439699042215975,0.1366031884496346,0.14960776269112178,0.11150707023111052,0.023397238784278664,0.05222138959188166,0.1957800583336595,0.47692307692307695,5.2462370892717045,5.3580898088884865,10.604326898160192,0.7805201617416466,0.6861751606553605,0.5831435114266308,0.47880854129306427,0.37993374935101765,0.2915876936533418,0.7170173632275967,0.729646959691073,0.5659239797031796,0.5814395855284736,0.4185227791902986,0.4346961310110295,0.2914274901837116,0.3062797215084477,0.43529192061882166,0.4578262299582451,0.8333333333333334,0.6666666666666666,0.6666666666666666,1.0,0.6666666666666666,1.0,10.166666666666666,11.166666666666666,6,6
E1,Championship,E1-Portsmou-Sheffiel,2026-10-14 19:45:00,Portsmouth,Sheffield United,10,1.338787756675212,1.2923304817854893,0.9155453046527151,0.7510237738905239,0.4893539817881052,0.2707843361388975,0.12701369087851683,0.5476613136906969,0.38685561435141547,0.3704571605846443,0.15191104405748906,0.14112485380888629,0.2746300520006202,0.2621633296559676,0.19017535665333535,0.1777086343086828,0.36736723102363367,0.28691887754646184,0.34571389142990433,0.17221971652082396,0.19514751450280973,0.17221971652082396,0.15777045322846028,0.18794343820144402,0.15777045322846028,0.6542861085700956,0.6326327689763662,0.8422295467715397,0.827780283479176,0.5151829426638201,0.48481705733617964,1-1,0.13702443140331771,0-0,0.08445469534728484,1-0,0.08393317916727429,2.6311182384607013,0.302498106939926,0.4088598374008262,0.2886420079092816,0.7148788228327223,0.3570970302842565,0.7474831329817819,0.39994981425681064,0.5343598621933315,0.23763685820287606,0.22606080439165457,0.39752632520880765,0.2307461450505403,0.05189466823732589,0.01985724996981078,0.12832884860113108,0.15821592439449803,0.1223150199712255,0.020748968873411933,0.0518946682373259,0.21599832839451732,0.47692307692307695,7.005021436321595,4.227254373997319,11.232275810318914,0.8215818923128035,0.7376295935863314,0.6422015175198529,0.5416179047617182,0.44240349908945154,0.3501318812615931,0.8645242834852579,0.5771438401253056,0.7635224749744334,0.408164340640962,0.6438191740107859,0.26724140548844183,0.5184311779011589,0.16336851923684456,0.7106637962135103,0.20616435124132362,0.6,0.6666666666666666,0.6,0.6666666666666666,0.8,0.3333333333333333,11.6,10.833333333333334,5,6
E1,Championship,E1-QPR-Derby,2026-10-14 19:45:00,QPR,Derby,10,1.4760679810832267,1.2441147554341851,0.9220422224033649,0.767073539521101,0.5113062764892773,0.2903619360918207,0.14010969097172365,0.5612271987688014,0.4341327099768928,0.35325522794329156,0.18516974377389694,0.13021728464172114,0.28819594474417953,0.22853463408365407,0.21023816714754437,0.15057685648701882,0.41352634094532287,0.2792624296132641,0.3072112294414131,0.20722745099359885,0.20629888995172396,0.20722745099359885,0.135231336432074,0.17197989300933922,0.135231336432074,0.6927887705585868,0.5864736590546772,0.8647686635679259,0.7927725490064013,0.5737543843086068,0.4262456156913932,1-1,0.13304525102144293,2-1,0.08926537957633292,1-0,0.08512288065140283,2.720182736517412,0.33422113558599514,0.39989284200853514,0.26588594543002275,0.7267362739163128,0.37222626807183,0.7589774583443174,0.41603479732064885,0.5515764500636228,0.2718740926897823,0.21407574040793143,0.4005763393136553,0.26347100152293473,0.0519134892227764,0.01883657670674235,0.1388193885175349,0.15124526059465307,0.10982812406447717,0.023330997605982468,0.05191348922277641,0.19064140164264343,0.47692307692307695,6.625187397590858,4.777878925446357,11.403066323037216,0.831545900286591,0.7504374573409655,0.6572792381343835,0.5580627664983144,0.45917494236747336,0.36624669227735257,0.840795719136014,0.6584120103461085,0.7290049270904397,0.4968065879252503,0.6012103453663882,0.3493328858771643,0.4720908836189462,0.23038791215299723,0.6260037385393684,0.2810323319082747,0.5,0.7142857142857143,0.5,0.42857142857142855,0.16666666666666666,0.8571428571428571,10.833333333333334,12.285714285714286,6,7
E1,Championship,E1-Lincoln-WestHam,2026-10-14 20:00:00,Lincoln,West Ham,10,0.9824376784799682,1.907735394260519,0.9340185861439559,0.7942496867603986,0.5517572460127875,0.3281754604307541,0.16662794636964653,0.5431671779557974,0.25778062945041064,0.5684429049653913,0.07709951286059068,0.29836462631349947,0.14841690749661907,0.37439732840362744,0.08243549364057519,0.30841591454758355,0.17962191218681564,0.24078572438592125,0.5795923634272631,0.06556190389337586,0.11406000829343979,0.06556190389337586,0.3482974409910051,0.23129492243625782,0.3482974409910051,0.4204076365727369,0.8203780878131843,0.6517025590089948,0.9344380961066241,0.23658921855958417,0.7634107814404159,1-1,0.11455972219319535,0-2,0.10111658598711876,1-2,0.09934074399300502,2.8901730727404873,0.18229755608962195,0.37141127782878114,0.44629064310757444,0.7480161383748853,0.4006835212369211,0.7794835178807973,0.44610937425029806,0.5830662509720649,0.15032249150567079,0.3771730825202715,0.4059915903145325,0.10869426742600234,0.04517587624772383,0.028427198335431995,0.06902412550178007,0.12960374643881106,0.17278299113043624,0.012317007167547172,0.045175876247723824,0.38879725149877764,0.47692307692307695,5.422374352742597,5.6654681439379395,11.087842496680537,0.8127647815951264,0.7264049393656216,0.6291146712609075,0.5274817411228975,0.42812532094986244,0.3365447557209521,0.7366766940003131,0.7617973486231358,0.5901762605213908,0.6220055155387079,0.4439091094263837,0.47813064461354116,0.3148384425987287,0.34725436146542105,0.4243947908211514,0.4719714190772772,0.4,0.8571428571428571,0.6,0.7142857142857143,0.6,0.8571428571428571,11.8,11.0,5,7
E2,League One,E2-Mansfiel-Oxford,2026-10-15 20:00:00,Mansfield,Oxford,11,1.4135579048328044,1.2746460082376603,0.9197443176634487,0.7614437619513874,0.5034812762438272,0.2833085932481888,0.13534132625316422,0.5574494851800168,0.41283865094808336,0.3641683524356765,0.16978791049546632,0.13708907369631118,0.27952993356401423,0.24327626359252047,0.19927425122746287,0.16302058125596902,0.39073912042586684,0.28261492443812103,0.3266459551360122,0.18998209312938782,0.20075702729647907,0.18998209312938782,0.14682162749250582,0.17982432764350637,0.14682162749250582,0.6733540448639879,0.6092608795741333,0.8531783725074944,0.8100179068706124,0.5446713818514101,0.45532861814859005,1-1,0.1347795299051583,2-1,0.08659939541231174,1-0,0.08387349055528784,2.6882039130704647,0.3012154184010061,0.43529959503652194,0.26348496609624983,0.6755976375531075,0.31039495078500345,0.7903746184771854,0.46284863433221507,0.5339752250251252,0.25030725904430806,0.21644677353180153,0.4741660163098117,0.2285960410677344,0.051136593707361254,0.021482674937453705,0.14987682697446802,0.1558362561454636,0.1295863701063172,0.024518825358363954,0.051136593707361275,0.18782945049297678,0.41878172588832485,5.617219917012449,4.557592568277311,10.17481248528976,0.7481677336676025,0.6470079285887359,0.5397142741712919,0.4341911652406393,0.3370691779097318,0.2527874485014567,0.7569916715821459,0.6275285356885556,0.6158411667174676,0.4621775687748803,0.47142153049191055,0.3163839753750924,0.3408216089552712,0.20276705850334018,0.555310130149601,0.33855584048183274,1.0,1.0,0.75,1.0,0.75,0.3333333333333333,8.75,11.333333333333334,4,3
E1,Championship,E1-Burnley-Wolves,2026-10-16 20:00:00,Burnley,Wolves,11,1.32748223293984,1.3230008443477437,0.9169806831160374,0.7546156200628492,0.49416866484097394,0.27502252473969263,0.1298117407918576,0.5515403643925247,0.38288196461439244,0.38130376653207937,0.1492623499855414,0.14821660590499472,0.26633491544926213,0.26514403704217615,0.18331559856529925,0.18212472015821324,0.3581531896281564,0.28577584711118376,0.3560709632606601,0.16654338381803954,0.19160980581011677,0.16654338381803954,0.16514987257052396,0.19092109069013613,0.16514987257052396,0.64392903673934,0.6418468103718438,0.8348501274294761,0.8334566161819604,0.5014576840891438,0.4985423159108565,1-1,0.13642422416104757,0-0,0.08301931688396287,2-1,0.08231851532563304,2.650483077287584,0.2970997106530423,0.4071337677442727,0.29576647128919614,0.717499948064319,0.36039820826406155,0.7500280413310381,0.40346517544065824,0.5381450807018028,0.23481803263714499,0.23370094332546823,0.3982029101264375,0.22457815605212103,0.052048294860390275,0.02047321484202624,0.1254175541214347,0.15687476491150035,0.12484140230359737,0.020559633746333007,0.05204829486039028,0.2231584980860961,0.47692307692307695,5.415737063441273,4.593086408420537,10.00882347186181,0.734690003257833,0.6310202693182191,0.5223454496753464,0.4167091064787525,0.3206155578335007,0.23819776113592386,0.7359585201601063,0.6326512053676856,0.5892803555556937,0.4678395912550483,0.442960825424838,0.321693945587431,0.31395420828607895,0.20715404382326755,0.5310168028194431,0.360250212051834,0.6666666666666666,1.0,1.0,1.0,0.8333333333333334,0.8,9.0,10.4,6,5
E0,Premier League,E0-Everton-Chelsea,2026-10-17 12:30:00,Everton,Chelsea,7,1.2670769611544332,1.6971396563145678,0.9373027177907783,0.8065388658486109,0.5687445080038127,0.344750465297778,0.17875874939695574,0.5978364091998951,0.36146930766796853,0.5058647611971617,0.13537402200085313,0.24202055662771263,0.18320713858697096,0.28165373442235553,0.1205098563777492,0.21895645221313376,0.27522544439476043,0.26075467515138423,0.4640198804538555,0.120407462625969,0.1548179817687914,0.120407462625969,0.25288839242144345,0.2111314880324121,0.25288839242144345,0.5359801195461446,0.7247745556052396,0.7471116075785565,0.8795925373740309,0.3723059654805686,0.6276940345194317,1-1,0.12205938198704092,1-2,0.09415991708884325,0-1,0.07647775310928005,2.964216617469001,0.2438429543679032,0.39541063107146923,0.36074629909556044,0.7304754536144711,0.37710283426727104,0.8085485076102921,0.49205527860676596,0.5906248378659317,0.21739535378824762,0.3230468578733288,0.4548763451412715,0.1629502488532263,0.05155334016523332,0.029339161575960962,0.10326031704888061,0.13545492482076704,0.15669507719587633,0.020110661454799336,0.05155334016523332,0.2890820022432687,0.4423076923076923,5.538670808172827,4.299034149040906,9.837704957213733,0.7202145447716115,0.6140544238026447,0.5041343296061208,0.3985984180565813,0.30377406649383126,0.22344265592194054,0.7489789078106128,0.5885068016806618,0.6056430595681279,0.4200844143107527,0.4604085638193251,0.2778514239179684,0.33034441595137437,0.17168829221256943,0.5754477506631801,0.3176427836355353,0.0,1.0,0.5,1.0,1.0,1.0,10.5,10.5,2,2
E3,League Two,E3-Fleetwoo-Rotherha,2026-10-17 12:30:00,Fleetwood,Rotherham,11,1.2886476174621802,1.3307555073409538,0.9146614101414761,0.7488319249951981,0.4864303435288664,0.26822590523366063,0.12533455835456703,0.5454176810538459,0.3691495243631605,0.3840336033602258,0.14028111048208133,0.150027680442454,0.2642775678099761,0.2756433409947016,0.17893897795145222,0.1903047511361779,0.34632409713205814,0.2876870002879405,0.3659889025800011,0.15786114786518304,0.1884629492668751,0.15786114786518304,0.1709595353208971,0.19502936725910403,0.1709595353208971,0.6340110974199986,0.6536759028679417,0.8290404646791026,0.8421388521348167,0.4861965137124463,0.5138034862875532,1-1,0.13741461929170992,0-0,0.08533858985852379,0-1,0.08444844565173111,2.619403124803134,0.2775597884880567,0.4330608538333723,0.2893793369573688,0.6792856038284949,0.3145677980166186,0.7728623008787003,0.4361988737147348,0.5249942347286679,0.22182520976410927,0.23216831868975757,0.4510798703240565,0.20414480688734823,0.051222547735523684,0.022192367951935646,0.13336256178491404,0.1602573480652942,0.13944085816911206,0.02130888052681865,0.0512225477355237,0.21684784060826365,0.43414634146341463,5.593422151870905,4.050593075489362,9.644015227360267,0.703110863879247,0.5942736081454972,0.4831826583635385,0.37803798807693056,0.28490741201828573,0.2071318405885846,0.7545889511856112,0.5482117570815448,0.6127727074671456,0.3784819525474887,0.4680966052300523,0.24140100240955514,0.3376476876126503,0.1435491708028959,0.6083601534443498,0.2864545805045347,0.2,0.6,0.4,0.8,0.6,0.6,9.6,9.0,5,5
E2,League One,E2-MKDons-Luton,2026-10-17 12:30:00,MK Dons,Luton,11,1.3958164296223465,1.3028137365555499,0.9204643309126959,0.7633288343483644,0.5060396843927643,0.2856055470204613,0.13688799382838648,0.5601387441069986,0.4067219441030912,0.3741733465081451,0.16549191880299516,0.14353585469892569,0.27176607623851484,0.2476308487417909,0.19223040715121056,0.16809517965448664,0.3802247459745899,0.28240752980181144,0.33736772422359884,0.18292924113403805,0.19729550484055186,0.18292924113403805,0.15403335373171717,0.18333437049188156,0.15403335373171717,0.6626322757764013,0.6197752540254101,0.845966646268283,0.8170707588659619,0.5298616718617146,0.4701383281382855,1-1,0.13461805466048046,2-1,0.08541004200858984,1-0,0.08169718028221291,2.6986301661778964,0.29536202779683995,0.4345075566413165,0.2701303953346933,0.6770109956265133,0.3119891514397205,0.7916410921257611,0.4648312516323967,0.5359497239589218,0.2459782656840103,0.22330017120644277,0.4746793895170849,0.22190618074241641,0.05131735886074217,0.022138382663539482,0.14637670135319444,0.1552966927427957,0.13283402237566194,0.024179753242326487,0.051317358860742165,0.19463318553436684,0.41878172588832485,5.635986328125,4.924240112304688,10.560226440429688,0.7773628266193209,0.6823017937365318,0.5787917070723795,0.4742787099471084,0.3755247829973147,0.28754470512420516,0.7588712786126964,0.6777423200951688,0.6182478569492739,0.5190975314850441,0.47403620487913234,0.3711440719404691,0.343324071898751,0.2491897215442434,0.5187350505639111,0.37563618067528215,0.5,0.75,0.75,0.75,0.75,0.75,11.75,9.75,4,4
E1,Championship,E1-Middlesb-Cardiff,2026-10-17 12:30:00,Middlesbrough,Cardiff,11,1.8484018141286487,1.027390501499465,0.9329231611620051,0.7922202139426173,0.5484130308611024,0.32496202342609776,0.16431235090086097,0.5516477558724863,0.5514072150422363,0.2743162676302615,0.28236910277483784,0.08540795145350571,0.35793979099390094,0.15748929197160766,0.29086295215590596,0.09041245313361272,0.555231659092725,0.2477558208812877,0.1970125200259873,0.3260307970392658,0.22920086205345916,0.3260307970392658,0.074371580237899,0.12264093978808832,0.074371580237899,0.8029874799740128,0.44476834090727496,0.9256284197621009,0.6739692029607343,0.7381003063967921,0.26189969360320775,1-1,0.11775670044490275,2-1,0.09893713578552821,2-0,0.09629944567438627,2.8757923156281135,0.4297442666600676,0.37572836055759246,0.19452696781442275,0.746281963162236,0.39829922279581004,0.7778184849579579,0.44359872469546086,0.580471905938301,0.36306966973035854,0.16104208288059849,0.4055526484646224,0.36956319813010713,0.04675933973565168,0.013421345029021944,0.16823376070442989,0.13282592132347276,0.07466835235187531,0.028140313708643817,0.04675933973565168,0.11962713497422926,0.47692307692307695,5.440138011308828,6.1503309287818855,11.590468940090712,0.8419208000762546,0.7639179193417509,0.6733206507234999,0.5757482358695953,0.47740704912033827,0.3839548056619274,0.7385901758963979,0.8054487768106006,0.5925670275754628,0.6797377445160112,0.4464436219809157,0.5429335937061613,0.31720547527347226,0.4113511296140704,0.38298899283715093,0.5175530585754162,0.6,0.42857142857142855,0.8,0.7142857142857143,0.6,0.7142857142857143,11.2,12.857142857142858,5,7
E1,Championship,E1-Millwall-Lincoln,2026-10-17 12:30:00,Millwall,Lincoln,11,1.8573924619490059,1.003053591075407,0.9320917143125311,0.7896795294764468,0.5448273647904787,0.3215339469165538,0.1618542529606037,0.5450707445400678,0.5540189384115598,0.265364461680381,0.2847886701387615,0.08086392092876193,0.3667578049797486,0.15607973616765264,0.2988495192922796,0.08817145048018374,0.5631580251955529,0.24646853366292945,0.19037344114151744,0.33245286805464197,0.23070515714091108,0.33245286805464197,0.07069046245118893,0.11968297869032857,0.07069046245118893,0.8096265588584824,0.4368419748044469,0.929309537548811,0.667547131945358,0.7473583391720504,0.25264166082794925,1-1,0.11731306673682586,2-1,0.0990438208386823,2-0,0.09874230222584034,2.860446053024413,0.4345676875080383,0.37591720437998355,0.18951468733667984,0.7444181920665095,0.3957498145900712,0.7760277950886605,0.4409122240012186,0.5776892082132603,0.36521623471420506,0.15522266635529716,0.4050802358792394,0.37555641539490925,0.04611752258545588,0.012893347395588678,0.17026804947120835,0.13290289288122875,0.07274592308864722,0.02799884188674272,0.04611752258545588,0.1153981414642341,0.47692307692307695,6.455152795756317,4.851079367454031,11.306232163210348,0.8259571953541741,0.7432372940333033,0.6487837720124339,0.5487759907334349,0.4496823305333867,0.35710517272580977,0.828911315689142,0.6681973688281402,0.7121676754406673,0.5080301135106782,0.5809699190982384,0.3602555936194273,0.4506555086968018,0.2397524881860251,0.6038718438471439,0.3005665937061078,0.8,0.4,0.2,0.6,1.0,0.6,11.4,11.8,5,5
E2,League One,E2-Peterbor-Burton,2026-10-17 12:30:00,Peterborough,Burton,11,1.5617637860933067,1.1345278190716335,0.9205925854318892,0.7626178561906859,0.5054662293151304,0.285089805523176,0.1365400301615465,0.5480675431754889,0.4626292283456542,0.3135914833948123,0.20680854205219368,0.10663399401620284,0.321573938026128,0.20976593336649393,0.24216652345801726,0.13035851879838317,0.46002164161376646,0.2754887185140669,0.2644896398721664,0.24127793069333012,0.21874371092043648,0.24127793069333012,0.10885507082690328,0.1556345690452632,0.10885507082690328,0.7355103601278336,0.5399783583862334,0.8911449291730967,0.7587220693066699,0.6349406191029726,0.365059380897027,1-1,0.13147373042893037,1-0,0.09339702065291643,2-1,0.09333223227568048,2.69629160516494,0.34193675792449485,0.4318510905407999,0.22621211575685077,0.6766945224945683,0.31163163288730583,0.7913576951436753,0.464386708010931,0.5355074176376515,0.2863830801390982,0.1826059467661234,0.474564230567884,0.2744670009000997,0.049461113506244526,0.018008443759094314,0.1704212538528892,0.15266196097597245,0.1087676370077945,0.02708539959490095,0.04946111350624452,0.14966546569448505,0.41878172588832485,5.2906951904296875,3.8558959960937504,9.146591186523438,0.655671185743368,0.5408407005339715,0.42805850527807454,0.3253440957059997,0.23780165582694007,0.16745364615264674,0.7220983668840767,0.5147777704709935,0.5721384446994073,0.3453509998264453,0.4249719421613136,0.21354142961635617,0.2973234792088358,0.12290877236263704,0.6002368838254956,0.2902100227310288,0.5,0.75,0.25,1.0,0.25,0.5,8.25,7.25,4,4
E3,League Two,E3-Shrewsbu-BristolR,2026-10-17 12:30:00,Shrewsbury,Bristol Rovers,11,1.2113779291082984,1.395444720363367,0.9137614919980999,0.7463997169530344,0.4832816855434245,0.26548329632411183,0.12354285281527436,0.5407289076183417,0.34148109050984415,0.4065934574878498,0.12298956481187384,0.1654022591779439,0.24772291235430213,0.2977866880292564,0.16148440435240188,0.21154818002735612,0.31342579397824333,0.2871237230467684,0.3994504829749883,0.13646021172325382,0.17696558225498946,0.13646021172325382,0.19370050185435547,0.20574998112063292,0.19370050185435547,0.6005495170250117,0.6865742060217567,0.8062994981456445,0.8635397882767462,0.43966366129869927,0.5603363387013008,1-1,0.13716914621245938,0-1,0.09047006094768507,1-2,0.08700543676314873,2.6068226494716655,0.25728811554250375,0.4336939744245268,0.30901788715406525,0.6775291440935189,0.3125751433781951,0.7712396050282603,0.4337994793339041,0.5225373094858208,0.20291542917801833,0.2480815307844555,0.4504879337472755,0.18310019504861078,0.05077735113722282,0.023410502939799918,0.12321178785439278,0.16062908397018733,0.14985300837010268,0.019583623170458076,0.05077735113722282,0.2386568348423171,0.43414634146341463,4.951387564740137,4.527716953201717,9.479104517941854,0.6879436393452968,0.5769656137508469,0.4650940371961328,0.36052333858443764,0.26904954243783985,0.1936047459633286,0.681224751857539,0.623172925768031,0.5231652201974007,0.45738858345705397,0.3751754864907658,0.3119162860401244,0.2527095395075304,0.1990952865259582,0.488517939733337,0.39707149282477816,0.4,0.4,0.2,0.4,0.8,0.6,8.6,10.0,5,5
E1,Championship,E1-Watford-Charlton,2026-10-17 12:30:00,Watford,Charlton,11,1.5825332614264336,1.090684153507239,0.919055311402737,0.7583532587923305,0.4997916503837426,0.28001151642979993,0.13313149604426625,0.5395039724500237,0.46940779967872176,0.2975582299947179,0.2121369175137804,0.09771478296522099,0.33598655675793826,0.20545415938930114,0.25504186816067526,0.12450947079203806,0.47548169788428807,0.2744230612982783,0.2500952408174335,0.25249695923998755,0.22298473864430052,0.25249695923998755,0.10011696429502209,0.1499782765224115,0.10011696429502209,0.7499047591825665,0.5245183021157119,0.899883035704978,0.7475030407600124,0.6553153394525876,0.34468466054741226,1-1,0.13106338313700638,1-0,0.09732715783130144,2-1,0.09427825598608587,2.6732174149336725,0.3725013531955544,0.4004163449071544,0.22708218578189518,0.7205464178606553,0.3642655993505622,0.7529830546667158,0.40757942000314995,0.5425592427498761,0.2983087604608583,0.17633238534399648,0.39898741572106344,0.30748797710716563,0.049579578889456154,0.015433692243018863,0.15537346033471433,0.1514339582306251,0.09360882423020363,0.024535212063187536,0.049579578889456154,0.15296732570092925,0.47692307692307695,5.352611779058048,5.218895954070623,10.571507733128671,0.7781740275994637,0.6832958799978801,0.5799073678156021,0.4754387470741036,0.37665263838354346,0.28857781289825707,0.7290402551896625,0.713852187679894,0.5806889646374386,0.5620712955366414,0.4339081637244162,0.4145437823279019,0.3055510224974759,0.28780725562394827,0.45995327398998054,0.43296244779739157,0.3333333333333333,0.5,0.6666666666666666,0.5,0.3333333333333333,0.3333333333333333,10.333333333333334,11.166666666666666,6,6
E3,League Two,E3-Accringt-Gillingh,2026-10-17 15:00:00,Accrington,Gillingham,11,1.304598809426912,1.318112593613406,0.914908901586526,0.7494556514814004,0.48725678903553615,0.268947958625152,0.12580769389972468,0.54616969820949,0.3748052379604414,0.3795803153798283,0.14394775425475892,0.1470786513932564,0.2676400129698098,0.271281387234174,0.18254891455633604,0.18619028882070013,0.35307503178330907,0.28754192257498284,0.35938304564170814,0.16240623053983805,0.19066880124347102,0.16240623053983805,0.16660985701018258,0.1927731886315255,0.16660985701018258,0.6406169543582919,0.646924968216691,0.8333901429898173,0.837593769460162,0.49557306313292315,0.504426936867077,1-1,0.13733878857216644,0-0,0.08509109841347384,0-1,0.08321721429767502,2.6227114030403182,0.2817172007022263,0.43277381337718046,0.2855089651282319,0.6797459078638832,0.31509158814908805,0.7732871052155197,0.4368289150219493,0.5256387453741577,0.2257411037566122,0.22906089848317396,0.4512349026270399,0.20851798674574787,0.05126302491579061,0.021936122418905253,0.1353900270730453,0.16004510319635223,0.1373385970111557,0.021652280322393094,0.0512630249157906,0.2125935922593488,0.43414634146341463,5.648630347799323,4.452025732862652,10.100656080661976,0.7422146924027075,0.6399231525738537,0.5319923276211732,0.4263935810088786,0.32970649477995184,0.2462377126128511,0.7601301933497632,0.6119584721787078,0.6198629004944187,0.4451640137044857,0.4757941946064275,0.3006095121562859,0.34500985210230334,0.18988227037393315,0.5697706817725263,0.32464259571416654,0.8,0.4,0.8,0.6,0.8,0.4,9.2,11.4,5,5
E2,League One,E2-Barnsley-Cambridg,2026-10-17 15:00:00,Barnsley,Cambridge,11,1.560276976853107,1.1532856701898393,0.9217693988665042,0.7657202780701132,0.5096915927401446,0.28889956340176565,0.1391163125074069,0.5525544295195461,0.46214201622262957,0.32042707795542036,0.2064282708033483,0.11054361960494472,0.3155981259024804,0.2100780457114697,0.2373675247689843,0.13184744457797362,0.4553579542777564,0.27516359755192665,0.26947844817031696,0.23826891959559912,0.21708903468215734,0.23826891959559912,0.1121281044683072,0.15735034370200982,0.1121281044683072,0.730521551829683,0.5446420457222436,0.8878718955316929,0.7617310804044011,0.6282216962887399,0.3717783037112601,1-1,0.13123399975070685,2-1,0.09307335835971559,1-0,0.09151637054832874,2.7135626470429464,0.3397410771176883,0.4305475689720734,0.2297113180654287,0.6790244890490388,0.3142709483139026,0.7934416207717224,0.46766293925716607,0.53876629113476,0.2860225635652302,0.18710323211506846,0.47541007316123407,0.27152971645002055,0.04975837016050578,0.018452791292157773,0.16859651211217416,0.15178591457445043,0.11016490377228759,0.027161945497622502,0.04975837016050578,0.15279086384434523,0.41878172588832485,6.989318847656252,4.290771484375,11.280090332031252,0.8244212958794321,0.7412658838411825,0.6464663573529916,0.546252148339846,0.44711215624036305,0.35463928286840657,0.8636156775833949,0.587210461905923,0.7621773892121553,0.4187169421353119,0.6421296336756002,0.2766274777529638,0.5165616168077418,0.17072322259945377,0.7033465386499786,0.21260916314157868,0.5,0.75,0.5,1.0,0.25,0.25,13.0,10.5,4,4
E1,Championship,E1-Birmingh-QPR,2026-10-17 15:00:00,Birmingham,QPR,11,1.663142841493518,1.1037786855156893,0.9256060908703683,0.7747676260356534,0.5226234935330099,0.3007112927356888,0.14720788136266452,0.5532356358168038,0.4952209222065769,0.3023540616610431,0.23307929505862068,0.10034584694729289,0.33161565099132384,0.18954262232150415,0.2572217418616921,0.11514871319187231,0.492688337542001,0.2664097093552826,0.2409019531027163,0.2694511320102374,0.22323720553176365,0.2694511320102374,0.09662680187220964,0.1442751512305067,0.09662680187220964,0.7590980468972837,0.507311662457999,0.9033731981277904,0.7305488679897627,0.6716124024883164,0.32838759751168345,1-1,0.12692469941671947,2-1,0.09595177511074249,1-0,0.09299873335963434,2.7669215270092073,0.38610677344529104,0.3910286962040398,0.22286435684121259,0.7327601550903025,0.3801079496975755,0.7647985266521613,0.4243880516655666,0.5604138870024725,0.31817173768432006,0.17952042855176714,0.4021159807118932,0.32105299392910247,0.04951613771847106,0.01553748642038529,0.15719753216280385,0.1442998470612169,0.08953116936676013,0.025976601015099157,0.049516137718471076,0.14737152253286986,0.47692307692307695,5.497837998641452,5.200569074788773,10.698407073430225,0.7871326203749324,0.694324264086503,0.5923410270677454,0.48842608713877333,0.3893375010877216,0.3002503302463837,0.7447197399063293,0.7117132182398243,0.6002624128975323,0.5594757343117784,0.4546410421798611,0.4118713772392827,0.3248981683912594,0.2853832927751765,0.4767421683369902,0.41723198371500797,0.7142857142857143,0.5,0.8571428571428571,0.5,0.7142857142857143,0.16666666666666666,10.857142857142858,10.833333333333334,7,6
E2,League One,E2-Bradford-Stevenag,2026-10-17 15:00:00,Bradford,Stevenage,11,1.497045106521326,1.087964923369357,0.9123247452473076,0.7419867455525075,0.4778005022753207,0.26074035128432094,0.12046468443399076,0.5269832478842825,0.4411848217456435,0.2965616427313482,0.19041135572778023,0.09717197981831961,0.3369014246338538,0.22379058223455603,0.24922616988116128,0.13611532748186345,0.45400475062766715,0.2827884280787495,0.2632068212935834,0.23286708475699908,0.22113766587066805,0.23286708475699908,0.10585246802365436,0.15735435326992905,0.10585246802365436,0.7367931787064167,0.5459952493723329,0.8941475319763458,0.767132915243001,0.6330136997252976,0.36698630027470247,1-1,0.13507877656054104,1-0,0.10059037490822115,2-1,0.09191773702038433,2.585010029890683,0.3348678204332685,0.4426175993845911,0.22251455514194837,0.6612710204681991,0.2945782579452246,0.7774169677046913,0.4429955763275405,0.5140833115633742,0.27065835490340284,0.17150228980262722,0.4689450877721883,0.26904433392822985,0.048787537334053166,0.017035807523924588,0.17172595193631382,0.16065342806522492,0.11023804621609852,0.025514234888877,0.04878753733405317,0.1482126847011848,0.41878172588832485,6.54052734375,4.635772705078125,11.176300048828125,0.818207868165719,0.7333224019680064,0.6371658959495372,0.5361635416744994,0.4368791997102134,0.3448605360177722,0.8349814961424529,0.6387371827039078,0.7207317033222003,0.4746083025250107,0.5912217477655896,0.3280813937819039,0.46146685415993893,0.21246414600706046,0.6329874366534282,0.2735842995346065,0.25,0.5,0.25,0.75,0.25,0.0,14.0,9.5,4,4
E0,Premier League,E0-Brentfor-Liverpoo,2026-10-17 15:00:00,Brentford,Liverpool,7,1.2399855045505277,1.7805014042424032,0.9404532962083034,0.8146593805509142,0.581382918828385,0.3573560607038769,0.18818851265810504,0.6016041781609177,0.35177409452161407,0.5313351216263398,0.1292974652115434,0.2641612797816756,0.16855408799959104,0.28938843763118816,0.10900738420789435,0.22984173383949152,0.25571504205184,0.25422910279937155,0.4900558551487884,0.10960692143861411,0.1461081206132259,0.10960692143861411,0.27556416753540475,0.21449168761338366,0.27556416753540475,0.5099441448512116,0.7442849579481602,0.7244358324645954,0.8903930785613862,0.34288686111473066,0.6571131388852692,1-1,0.11846009570059748,1-2,0.09587198488254695,0-2,0.07731702066734948,3.0204869087929307,0.23245337716770484,0.38931798013502783,0.37822847665893455,0.7371008010623079,0.3858713553962967,0.8144632520724835,0.5019250545313829,0.60034151553844,0.21073754395151417,0.3431121648570893,0.45698386476075525,0.15086499798591047,0.050832143316283905,0.03075596316899478,0.09638192319534976,0.1310259388542012,0.16190968121129456,0.019236456775987766,0.05083214331628389,0.3081594415756129,0.4423076923076923,5.226633016163089,4.2376193754831775,9.464252391646266,0.686550313122092,0.575386399229961,0.4634547994417786,0.358946909456045,0.2676319585386719,0.19240377141957843,0.71475101380164,0.5787987770583551,0.5631639138953347,0.40989111847031895,0.4156707343638024,0.26877015275100263,0.28883124357075907,0.16456082453989693,0.5501832881880915,0.3383386711205581,0.5,1.0,0.5,1.0,1.0,1.0,10.5,8.0,2,2
E1,Championship,E1-BristolC-Sheffiel,2026-10-17 15:00:00,Bristol City,Sheffield United,11,1.399841665381861,1.23932621545359,0.9161888031303785,0.7524785717791603,0.49135808735085185,0.2725446878500159,0.12817336388526043,0.5475958242672084,0.40811245530228507,0.3515375021008704,0.16646376373036356,0.12915081883333776,0.28957929104928526,0.24663608155312794,0.20576809417966374,0.16282488468350642,0.39461522006356786,0.2854100784738811,0.3199747014625511,0.19127016888136075,0.2033450511822071,0.19127016888136075,0.14136736823349225,0.1786073332290588,0.14136736823349225,0.6800252985374491,0.6053847799364322,0.8586326317665077,0.8087298311186394,0.552226120431149,0.44777387956885106,1-1,0.13629544748922326,1-0,0.08758717870484492,2-1,0.08672365736240013,2.6391678808354513,0.32007372818138596,0.4076610676537191,0.27226515000189033,0.7159713217724604,0.35847003208265,0.7485441407008349,0.40141227342516955,0.5359361378226073,0.252868476391812,0.21288768111337256,0.3978084899002805,0.24960987828540207,0.051686999465702176,0.018776800761836424,0.13554654137815444,0.15725499121391445,0.11485948484832832,0.021849289671116212,0.051686999465702176,0.19872881610830317,0.47692307692307695,6.1028684315045405,4.692766514802062,10.795634946306603,0.7937920139262321,0.7025827456246294,0.6017205257516469,0.498295518633576,0.39904814138054917,0.3092518472953173,0.8015315611267028,0.6467360639429884,0.6744229883633764,0.4835744238624977,0.5368152443466144,0.3366089959684277,0.4051461749618281,0.2196091841622163,0.5879961292104533,0.3122086789886779,0.8,0.6666666666666666,0.8,0.6666666666666666,0.8,0.3333333333333333,11.0,10.833333333333334,5,6
E3,League Two,E3-Colchest-Exeter,2026-10-17 15:00:00,Colchester,Exeter,11,1.4618237739557782,1.1556475529275667,0.9146826558228828,0.7483009257667164,0.4859473691163438,0.2678043096196751,0.12505850877189065,0.5386505302126436,0.4293167187362947,0.3212866076373289,0.18163255840892148,0.11103976830892111,0.31485359999639834,0.2318132139680752,0.2295362558192812,0.14649586979095805,0.4292868651793164,0.2839034087841801,0.28680972603650345,0.21553380902952857,0.2137530561497878,0.21553380902952857,0.12040936281036452,0.1664003632261389,0.12040936281036452,0.7131902739634964,0.5707131348206835,0.8795906371896356,0.7844661909704714,0.5994817884141224,0.4005182115858776,1-1,0.1356313115578661,1-0,0.09436434138651763,2-1,0.09012230714913261,2.617471326883345,0.32712658745262857,0.43161884886092233,0.24125453410544476,0.6790165132917314,0.31426189110237507,0.7726138775178861,0.43583071788805017,0.5246175812329998,0.2644082897143273,0.1893658407735456,0.4509891437531963,0.2586682528139959,0.05019298917654018,0.01826524431136934,0.1583753003243372,0.15885706710816574,0.114386361888031,0.024573375785971307,0.05019298917654018,0.16648809105269027,0.43414634146341463,5.537736092143573,4.049703205381875,9.58743929752545,0.6979702098957715,0.5883831538627182,0.4770011805476017,0.37202807583295117,0.27944371798571704,0.2024521630638496,0.7488821324791082,0.5480625890955018,0.605520495196285,0.3783313720941029,0.460276857106153,0.24127202737078837,0.33021973387848574,0.14345185235622662,0.602994965010893,0.290884979931197,0.6,0.2,0.6,0.4,0.8,0.2,9.2,9.2,5,5
E3,League Two,E3-Crewe-Rochdale,2026-10-17 15:00:00,Crewe,Rochdale,11,1.4713645923644858,1.134087252309274,0.9138038862367346,0.7459923602234776,0.48293796292501906,0.265184657025817,0.12334821889109553,0.5348684199964344,0.4325449101858586,0.3134307453058139,0.18399976674661994,0.106542830872955,0.3217156439837482,0.22961204978308228,0.23551953022048322,0.14341593601981717,0.4366631902992188,0.28380428309214334,0.27953252660863775,0.2205814133583596,0.2160817769408592,0.2205814133583596,0.11580818545964545,0.16372434114899223,0.11580818545964545,0.7204674733913621,0.5633368097007811,0.8841918145403543,0.7794185866416403,0.6096981313774017,0.39030186862259814,1-1,0.13558957830959506,1-0,0.0963630658881471,2-1,0.09068259300834994,2.60545184467376,0.3311540035843138,0.43240832356638936,0.23643764232654038,0.6773371749315746,0.31235793320094696,0.7710620924923612,0.4335376350122847,0.5222690194256044,0.2667528020448175,0.1841508745838809,0.4504231407598734,0.26350882665939784,0.049883345333390026,0.017761726361093685,0.16081735713325138,0.1593848118425045,0.11220603126638933,0.02466327689466311,0.049883345333390006,0.16189094154629946,0.43414634146341463,6.125460860272508,4.3011488111140785,10.426609671386586,0.7675691094415585,0.6703583917824647,0.5654526876484406,0.46047631948501977,0.3621702287707661,0.2753711323538162,0.8034053655413206,0.5888380847832427,0.6769618607797253,0.4204341897223977,0.5397340273656237,0.27816476934734635,0.40810224963922825,0.17193558411213902,0.6310391072145641,0.27114919272657795,0.2,0.8,0.4,0.4,0.2,0.8,11.8,9.4,5,5
E1,Championship,E1-Derby-Stoke,2026-10-17 15:00:00,Derby,Stoke,11,1.4134386554969494,1.2399662901847088,0.9172485517849531,0.7551001499735163,0.49489312587376627,0.27566291657596154,0.13023628617755648,0.5500521743256821,0.4127976423141948,0.3517671996829526,0.1697589277844348,0.129293190500838,0.28939399809610233,0.24330527579326214,0.20664254988105557,0.16055382757821532,0.3980642091666212,0.28433281375671393,0.31760297707666485,0.19412978207321874,0.20393442709340248,0.19412978207321874,0.14021211381087034,0.17739086326579437,0.14021211381087034,0.682397022923335,0.6019357908333787,0.8597878861891295,0.805870217926781,0.5562141408999882,0.4437858591000118,1-1,0.1357439786489581,2-1,0.08721172121517724,1-0,0.0871813897671059,2.6534049456816584,0.32264257155128906,0.4062831463186407,0.2710742245304709,0.7178933395525662,0.36089575196420287,0.7504097971511949,0.40399472024844796,0.5387141953098351,0.2562608247538684,0.21304645976128303,0.39830431960487794,0.2521199640717917,0.05173572022715774,0.018786834913112525,0.1361695604440577,0.1561805451294835,0.11393298764030714,0.022115044664626143,0.05173572022715775,0.19722341302461976,0.47692307692307695,6.0941751652553,4.466542692743775,10.560717857999075,0.7773982134502649,0.682345142971851,0.5788403403640721,0.47432925952419547,0.3755739125894804,0.2875896913391428,0.8008060731457394,0.6141292454404054,0.6734416919942875,0.4475184969174601,0.535689047552956,0.3027763231628865,0.4040075496131498,0.1916389764751105,0.6107731311574893,0.29009589382161755,0.7142857142857143,0.6666666666666666,0.42857142857142855,0.6666666666666666,0.8571428571428571,0.6666666666666666,12.285714285714286,8.5,7,6
E0,Premier League,E0-Fulham-Hull,2026-10-17 15:00:00,Fulham,Hull,7,2.110140541822434,0.9952493172975541,0.9457822180364586,0.8254572347601477,0.5999970033218215,0.3763570688721354,0.20273477273855672,0.563363927858841,0.6229807611875035,0.262493438686283,0.3530973036705686,0.07942962795636124,0.36963128112361693,0.12122257298108348,0.31541349916007544,0.067004791017542,0.620167169192688,0.2203118361078542,0.15952099469945788,0.39422483439431844,0.22594233479836956,0.39422483439431844,0.057926962367932384,0.10159403233152546,0.057926962367932384,0.8404790053005421,0.3798328308073121,0.9420730376320676,0.6057751656056817,0.7954041088643173,0.2045958911356828,1-1,0.10351139712586692,2-0,0.09975736815605593,2-1,0.09928345255271541,3.105389859119988,0.4630584942265785,0.3684291477772279,0.1685117150918616,0.7467904373646579,0.398996883211865,0.8230436234257248,0.5165771927101634,0.6146411075082898,0.4197186595056543,0.15168014981784703,0.4600666010067145,0.40736725066767715,0.043114328860898846,0.012574971827877774,0.18887786923606142,0.11526018789763989,0.0642895523276404,0.03333237981921239,0.04311432874451557,0.09206429136065769,0.4423076923076923,5.385857779894087,3.81223175275245,9.198089532646536,0.6608166389573453,0.5465377665310571,0.43383536647546583,0.3307711586955562,0.24256904025609088,0.17139918894605105,0.7327037648772319,0.507064951682891,0.585229693238338,0.3378831049503713,0.43868344014366495,0.20740621012690263,0.3099751190825831,0.11846842244654004,0.6148611602900506,0.27753026209149667,0.5,0.0,0.5,0.0,0.5,0.0,8.5,7.5,2,2
E3,League Two,E3-Grimsby-Northamp,2026-10-17 15:00:00,Grimsby,Northampton,11,1.5266742821098593,1.0720929815106945,0.9134631223505308,0.7445484255131121,0.4812605584870446,0.2637296757993366,0.12240164161051209,0.5269883683106634,0.451061959842543,0.29074046573248047,0.19787761337339596,0.09402846617574774,0.34229136462323323,0.21725714471557248,0.25575448697376396,0.1307202670661033,0.4654522287450982,0.2802767007318315,0.25427107052307024,0.24208084054628917,0.22337138819880903,0.24208084054628917,0.1010347820168596,0.1532362885062107,0.1010347820168596,0.7457289294769297,0.5345477712549018,0.8989652179831404,0.7579191594537108,0.6467099637018572,0.3532900362981426,1-1,0.1338879642169149,1-0,0.10135987320962991,2-1,0.09291059620636774,2.598767263620554,0.34811483525027076,0.43139880247064355,0.22048632288559883,0.6763994194668885,0.3112985460692698,0.7701944962786299,0.4322600974437472,0.520959110159458,0.28032502805712933,0.169260483553402,0.45010679142756044,0.28303910376027663,0.04881197761989742,0.01626361674451232,0.1692037268225021,0.15830930457621958,0.10388561393365196,0.02538097302262637,0.04881197761989744,0.14629328115137197,0.43414634146341463,5.59978355536087,4.247249703205382,9.847033258566253,0.721018964158891,0.6149917664817506,0.5051346214462167,0.3995873962457359,0.30468836600918103,0.22423900034773026,0.755233331790047,0.5803321464906951,0.6135947490161253,0.41149387330220405,0.46898639865397673,0.2701916027375921,0.3384961587444071,0.1656714013743075,0.5872185864136452,0.306939205016983,0.6,0.0,0.6,0.4,0.6,0.2,11.2,8.4,5,5
E2,League One,E2-Leiceste-Doncaste,2026-10-17 15:00:00,Leicester,Doncaster,11,1.82762090468089,0.978472019337273,0.9287506038697311,0.7807648324944436,0.5319957645042586,0.3094159424111013,0.15327102645989377,0.5345681472500697,0.5453291888314046,0.25632202852706804,0.2767835345215588,0.0763844668557234,0.37588500833185456,0.16079624054834432,0.30463561220158586,0.08954684441807563,0.5622344195446485,0.2492195211580491,0.18854605929730234,0.32956934461772536,0.2326650749269232,0.32956934461772536,0.06900363149900553,0.11954242779829682,0.06900363149900553,0.8114539407026976,0.43776558045535147,0.9309963685009944,0.6704306553822746,0.7488665933507925,0.25113340664920747,1-1,0.11889349903225735,2-0,0.1009422855077397,1-0,0.09965454551408985,2.806092924018163,0.4061023364011266,0.41347786541292997,0.18041967253291016,0.6912243871011746,0.3283695525479224,0.8042569572588001,0.4850075116850545,0.5559220223530696,0.34995752989359596,0.14582177110115266,0.47982822157758664,0.3475056554530238,0.04493683894767401,0.013659079837376074,0.19508832370902957,0.13772801940653143,0.08066075785446225,0.030448502388618275,0.044936838947674,0.10503398752207467,0.41878172588832485,6.283081054687501,4.4661712646484375,10.749252319335938,0.7906370950458894,0.6986637366894657,0.5972621456409277,0.49359647047408717,0.3944170345610408,0.304951825163463,0.8160203335797501,0.6140738223763235,0.6942208872892882,0.44745831315760026,0.5597695631927789,0.30272087180427565,0.42859255800120044,0.19159396766825113,0.6278604792613525,0.2758389597754248,0.25,0.5,0.5,0.75,0.0,0.5,10.75,11.0,4,4
E2,League One,E2-LeytonOr-Blackpoo,2026-10-17 15:00:00,Leyton Orient,Blackpool,11,1.3915529758742204,1.3861948311113705,0.9258275893737085,0.7770996004447792,0.525224906421113,0.30311554041315614,0.14887458932826556,0.5754585994634973,0.40524740913086876,0.4033917615386486,0.16446440409558555,0.16317577861456203,0.2500249479559391,0.24868886320685513,0.17585253732964748,0.17451645258056345,0.36223969920050875,0.2779593302904826,0.35980097050900883,0.17267198462646777,0.18956771457404087,0.17267198462646777,0.17100936493937027,0.18879160556963853,0.17100936493937027,0.6401990294909913,0.6377603007994915,0.8289906350606298,0.8273280153735323,0.5016887751575553,0.4983112248424449,1-1,0.13193389600353664,2-1,0.08345136618290969,1-2,0.08313003849476708,2.777747806985591,0.28699419851329255,0.4274515179139324,0.28555425865846906,0.6875372511815372,0.32405867798371907,0.8010054390008363,0.47973275161773793,0.5507210777120954,0.24493793065215527,0.24363048657100872,0.4784954438628046,0.21105652564403976,0.05188584819005121,0.02405170034659156,0.13900554431238363,0.15019951805540707,0.13824628659919577,0.024171467128244493,0.051885848190051195,0.2094968197483055,0.41878172588832485,6.345703125,4.398040771484375,10.743743896484375,0.7902597607969633,0.6981958037463019,0.5967307065752525,0.4930372861707778,0.3938668628651488,0.30444184629268956,0.8208155779046806,0.6038029427910158,0.7008593764925158,0.4363685882777508,0.5675673872002774,0.2925611302853881,0.4366617789993687,0.18339419824454742,0.6404107318662333,0.26463759453140945,0.75,0.75,0.5,0.75,1.0,0.75,9.5,12.5,4,4
E0,Premier League,E0-ManCity-Ipswich,2026-10-17 15:00:00,Man City,Ipswich,7,2.7588072348718193,0.7669873749518719,0.9643394737902705,0.8730216798574842,0.6838517538527961,0.46884637510984173,0.27933017374608937,0.5078740163347011,0.761780129037759,0.1793932931267311,0.5206004861480212,0.04279412625996431,0.4644100566341739,0.0633764532408549,0.42874953042444414,0.027715927031125152,0.7826849339808206,0.1459739460451247,0.0713411199740548,0.5855608241140234,0.19712410986679715,0.5855608241140234,0.021034263202727606,0.05030685677132721,0.021034263202727606,0.9286588800259452,0.21731506601917952,0.9789657367972725,0.4144391758859767,0.9164649372888756,0.08353506271112461,2-0,0.11200625161343297,3-0,0.10300121910067075,2-1,0.08590738090318581,3.5257946098236914,0.5906373656530289,0.3067089695967792,0.1026481171489005,0.7897559073728492,0.46187762445929115,0.860027391963975,0.584764373797095,0.6792117133060142,0.5535196397951154,0.10012274943180494,0.47387693351652915,0.5557969720933016,0.028656066921131533,0.006164418656913334,0.1998097727125755,0.076186810726929,0.030702052782041207,0.033297277007948815,0.028656066921131526,0.04069130258230389,0.4423076923076923,5.772699152180129,3.9332549829985597,9.70595413517869,0.7086636949428312,0.6006646220543302,0.4899192200390404,0.3846166750996546,0.2909147588045613,0.2123000203885379,0.7721678764485422,0.528251781897368,0.6354332569237838,0.3585538658752036,0.4928827890601887,0.22451863817294154,0.36153230851359125,0.13094914817083797,0.63849764954938,0.2601207407648067,1.0,1.0,1.0,1.0,1.0,1.0,9.5,10.0,2,2
E3,League Two,E3-Newport-York,2026-10-17 15:00:00,Newport,York,11,1.1697116536074792,1.479892855797974,0.9170858939867071,0.7542837876839904,0.4939506151873446,0.2748298549588583,0.12968401635742133,0.5447954536373889,0.3263989957021124,0.43542216141868667,0.11401179437173775,0.18612263076706587,0.22766219002620774,0.3104564623496962,0.14474808401291483,0.2275423563364033,0.2873135136186731,0.2818119750702129,0.4308745113111139,0.12142158876262876,0.1658919248560443,0.12142158876262876,0.2177473597629067,0.21312715154820727,0.2177473597629067,0.569125488688886,0.7126864863813268,0.7822526402370932,0.8785784112373711,0.40005333373076213,0.5999466662692375,1-1,0.13458398675669378,0-1,0.09236273247369944,1-2,0.09053176386638194,2.649604509405453,0.24240372962034198,0.42855000225919454,0.3290462353128297,0.6834633049788942,0.31934601435516474,0.7767110051108561,0.4419361035292822,0.5308534705665445,0.19277632386697852,0.2688477918504695,0.4524855686662639,0.16700437185218603,0.05039787269550063,0.025001399883901244,0.11397918754473227,0.15654627454284595,0.15802440886581226,0.018564697469936883,0.050397872695500646,0.26008355360802493,0.43414634146341463,4.817347938373853,5.63113367174281,10.448481610116662,0.7691958265558931,0.6723347715656708,0.5676517690395199,0.4627432798135093,0.36435541465813415,0.27735559804755305,0.6637175339242493,0.7583865205587353,0.5028765780574076,0.6176266321397145,0.3552252976940317,0.47336071840978583,0.2354269997888544,0.3426770232076474,0.3648356971181384,0.5293049571443145,0.8,0.6,0.6,1.0,0.6,0.6,9.8,12.2,5,5
E1,Championship,E1-Norwich-Portsmou,2026-10-17 15:00:00,Norwich,Portsmouth,11,1.6345113869402592,1.099858175367853,0.92339141804745,0.7691822238908778,0.5147563470343467,0.29349817133339734,0.14224776607127332,0.5486423810208054,0.48614409734669645,0.30091877537457173,0.22559643867454057,0.09955513507835262,0.33291830506741876,0.19504789586432547,0.256309723114869,0.11843931391177565,0.48647062165118216,0.26922892473437987,0.24430045361443772,0.2633281710987098,0.22314245055247228,0.2633281710987098,0.09796697419870971,0.14633347941572808,0.09796697419870971,0.7556995463855621,0.5135293783488178,0.9020330258012901,0.7366718289012901,0.665694959908423,0.3343050400915767,1-1,0.12840923759875406,2-1,0.09540289138340033,1-0,0.09446345420767648,2.734369562308112,0.38122877161380814,0.39428063164995036,0.2244904459538188,0.7285789422122824,0.37462294760662274,0.7607594187421581,0.4185767323646517,0.5542732925851923,0.311135237731587,0.17856512238825584,0.4010478487066933,0.3161439891593834,0.049564408001594305,0.015520239085505795,0.1565265083999457,0.14675265768202408,0.09100133559802358,0.02547383843881953,0.049564408001594326,0.14945211450783474,0.47692307692307695,5.337661508823588,5.378282105870709,10.715943614694297,0.7883467720389381,0.695826077897145,0.594042291217936,0.4902115840016354,0.39108971954742333,0.3018703791374142,0.727378315695273,0.731872875421575,0.5786355452831347,0.5841981234011433,0.43175545969336376,0.4375967689642645,0.3035628980324192,0.30896667892526364,0.44284653689897274,0.45097646362839805,0.8333333333333334,0.6,0.6666666666666666,0.6,0.6666666666666666,0.8,10.166666666666666,11.6,6,5
E3,League Two,E3-Oldham-Cheltenh,2026-10-17 15:00:00,Oldham,Cheltenham,11,1.648858793411703,1.065828774331893,0.9221357497127153,0.7656306127540735,0.5099658805102725,0.289147570342706,0.13928439000719559,0.5411525073767157,0.49070533743330164,0.2884412308035474,0.22934044490624583,0.09279957093263828,0.34444227810050554,0.19226946481006332,0.2665780278132208,0.1144052145227787,0.49806746034550964,0.26818424896321597,0.23374829069127429,0.2719539416864617,0.2261135186590479,0.2719539416864617,0.09170296205425371,0.14204532863702057,0.09170296205425371,0.7662517093087257,0.5019325396544904,0.9082970379457461,0.7280460583135382,0.6805913368766434,0.31940866312335653,1-1,0.12802369600835592,1-0,0.09755836351161719,2-1,0.095951362240202,2.7146875677435958,0.37134439885891996,0.4184044252807476,0.2102511025176807,0.6922820541351369,0.32961432567554005,0.7847846000161176,0.4541881470029559,0.5432922949527796,0.31012398285988885,0.1677656975551664,0.4554442930906428,0.30718808066023406,0.0483001741377181,0.01585588869994355,0.17492561790185795,0.14830652386554122,0.09517200629478573,0.02759221619134296,0.048300174137718095,0.13435856125830936,0.43414634146341463,6.210951068051224,4.2966363276612585,10.507587395712482,0.7735455463646929,0.6776338828443,0.5735640875612947,0.4688547375902171,0.37026251231895785,0.28273476124731345,0.8103457649449307,0.5881309177377828,0.6864210028553909,0.41968770338680017,0.5506727407187609,0.2774961701909103,0.41924612602174477,0.17140803579500963,0.6391429347921863,0.26442944375776656,0.4,1.0,0.4,1.0,0.8,1.0,11.6,9.8,5,5
E2,League One,E2-Plymouth-Huddersf,2026-10-17 15:00:00,Plymouth,Huddersfield,11,1.4230806038104789,1.3015864255248124,0.9222870122566081,0.7679257263210542,0.512398369196221,0.29135300695756905,0.1407842543377863,0.5646425481447551,0.4161087707819701,0.37373874294234904,0.17210693515111114,0.14325288488494003,0.27209982215412554,0.24097061744451112,0.19438683441073382,0.16325762970111943,0.3875855971048194,0.2805650176161624,0.33184938527901814,0.1888045155838097,0.19878108152100954,0.1888045155838097,0.1510759147427267,0.1807734705362915,0.1510759147427267,0.6681506147209818,0.6124144028951808,0.8489240852572734,0.8111954844161903,0.538736100683567,0.46126389931643297,1-1,0.13359418151607458,2-1,0.08641604022611915,1-0,0.08116371188418796,2.7246670293352913,0.3004228533374619,0.4320092366623792,0.2675678875169856,0.6805136602025257,0.31596670142261035,0.7947704701358556,0.4697632442692988,0.5408521616530332,0.2526305805378417,0.22300134214042383,0.4759505363212383,0.22690296313996838,0.05141550618034562,0.022104266013153885,0.14804434881383455,0.1534440313636227,0.13052070211662894,0.024783088569522736,0.05141550618034562,0.19136918657713992,0.41878172588832485,5.4481201171875,4.351654052734375,9.799774169921875,0.7169253654744252,0.6102283513261356,0.5000583540566199,0.39457549373346074,0.3000613293282737,0.22021447780787684,0.7394459337118787,0.596690944359305,0.59363800602045,0.42876297868672514,0.447580868759414,0.2856599602335177,0.3182693271693157,0.17787766682995973,0.5605161103929931,0.33115759917590915,0.25,0.75,0.5,0.75,0.75,0.5,11.5,7.0,4,4
E3,League Two,E3-PortVale-Chesterf,2026-10-17 15:00:00,Port Vale,Chesterfield,11,1.3791905024100477,1.2404949966051302,0.9147146025224272,0.7488531648698212,0.4865008923207881,0.2682874978561905,0.12537488156374418,0.5442620140067044,0.4009618258839986,0.351956910114988,0.16149585813381848,0.1294108326758745,0.2892410341763528,0.2517823492945159,0.2039556366987799,0.16649695181694293,0.38889805713248443,0.2869251096317035,0.32417683323581215,0.1866864988321921,0.20221155830029236,0.1866864988321921,0.1435532472061061,0.18062358602970605,0.1435532472061061,0.675823166764188,0.6111019428675157,0.8564467527938939,0.813313501167808,0.545381785820031,0.454618214179969,1-1,0.13705571418303056,1-0,0.08798102351485337,2-1,0.08592088150102811,2.619685499015178,0.3030984993004365,0.4327250988919181,0.2641763794018219,0.6793249183516377,0.31461250738588564,0.7728985906044774,0.4362526501777051,0.5250492719564824,0.24408195364467497,0.21002733305815777,0.4510930980435053,0.23182254870833133,0.05103090130135364,0.020244973718989683,0.14638959383509162,0.1599439973245754,0.12639141524678688,0.02314546097294674,0.05103090130135365,0.18999995035679534,0.43414634146341463,5.021190960859594,3.852156707558369,8.873347668417964,0.6274798650513185,0.5100366839408119,0.39723161506802257,0.2967614975034518,0.21301982161085747,0.147209762463048,0.690032591916212,0.5141202747185872,0.5335252998151961,0.3447118438388578,0.38551510421069946,0.21301424238457783,0.26180033586694734,0.12252570481757555,0.5724691614643805,0.3132308184233336,0.2,0.4,0.4,0.6,0.4,0.6,8.8,7.2,5,5
E3,League Two,E3-Salford-Crawley,2026-10-17 15:00:00,Salford,Crawley,11,1.8174556438959084,0.9732926251446913,0.9277677098921926,0.7781978066727072,0.5283364053074818,0.3060025204715898,0.1508830444078804,0.5319562923308846,0.5423350902481998,0.25441720155764974,0.27405516725814844,0.07545502355621427,0.3778369152865408,0.1624390824903822,0.30560462517873344,0.09020679238257477,0.5611302941282782,0.25022657273396465,0.18864313313775732,0.3280043206222713,0.23312597350600683,0.3280043206222713,0.06884110361282138,0.11980202952493596,0.06884110361282138,0.8113568668622427,0.43886970587172197,0.9311588963871789,0.6719956793777286,0.7483998148272296,0.25160018517277055,1-1,0.11942489083432016,2-0,0.10136605853587172,1-0,0.10069040762770587,2.7907482690406,0.41226717836107857,0.405573379196814,0.18215928061458886,0.7022774156180887,0.3415586096705116,0.7938508036251528,0.4683078255326826,0.5575034907562151,0.350584962717811,0.14594202851345495,0.45878632512772893,0.353765569050409,0.045202918715840576,0.013298092161681848,0.18876112730835437,0.13810633332839364,0.07870534038924709,0.02946027962770116,0.04520291871584056,0.10749581205697716,0.43414634146341463,5.721232906828474,3.755458785333299,9.476691692161772,0.6877175916055791,0.5767092861508281,0.46482784027402013,0.3602672192727293,0.2688191207280377,0.19340944016931713,0.7672433457755813,0.49692319046913896,0.629035440534504,0.32816219173333244,0.4858302719092735,0.19950034058605737,0.3546835740913107,0.11280408059774928,0.6535040148409836,0.2455402926349007,0.4,0.4,0.4,0.6,0.2,0.6,9.4,8.4,5,5
E2,League One,E2-Sheffiel-AFCWimbl,2026-10-17 15:00:00,Sheffield Wed,AFC Wimbledon,11,1.8912133903169255,0.9464867653052778,0.9309571434173322,0.7857448083985159,0.5394820612618345,0.31645739555119123,0.15823811340252075,0.5300513708204124,0.5637466660868371,0.2445643458060125,0.29390458043197887,0.070726184932659,0.38810212720635084,0.15088935855590455,0.3190592706236831,0.0818465019732367,0.5846196417050978,0.24170988686299477,0.17367047143190723,0.35082755706308155,0.23379208464201637,0.35082755706308155,0.061901944543547666,0.11176852688835957,0.061901944543547666,0.8263295285680927,0.41538035829490194,0.9380980554564523,0.6491724429369183,0.7709709405105626,0.2290290594894372,1-1,0.1153061310975142,2-0,0.10472628745244879,1-0,0.10026799030989322,2.837700155622203,0.4207715378995638,0.40814880799734604,0.1710794875334095,0.695284574395869,0.33316761402299244,0.807820065488044,0.4908508226141437,0.5616648304212977,0.36481824364052196,0.1384620793514751,0.4812957814811619,0.36443105561183264,0.04360230395866482,0.01273714575599242,0.19967644525439734,0.1335394306178513,0.07493194165540003,0.03099392642598187,0.043602303958664816,0.09648283154744652,0.41878172588832485,6.283081054687501,5.053253173828126,11.336334228515627,0.8277114130045745,0.7454927859062426,0.6514396714847162,0.5516734260986601,0.45263801298553197,0.3599457890163496,0.8160203335797501,0.6940080023665829,0.6942208872892882,0.5382354429609731,0.5597695631927789,0.39025022512273505,0.42859255800120044,0.26599388001187785,0.5680520368229827,0.33375238639896215,0.75,0.5,0.75,0.25,0.5,0.5,12.25,12.0,4,4
E1,Championship,E1-Southamp-Bolton,2026-10-17 15:00:00,Southampton,Bolton,11,1.8304935880647166,1.0100344573483213,0.930808529059121,0.7865286574499613,0.5401491386113563,0.317089018879551,0.1586868874017052,0.5446500418905176,0.5461728240428848,0.26793251844463667,0.2775550465640698,0.08215635157744006,0.36420643381463313,0.16033499523572806,0.2950149628737543,0.0911435242948492,0.5552501424856932,0.24938338743857447,0.19536647007573238,0.3247389708182462,0.23051117166744695,0.3247389708182462,0.07301357318326243,0.12235289689246995,0.07301357318326243,0.8046335299242675,0.44474985751430685,0.9269864268167376,0.6752610291817539,0.7397253580505523,0.26027464194944777,1-1,0.11876077521426932,2-1,0.09881401706514323,2-0,0.0978323227947719,2.8405280454130377,0.42880659781366626,0.37848290491260356,0.19271012361134243,0.7419787609384209,0.39243356355502135,0.7736821088217237,0.43741487006299506,0.5740556924637671,0.3587842109558042,0.15688818885902872,0.4044614404716952,0.36918646738777644,0.04650156845602137,0.013118207429718554,0.16915754418827852,0.13478654539948837,0.07453851178891363,0.02770297002846552,0.04650156845602136,0.11850542041221279,0.47692307692307695,6.109423439828494,4.817351935501681,10.926775375330175,0.8024978522601944,0.7134589049091142,0.6141643978720694,0.5114862756522273,0.4121227361377151,0.32146140635538634,0.8020769563091356,0.6637180677461315,0.6751613105685482,0.5028771906152264,0.5376633006237718,0.35522589409988076,0.4060043104617482,0.2354275113400852,0.5757808820285737,0.3242329995847339,0.6666666666666666,0.5714285714285714,1.0,0.42857142857142855,1.0,0.5714285714285714,11.166666666666666,10.857142857142858,6,7
E2,League One,E2-Stockpor-Bromley,2026-10-17 15:00:00,Stockport,Bromley,11,1.8986580928256769,0.9746600112857553,0.9330309092425827,0.7915710802781407,0.5478355590674681,0.3244084248071077,0.16391411735210032,0.5398782405200968,0.565867308419343,0.25492006136891177,0.29591376469341046,0.07569991026966941,0.3773206194346065,0.1497702308027142,0.3103515286771892,0.08280114004529687,0.579432037133447,0.24157307378529033,0.1789948890812627,0.34750922675969687,0.23192281037375012,0.34750922675969687,0.06502860934907506,0.1139662797321877,0.06502860934907506,0.8210051109187373,0.4205679628665531,0.9349713906509249,0.6524907732403031,0.7639919115548525,0.2360080884451477,1-1,0.11503463947880577,2-0,0.10185903833723602,2-1,0.09927793145532665,2.873318104111432,0.4187319023230455,0.4058297899360307,0.17543813553704476,0.6997960237895979,0.3385624740163998,0.8117576384922591,0.4973856904404858,0.5680647676977169,0.3665473738148365,0.14494084085201006,0.4829260144808785,0.36114584851501375,0.04425095974738191,0.01333403402484266,0.19724880851134838,0.13215462713198628,0.07642533695228106,0.031494502792752156,0.04425095974738191,0.09969222296794639,0.41878172588832485,6.806671142578126,3.7007904052734375,10.507461547851562,0.7735363564510537,0.6776226648452689,0.5735515465713145,0.4688417484656928,0.3702499326355604,0.2827232831420263,0.8525988883325855,0.48703899105227827,0.746019213420562,0.31879560366951804,0.6220209221340763,0.1919690387881716,0.49451514331177926,0.10746931020143918,0.7474452655778985,0.17220961503807353,0.75,0.5,0.75,0.5,0.75,0.5,11.25,8.75,4,4
E1,Championship,E1-Swansea-WestHam,2026-10-17 15:00:00,Swansea,West Ham,11,1.1216273144883289,1.6716686926934539,0.927302266211318,0.7792559888908702,0.5289459732407187,0.3065702987431019,0.15128002782596464,0.5590149634856112,0.30888143639537735,0.49790396944049825,0.10397735048939849,0.23531613052657413,0.18793349337537496,0.32574927692769606,0.11523575958669281,0.25305154313901385,0.2439653241647934,0.2653937525577288,0.4906409232774778,0.09883191311459479,0.1451334110501986,0.09883191311459479,0.26870566449924016,0.22193525877823772,0.26870566449924016,0.509359076722522,0.7560346758352068,0.7312943355007598,0.9011680868854055,0.3321035248668578,0.6678964751331422,1-1,0.12626387632273572,1-2,0.09594153139401618,0-1,0.09085968511434196,2.793296007181783,0.2254816795895258,0.38903008677441886,0.3854880520632849,0.7361006046019192,0.38453699300826405,0.7680210584646305,0.42907422373700893,0.5653407654828204,0.18387789667904264,0.3202627134741257,0.40296740045743146,0.1494383417967076,0.04980207070965224,0.026241166072979744,0.09010945018374274,0.14283215624355397,0.15608832680216175,0.015895659961787288,0.04980207070965223,0.31979015915285036,0.47692307692307695,5.498481095845645,4.809128391740155,10.3076094875858,0.7585552957717179,0.6594595423808217,0.5533837911078405,0.4480943851493528,0.3502919481103007,0.2646353990635128,0.7447873221217584,0.6626183120811885,0.6003475748514777,0.501616004453377,0.45473209699183076,0.3539987195709316,0.324983933890579,0.2343755834812263,0.5166921752800543,0.37592294223018835,0.5,0.8571428571428571,0.3333333333333333,0.7142857142857143,0.5,0.8571428571428571,9.333333333333334,11.0,6,7
E3,League Two,E3-Swindon-Walsall,2026-10-17 15:00:00,Swindon,Walsall,11,1.4038896881720744,1.2788973448227194,0.9193518556217917,0.7604749423096698,0.502149382323123,0.2821163329275367,0.13454087999034117,0.5566643500064317,0.4095092267287672,0.36568241219010583,0.16744280304778855,0.13805562603542784,0.27834408129482424,0.24563971307695226,0.19769593691661602,0.164991568698744,0.3873146457566274,0.2831014096470938,0.3295839445962787,0.18742286415729595,0.1998917815993314,0.18742286415729595,0.14858205259756957,0.18100189199870917,0.14858205259756957,0.6704160554037212,0.6126853542433726,0.8514179474024304,0.8125771358427039,0.5402642032898473,0.4597357967101527,1-1,0.13503362523507717,2-1,0.08616923364728055,1-0,0.08371146742104338,2.682787032994794,0.30396503706325345,0.4268717944872538,0.26916314154434434,0.6879906661081725,0.3245864491185749,0.7808644646448856,0.4482022606646604,0.5372274631712364,0.2501595149506365,0.21943324792704044,0.45400607585699687,0.231361919302657,0.0514953166605092,0.021107712922195106,0.1444674943902262,0.15555910067401849,0.12684509070158764,0.02376094232495308,0.05149531666050921,0.19390680303121005,0.43414634146341463,5.513256826276216,5.7569945115823655,11.270251337858582,0.8238402156773066,0.7405208540681887,0.6455915273970145,0.5453004368491061,0.44614403719381496,0.35371146465970954,0.7463356463715214,0.7706754442285012,0.6023005523026488,0.6334901806725312,0.4568222436465156,0.4907362969902971,0.3269545809471896,0.3594433909935893,0.42513982780171256,0.47234408539899947,0.8,0.6,0.6,0.4,0.8,0.4,12.0,12.6,5,5
E3,League Two,E3-Tranmere-Barnet,2026-10-17 15:00:00,Tranmere,Barnet,11,1.25705712776829,1.4342505939477614,0.9199852378856113,0.7619804142872854,0.5042435930232736,0.28399206633650065,0.13580090771353523,0.5572307593077518,0.35788972387725454,0.4199327833450516,0.133115191442941,0.17483853604972027,0.23829396122862634,0.2844900415780104,0.1582791991142377,0.2044752794636218,0.31819961146043624,0.28192733414436166,0.39987305439520204,0.1414967483946988,0.17670286306573743,0.1414967483946988,0.1965394680677861,0.20333358632741605,0.1965394680677861,0.6001269456047978,0.6818003885395637,0.8034605319322138,0.858503251605301,0.4431300989312511,0.5568699010687488,1-1,0.13444753494334688,1-2,0.08765066220332168,0-1,0.08500858446981845,2.6913077217160515,0.2624553116784821,0.42581417916557057,0.31173047972755474,0.68914272691658,0.32593040691897085,0.7819184755166543,0.44980483391291876,0.5388534304440022,0.21408068595681576,0.2576287818837348,0.45439249857623537,0.18671652878512207,0.05138050690775569,0.024358192214398475,0.12310462382560956,0.15472119434055964,0.14798824277792896,0.02060082206987637,0.05138050690775568,0.23974905352177628,0.43414634146341463,4.65563909774436,5.222376252931021,9.87801535067538,0.7236779860179235,0.6180947141145327,0.5084508131103209,0.40287089322240954,0.30772837993548496,0.22689070634934627,0.6415418287948739,0.7142568060950283,0.47774301363025146,0.5625630107985238,0.33105416454633135,0.41505080319205223,0.21494772573072862,0.28826782007726354,0.38503081985864274,0.5040750244807959,0.4,0.8,0.6,1.0,1.0,0.8,8.6,11.4,5,5
E1,Championship,E1-WestBrom-Blackbur,2026-10-17 15:00:00,West Brom,Blackburn,11,1.5477111765651939,1.1108949583529364,0.9179108639537937,0.7557731450871916,0.4961813098939721,0.2768032861775516,0.1309933462478791,0.5400904880970709,0.45801396991089016,0.30495794261850684,0.20322082331591246,0.10178753212448431,0.32926416098118516,0.21273448696795044,0.24717502493497873,0.1306453509217441,0.4618564303992918,0.27736056881486465,0.26078300078584365,0.24140972480604636,0.2204467055932454,0.24140972480604636,0.10595280284189641,0.15483019794394723,0.10595280284189641,0.7392169992141565,0.5381435696007083,0.8940471971581039,0.7585902751939536,0.6391243135485188,0.3608756864514812,1-1,0.1324762305123544,1-0,0.09636743941460775,2-1,0.09319770117872628,2.6586061349181302,0.36339274049412423,0.4026978775223102,0.2339092838871142,0.7185922568600809,0.36178103688543123,0.7510879148942433,0.40493673899640403,0.5397259598641867,0.28968325528126615,0.18125614906987428,0.39848435303509966,0.2974492787166166,0.05001955383549517,0.015923818623287192,0.15239159079447678,0.1532346756525394,0.09707152382351564,0.024058928935047463,0.050019553835495174,0.1598307394299088,0.47692307692307695,5.2462370892717045,5.422153926168676,10.668391015440381,0.7850410570249783,0.6917411857721787,0.5894194542272317,0.48536463382650374,0.3863377827749672,0.2974811953621872,0.7170173632275967,0.7366528713026821,0.5659239797031796,0.5901465299889146,0.4185227791902986,0.44387762770086964,0.2914274901837116,0.3148090751105744,0.4291506664970939,0.46444959126556973,0.5,0.8333333333333334,0.6666666666666666,0.8333333333333334,0.16666666666666666,0.5,10.833333333333334,10.666666666666666,6,6
E2,League One,E2-Wigan-Reading,2026-10-17 15:00:00,Wigan,Reading,11,1.4272332369529188,1.3120313089884597,0.9232819338409036,0.7704768165482777,0.5159442165986731,0.29458204041957325,0.142989650164614,0.567473469011843,0.4175319080535647,0.3774333986678158,0.17312102789452882,0.14566698030810296,0.2692725651732477,0.2399720319740058,0.19255449901415125,0.16325396581490934,0.38649400115549526,0.2797406267781592,0.3337653720663456,0.18844654698789098,0.1980474541676044,0.18844654698789098,0.15268039618458257,0.18108497588176298,0.15268039618458257,0.6662346279336546,0.6135059988445047,0.8473196038154174,0.8115534530121092,0.5366039173175114,0.4633960826824887,1-1,0.13310199693581215,2-1,0.08634890633254393,1-0,0.08012461109088731,2.7392645459413787,0.3001980988529644,0.43070259789906173,0.26909927987743637,0.6824607779343416,0.3181943867039218,0.7965043421609441,0.47251638093737125,0.5435829729792389,0.2536436377625044,0.2255450372958117,0.47665655009265057,0.22633244333916203,0.05152056960989542,0.02234496384672762,0.14736799443286774,0.1524989969463069,0.1308354467763657,0.02489361807612283,0.05152056960989539,0.19268498194982162,0.41878172588832485,5.513081013655463,4.801891532676349,10.314972546331813,0.7591210615650457,0.6601410332616287,0.554135579949538,0.4488627426729463,0.3510262465431401,0.26529653768232375,0.7463172731914292,0.6616480403942527,0.6022773559628343,0.5005045996191717,0.45679739523194834,0.35291854154388763,0.3269311316225237,0.23345073439400527,0.5189419029859117,0.37382201816385313,0.5,0.6666666666666666,0.5,0.3333333333333333,0.75,0.6666666666666666,11.0,9.333333333333334,4,3
E1,Championship,E1-Wrexham-Preston,2026-10-17 15:00:00,Wrexham,Preston,11,1.6545021836146048,1.0447176456014604,0.9211164665367777,0.7628231201579782,0.50618367172019,0.28573481104380405,0.13697482702735655,0.535904915098056,0.49249242285053046,0.2806864472042908,0.23081627525621684,0.08870787262825572,0.3517911406218244,0.19118747774334183,0.27290760715860224,0.11230394428011964,0.5044993373201487,0.2677659554135538,0.22773470726629763,0.2766127456138092,0.2278865917063394,0.2766127456138092,0.08812285760935258,0.13961184965694504,0.08812285760935258,0.7722652927337024,0.4955006626798514,0.9118771423906474,0.7233872543861907,0.6889864532385703,0.31101354676142995,1-1,0.12788019854810537,1-0,0.09965313597640824,2-1,0.09617184897223163,2.699219829216065,0.3918503404554153,0.3956669732065766,0.21248252193783845,0.72399056422023,0.36867787050725603,0.7563200519377722,0.41226807718183756,0.5475685811335014,0.3160505296041541,0.16520671088093744,0.3998722362050637,0.32912926962282135,0.04840870518241163,0.014312215964079755,0.1616090560595788,0.14769724928893407,0.08636052616886497,0.02538664050158882,0.04840870518241163,0.1386870896656577,0.47692307692307695,5.618097175825446,4.1408284020535095,9.758925577878955,0.7133503755111816,0.6060818086238566,0.4956537158807859,0.39024072134890775,0.29607232548398354,0.2167560907250852,0.7570798326794796,0.5631600898166051,0.6159539264939671,0.39369908005282156,0.47154390064898166,0.2545449754887101,0.3409385990958083,0.15355108309650906,0.600752174639915,0.29407414027676154,0.42857142857142855,0.8333333333333334,0.5714285714285714,0.8333333333333334,0.7142857142857143,0.8333333333333334,9.571428571428571,9.0,7,6
E2,League One,E2-Wycombe-NottsCou,2026-10-17 15:00:00,Wycombe,Notts County,11,1.5597207844766918,1.1636538580367854,0.9224312844146865,0.7674655618426424,0.5120835861781008,0.2910670811222522,0.1405893947607399,0.5550309428580087,0.46195969079622845,0.3241981847840061,0.2062860581019596,0.1127279719766343,0.31234285128638356,0.21019492144092114,0.23477413570107014,0.13262620585560772,0.452863022840987,0.274945021170696,0.27219195598831675,0.23668003870747903,0.21618298413350814,0.23668003870747903,0.11393113261493944,0.1582608233733773,0.11393113261493944,0.7278080440116832,0.5471369771590129,0.8860688673850606,0.763319961292521,0.6245912876457914,0.3754087123542083,1-1,0.13107417946192557,2-1,0.09292687364317871,1-0,0.09048432869840001,2.7233746425134773,0.3385804579828323,0.42979813068095735,0.23162137538765865,0.6803406984533527,0.3157693783614204,0.7946162522468535,0.4695188798472494,0.5406097760560098,0.2858876898827816,0.18959435059686272,0.47588760081805476,0.269965378554605,0.049916738057801904,0.01869814198949209,0.16760694001511964,0.15127966036688048,0.11091129131099085,0.02720639530323503,0.0499167380578019,0.15449810222212296,0.41878172588832485,5.42724609375,4.6952056884765625,10.122451782226562,0.7439757778631246,0.642015201814543,0.5342683467778546,0.42868767731613444,0.33186866178213387,0.24815760803034198,0.7372027172351305,0.6470751594937548,0.5908329481237675,0.4839562900978933,0.4446047050045994,0.33697387131849577,0.3154875360921792,0.21991631981178714,0.5213349711701947,0.37023038579846174,0.5,0.5,1.0,1.0,0.75,0.75,10.5,9.25,4,4
E0,Premier League,E0-Newcastl-AstonVil,2026-10-17 17:30:00,Newcastle,Aston Villa,7,1.460768154296674,1.4589058146377132,0.9345509892342315,0.8000261060061663,0.5585745070734867,0.33477769379743755,0.17142426128430013,0.6009003402760337,0.42895894291801945,0.4283274591246015,0.18137115143697102,0.1809102218729215,0.2324906214269238,0.232058049062811,0.16704161066115536,0.16660903829704252,0.3655179156610691,0.269793259643981,0.3646888246949496,0.17849640896015123,0.18702150670091794,0.17849640896015123,0.1779204109803191,0.18676841371463054,0.1779204109803191,0.6353111753050502,0.6344820843389306,0.8220795890196809,0.8215035910398486,0.5005677097459514,0.49943229025404806,1-1,0.12647459805239547,2-1,0.08397730234655067,1-2,0.08387023931936699,2.9196739689343874,0.2992508786542294,0.4020082053643544,0.2987408557373569,0.7251127472790735,0.3701248679637241,0.8037330807789115,0.484155220377879,0.58279710228267,0.2651867105778887,0.2647272799935856,0.4531707503502278,0.221304951062091,0.05313401159126077,0.024811778270586858,0.13085787815920744,0.1405296439999089,0.13062051370271396,0.024852631168914917,0.05313401159126078,0.22075407551834828,0.4423076923076923,5.087712081364234,4.335160486427804,9.422872567792037,0.6826445205323162,0.5709690701637172,0.4588794617914673,0.3545563632798551,0.26369232264269266,0.18907330812850892,0.6982316446674448,0.5941389520142226,0.5432631996672835,0.42604839435332753,0.3953283843545637,0.2832099286201406,0.2705123526304205,0.17592964975541373,0.5244987453733244,0.3621478146377774,0.5,0.5,0.5,0.0,0.5,0.0,12.0,6.5,2,2
