div,team,block,first_game,last_game,games,start,end,played,home_games,mkt_xP,mkt_xP_played,mkt_var_played,now_xP,pts,xg,xga,xg_xP,cl_xP,cl_n,gf,ga,avg_opp_rating,avg_opp_rank,congested,moved,fixtures,pts_vs_mkt,xgxp_vs_mkt,luck,z,z_xg,p_chance,status,mkt_ppg,now_ppg
E0,Arsenal,1,1,4,4,2026-08-21 20:00:00,2026-09-12 20:00:00,2,2,8.255161635101315,4.3048569363816895,2.5446266696306754,3.934819903813789,6.0,3.33,0.62,4.627287535471974,4.653476599967842,2,4.0,0.0,-0.05223835178075828,11.75,1,0,Coventry (H) · Aston Villa (A) · Chelsea (H) · Sunderland (A),1.6951430636183105,0.3224305990902847,1.3727124645280258,1.062659966099361,0.2609447644768472,0.28793618213730543,in progress,2.0637904087753287,1.9674099519068946
E0,Arsenal,2,5,8,4,2026-09-19 15:00:00,2026-10-24 15:00:00,0,2,8.451913708735944,0.0,0.0,8.423704983100194,0.0,0.0,0.0,0.0,0.0,0,0.0,0.0,-0.0859056726531292,11.25,2,0,Brighton (A) · Leeds (H) · Nott'm Forest (A) · Everton (H),,,,,,,upcoming,2.112978427183986,2.1059262457750485
E0,Arsenal,3,9,12,4,2026-11-01 16:30:00,2026-11-28 15:00:00,0,2,7.644845686509201,0.0,0.0,7.633997016631782,0.0,0.0,0.0,0.0,0.0,0,0.0,0.0,0.07301376184196283,8.5,2,0,Liverpool (A) · Hull (H) · Newcastle (A) · Man City (H),,,,,,,upcoming,1.9112114216273002,1.9084992541579455
E0,Arsenal,4,13,16,4,2026-12-02 20:00:00,2026-12-19 15:00:00,0,2,7.697193804882968,0.0,0.0,7.663577873950418,0.0,0.0,0.0,0.0,0.0,0,0.0,0.0,0.12249639257981262,8.25,1,0,Brentford (A) · Tottenham (A) · Bournemouth (H) · Man Utd (H),,,,,,,upcoming,1.924298451220742,1.9158944684876045
E0,Arsenal,5,17,20,4,2026-12-26 15:00:00,2027-01-06 20:00:00,0,2,8.998128661408149,0.0,0.0,8.944344327541266,0.0,0.0,0.0,0.0,0.0,0,0.0,0.0,-0.2577070676435099,15.5,0,0,Crystal Palace (A) · Fulham (A) · Ipswich (H) · Brentford (H),,,,,,,upcoming,2.2495321653520373,2.2360860818853165
E0,Arsenal,6,21,24,4,2027-01-16 15:00:00,2027-02-06 15:00:00,0,2,7.766186308333978,0.0,0.0,7.754081453695395,0.0,0.0,0.0,0.0,0.0,0,0.0,0.0,0.07301376184196283,8.5,2,0,Hull (A) · Newcastle (H) · Man City (A) · Liverpool (H),,,,,,,upcoming,1.9415465770834945,1.9385203634238488
E0,Arsenal,7,25,28,4,2027-02-10 20:00:00,2027-03-03 20:00:00,0,2,8.50741292501897,0.0,0.0,8.480981752976614,0.0,0.0,0.0,0.0,0.0,0,0.0,0.0,-0.1216101268655231,13.5,0,0,Ipswich (A) · Fulham (H) · Man Utd (A) · Crystal Palace (H),,,,,,,upcoming,2.1268532312547426,2.1202454382441536
E0,Arsenal,8,29,32,4,2027-03-13 15:00:00,2027-04-17 15:00:00,0,2,8.277555178840286,0.0,0.0,8.266157302276474,0.0,0.0,0.0,0.0,0.0,0,0.0,0.0,-0.05223835178075828,11.75,0,0,Chelsea (A) · Sunderland (H) · Coventry (A) · Aston Villa (H),,,,,,,upcoming,2.0693887947100715,2.0665393255691185
E0,Arsenal,9,33,36,4,2027-04-24 15:00:00,2027-05-15 15:00:00,0,2,8.30467384182543,0.0,0.0,8.301566732813818,0.0,0.0,0.0,0.0,0.0,0,0.0,0.0,-0.03900281658174052,11.0,0,0,Bournemouth (A) · Tottenham (H) · Leeds (A) · Nott'm Forest (H),,,,,,,upcoming,2.0761684604563575,2.0753916832034545
E0,Arsenal,10,37,38,2,2027-05-23 15:00:00,2027-05-30 16:00:00,0,1,4.130026705180435,0.0,0.0,4.130676117212712,0.0,0.0,0.0,0.0,0.0,0,0.0,0.0,-0.024499719683897803,9.0,0,0,Everton (A) · Brighton (H),,,,,,,upcoming,2.0650133525902175,2.065338058606356
E0,Aston Villa,1,1,4,4,2026-08-23 14:00:00,2026-09-12 15:00:00,2,2,6.239996774653907,2.3189905085838904,3.172934461979356,3.8414199282727695,0.0,0.78,4.48,0.7967971165486923,1.7269529341214378,2,0.0,5.0,-0.048758827641661,10.5,1,0,Brighton (A) · Arsenal (H) · Hull (A) · Nott'm Forest (H),-2.3189905085838904,-1.5221933920351982,-0.7967971165486923,-1.3018724009391522,-1.1032238861110493,0.19296000852501471,in progress,1.5599991936634767,1.9207099641363847
E0,Aston Villa,2,5,8,4,2026-09-19 12:30:00,2026-10-24 12:30:00,0,2,5.335606770823723,0.0,0.0,5.227927905652363,0.0,0.0,0.0,0.0,0.0,0,0.0,0.0,0.18684747630980603,7.25,2,0,Tottenham (A) · Brentford (H) · Newcastle (A) · Man City (H),,,,,,,upcoming,1.3339016927059308,1.3069819764130908
E0,Aston Villa,3,9,12,4,2026-11-01 14:00:00,2026-11-28 15:00:00,0,2,6.625614909991336,0.0,0.0,6.511486250680935,0.0,0.0,0.0,0.0,0.0,0,0.0,0.0,-0.14225208254777583,14.0,2,0,Fulham (H) · Man Utd (A) · Sunderland (H) · Ipswich (A),,,,,,,upcoming,1.656403727497834,1.6278715626702338
E0,Aston Villa,4,13,16,4,2026-12-02 20:00:00,2026-12-19 15:00:00,0,2,6.422177485882857,0.0,0.0,6.311430462307372,0.0,0.0,0.0,0.0,0.0,0,0.0,0.0,-0.08946848844116086,12.0,1,0,Everton (H) · Crystal Palace (H) · Coventry (A) · Chelsea (A),,,,,,,upcoming,1.6055443714707143,1.577857615576843
E0,Aston Villa,5,17,20,4,2026-12-26 15:00:00,2027-01-06 20:00:00,0,2,5.9159299618625765,0.0,0.0,5.81197199699861,0.0,0.0,0.0,0.0,0.0,0,0.0,0.0,0.035759829978136315,9.5,0,0,Leeds (H) · Liverpool (H) · Bournemouth (A) · Everton (A),,,,,,,upcoming,1.4789824904656441,1.4529929992496524
E0,Aston Villa,6,21,24,4,2027-01-16 15:00:00,2027-02-06 15:00:00,0,2,6.5890850311221865,0.0,0.0,6.474643961257484,0.0,0.0,0.0,0.0,0.0,0,0.0,0.0,-0.14225208254777583,14.0,2,0,Man Utd (H) · Fulham (A) · Ipswich (H) · Sunderland (A),,,,,,,upcoming,1.6472712577805466,1.618660990314371
E0,Aston Villa,7,25,28,4,2027-02-10 20:00:00,2027-03-03 20:00:00,0,2,5.455280645037916,0.0,0.0,5.327252563903073,0.0,0.0,0.0,0.0,0.0,0,0.0,0.0,0.15990878370177625,8.25,0,0,Bournemouth (H) · Leeds (A) · Chelsea (H) · Liverpool (A),,,,,,,upcoming,1.363820161259479,1.3318131409757683
E0,Aston Villa,8,29,32,4,2027-03-13 15:00:00,2027-04-17 15:00:00,0,2,6.2287052645509675,0.0,0.0,6.092141512375621,0.0,0.0,0.0,0.0,0.0,0,0.0,0.0,-0.04875882764166101,10.5,0,0,Hull (H) · Nott'm Forest (A) · Brighton (H) · Arsenal (A),,,,,,,upcoming,1.5571763161377419,1.5230353780939052
E0,Aston Villa,9,33,36,4,2027-04-24 15:00:00,2027-05-15 15:00:00,0,2,6.822061872889346,0.0,0.0,6.668172309299447,0.0,0.0,0.0,0.0,0.0,0,0.0,0.0,-0.2011746616465229,13.5,0,0,Coventry (H) · Crystal Palace (A) · Brentford (A) · Newcastle (H),,,,,,,upcoming,1.7055154682223366,1.6670430773248617
E0,Aston Villa,10,37,38,2,2027-05-23 15:00:00,2027-05-30 16:00:00,0,1,2.23191672441769,0.0,0.0,2.2155358803393446,0.0,0.0,0.0,0.0,0.0,0,0.0,0.0,0.42929559732147893,4.0,0,0,Man City (A) · Tottenham (H),,,,,,,upcoming,1.115958362208845,1.1077679401696723
E0,Bournemouth,1,1,4,4,2026-08-23 14:00:00,2026-09-12 15:00:00,2,2,4.781932237349878,2.11584172907891,2.746538952403893,2.656840732689318,1.0,3.23,3.2699999999999996,2.674027475222394,2.218127631967377,2,2.0,3.0,0.10915040337165752,8.25,0,0,Man City (A) · Everton (H) · Newcastle (A) · Brentford (H),-1.1158417290789102,0.5581857461434838,-1.674027475222394,-0.673301709766975,0.43482072475257016,0.5007553652585246,in progress,1.1954830593374695,1.328420366344659
E0,Bournemouth,2,5,8,4,2026-09-20 14:00:00,2026-10-25 14:00:00,0,2,4.168570698136393,0.0,0.0,4.182968838179887,0.0,0.0,0.0,0.0,0.0,0,0.0,0.0,0.2704372945315726,7.25,2,0,Liverpool (H) · Chelsea (A) · Sunderland (H) · Man Utd (A),,,,,,,upcoming,1.0421426745340983,1.0457422095449718
E0,Bournemouth,3,9,12,4,2026-10-31 15:00:00,2026-11-28 15:00:00,0,2,6.125732030422364,0.0,0.0,6.165826801371246,0.0,0.0,0.0,0.0,0.0,0,0.0,0.0,-0.25997203749058423,15.5,2,0,Leeds (H) · Ipswich (A) · Nott'm Forest (H) · Fulham (A),,,,,,,upcoming,1.531433007605591,1.5414567003428115
E0,Bournemouth,4,13,16,4,2026-12-02 20:00:00,2026-12-19 15:00:00,0,3,6.0914854409488095,0.0,0.0,6.102680794342474,0.0,0.0,0.0,0.0,0.0,0,0.0,0.0,-0.14475512679983638,11.75,1,0,Brighton (H) · Hull (H) · Arsenal (A) · Coventry (H),,,,,,,upcoming,1.5228713602372024,1.5256701985856185
E0,Bournemouth,5,17,20,4,2026-12-26 15:00:00,2027-01-06 20:00:00,0,1,4.5823809961968704,0.0,0.0,4.6648072078178595,0.0,0.0,0.0,0.0,0.0,0,0.0,0.0,0.05593368325395023,9.0,0,0,Tottenham (A) · Crystal Palace (A) · Aston Villa (H) · Brighton (A),,,,,,,upcoming,1.1455952490492176,1.1662018019544649
E0,Bournemouth,6,21,24,4,2027-01-16 15:00:00,2027-02-06 15:00:00,0,2,6.120611650524236,0.0,0.0,6.161034491288731,0.0,0.0,0.0,0.0,0.0,0,0.0,0.0,-0.25997203749058423,15.5,2,0,Ipswich (H) · Nott'm Forest (A) · Fulham (H) · Leeds (A),,,,,,,upcoming,1.530152912631059,1.5402586228221828
E0,Bournemouth,7,25,28,4,2027-02-10 20:00:00,2027-03-03 20:00:00,0,2,5.42873897806144,0.0,0.0,5.525826616083249,0.0,0.0,0.0,0.0,0.0,0,0.0,0.0,-0.07804827688399697,11.5,0,0,Aston Villa (A) · Crystal Palace (H) · Coventry (A) · Tottenham (H),,,,,,,upcoming,1.35718474451536,1.3814566540208122
E0,Bournemouth,8,29,32,4,2027-03-13 15:00:00,2027-04-17 15:00:00,0,2,4.7108847514616725,0.0,0.0,4.735715699522135,0.0,0.0,0.0,0.0,0.0,0,0.0,0.0,0.10915040337165752,8.25,0,0,Newcastle (H) · Brentford (A) · Man City (H) · Everton (A),,,,,,,upcoming,1.1777211878654181,1.1839289248805338
E0,Bournemouth,9,33,36,4,2027-04-24 15:00:00,2027-05-15 15:00:00,0,2,5.086373965214614,0.0,0.0,5.110459909134676,0.0,0.0,0.0,0.0,0.0,0,0.0,0.0,0.01754759228442543,10.5,0,0,Arsenal (H) · Hull (A) · Man Utd (H) · Sunderland (A),,,,,,,upcoming,1.2715934913036535,1.277614977283669
E0,Bournemouth,10,37,38,2,2027-05-23 15:00:00,2027-05-30 16:00:00,0,1,1.7400653651455422,0.0,0.0,1.7446379286038751,0.0,0.0,0.0,0.0,0.0,0,0.0,0.0,0.4527463047998891,4.0,0,0,Chelsea (H) · Liverpool (A),,,,,,,upcoming,0.8700326825727711,0.8723189643019376
E0,Brentford,1,1,4,4,2026-08-22 17:30:00,2026-09-12 15:00:00,2,2,5.3913447681434885,2.4895891844422158,3.2995206599723197,2.982750987061668,4.0,6.0,1.6400000000000001,4.709194041180568,3.08102346510932,2,4.0,1.0,-0.0767948736271772,12.0,0,0,Tottenham (H) · Leeds (A) · Sunderland (H) · Bournemouth (A),1.5104108155577842,2.2196048567383526,-0.7091940411805684,0.8315141819959594,1.5775190600177722,0.4056832199294793,in progress,1.3478361920358721,1.491375493530834
E0,Brentford,2,5,8,4,2026-09-18 20:00:00,2026-10-25 14:00:00,0,2,4.8832924900594294,0.0,0.0,5.058417167785549,0.0,0.0,0.0,0.0,0.0,0,0.0,0.0,0.061392978018976585,8.75,0,0,Chelsea (H) · Aston Villa (A) · Liverpool (H) · Hull (A),,,,,,,upcoming,1.2208231225148574,1.2646042919463873
E0,Brentford,3,9,12,4,2026-10-31 15:00:00,2026-11-28 15:00:00,0,2,4.878612032823803,0.0,0.0,5.026484971728275,0.0,0.0,0.0,0.0,0.0,0,0.0,0.0,0.06960633933511587,8.75,0,0,Nott'm Forest (H) · Brighton (A) · Everton (H) · Man Utd (A),,,,,,,upcoming,1.2196530082059507,1.2566212429320687
E0,Brentford,4,13,16,4,2026-12-02 20:00:00,2026-12-19 15:00:00,0,3,4.4119244545314595,0.0,0.0,4.588066674258901,0.0,0.0,0.0,0.0,0.0,0,0.0,0.0,0.2756416513599495,7.0,0,0,Arsenal (H) · Man City (H) · Fulham (A) · Newcastle (H),,,,,,,upcoming,1.1029811136328649,1.1470166685647252
E0,Brentford,5,17,20,4,2026-12-26 15:00:00,2027-01-06 20:00:00,0,1,5.387237693847977,0.0,0.0,5.561827099735078,0.0,0.0,0.0,0.0,0.0,0,0.0,0.0,-0.1295051574312428,13.25,0,0,Ipswich (A) · Coventry (A) · Crystal Palace (H) · Arsenal (A),,,,,,,upcoming,1.3468094234619943,1.3904567749337695
E0,Brentford,6,21,24,4,2027-01-16 15:00:00,2027-02-06 15:00:00,0,2,4.828006582518272,0.0,0.0,4.9807348007019385,0.0,0.0,0.0,0.0,0.0,0,0.0,0.0,0.06960633933511587,8.75,0,0,Brighton (H) · Everton (A) · Man Utd (H) · Nott'm Forest (A),,,,,,,upcoming,1.207001645629568,1.2451837001754846
E0,Brentford,7,25,28,4,2027-02-10 20:00:00,2027-03-03 20:00:00,0,2,6.294252297048567,0.0,0.0,6.487798934627682,0.0,0.0,0.0,0.0,0.0,0,0.0,0.0,-0.3093928730101842,15.25,0,0,Crystal Palace (A) · Coventry (H) · Newcastle (A) · Ipswich (H),,,,,,,upcoming,1.5735630742621418,1.6219497336569204
E0,Brentford,8,29,32,4,2027-03-13 15:00:00,2027-04-17 15:00:00,0,2,5.411284536292661,0.0,0.0,5.619093511763507,0.0,0.0,0.0,0.0,0.0,0,0.0,0.0,-0.0767948736271772,12.0,0,0,Sunderland (A) · Bournemouth (H) · Tottenham (A) · Leeds (H),,,,,,,upcoming,1.3528211340731653,1.4047733779408766
E0,Brentford,9,33,36,4,2027-04-24 15:00:00,2027-05-15 15:00:00,0,2,4.223303399709635,0.0,0.0,4.396912370350655,0.0,0.0,0.0,0.0,0.0,0,0.0,0.0,0.2631973270742209,7.0,0,0,Fulham (H) · Man City (A) · Aston Villa (H) · Liverpool (A),,,,,,,upcoming,1.0558258499274087,1.0992280925876639
E0,Brentford,10,37,38,2,2027-05-23 15:00:00,2027-05-30 16:00:00,0,1,2.950419031752596,0.0,0.0,3.009853898300688,0.0,0.0,0.0,0.0,0.0,0,0.0,0.0,-0.1974066259999667,12.5,0,0,Hull (H) · Chelsea (A),,,,,,,upcoming,1.475209515876298,1.504926949150344
E0,Brighton,1,1,4,4,2026-08-23 14:00:00,2026-09-13 14:00:00,2,2,5.729160190306621,2.2687775798622583,3.0585548181446467,3.4952300696010346,3.0,4.59,3.72,3.2703981174064136,2.6128696292569527,2,7.0,4.0,-0.02787416877227175,11.0,0,0,Aston Villa (H) · Chelsea (A) · Leeds (H) · Coventry (A),0.7312224201377417,1.0016205375441554,-0.2703981174064136,0.4181107796120886,0.7393830005587784,0.6758661239410191,in progress,1.4322900475766553,1.7476150348005173
E0,Brighton,2,5,8,4,2026-09-19 15:00:00,2026-10-24 15:00:00,0,2,4.936152687159276,0.0,0.0,4.991289346085781,0.0,0.0,0.0,0.0,0.0,0,0.0,0.0,0.18338981836987445,9.0,2,0,Arsenal (H) · Sunderland (A) · Crystal Palace (H) · Liverpool (A),,,,,,,upcoming,1.234038171789819,1.2478223365214451
E0,Brighton,3,9,12,4,2026-10-31 15:00:00,2026-11-28 15:00:00,0,2,5.936939855513908,0.0,0.0,5.962203152220687,0.0,0.0,0.0,0.0,0.0,0,0.0,0.0,-0.07345876048275443,10.75,2,0,Man City (A) · Brentford (H) · Hull (A) · Newcastle (H),,,,,,,upcoming,1.484234963878477,1.4905507880551718
E0,Brighton,4,13,16,4,2026-12-02 20:00:00,2026-12-19 15:00:00,0,2,6.379656784474852,0.0,0.0,6.455543734001475,0.0,0.0,0.0,0.0,0.0,0,0.0,0.0,-0.2055030296732921,13.25,2,0,Bournemouth (A) · Nott'm Forest (A) · Everton (H) · Ipswich (H),,,,,,,upcoming,1.594914196118713,1.6138859335003688
E0,Brighton,5,17,20,4,2026-12-26 15:00:00,2027-01-06 20:00:00,0,2,5.2410092045648184,0.0,0.0,5.317301196221846,0.0,0.0,0.0,0.0,0.0,0,0.0,0.0,0.09265192369168401,9.25,0,0,Fulham (A) · Tottenham (A) · Man Utd (H) · Bournemouth (H),,,,,,,upcoming,1.3102523011412046,1.3293252990554616
E0,Brighton,6,21,24,4,2027-01-16 15:00:00,2027-02-06 15:00:00,0,2,5.839730880673514,0.0,0.0,5.8592143921837865,0.0,0.0,0.0,0.0,0.0,0,0.0,0.0,-0.07345876048275443,10.75,0,0,Brentford (A) · Man City (H) · Newcastle (A) · Hull (H),,,,,,,upcoming,1.4599327201683785,1.4648035980459466
E0,Brighton,7,25,28,4,2027-02-10 20:00:00,2027-03-03 20:00:00,0,2,5.689676503429231,0.0,0.0,5.791534103475455,0.0,0.0,0.0,0.0,0.0,0,0.0,0.0,-0.016770534611681202,11.25,0,0,Man Utd (A) · Tottenham (H) · Ipswich (A) · Fulham (H),,,,,,,upcoming,1.4224191258573078,1.4478835258688638
E0,Brighton,8,29,32,4,2027-03-13 15:00:00,2027-04-17 15:00:00,0,2,5.69431910151192,0.0,0.0,5.775696222396526,0.0,0.0,0.0,0.0,0.0,0,0.0,0.0,-0.02787416877227175,11.0,0,0,Leeds (A) · Coventry (H) · Aston Villa (A) · Chelsea (H),,,,,,,upcoming,1.42357977537798,1.4439240555991315
E0,Brighton,9,33,36,4,2027-04-24 15:00:00,2027-05-15 15:00:00,0,2,6.235856729671337,0.0,0.0,6.306973301612207,0.0,0.0,0.0,0.0,0.0,0,0.0,0.0,-0.1654056180045715,13.75,0,0,Everton (A) · Nott'm Forest (H) · Sunderland (H) · Crystal Palace (A),,,,,,,upcoming,1.5589641824178342,1.5767433254030518
E0,Brighton,10,37,38,2,2027-05-23 15:00:00,2027-05-30 16:00:00,0,1,1.7174236360167159,0.0,0.0,1.7416836989673308,0.0,0.0,0.0,0.0,0.0,0,0.0,0.0,0.5971198311054504,2.0,0,0,Liverpool (H) · Arsenal (A),,,,,,,upcoming,0.8587118180083579,0.8708418494836654
E0,Chelsea,1,1,4,4,2026-08-24 20:00:00,2026-09-12 15:00:00,2,2,7.233708994503084,3.7249983667237476,3.2569987223772943,3.5189199855997053,6.0,5.23,2.91,3.965426437056978,3.4543443943425864,2,7.0,5.0,-0.07261609935648153,11.25,0,0,Fulham (A) · Brighton (H) · Arsenal (A) · Hull (H),2.2750016332762524,0.24042807033323044,2.034573562943022,1.2605872745811535,0.1719890317403527,0.2074575858194403,in progress,1.808427248625771,1.7594599927998527
E0,Chelsea,2,5,8,4,2026-09-18 20:00:00,2026-10-24 17:30:00,0,2,7.125946749023353,0.0,0.0,7.17801852694084,0.0,0.0,0.0,0.0,0.0,0,0.0,0.0,-0.009595327418972878,9.75,0,0,Brentford (A) · Bournemouth (H) · Everton (A) · Tottenham (H),,,,,,,upcoming,1.7814866872558381,1.79450463173521
E0,Chelsea,3,9,12,4,2026-10-31 12:30:00,2026-11-28 15:00:00,0,2,7.193899659109996,0.0,0.0,7.2135454394841805,0.0,0.0,0.0,0.0,0.0,0,0.0,0.0,-0.0295916706795522,12.0,0,0,Man Utd (H) · Sunderland (A) · Leeds (H) · Nott'm Forest (A),,,,,,,upcoming,1.798474914777499,1.8033863598710451
E0,Chelsea,4,13,16,4,2026-12-02 20:00:00,2026-12-19 15:00:00,0,3,6.364799949311349,0.0,0.0,6.422307351147799,0.0,0.0,0.0,0.0,0.0,0,0.0,0.0,0.2699044974258575,6.75,0,0,Crystal Palace (H) · Liverpool (H) · Man City (A) · Aston Villa (H),,,,,,,upcoming,1.5911999873278373,1.6055768377869497
E0,Chelsea,5,17,20,4,2026-12-26 15:00:00,2027-01-06 20:00:00,0,1,7.936475679626369,0.0,0.0,7.997272544392288,0.0,0.0,0.0,0.0,0.0,0,0.0,0.0,-0.3093928730101842,15.25,0,0,Coventry (A) · Ipswich (A) · Newcastle (H) · Crystal Palace (A),,,,,,,upcoming,1.9841189199065923,1.999318136098072
E0,Chelsea,6,21,24,4,2027-01-16 15:00:00,2027-02-06 15:00:00,0,2,7.174867123331438,0.0,0.0,7.19292156454992,0.0,0.0,0.0,0.0,0.0,0,0.0,0.0,-0.029591670679552207,12.0,0,0,Sunderland (H) · Leeds (A) · Nott'm Forest (H) · Man Utd (A),,,,,,,upcoming,1.7937167808328596,1.79823039113748
E0,Chelsea,7,25,28,4,2027-02-10 20:00:00,2027-03-03 20:00:00,0,2,7.8309480883228355,0.0,0.0,7.918765229325879,0.0,0.0,0.0,0.0,0.0,0,0.0,0.0,-0.22437826135183553,13.25,0,0,Newcastle (A) · Ipswich (H) · Aston Villa (A) · Coventry (H),,,,,,,upcoming,1.9577370220807089,1.9796913073314697
E0,Chelsea,8,29,32,4,2027-03-13 15:00:00,2027-04-17 15:00:00,0,2,7.2983689172783635,0.0,0.0,7.31440329745913,0.0,0.0,0.0,0.0,0.0,0,0.0,0.0,-0.07261609935648154,11.25,0,0,Arsenal (H) · Hull (A) · Fulham (H) · Brighton (A),,,,,,,upcoming,1.8245922293195909,1.8286008243647824
E0,Chelsea,9,33,36,4,2027-04-24 15:00:00,2027-05-15 15:00:00,0,2,5.847913113727254,0.0,0.0,5.935402920051569,0.0,0.0,0.0,0.0,0.0,0,0.0,0.0,0.3168719973370441,5.25,0,0,Man City (H) · Liverpool (A) · Tottenham (A) · Everton (H),,,,,,,upcoming,1.4619782784318136,1.4838507300128922
E0,Chelsea,10,37,38,2,2027-05-23 15:00:00,2027-05-30 16:00:00,0,1,3.722995649739996,0.0,0.0,3.6968057091827546,0.0,0.0,0.0,0.0,0.0,0,0.0,0.0,-0.09409859497582015,11.5,0,0,Bournemouth (A) · Brentford (H),,,,,,,upcoming,1.861497824869998,1.8484028545913773
E0,Coventry,1,1,4,4,2026-08-21 20:00:00,2026-09-13 14:00:00,2,2,3.504517082902569,2.1404799581396885,2.2153128068146053,1.3550348208951764,0.0,1.3699999999999999,2.63,2.068557859701126,2.24595064899436,2,0.0,4.0,0.13842741890265067,7.75,0,0,Arsenal (A) · Hull (H) · Man City (A) · Brighton (H),-2.1404799581396885,-0.07192209843856245,-2.068557859701126,-1.438115068057873,-0.062383422264303504,0.15040140796947465,in progress,0.8761292707256423,0.6775174104475882
E0,Coventry,2,5,8,4,2026-09-19 17:30:00,2026-10-24 15:00:00,0,2,3.7492206007787554,0.0,0.0,3.7894439913656455,0.0,0.0,0.0,0.0,0.0,0,0.0,0.0,-0.03018323912263427,11.0,0,0,Nott'm Forest (A) · Newcastle (H) · Tottenham (A) · Fulham (H),,,,,,,upcoming,0.9373051501946889,0.9473609978414114
E0,Coventry,3,9,12,4,2026-10-31 15:00:00,2026-11-28 15:00:00,0,2,4.249849214171496,0.0,0.0,4.2812509400170145,0.0,0.0,0.0,0.0,0.0,0,0.0,0.0,-0.17883349204152166,14.0,0,0,Sunderland (H) · Everton (A) · Crystal Palace (H) · Leeds (A),,,,,,,upcoming,1.062462303542874,1.0703127350042536
E0,Coventry,4,13,16,4,2026-12-02 20:00:00,2026-12-19 15:00:00,0,2,3.7442539983498073,0.0,0.0,3.77563157464659,0.0,0.0,0.0,0.0,0.0,0,0.0,0.0,-0.005546799379341872,10.25,0,0,Ipswich (H) · Man Utd (A) · Aston Villa (H) · Bournemouth (A),,,,,,,upcoming,0.9360634995874518,0.9439078936616475
E0,Coventry,5,17,20,4,2026-12-26 15:00:00,2027-01-06 20:00:00,0,2,3.477859582418826,0.0,0.0,3.445211049362246,0.0,0.0,0.0,0.0,0.0,0,0.0,0.0,0.06990139660866923,9.75,0,0,Chelsea (H) · Brentford (H) · Liverpool (A) · Ipswich (A),,,,,,,upcoming,0.8694648956047065,0.8613027623405615
E0,Coventry,6,21,24,4,2027-01-16 15:00:00,2027-02-06 15:00:00,0,2,4.230776696295734,0.0,0.0,4.2665070842656725,0.0,0.0,0.0,0.0,0.0,0,0.0,0.0,-0.17883349204152166,14.0,0,0,Everton (H) · Sunderland (A) · Leeds (H) · Crystal Palace (A),,,,,,,upcoming,1.0576941740739334,1.0666267710664181
E0,Coventry,7,25,28,4,2027-02-10 20:00:00,2027-03-03 20:00:00,0,2,3.0707045402710413,0.0,0.0,3.02621306610358,0.0,0.0,0.0,0.0,0.0,0,0.0,0.0,0.17932385491203445,7.75,0,0,Liverpool (H) · Brentford (A) · Bournemouth (H) · Chelsea (A),,,,,,,upcoming,0.7676761350677603,0.756553266525895
E0,Coventry,8,29,32,4,2027-03-13 15:00:00,2027-04-17 15:00:00,0,2,3.269319365942407,0.0,0.0,3.263511813352665,0.0,0.0,0.0,0.0,0.0,0,0.0,0.0,0.13842741890265067,7.75,0,0,Man City (H) · Brighton (A) · Arsenal (H) · Hull (A),,,,,,,upcoming,0.8173298414856017,0.8158779533381663
E0,Coventry,9,33,36,4,2027-04-24 15:00:00,2027-05-15 15:00:00,0,2,2.9245609164858766,0.0,0.0,2.9986662391078722,0.0,0.0,0.0,0.0,0.0,0,0.0,0.0,0.20362268083864593,6.5,0,0,Aston Villa (A) · Man Utd (H) · Newcastle (A) · Tottenham (H),,,,,,,upcoming,0.7311402291214691,0.7496665597769681
E0,Coventry,10,37,38,2,2027-05-23 15:00:00,2027-05-30 16:00:00,0,1,2.095676583799756,0.0,0.0,2.087015995186985,0.0,0.0,0.0,0.0,0.0,0,0.0,0.0,-0.1681704209781014,14.5,0,0,Fulham (A) · Nott'm Forest (H),,,,,,,upcoming,1.047838291899878,1.0435079975934924
E0,Crystal Palace,1,1,4,4,2026-08-22 15:00:00,2026-09-12 15:00:00,2,2,4.967596244982483,1.8761118221142978,2.8342498816699777,3.1073628349438662,0.0,2.41,3.44,2.095235691373313,2.010935867440228,2,1.0,6.0,-0.04936549895681297,11.75,0,0,Everton (A) · Man City (H) · Fulham (A) · Ipswich (H),-1.8761118221142978,0.21912386925901517,-2.095235691373313,-1.1143962744691067,0.1680331598141947,0.26510922089679356,in progress,1.2418990612456207,1.5536814174719331
E0,Crystal Palace,2,5,8,4,2026-09-20 14:00:00,2026-10-25 14:00:00,0,2,5.010252505241344,0.0,0.0,5.012842534304577,0.0,0.0,0.0,0.0,0.0,0,0.0,0.0,-0.06945767135564997,11.0,2,0,Leeds (A) · Nott'm Forest (H) · Brighton (A) · Newcastle (H),,,,,,,upcoming,1.252563126310336,1.2532106335761442
E0,Crystal Palace,3,9,12,4,2026-10-31 17:30:00,2026-11-28 15:00:00,0,2,5.348462640796297,0.0,0.0,5.377252226529637,0.0,0.0,0.0,0.0,0.0,0,0.0,0.0,-0.14891971221985495,11.75,2,0,Tottenham (A) · Liverpool (H) · Coventry (A) · Hull (H),,,,,,,upcoming,1.3371156601990744,1.3443130566324093
E0,Crystal Palace,4,13,16,4,2026-12-02 20:00:00,2026-12-19 15:00:00,0,1,3.7785992015718968,0.0,0.0,3.7997539479540494,0.0,0.0,0.0,0.0,0.0,0,0.0,0.0,0.18584208532871202,8.25,1,0,Chelsea (A) · Aston Villa (A) · Man Utd (H) · Sunderland (A),,,,,,,upcoming,0.9446498003929742,0.9499384869885124
E0,Crystal Palace,5,17,20,4,2026-12-26 15:00:00,2027-01-06 20:00:00,0,3,4.224052473857398,0.0,0.0,4.1780474891157935,0.0,0.0,0.0,0.0,0.0,0,0.0,0.0,0.23319227024293915,7.25,0,0,Arsenal (H) · Bournemouth (H) · Brentford (A) · Chelsea (H),,,,,,,upcoming,1.0560131184643495,1.0445118722789484
E0,Crystal Palace,6,21,24,4,2027-01-16 15:00:00,2027-02-06 15:00:00,0,2,5.399228831308248,0.0,0.0,5.4297982525107225,0.0,0.0,0.0,0.0,0.0,0,0.0,0.0,-0.14891971221985495,11.75,2,0,Liverpool (A) · Tottenham (H) · Hull (A) · Coventry (H),,,,,,,upcoming,1.349807207827062,1.3574495631276806
E0,Crystal Palace,7,25,28,4,2027-02-10 20:00:00,2027-03-03 20:00:00,0,2,4.644550486676213,0.0,0.0,4.60796481345122,0.0,0.0,0.0,0.0,0.0,0,0.0,0.0,0.06125884152135312,10.25,0,0,Brentford (H) · Bournemouth (A) · Sunderland (H) · Arsenal (A),,,,,,,upcoming,1.1611376216690532,1.151991203362805
E0,Crystal Palace,8,29,32,4,2027-03-13 15:00:00,2027-04-17 15:00:00,0,2,5.046510616924792,0.0,0.0,5.084095517161864,0.0,0.0,0.0,0.0,0.0,0,0.0,0.0,-0.04936549895681297,11.75,0,0,Fulham (H) · Ipswich (A) · Everton (H) · Man City (A),,,,,,,upcoming,1.261627654231198,1.271023879290466
E0,Crystal Palace,9,33,36,4,2027-04-24 15:00:00,2027-05-15 15:00:00,0,2,4.307501450200066,0.0,0.0,4.30878070784215,0.0,0.0,0.0,0.0,0.0,0,0.0,0.0,0.12747843167777118,8.0,0,0,Man Utd (A) · Aston Villa (H) · Nott'm Forest (A) · Brighton (H),,,,,,,upcoming,1.0768753625500165,1.0771951769605375
E0,Crystal Palace,10,37,38,2,2027-05-23 15:00:00,2027-05-30 16:00:00,0,1,2.5566109234709296,0.0,0.0,2.5805121191555487,0.0,0.0,0.0,0.0,0.0,0,0.0,0.0,-0.0944307871223833,11.5,0,0,Newcastle (A) · Leeds (H),,,,,,,upcoming,1.2783054617354648,1.2902560595777743
E0,Everton,1,1,4,4,2026-08-22 15:00:00,2026-09-12 17:30:00,2,2,4.7942661276274094,2.8518138910221795,3.3427682013416833,1.9294484602671615,4.0,2.59,4.45,1.7363294548837787,2.6557273322126393,2,3.0,1.0,0.0993590940433206,9.0,0,0,Crystal Palace (H) · Bournemouth (A) · Man Utd (H) · Tottenham (A),1.1481861089778205,-1.1154844361384009,2.2636705451162213,0.6279992965444553,-0.7876526869021091,0.5300044008141611,in progress,1.1985665319068524,0.9647242301335808
E0,Everton,2,5,8,4,2026-09-19 15:00:00,2026-10-24 15:00:00,0,2,5.482358650118744,0.0,0.0,5.415790619632063,0.0,0.0,0.0,0.0,0.0,0,0.0,0.0,-0.05483413113563668,11.25,0,0,Ipswich (H) · Hull (A) · Chelsea (H) · Arsenal (A),,,,,,,upcoming,1.370589662529686,1.3539476549080158
E0,Everton,3,9,12,4,2026-11-02 20:00:00,2026-11-28 15:00:00,0,2,5.287049601921946,0.0,0.0,5.177168541418458,0.0,0.0,0.0,0.0,0.0,0,0.0,0.0,-0.0315648407853136,10.5,0,0,Newcastle (A) · Coventry (H) · Brentford (A) · Liverpool (H),,,,,,,upcoming,1.3217624004804864,1.2942921353546144
E0,Everton,4,13,16,4,2026-12-02 20:00:00,2026-12-19 15:00:00,0,1,4.988457800431279,0.0,0.0,4.910413805185666,0.0,0.0,0.0,0.0,0.0,0,0.0,0.0,-0.0384629779883443,11.0,0,0,Aston Villa (A) · Fulham (H) · Brighton (A) · Nott'm Forest (A),,,,,,,upcoming,1.2471144501078197,1.2276034512964165
E0,Everton,5,17,20,4,2026-12-26 15:00:00,2027-01-06 20:00:00,0,3,5.184623182345801,0.0,0.0,5.1422915950949815,0.0,0.0,0.0,0.0,0.0,0,0.0,0.0,0.08337494820862927,10.0,0,0,Sunderland (H) · Man City (H) · Leeds (A) · Aston Villa (H),,,,,,,upcoming,1.2961557955864502,1.2855728987737454
E0,Everton,6,21,24,4,2027-01-16 15:00:00,2027-02-06 15:00:00,0,2,5.3367658253351795,0.0,0.0,5.228997108618094,0.0,0.0,0.0,0.0,0.0,0,0.0,0.0,-0.03156484078531361,10.5,0,0,Coventry (A) · Brentford (H) · Liverpool (A) · Newcastle (H),,,,,,,upcoming,1.3341914563337949,1.3072492771545234
E0,Everton,7,25,28,4,2027-02-10 20:00:00,2027-03-03 20:00:00,0,2,5.185841463403515,0.0,0.0,5.104259392276316,0.0,0.0,0.0,0.0,0.0,0,0.0,0.0,0.015510437913464542,11.5,0,0,Leeds (H) · Sunderland (A) · Nott'm Forest (H) · Man City (A),,,,,,,upcoming,1.2964603658508786,1.276064848069079
E0,Everton,8,29,32,4,2027-03-13 15:00:00,2027-04-17 15:00:00,0,2,4.815392231278777,0.0,0.0,4.75782256058292,0.0,0.0,0.0,0.0,0.0,0,0.0,0.0,0.0993590940433206,9.0,0,0,Man Utd (A) · Tottenham (H) · Crystal Palace (A) · Bournemouth (H),,,,,,,upcoming,1.2038480578196942,1.18945564014573
E0,Everton,9,33,36,4,2027-04-24 15:00:00,2027-05-15 15:00:00,0,2,5.730971186414258,0.0,0.0,5.6306486119184775,0.0,0.0,0.0,0.0,0.0,0,0.0,0.0,-0.14480286250926222,12.25,0,0,Brighton (H) · Fulham (A) · Hull (H) · Chelsea (A),,,,,,,upcoming,1.4327427966035644,1.4076621529796194
E0,Everton,10,37,38,2,2027-05-23 15:00:00,2027-05-30 16:00:00,0,1,2.4434266431120495,0.0,0.0,2.4221687722743184,0.0,0.0,0.0,0.0,0.0,0,0.0,0.0,0.08773836372869331,10.0,0,0,Arsenal (H) · Ipswich (A),,,,,,,upcoming,1.2217133215560247,1.2110843861371592
E0,Fulham,1,1,4,4,2026-08-24 20:00:00,2026-09-12 15:00:00,2,2,4.2986421413548,2.187855117797608,3.0869806604237753,2.105476152862734,0.0,2.25,3.0,2.163058572346781,2.2118252134732073,2,2.0,4.0,0.11120305521709377,10.0,0,0,Chelsea (H) · Sunderland (A) · Crystal Palace (H) · Liverpool (A),-2.187855117797608,-0.02479654545082699,-2.163058572346781,-1.2452358195966406,-0.018220009599284527,0.21304507948704177,in progress,1.0746605353387,1.052738076431367
E0,Fulham,2,5,8,4,2026-09-20 16:30:00,2026-10-24 15:00:00,0,2,5.993324058647112,0.0,0.0,5.983551226298334,0.0,0.0,0.0,0.0,0.0,0,0.0,0.0,-0.3492157988475965,15.25,0,0,Man Utd (H) · Ipswich (A) · Hull (H) · Coventry (A),,,,,,,upcoming,1.498331014661778,1.4958878065745835
E0,Fulham,3,9,12,4,2026-11-01 14:00:00,2026-11-28 15:00:00,0,2,4.124881522468683,0.0,0.0,4.158374023158187,0.0,0.0,0.0,0.0,0.0,0,0.0,0.0,0.16822674265401674,7.25,0,0,Aston Villa (A) · Newcastle (H) · Man City (A) · Bournemouth (H),,,,,,,upcoming,1.0312203806171707,1.0395935057895467
E0,Fulham,4,13,16,4,2026-12-02 20:00:00,2026-12-19 15:00:00,0,1,4.45365590341152,0.0,0.0,4.469988153063399,0.0,0.0,0.0,0.0,0.0,0,0.0,0.0,-0.030214645568935026,10.5,0,0,Tottenham (A) · Everton (A) · Brentford (H) · Leeds (A),,,,,,,upcoming,1.11341397585288,1.1174970382658498
E0,Fulham,5,17,20,4,2026-12-26 15:00:00,2027-01-06 20:00:00,0,3,4.1984137498687675,0.0,0.0,4.215498702874331,0.0,0.0,0.0,0.0,0.0,0,0.0,0.0,0.21154740915089948,7.0,0,0,Brighton (H) · Arsenal (H) · Nott'm Forest (A) · Tottenham (H),,,,,,,upcoming,1.0496034374671919,1.0538746757185828
E0,Fulham,6,21,24,4,2027-01-16 15:00:00,2027-02-06 15:00:00,0,2,4.029782946340636,0.0,0.0,4.0633424935356715,0.0,0.0,0.0,0.0,0.0,0,0.0,0.0,0.16822674265401674,7.25,0,0,Newcastle (A) · Aston Villa (H) · Bournemouth (A) · Man City (H),,,,,,,upcoming,1.007445736585159,1.0158356233839179
E0,Fulham,7,25,28,4,2027-02-10 20:00:00,2027-03-03 20:00:00,0,2,4.365952155664983,0.0,0.0,4.348845086457026,0.0,0.0,0.0,0.0,0.0,0,0.0,0.0,0.11043004422329139,9.0,0,0,Nott'm Forest (H) · Arsenal (A) · Leeds (H) · Brighton (A),,,,,,,upcoming,1.0914880389162458,1.0872112716142566
E0,Fulham,8,29,32,4,2027-03-13 15:00:00,2027-04-17 15:00:00,0,2,4.291022073361207,0.0,0.0,4.282928287295679,0.0,0.0,0.0,0.0,0.0,0,0.0,0.0,0.11120305521709377,10.0,0,0,Crystal Palace (A) · Liverpool (H) · Chelsea (A) · Sunderland (H),,,,,,,upcoming,1.0727555183403017,1.0707320718239197
E0,Fulham,9,33,36,4,2027-04-24 15:00:00,2027-05-15 15:00:00,0,2,6.110350275666917,0.0,0.0,6.093339650811855,0.0,0.0,0.0,0.0,0.0,0,0.0,0.0,-0.37932402251489855,15.25,0,0,Brentford (A) · Everton (H) · Ipswich (H) · Hull (A),,,,,,,upcoming,1.5275875689167293,1.5233349127029638
E0,Fulham,10,37,38,2,2027-05-23 15:00:00,2027-05-30 16:00:00,0,1,2.4492258818337835,0.0,0.0,2.4350690405795334,0.0,0.0,0.0,0.0,0.0,0,0.0,0.0,-0.028280199962221197,11.0,0,0,Coventry (H) · Man Utd (A),,,,,,,upcoming,1.2246129409168918,1.2175345202897667
E0,Hull,1,1,4,4,2026-08-22 12:30:00,2026-09-12 15:00:00,2,2,2.3494220399245425,1.38454430465678,2.2527384230243985,0.992119495758987,6.0,1.54,3.3600000000000003,1.4853051374569923,1.3686545869127058,2,3.0,0.0,0.12763784321597332,8.5,0,0,Man Utd (H) · Coventry (A) · Aston Villa (H) · Chelsea (A),4.61545569534322,0.10076083280021231,4.514694862543008,3.075099716185441,0.08666839218540097,0.0021043218550542697,in progress,0.5873555099811356,0.4960597478794935
E0,Hull,2,5,8,4,2026-09-19 15:00:00,2026-10-25 14:00:00,0,2,2.9379662056961844,0.0,0.0,2.9469251167220354,0.0,0.0,0.0,0.0,0.0,0,0.0,0.0,-0.1018931148874747,11.75,0,0,Newcastle (A) · Everton (H) · Fulham (A) · Brentford (H),,,,,,,upcoming,0.7344915514240461,0.7367312791805088
E0,Hull,3,9,12,4,2026-10-31 15:00:00,2026-11-28 15:00:00,0,2,2.8660034560643988,0.0,0.0,2.883253927051045,0.0,0.0,0.0,0.0,0.0,0,0.0,0.0,0.0044768027067043845,10.75,0,0,Ipswich (H) · Arsenal (A) · Brighton (H) · Crystal Palace (A),,,,,,,upcoming,0.7165008640160997,0.7208134817627613
E0,Hull,4,13,16,4,2026-12-02 20:00:00,2026-12-19 15:00:00,0,2,2.297509701406068,0.0,0.0,2.326085447983675,0.0,0.0,0.0,0.0,0.0,0,0.0,0.0,0.16161130399952128,8.0,0,0,Nott'm Forest (H) · Bournemouth (A) · Tottenham (H) · Man City (A),,,,,,,upcoming,0.574377425351517,0.5815213619959188
E0,Hull,5,17,20,4,2026-12-26 15:00:00,2027-01-06 20:00:00,0,2,2.7110964967547297,0.0,0.0,2.7301451421440666,0.0,0.0,0.0,0.0,0.0,0,0.0,0.0,-0.01921608913282178,11.75,0,0,Liverpool (H) · Leeds (H) · Sunderland (A) · Nott'm Forest (A),,,,,,,upcoming,0.6777741241886824,0.6825362855360166
E0,Hull,6,21,24,4,2027-01-16 15:00:00,2027-02-06 15:00:00,0,2,2.720271473525539,0.0,0.0,2.738910363320082,0.0,0.0,0.0,0.0,0.0,0,0.0,0.0,0.0044768027067043845,10.75,0,0,Arsenal (H) · Ipswich (A) · Crystal Palace (H) · Brighton (A),,,,,,,upcoming,0.6800678683813848,0.6847275908300205
E0,Hull,7,25,28,4,2027-02-10 20:00:00,2027-03-03 20:00:00,0,2,2.299730926796978,0.0,0.0,2.3248824932669017,0.0,0.0,0.0,0.0,0.0,0,0.0,0.0,0.1679701574114899,9.0,0,0,Sunderland (H) · Liverpool (A) · Man City (H) · Leeds (A),,,,,,,upcoming,0.5749327316992445,0.5812206233167254
E0,Hull,8,29,32,4,2027-03-13 15:00:00,2027-04-17 15:00:00,0,2,2.440608555530328,0.0,0.0,2.4633526869167945,0.0,0.0,0.0,0.0,0.0,0,0.0,0.0,0.12763784321597332,8.5,0,0,Aston Villa (A) · Chelsea (H) · Man Utd (A) · Coventry (H),,,,,,,upcoming,0.610152138882582,0.6158381717291986
E0,Hull,9,33,36,4,2027-04-24 15:00:00,2027-05-15 15:00:00,0,2,2.803932764054486,0.0,0.0,2.8508791197960215,0.0,0.0,0.0,0.0,0.0,0,0.0,0.0,-0.039439796307101496,10.75,0,0,Tottenham (A) · Bournemouth (H) · Everton (A) · Fulham (H),,,,,,,upcoming,0.7009831910136215,0.7127197799490054
E0,Hull,10,37,38,2,2027-05-23 15:00:00,2027-05-30 16:00:00,0,1,1.3921613957555392,0.0,0.0,1.3819137450318864,0.0,0.0,0.0,0.0,0.0,0,0.0,0.0,-0.055600644701866854,10.5,0,0,Brentford (A) · Newcastle (H),,,,,,,upcoming,0.6960806978777696,0.6909568725159432
E0,Ipswich,1,1,4,4,2026-08-22 15:00:00,2026-09-12 15:00:00,2,2,3.2241036121888644,1.7095108348539922,2.4425692918455,1.4897559670364813,3.0,2.27,5.24,1.8490757669649904,1.8346579527251923,2,4.0,6.0,0.11914582149223935,9.75,0,0,Sunderland (H) · Man Utd (A) · Liverpool (H) · Crystal Palace (A),1.2904891651460078,0.13956493211099819,1.1509242330350096,0.8257164109185249,0.11528617680315524,0.4089649807056124,in progress,0.8060259030472161,0.7448779835182406
E0,Ipswich,2,5,8,4,2026-09-19 15:00:00,2026-10-23 20:00:00,0,2,3.495629522676603,0.0,0.0,3.4593922438274736,0.0,0.0,0.0,0.0,0.0,0,0.0,0.0,0.05286551523354025,10.25,0,0,Everton (A) · Fulham (H) · Man City (A) · Nott'm Forest (H),,,,,,,upcoming,0.8739073806691507,0.8648480609568684
E0,Ipswich,3,9,12,4,2026-10-31 15:00:00,2026-11-28 15:00:00,0,2,4.042117094844488,0.0,0.0,4.041873220989189,0.0,0.0,0.0,0.0,0.0,0,0.0,0.0,-0.1303271781515282,11.0,0,0,Hull (A) · Bournemouth (H) · Tottenham (A) · Aston Villa (H),,,,,,,upcoming,1.010529273711122,1.0104683052472974
E0,Ipswich,4,13,16,4,2026-12-02 20:00:00,2026-12-19 15:00:00,0,1,3.805526035318649,0.0,0.0,3.7713216194871357,0.0,0.0,0.0,0.0,0.0,0,0.0,0.0,-0.16545397051382535,12.25,0,0,Coventry (A) · Leeds (A) · Newcastle (H) · Brighton (A),,,,,,,upcoming,0.9513815088296622,0.9428304048717839
E0,Ipswich,5,17,20,4,2026-12-26 15:00:00,2027-01-06 20:00:00,0,3,3.5955947755602438,0.0,0.0,3.511118124843613,0.0,0.0,0.0,0.0,0.0,0,0.0,0.0,0.13000452697175177,9.0,0,0,Brentford (H) · Chelsea (H) · Arsenal (A) · Coventry (H),,,,,,,upcoming,0.8988986938900609,0.8777795312109032
E0,Ipswich,6,21,24,4,2027-01-16 15:00:00,2027-02-06 15:00:00,0,2,4.064247893347666,0.0,0.0,4.06762074670532,0.0,0.0,0.0,0.0,0.0,0,0.0,0.0,-0.1303271781515282,11.0,0,0,Bournemouth (A) · Hull (H) · Aston Villa (A) · Tottenham (H),,,,,,,upcoming,1.0160619733369165,1.01690518667633
E0,Ipswich,7,25,28,4,2027-02-10 20:00:00,2027-03-03 20:00:00,0,2,2.736631682277476,0.0,0.0,2.6447744873247214,0.0,0.0,0.0,0.0,0.0,0,0.0,0.0,0.26398648710969896,6.5,0,0,Arsenal (H) · Chelsea (A) · Brighton (H) · Brentford (A),,,,,,,upcoming,0.684157920569369,0.6611936218311804
E0,Ipswich,8,29,32,4,2027-03-13 15:00:00,2027-04-17 15:00:00,0,2,3.2235185457740663,0.0,0.0,3.1749231307274064,0.0,0.0,0.0,0.0,0.0,0,0.0,0.0,0.11914582149223935,9.75,0,0,Liverpool (A) · Crystal Palace (H) · Sunderland (A) · Man Utd (H),,,,,,,upcoming,0.8058796364435166,0.7937307826818516
E0,Ipswich,9,33,36,4,2027-04-24 15:00:00,2027-05-15 15:00:00,0,2,3.376269080955402,0.0,0.0,3.3536749174781786,0.0,0.0,0.0,0.0,0.0,0,0.0,0.0,0.055885642494069326,10.25,0,0,Newcastle (A) · Leeds (H) · Fulham (A) · Man City (H),,,,,,,upcoming,0.8440672702388505,0.8384187293695446
E0,Ipswich,10,37,38,2,2027-05-23 15:00:00,2027-05-30 16:00:00,0,1,1.9319004133106712,0.0,0.0,1.918883195666552,0.0,0.0,0.0,0.0,0.0,0,0.0,0.0,-0.10047104164344145,11.5,0,0,Nott'm Forest (A) · Everton (H),,,,,,,upcoming,0.9659502066553356,0.959441597833276
E0,Leeds,1,1,4,4,2026-08-22 15:00:00,2026-09-14 20:00:00,2,2,4.992560466107625,2.606627097720671,3.312516200678999,2.375736465776796,4.0,1.87,2.72,2.109320556007815,2.5640523852228725,2,2.0,1.0,-0.05004260014539175,10.5,0,0,Nott'm Forest (A) · Brentford (H) · Brighton (A) · Newcastle (H),1.3933729022793289,-0.49730654171285593,1.8906794439921848,0.7655760784652812,-0.3527520460294259,0.4439285826342032,in progress,1.2481401165269062,1.187868232888398
E0,Leeds,2,5,8,4,2026-09-20 14:00:00,2026-10-25 16:30:00,0,2,4.272954727842716,0.0,0.0,4.248164702123082,0.0,0.0,0.0,0.0,0.0,0,0.0,0.0,0.173014236823144,9.25,0,0,Crystal Palace (H) · Arsenal (A) · Man Utd (H) · Sunderland (A),,,,,,,upcoming,1.068238681960679,1.0620411755307706
E0,Leeds,3,9,12,4,2026-10-31 15:00:00,2026-11-28 15:00:00,0,2,4.807192294701945,0.0,0.0,4.80080609520778,0.0,0.0,0.0,0.0,0.0,0,0.0,0.0,0.012570129973183602,10.0,0,0,Bournemouth (A) · Tottenham (H) · Chelsea (A) · Coventry (H),,,,,,,upcoming,1.2017980736754863,1.200201523801945
E0,Leeds,4,13,16,4,2026-12-02 20:00:00,2026-12-19 15:00:00,0,2,4.624844073818869,0.0,0.0,4.609288386851229,0.0,0.0,0.0,0.0,0.0,0,0.0,0.0,0.09310180258870296,10.0,0,0,Man City (A) · Ipswich (H) · Liverpool (A) · Fulham (H),,,,,,,upcoming,1.1562110184547172,1.1523220967128072
E0,Leeds,5,17,20,4,2026-12-26 15:00:00,2027-01-06 20:00:00,0,2,4.957154568464601,0.0,0.0,4.971130668548862,0.0,0.0,0.0,0.0,0.0,0,0.0,0.0,-0.028029448658377032,9.75,0,0,Aston Villa (A) · Hull (A) · Everton (H) · Man City (H),,,,,,,upcoming,1.2392886421161502,1.2427826671372155
E0,Leeds,6,21,24,4,2027-01-16 15:00:00,2027-02-06 15:00:00,0,2,4.781932035898239,0.0,0.0,4.772280232649522,0.0,0.0,0.0,0.0,0.0,0,0.0,0.0,0.012570129973183599,10.0,0,0,Tottenham (A) · Chelsea (H) · Coventry (A) · Bournemouth (H),,,,,,,upcoming,1.1954830089745598,1.1930700581623805
E0,Leeds,7,25,28,4,2027-02-10 20:00:00,2027-03-03 20:00:00,0,2,5.704550870028103,0.0,0.0,5.718499115375872,0.0,0.0,0.0,0.0,0.0,0,0.0,0.0,-0.23907296691750923,13.25,0,0,Everton (A) · Aston Villa (H) · Fulham (A) · Hull (H),,,,,,,upcoming,1.4261377175070258,1.429624778843968
E0,Leeds,8,29,32,4,2027-03-13 15:00:00,2027-04-17 15:00:00,0,2,4.9905304311354834,0.0,0.0,4.910805352817491,0.0,0.0,0.0,0.0,0.0,0,0.0,0.0,-0.05004260014539175,10.5,0,0,Brighton (H) · Newcastle (A) · Nott'm Forest (H) · Brentford (A),,,,,,,upcoming,1.2476326077838709,1.2277013382043727
E0,Leeds,9,33,36,4,2027-04-24 15:00:00,2027-05-15 15:00:00,0,2,3.84671875331566,0.0,0.0,3.8321500784492315,0.0,0.0,0.0,0.0,0.0,0,0.0,0.0,0.2781851005394368,6.75,0,0,Liverpool (H) · Ipswich (A) · Arsenal (H) · Man Utd (A),,,,,,,upcoming,0.961679688328915,0.9580375196123079
E0,Leeds,10,37,38,2,2027-05-23 15:00:00,2027-05-30 16:00:00,0,1,2.844409520823257,0.0,0.0,2.8306767283426395,0.0,0.0,0.0,0.0,0.0,0,0.0,0.0,-0.23034019436570155,16.0,0,0,Sunderland (H) · Crystal Palace (A),,,,,,,upcoming,1.4222047604116286,1.4153383641713198
E0,Liverpool,1,1,4,4,2026-08-23 16:30:00,2026-09-12 15:00:00,2,2,8.171248170682691,3.8061300717396764,3.1436868628043437,4.387179668097412,2.0,5.38,3.62,3.602945356999731,3.8631821508237554,2,4.0,4.0,-0.22010374420364542,14.25,0,0,Newcastle (A) · Nott'm Forest (H) · Ipswich (A) · Fulham (H),-1.8061300717396764,-0.20318471473994526,-1.6029453569997312,-1.0186603062728394,-0.14794345891176736,0.30836426324178534,in progress,2.042812042670673,2.193589834048706
E0,Liverpool,2,5,8,4,2026-09-20 14:00:00,2026-10-24 15:00:00,0,2,6.91432190186225,0.0,0.0,6.863448116170851,0.0,0.0,0.0,0.0,0.0,0,0.0,0.0,0.11789467126194328,8.25,2,0,Bournemouth (A) · Man City (H) · Brentford (A) · Brighton (H),,,,,,,upcoming,1.7285804754655625,1.7158620290427127
E0,Liverpool,3,9,12,4,2026-11-01 16:30:00,2026-11-28 15:00:00,0,2,6.516440506093637,0.0,0.0,6.538424798194027,0.0,0.0,0.0,0.0,0.0,0,0.0,0.0,0.22079871182109012,7.5,2,0,Arsenal (H) · Crystal Palace (A) · Man Utd (H) · Everton (A),,,,,,,upcoming,1.6291101265234091,1.6346061995485068
E0,Liverpool,4,13,16,4,2026-12-02 20:00:00,2026-12-19 15:00:00,0,3,7.4565417412585,0.0,0.0,7.509458527569295,0.0,0.0,0.0,0.0,0.0,0,0.0,0.0,0.05015505393596015,10.5,1,0,Sunderland (H) · Chelsea (A) · Leeds (H) · Tottenham (H),,,,,,,upcoming,1.864135435314625,1.8773646318923238
E0,Liverpool,5,17,20,4,2026-12-26 15:00:00,2027-01-06 20:00:00,0,1,8.286170465030553,0.0,0.0,8.323004699642986,0.0,0.0,0.0,0.0,0.0,0,0.0,0.0,-0.35899646935881013,15.5,0,0,Hull (A) · Aston Villa (A) · Coventry (H) · Sunderland (A),,,,,,,upcoming,2.0715426162576382,2.0807511749107466
E0,Liverpool,6,21,24,4,2027-01-16 15:00:00,2027-02-06 15:00:00,0,2,6.489606403163382,0.0,0.0,6.5102709967694965,0.0,0.0,0.0,0.0,0.0,0,0.0,0.0,0.22079871182109012,7.5,2,0,Crystal Palace (H) · Man Utd (A) · Everton (H) · Arsenal (A),,,,,,,upcoming,1.6224016007908455,1.6275677491923741
E0,Liverpool,7,25,28,4,2027-02-10 20:00:00,2027-03-03 20:00:00,0,2,8.08111062061961,0.0,0.0,8.155945295412907,0.0,0.0,0.0,0.0,0.0,0,0.0,0.0,-0.23351492142271557,12.75,0,0,Coventry (A) · Hull (H) · Tottenham (A) · Aston Villa (H),,,,,,,upcoming,2.0202776551549024,2.038986323853227
E0,Liverpool,8,29,32,4,2027-03-13 15:00:00,2027-04-17 15:00:00,0,2,8.13949232719648,0.0,0.0,8.171567950147566,0.0,0.0,0.0,0.0,0.0,0,0.0,0.0,-0.22010374420364542,14.25,0,0,Ipswich (H) · Fulham (A) · Newcastle (H) · Nott'm Forest (A),,,,,,,upcoming,2.03487308179912,2.0428919875368914
E0,Liverpool,9,33,36,4,2027-04-24 15:00:00,2027-05-15 15:00:00,0,2,6.615390364106652,0.0,0.0,6.585198823995906,0.0,0.0,0.0,0.0,0.0,0,0.0,0.0,0.19343106380835864,8.25,0,0,Leeds (A) · Chelsea (H) · Man City (A) · Brentford (H),,,,,,,upcoming,1.653847591026663,1.6462997059989766
E0,Liverpool,10,37,38,2,2027-05-23 15:00:00,2027-05-30 16:00:00,0,1,3.735504220398932,0.0,0.0,3.7245160455362805,0.0,0.0,0.0,0.0,0.0,0,0.0,0.0,-0.030101667362892652,9.5,0,0,Brighton (A) · Bournemouth (H),,,,,,,upcoming,1.867752110199466,1.8622580227681402
E0,Man City,1,1,4,4,2026-08-23 14:00:00,2026-09-13 16:30:00,2,2,8.088625209824235,4.198923956289356,2.8986917299807176,3.879415072005204,6.0,4.12,1.19,4.660550728024357,4.13451565145339,2,6.0,2.0,-0.08432669600551268,12.0,1,0,Bournemouth (H) · Crystal Palace (A) · Coventry (H) · Man Utd (A),1.8010760437106441,0.4616267717350011,1.339449271975643,1.0578669131451741,0.3500373171688896,0.29011612148412236,in progress,2.0221563024560587,1.939707536002602
E0,Man City,2,5,8,4,2026-09-20 14:00:00,2026-10-24 12:30:00,0,2,7.883092369975403,0.0,0.0,7.933118112452246,0.0,0.0,0.0,0.0,0.0,0,0.0,0.0,-0.04015471899106013,11.5,2,0,Sunderland (H) · Liverpool (A) · Ipswich (H) · Aston Villa (A),,,,,,,upcoming,1.9707730924938507,1.9832795281130615
E0,Man City,3,9,12,4,2026-10-31 15:00:00,2026-11-28 15:00:00,0,2,7.4651345086934615,0.0,0.0,7.456093237107465,0.0,0.0,0.0,0.0,0.0,0,0.0,0.0,0.10000064654542101,9.5,2,0,Brighton (H) · Nott'm Forest (A) · Fulham (H) · Arsenal (A),,,,,,,upcoming,1.8662836271733654,1.8640233092768663
E0,Man City,4,13,16,4,2026-12-02 20:00:00,2026-12-19 15:00:00,0,3,8.609825434705375,0.0,0.0,8.572884263611721,0.0,0.0,0.0,0.0,0.0,0,0.0,0.0,-0.16637192863785558,12.75,1,0,Leeds (H) · Brentford (A) · Chelsea (H) · Hull (H),,,,,,,upcoming,2.1524563586763437,2.1432210659029303
E0,Man City,5,17,20,4,2026-12-26 15:00:00,2027-01-06 20:00:00,0,1,7.618997648287196,0.0,0.0,7.713108086968676,0.0,0.0,0.0,0.0,0.0,0,0.0,0.0,-0.00976142349225445,9.75,0,0,Newcastle (A) · Everton (A) · Tottenham (H) · Leeds (A),,,,,,,upcoming,1.904749412071799,1.928277021742169
E0,Man City,6,21,24,4,2027-01-16 15:00:00,2027-02-06 15:00:00,0,2,7.489290933598498,0.0,0.0,7.477384449757327,0.0,0.0,0.0,0.0,0.0,0,0.0,0.0,0.10000064654542101,9.5,2,0,Nott'm Forest (H) · Brighton (A) · Arsenal (H) · Fulham (A),,,,,,,upcoming,1.8723227333996244,1.8693461124393318
E0,Man City,7,25,28,4,2027-02-10 20:00:00,2027-03-03 20:00:00,0,2,8.41932638032931,0.0,0.0,8.499190573929493,0.0,0.0,0.0,0.0,0.0,0,0.0,0.0,-0.16895029535720685,11.25,0,0,Tottenham (A) · Newcastle (H) · Hull (A) · Everton (H),,,,,,,upcoming,2.1048315950823273,2.124797643482373
E0,Man City,8,29,32,4,2027-03-13 15:00:00,2027-04-17 15:00:00,0,2,8.16396509552869,0.0,0.0,8.149654870605502,0.0,0.0,0.0,0.0,0.0,0,0.0,0.0,-0.0843266960055127,12.0,0,0,Coventry (A) · Man Utd (H) · Bournemouth (A) · Crystal Palace (H),,,,,,,upcoming,2.0409912738821725,2.0374137176513756
E0,Man City,9,33,36,4,2027-04-24 15:00:00,2027-05-15 15:00:00,0,2,7.572696449177082,0.0,0.0,7.561001599038808,0.0,0.0,0.0,0.0,0.0,0,0.0,0.0,0.06990139660866923,9.75,0,0,Chelsea (A) · Brentford (H) · Liverpool (H) · Ipswich (A),,,,,,,upcoming,1.8931741122942705,1.890250399759702
E0,Man City,10,37,38,2,2027-05-23 15:00:00,2027-05-30 16:00:00,0,1,4.060325139821751,0.0,0.0,4.0925280721346,0.0,0.0,0.0,0.0,0.0,0,0.0,0.0,-0.06031097104900421,12.0,0,0,Aston Villa (H) · Sunderland (A),,,,,,,upcoming,2.0301625699108756,2.0462640360673
E0,Man Utd,1,1,4,4,2026-08-22 12:30:00,2026-09-13 16:30:00,2,2,7.844849300202627,4.7712973611970355,2.2594671781686255,3.1120707918768042,3.0,6.51,1.87,4.91220009156047,4.580031431748863,2,5.0,4.0,-0.19812497314389496,12.75,1,0,Hull (A) · Ipswich (H) · Everton (A) · Man City (H),-1.7712973611970355,0.14090273036343426,-1.9122000915604698,-1.178388395817585,0.12101543468174218,0.23864180175990457,in progress,1.9612123250506568,1.5560353959384021
E0,Man Utd,2,5,8,4,2026-09-20 16:30:00,2026-10-25 14:00:00,0,2,7.453618564699191,0.0,0.0,7.5383548217465615,0.0,0.0,0.0,0.0,0.0,0,0.0,0.0,-0.06286008829656108,11.75,2,0,Fulham (A) · Tottenham (H) · Leeds (A) · Bournemouth (H),,,,,,,upcoming,1.8634046411747978,1.8845887054366404
E0,Man Utd,3,9,12,4,2026-10-31 12:30:00,2026-11-28 15:00:00,0,2,6.270207895662887,0.0,0.0,6.298620554571814,0.0,0.0,0.0,0.0,0.0,0,0.0,0.0,0.2399969210941872,6.75,2,0,Chelsea (A) · Aston Villa (H) · Liverpool (A) · Brentford (H),,,,,,,upcoming,1.5675519739157218,1.5746551386429535
E0,Man Utd,4,13,16,4,2026-12-02 20:00:00,2026-12-19 15:00:00,0,1,6.830143495443616,0.0,0.0,6.883715343304465,0.0,0.0,0.0,0.0,0.0,0,0.0,0.0,-0.0008337239909009253,10.75,1,0,Newcastle (A) · Coventry (H) · Crystal Palace (A) · Arsenal (A),,,,,,,upcoming,1.707535873860904,1.7209288358261163
E0,Man Utd,5,17,20,4,2026-12-26 15:00:00,2027-01-06 20:00:00,0,3,7.868123066249743,0.0,0.0,7.907505499886024,0.0,0.0,0.0,0.0,0.0,0,0.0,0.0,-0.09382185436413651,11.75,0,0,Nott'm Forest (H) · Sunderland (H) · Brighton (A) · Newcastle (H),,,,,,,upcoming,1.9670307665624358,1.976876374971506
E0,Man Utd,6,21,24,4,2027-01-16 15:00:00,2027-02-06 15:00:00,0,2,6.280358373323743,0.0,0.0,6.312145359816673,0.0,0.0,0.0,0.0,0.0,0,0.0,0.0,0.2399969210941872,6.75,2,0,Aston Villa (A) · Liverpool (H) · Brentford (A) · Chelsea (H),,,,,,,upcoming,1.5700895933309358,1.5780363399541681
E0,Man Utd,7,25,28,4,2027-02-10 20:00:00,2027-03-03 20:00:00,0,2,6.876041799594042,0.0,0.0,6.900925291851487,0.0,0.0,0.0,0.0,0.0,0,0.0,0.0,0.08606586121480489,9.75,0,0,Brighton (H) · Nott'm Forest (A) · Arsenal (H) · Sunderland (A),,,,,,,upcoming,1.7190104498985106,1.7252313229628717
E0,Man Utd,8,29,32,4,2027-03-13 15:00:00,2027-04-17 15:00:00,0,2,7.799233239657259,0.0,0.0,7.8635972441015145,0.0,0.0,0.0,0.0,0.0,0,0.0,0.0,-0.19812497314389496,12.75,0,0,Everton (H) · Man City (A) · Hull (H) · Ipswich (A),,,,,,,upcoming,1.9498083099143146,1.9658993110253786
E0,Man Utd,9,33,36,4,2027-04-24 15:00:00,2027-05-15 15:00:00,0,2,8.100787611030174,0.0,0.0,8.134553193300317,0.0,0.0,0.0,0.0,0.0,0,0.0,0.0,-0.23983870799375778,14.5,0,0,Crystal Palace (H) · Coventry (A) · Bournemouth (A) · Leeds (H),,,,,,,upcoming,2.0251969027575436,2.033638298325079
E0,Man Utd,10,37,38,2,2027-05-23 15:00:00,2027-05-30 16:00:00,0,1,3.5708401680659447,0.0,0.0,3.632970107883466,0.0,0.0,0.0,0.0,0.0,0,0.0,0.0,0.007208560803214456,11.0,0,0,Tottenham (A) · Fulham (H),,,,,,,upcoming,1.7854200840329724,1.816485053941733
E0,Newcastle,1,1,4,4,2026-08-23 16:30:00,2026-09-14 20:00:00,2,2,4.986682510682788,2.0224730300374536,2.999463249433717,2.9305643131347052,4.0,2.15,4.79,1.4646736595455534,2.2013361265527864,2,4.0,2.0,0.11345690291628482,8.5,0,0,Liverpool (H) · Tottenham (A) · Bournemouth (H) · Leeds (A),1.9775269699625464,-0.5577993704919002,2.5353263404544464,1.141827879133733,-0.4157963015561312,0.2535255714964939,in progress,1.246670627670697,1.4652821565673526
E0,Newcastle,2,5,8,4,2026-09-19 15:00:00,2026-10-25 14:00:00,0,2,6.688816677911348,0.0,0.0,6.647989869620237,0.0,0.0,0.0,0.0,0.0,0,0.0,0.0,-0.33835451367655744,15.0,0,0,Hull (H) · Coventry (A) · Aston Villa (H) · Crystal Palace (A),,,,,,,upcoming,1.672204169477837,1.6619974674050593
E0,Newcastle,3,9,12,4,2026-11-02 20:00:00,2026-11-28 15:00:00,0,2,5.0093385977378,0.0,0.0,4.958712926348252,0.0,0.0,0.0,0.0,0.0,0,0.0,0.0,0.10999306449793042,8.75,0,0,Everton (H) · Fulham (A) · Arsenal (H) · Brighton (A),,,,,,,upcoming,1.25233464943445,1.239678231587063
E0,Newcastle,4,13,16,4,2026-12-02 20:00:00,2026-12-19 15:00:00,0,2,5.8551554665348435,0.0,0.0,5.756003642753653,0.0,0.0,0.0,0.0,0.0,0,0.0,0.0,-0.1124076136596472,13.0,0,0,Man Utd (H) · Sunderland (H) · Ipswich (A) · Brentford (A),,,,,,,upcoming,1.4637888666337109,1.4390009106884132
E0,Newcastle,5,17,20,4,2026-12-26 15:00:00,2027-01-06 20:00:00,0,2,4.164990008203637,0.0,0.0,4.071438048876886,0.0,0.0,0.0,0.0,0.0,0,0.0,0.0,0.3429558786232957,6.0,0,0,Man City (H) · Nott'm Forest (H) · Chelsea (A) · Man Utd (A),,,,,,,upcoming,1.0412475020509093,1.0178595122192216
E0,Newcastle,6,21,24,4,2027-01-16 15:00:00,2027-02-06 15:00:00,0,2,5.076545495209253,0.0,0.0,5.02866900259788,0.0,0.0,0.0,0.0,0.0,0,0.0,0.0,0.10999306449793042,8.75,0,0,Fulham (H) · Arsenal (A) · Brighton (H) · Everton (A),,,,,,,upcoming,1.2691363738023131,1.25716725064947
E0,Newcastle,7,25,28,4,2027-02-10 20:00:00,2027-03-03 20:00:00,0,2,4.681401343933515,0.0,0.0,4.5568290962310565,0.0,0.0,0.0,0.0,0.0,0,0.0,0.0,0.20685893784530882,8.0,0,0,Chelsea (H) · Man City (A) · Brentford (H) · Nott'm Forest (A),,,,,,,upcoming,1.1703503359833787,1.1392072740577641
E0,Newcastle,8,29,32,4,2027-03-13 15:00:00,2027-04-17 15:00:00,0,2,5.0133053418267846,0.0,0.0,4.9861648164461005,0.0,0.0,0.0,0.0,0.0,0,0.0,0.0,0.11345690291628482,8.5,0,0,Bournemouth (A) · Leeds (H) · Liverpool (A) · Tottenham (H),,,,,,,upcoming,1.2533263354566961,1.2465412041115251
E0,Newcastle,9,33,36,4,2027-04-24 15:00:00,2027-05-15 15:00:00,0,2,6.528339386440102,0.0,0.0,6.509146558740993,0.0,0.0,0.0,0.0,0.0,0,0.0,0.0,-0.28861073764726086,15.25,0,0,Ipswich (H) · Sunderland (A) · Coventry (H) · Aston Villa (A),,,,,,,upcoming,1.6320848466100255,1.6272866396852483
E0,Newcastle,10,37,38,2,2027-05-23 15:00:00,2027-05-30 16:00:00,0,1,3.677755150190864,0.0,0.0,3.640117138086531,0.0,0.0,0.0,0.0,0.0,0,0.0,0.0,-0.49998957207863326,17.5,0,0,Crystal Palace (H) · Hull (A),,,,,,,upcoming,1.838877575095432,1.8200585690432656
E0,Nott'm Forest,1,1,4,4,2026-08-22 15:00:00,2026-09-12 15:00:00,2,2,4.402043344714281,2.259836984200587,2.8541827520410763,2.2345637860767233,1.0,3.29,2.62,3.1206704060519463,2.113156275323653,2,2.0,3.0,0.17412996909843753,7.5,0,0,Leeds (H) · Liverpool (A) · Tottenham (H) · Aston Villa (A),-1.2598369842005872,0.8608334218513591,-2.1206704060519463,-0.7457160059356361,0.6578132337232775,0.45583898822161784,in progress,1.1005108361785703,1.1172818930383617
E0,Nott'm Forest,2,5,8,4,2026-09-19 17:30:00,2026-10-23 20:00:00,0,2,5.544664265663066,0.0,0.0,5.603479245903642,0.0,0.0,0.0,0.0,0.0,0,0.0,0.0,-0.12950515743124283,13.25,0,0,Coventry (H) · Crystal Palace (A) · Arsenal (H) · Ipswich (A),,,,,,,upcoming,1.3861660664157665,1.4008698114759106
E0,Nott'm Forest,3,9,12,4,2026-10-31 15:00:00,2026-11-28 15:00:00,0,2,4.203916213281168,0.0,0.0,4.192865018315309,0.0,0.0,0.0,0.0,0.0,0,0.0,0.0,0.21405038195832082,7.5,0,0,Brentford (A) · Man City (H) · Bournemouth (A) · Chelsea (H),,,,,,,upcoming,1.050979053320292,1.0482162545788272
E0,Nott'm Forest,4,13,16,4,2026-12-02 20:00:00,2026-12-19 15:00:00,0,2,6.098342231661119,0.0,0.0,6.1559808250355115,0.0,0.0,0.0,0.0,0.0,0,0.0,0.0,-0.2828866015635183,13.75,0,0,Hull (A) · Brighton (H) · Sunderland (A) · Everton (H),,,,,,,upcoming,1.5245855579152798,1.5389952062588779
E0,Nott'm Forest,5,17,20,4,2026-12-26 15:00:00,2027-01-06 20:00:00,0,2,5.615293098258636,0.0,0.0,5.660958717992334,0.0,0.0,0.0,0.0,0.0,0,0.0,0.0,-0.14840533796389982,12.25,0,0,Man Utd (A) · Newcastle (A) · Fulham (H) · Hull (H),,,,,,,upcoming,1.403823274564659,1.4152396794980835
E0,Nott'm Forest,6,21,24,4,2027-01-16 15:00:00,2027-02-06 15:00:00,0,2,4.317938389832819,0.0,0.0,4.304554069249197,0.0,0.0,0.0,0.0,0.0,0,0.0,0.0,0.2140503819583208,7.5,0,0,Man City (A) · Bournemouth (H) · Chelsea (A) · Brentford (H),,,,,,,upcoming,1.0794845974582048,1.0761385173122993
E0,Nott'm Forest,7,25,28,4,2027-02-10 20:00:00,2027-03-03 20:00:00,0,2,4.874528128805438,0.0,0.0,4.952848046527013,0.0,0.0,0.0,0.0,0.0,0,0.0,0.0,0.03420382589051215,9.75,0,0,Fulham (A) · Man Utd (H) · Everton (A) · Newcastle (H),,,,,,,upcoming,1.2186320322013595,1.2382120116317532
E0,Nott'm Forest,8,29,32,4,2027-03-13 15:00:00,2027-04-17 15:00:00,0,2,4.354717261309506,0.0,0.0,4.474500183529158,0.0,0.0,0.0,0.0,0.0,0,0.0,0.0,0.17412996909843753,7.5,0,0,Tottenham (A) · Aston Villa (H) · Leeds (A) · Liverpool (H),,,,,,,upcoming,1.0886793153273766,1.1186250458822895
E0,Nott'm Forest,9,33,36,4,2027-04-24 15:00:00,2027-05-15 15:00:00,0,2,4.863904114739411,0.0,0.0,4.902605166669572,0.0,0.0,0.0,0.0,0.0,0,0.0,0.0,0.06891575985162093,10.25,0,0,Sunderland (H) · Brighton (A) · Crystal Palace (H) · Arsenal (A),,,,,,,upcoming,1.2159760286848527,1.225651291667393
E0,Nott'm Forest,10,37,38,2,2027-05-23 15:00:00,2027-05-30 16:00:00,0,1,3.505698513997031,0.0,0.0,3.540338486631998,0.0,0.0,0.0,0.0,0.0,0,0.0,0.0,-0.5169105042455175,18.5,0,0,Ipswich (H) · Coventry (A),,,,,,,upcoming,1.7528492569985155,1.770169243315999
E0,Sunderland,1,1,4,4,2026-08-22 15:00:00,2026-09-12 20:00:00,2,2,4.621590272798727,2.929782798531589,3.426483436225187,1.6511064284002654,3.0,2.05,2.09,2.6835123213828056,2.9777492962173913,2,2.0,2.0,-0.034228831451395964,12.0,0,0,Ipswich (A) · Fulham (H) · Brentford (A) · Arsenal (H),0.07021720146841082,-0.24627047714878358,0.3164876786171944,0.03793317530903734,-0.1717561941559672,0.9697409620043445,in progress,1.1553975681996818,0.8255532142001327
E0,Sunderland,2,5,8,4,2026-09-20 14:00:00,2026-10-25 16:30:00,0,2,4.182105706836697,0.0,0.0,4.150837621631818,0.0,0.0,0.0,0.0,0.0,0,0.0,0.0,0.09847960005168505,8.75,2,0,Man City (A) · Brighton (H) · Bournemouth (A) · Leeds (H),,,,,,,upcoming,1.0455264267091742,1.0377094054079545
E0,Sunderland,3,9,12,4,2026-10-31 15:00:00,2026-11-28 15:00:00,0,2,4.183865397006066,0.0,0.0,4.224415464712696,0.0,0.0,0.0,0.0,0.0,0,0.0,0.0,0.07324319615533632,9.0,2,0,Coventry (A) · Chelsea (H) · Aston Villa (A) · Tottenham (H),,,,,,,upcoming,1.0459663492515165,1.056103866178174
E0,Sunderland,4,13,16,4,2026-12-02 20:00:00,2026-12-19 15:00:00,0,2,4.365296338101001,0.0,0.0,4.3459266549163225,0.0,0.0,0.0,0.0,0.0,0,0.0,0.0,0.04129415983636975,10.0,1,0,Liverpool (A) · Newcastle (A) · Nott'm Forest (H) · Crystal Palace (H),,,,,,,upcoming,1.0913240845252503,1.0864816637290806
E0,Sunderland,5,17,20,4,2026-12-26 15:00:00,2027-01-06 20:00:00,0,2,4.489761327308785,0.0,0.0,4.476051142769362,0.0,0.0,0.0,0.0,0.0,0,0.0,0.0,0.011463651951466855,9.25,0,0,Everton (A) · Man Utd (A) · Hull (H) · Liverpool (H),,,,,,,upcoming,1.1224403318271963,1.1190127856923404
E0,Sunderland,6,21,24,4,2027-01-16 15:00:00,2027-02-06 15:00:00,0,2,4.25869705917754,0.0,0.0,4.294351140511288,0.0,0.0,0.0,0.0,0.0,0,0.0,0.0,0.07324319615533632,9.0,2,0,Chelsea (A) · Coventry (H) · Tottenham (A) · Aston Villa (H),,,,,,,upcoming,1.064674264794385,1.073587785127822
E0,Sunderland,7,25,28,4,2027-02-10 20:00:00,2027-03-03 20:00:00,0,2,5.054873650345998,0.0,0.0,5.039913910883893,0.0,0.0,0.0,0.0,0.0,0,0.0,0.0,-0.15814616890974245,12.25,0,0,Hull (A) · Everton (H) · Crystal Palace (A) · Man Utd (H),,,,,,,upcoming,1.2637184125864995,1.2599784777209733
E0,Sunderland,8,29,32,4,2027-03-13 15:00:00,2027-04-17 15:00:00,0,2,4.724209765017687,0.0,0.0,4.683195735836969,0.0,0.0,0.0,0.0,0.0,0,0.0,0.0,-0.03422883145139596,12.0,0,0,Brentford (H) · Arsenal (A) · Ipswich (H) · Fulham (A),,,,,,,upcoming,1.1810524412544217,1.1707989339592422
E0,Sunderland,9,33,36,4,2027-04-24 15:00:00,2027-05-15 15:00:00,0,2,4.620040776337454,0.0,0.0,4.585032334864922,0.0,0.0,0.0,0.0,0.0,0,0.0,0.0,-0.04883835320568783,10.25,0,0,Nott'm Forest (A) · Newcastle (H) · Brighton (A) · Bournemouth (H),,,,,,,upcoming,1.1550101940843636,1.1462580837162304
E0,Sunderland,10,37,38,2,2027-05-23 15:00:00,2027-05-30 16:00:00,0,1,1.8212653455992367,0.0,0.0,1.8200529793555091,0.0,0.0,0.0,0.0,0.0,0,0.0,0.0,0.22706086746626275,8.0,0,0,Leeds (A) · Man City (H),,,,,,,upcoming,0.9106326727996183,0.9100264896777546
E0,Tottenham,1,1,4,4,2026-08-22 17:30:00,2026-09-12 17:30:00,2,2,6.673052829934768,3.2930433376642325,3.3881443760644596,3.3102359278374665,0.0,1.8,5.1,1.6861839405324357,2.648891958532556,2,0.0,5.0,-0.07803584317265415,11.0,0,0,Brentford (A) · Newcastle (H) · Nott'm Forest (A) · Everton (H),-3.2930433376642325,-1.6068593971317968,-1.6861839405324357,-1.7890253403029932,-1.1269932051462932,0.07361073463844914,in progress,1.668263207483692,1.6551179639187332
E0,Tottenham,2,5,8,4,2026-09-19 12:30:00,2026-10-24 17:30:00,0,2,5.856744136428456,0.0,0.0,5.716139141199528,0.0,0.0,0.0,0.0,0.0,0,0.0,0.0,0.12763784321597332,8.5,0,0,Aston Villa (H) · Man Utd (A) · Coventry (H) · Chelsea (A),,,,,,,upcoming,1.464186034107114,1.429034785299882
E0,Tottenham,3,9,12,4,2026-10-31 17:30:00,2026-11-28 15:00:00,0,2,7.466902257610847,0.0,0.0,7.336549468352876,0.0,0.0,0.0,0.0,0.0,0,0.0,0.0,-0.2910569241843843,16.25,0,0,Crystal Palace (H) · Leeds (A) · Ipswich (H) · Sunderland (A),,,,,,,upcoming,1.8667255644027116,1.834137367088219
E0,Tottenham,4,13,16,4,2026-12-02 20:00:00,2026-12-19 15:00:00,0,2,6.191508009203849,0.0,0.0,6.039700750528168,0.0,0.0,0.0,0.0,0.0,0,0.0,0.0,0.04185795916177197,10.0,0,0,Fulham (H) · Arsenal (H) · Hull (A) · Liverpool (A),,,,,,,upcoming,1.5478770023009623,1.509925187632042
E0,Tottenham,5,17,20,4,2026-12-26 15:00:00,2027-01-06 20:00:00,0,2,6.0554034169197894,0.0,0.0,5.880576740123591,0.0,0.0,0.0,0.0,0.0,0,0.0,0.0,0.08805020237381464,9.25,0,0,Bournemouth (H) · Brighton (H) · Man City (A) · Fulham (A),,,,,,,upcoming,1.5138508542299474,1.4701441850308978
E0,Tottenham,6,21,24,4,2027-01-16 15:00:00,2027-02-06 15:00:00,0,2,7.4910784398668895,0.0,0.0,7.356765019776789,0.0,0.0,0.0,0.0,0.0,0,0.0,0.0,-0.2910569241843843,16.25,0,0,Leeds (H) · Crystal Palace (A) · Sunderland (H) · Ipswich (A),,,,,,,upcoming,1.8727696099667224,1.8391912549441973
E0,Tottenham,7,25,28,4,2027-02-10 20:00:00,2027-03-03 20:00:00,0,2,5.334259437852376,0.0,0.0,5.150379822529009,0.0,0.0,0.0,0.0,0.0,0,0.0,0.0,0.26436719358666055,6.0,0,0,Man City (H) · Brighton (A) · Liverpool (H) · Bournemouth (A),,,,,,,upcoming,1.333564859463094,1.2875949556322523
E0,Tottenham,8,29,32,4,2027-03-13 15:00:00,2027-04-17 15:00:00,0,2,6.669697156064206,0.0,0.0,6.498740113036275,0.0,0.0,0.0,0.0,0.0,0,0.0,0.0,-0.07803584317265415,11.0,0,0,Nott'm Forest (H) · Everton (A) · Brentford (H) · Newcastle (A),,,,,,,upcoming,1.6674242890160516,1.6246850282590688
E0,Tottenham,9,33,36,4,2027-04-24 15:00:00,2027-05-15 15:00:00,0,2,6.498186013205704,0.0,0.0,6.3469497839716835,0.0,0.0,0.0,0.0,0.0,0,0.0,0.0,-0.048599416103458845,11.0,0,0,Hull (H) · Arsenal (A) · Chelsea (H) · Coventry (A),,,,,,,upcoming,1.624546503301426,1.5867374459929209
E0,Tottenham,10,37,38,2,2027-05-23 15:00:00,2027-05-30 16:00:00,0,1,2.596593428836239,0.0,0.0,2.5375272457891023,0.0,0.0,0.0,0.0,0.0,0,0.0,0.0,0.29944141894445897,5.5,0,0,Man Utd (H) · Aston Villa (A),,,,,,,upcoming,1.2982967144181194,1.2687636228945511
E1,Birmingham,1,1,4,4,2026-08-15 17:30:00,2026-09-01 20:00:00,4,2,5.667796588805977,5.667796588805977,6.569421257699853,0.0,6.0,5.82,4.96,6.105717152930294,5.56753923183305,4,5.0,4.0,0.06949925191267545,9.0,0,0,Sheffield United (A) · Bristol City (H) · Wrexham (A) · Southampton (H),0.33220341119402264,0.43792056412431624,-0.1057171529302936,0.12961060323135548,0.22057493432679182,0.8968745138501497,complete,1.4169491472014943,
E1,Birmingham,2,5,8,4,2026-09-06 12:00:00,2026-09-19 15:00:00,0,2,5.363579989752555,0.0,0.0,5.388094819262645,0.0,0.0,0.0,0.0,0.0,0,0.0,0.0,0.15118596613390548,6.0,0,0,Wolves (H) · Norwich (A) · Derby (A) · Middlesbrough (H),,,,,,,upcoming,1.3408949974381388,1.3470237048156612
E1,Birmingham,3,9,12,4,2026-10-10 12:30:00,2026-10-24 15:00:00,0,2,6.417522495976676,0.0,0.0,6.388502048187753,0.0,0.0,0.0,0.0,0.0,0,0.0,0.0,-0.1341287240250802,17.75,0,0,West Brom (A) · Preston (H) · QPR (H) · Cardiff (A),,,,,,,upcoming,1.604380623994169,1.5971255120469383
E1,Birmingham,4,13,16,4,2026-10-31 12:30:00,2026-11-21 15:00:00,0,2,6.22518661304327,0.0,0.0,6.219294948997038,0.0,0.0,0.0,0.0,0.0,0,0.0,0.0,-0.0814759557514683,15.0,0,0,Lincoln (A) · Millwall (H) · Swansea (H) · Stoke (A),,,,,,,upcoming,1.5562966532608176,1.5548237372492595
E1,Birmingham,5,17,20,4,2026-11-25 19:45:00,2026-12-08 20:00:00,0,2,6.329549430877024,0.0,0.0,6.391869110281045,0.0,0.0,0.0,0.0,0.0,0,0.0,0.0,-0.10948742353380114,16.25,0,0,Burnley (A) · Bolton (H) · Charlton (A) · Watford (H),,,,,,,upcoming,1.582387357719256,1.5979672775702614
E1,Birmingham,6,21,24,4,2026-12-12 15:00:00,2026-12-29 20:00:00,0,2,5.878281715401607,0.0,0.0,5.921370728271485,0.0,0.0,0.0,0.0,0.0,0,0.0,0.0,0.01176500119717111,14.75,0,0,Portsmouth (A) · West Ham (H) · Blackburn (A) · Cardiff (H),,,,,,,upcoming,1.4695704288504017,1.4803426820678713
E1,Birmingham,7,25,28,4,2027-01-01 15:00:00,2027-01-26 19:45:00,0,2,6.392184860152869,0.0,0.0,6.35427573892777,0.0,0.0,0.0,0.0,0.0,0,0.0,0.0,-0.12878437400667153,17.25,0,0,Portsmouth (H) · QPR (A) · Lincoln (H) · Millwall (A),,,,,,,upcoming,1.5980462150382173,1.5885689347319425
E1,Birmingham,8,29,32,4,2027-01-30 15:00:00,2027-02-16 19:45:00,0,2,6.11873195787059,0.0,0.0,6.167996027682155,0.0,0.0,0.0,0.0,0.0,0,0.0,0.0,-0.05308773798118877,14.5,0,0,Swansea (A) · Stoke (H) · Derby (H) · Preston (A),,,,,,,upcoming,1.5296829894676476,1.5419990069205387
E1,Birmingham,9,33,36,4,2027-02-20 15:00:00,2027-03-06 15:00:00,0,2,5.693119820286647,0.0,0.0,5.74453802909696,0.0,0.0,0.0,0.0,0.0,0,0.0,0.0,0.06324568773334135,9.5,0,0,Middlesbrough (A) · West Brom (H) · Bristol City (A) · Sheffield United (H),,,,,,,upcoming,1.4232799550716617,1.43613450727424
E1,Birmingham,10,37,40,4,2027-03-13 15:00:00,2027-04-03 15:00:00,0,2,6.06984799306302,0.0,0.0,6.12672241816298,0.0,0.0,0.0,0.0,0.0,0,0.0,0.0,-0.03223669942593832,16.25,0,0,Bolton (A) · Charlton (H) · Blackburn (H) · West Ham (A),,,,,,,upcoming,1.517461998265755,1.531680604540745
E1,Birmingham,11,41,44,4,2027-04-07 20:00:00,2027-04-20 19:45:00,0,2,5.365323307234182,0.0,0.0,5.332720545137484,0.0,0.0,0.0,0.0,0.0,0,0.0,0.0,0.15425061096461593,5.75,0,0,Norwich (H) · Wolves (A) · Wrexham (H) · Southampton (A),,,,,,,upcoming,1.3413308268085455,1.333180136284371
E1,Birmingham,12,45,46,2,2027-04-24 15:00:00,2027-05-01 12:30:00,0,1,2.8767820012006267,0.0,0.0,2.912811752713435,0.0,0.0,0.0,0.0,0.0,0,0.0,0.0,0.045130402820690196,10.0,0,0,Watford (A) · Burnley (H),,,,,,,upcoming,1.4383910006003133,1.4564058763567176
E1,Blackburn,1,1,4,4,2026-08-14 20:00:00,2026-09-01 19:45:00,4,2,4.986375253697705,4.986375253697705,6.249005812312495,0.0,5.0,3.23,6.71,3.081501267823952,4.156421767436129,4,5.0,5.0,0.00708248699775188,11.5,0,0,Wolves (A) · Middlesbrough (H) · QPR (H) · Lincoln (A),0.01362474630229471,-1.9048739858737531,1.9184987321760478,0.005450332030397956,-0.9837509422794185,0.9956512857522775,complete,1.2465938134244263,
E1,Blackburn,2,5,8,4,2026-09-05 12:30:00,2026-09-19 15:00:00,0,2,5.113765654153321,0.0,0.0,5.007498230418557,0.0,0.0,0.0,0.0,0.0,0,0.0,0.0,-0.03682534832102967,14.0,0,0,Preston (A) · Sheffield United (H) · Millwall (H) · Portsmouth (A),,,,,,,upcoming,1.2784414135383302,1.2518745576046393
E1,Blackburn,3,9,12,4,2026-10-10 15:00:00,2026-10-24 15:00:00,0,2,5.157497466915077,0.0,0.0,5.072561697179092,0.0,0.0,0.0,0.0,0.0,0,0.0,0.0,-0.045544534037946394,14.25,0,0,Cardiff (H) · Bristol City (A) · West Brom (A) · Wrexham (H),,,,,,,upcoming,1.2893743667287692,1.268140424294773
E1,Blackburn,4,13,16,4,2026-10-31 15:00:00,2026-11-22 12:00:00,0,2,4.397989911958639,0.0,0.0,4.322778071963734,0.0,0.0,0.0,0.0,0.0,0,0.0,0.0,0.16784503332336126,7.75,0,0,Swansea (A) · Stoke (H) · West Ham (H) · Burnley (A),,,,,,,upcoming,1.0994974779896598,1.0806945179909335
E1,Blackburn,5,17,20,4,2026-11-25 19:45:00,2026-12-08 19:45:00,0,2,5.463447899366853,0.0,0.0,5.39909832311242,0.0,0.0,0.0,0.0,0.0,0,0.0,0.0,-0.13112948622637993,17.0,0,0,Watford (A) · Charlton (H) · Bolton (A) · Norwich (H),,,,,,,upcoming,1.3658619748417133,1.349774580778105
E1,Blackburn,6,21,24,4,2026-12-12 15:00:00,2026-12-29 18:00:00,0,2,4.678608842743814,0.0,0.0,4.5819258214536625,0.0,0.0,0.0,0.0,0.0,0,0.0,0.0,0.08795893808757899,8.0,0,0,Derby (H) · Southampton (A) · Birmingham (H) · Wrexham (A),,,,,,,upcoming,1.1696522106859535,1.1454814553634156
E1,Blackburn,7,25,28,4,2027-01-01 15:00:00,2027-01-26 19:45:00,0,2,5.020402073507699,0.0,0.0,4.962154920586902,0.0,0.0,0.0,0.0,0.0,0,0.0,0.0,-0.007731767452444473,12.75,0,0,Derby (A) · West Brom (H) · Swansea (H) · Stoke (A),,,,,,,upcoming,1.2551005183769248,1.2405387301467254
E1,Blackburn,8,29,32,4,2027-01-30 15:00:00,2027-02-16 19:45:00,0,2,4.3610949645112225,0.0,0.0,4.299360308141415,0.0,0.0,0.0,0.0,0.0,0,0.0,0.0,0.18990673905998262,7.25,0,0,West Ham (A) · Burnley (H) · Millwall (A) · Bristol City (H),,,,,,,upcoming,1.0902737411278056,1.0748400770353537
E1,Blackburn,9,33,36,4,2027-02-20 15:00:00,2027-03-06 15:00:00,0,2,4.868193415309023,0.0,0.0,4.747233071222903,0.0,0.0,0.0,0.0,0.0,0,0.0,0.0,0.036081458286030606,11.0,0,0,Portsmouth (H) · Cardiff (A) · Middlesbrough (A) · Wolves (H),,,,,,,upcoming,1.2170483538272558,1.1868082678057257
E1,Blackburn,10,37,40,4,2027-03-13 15:00:00,2027-04-03 15:00:00,0,2,5.232986815334546,0.0,0.0,5.133767328781429,0.0,0.0,0.0,0.0,0.0,0,0.0,0.0,-0.06507006372423543,14.0,0,0,Charlton (A) · Bolton (H) · Birmingham (A) · Southampton (H),,,,,,,upcoming,1.3082467038336365,1.2834418321953573
E1,Blackburn,11,41,44,4,2027-04-07 19:45:00,2027-04-21 19:45:00,0,2,5.517196311322707,0.0,0.0,5.389257430687527,0.0,0.0,0.0,0.0,0.0,0,0.0,0.0,-0.1421407655329892,17.25,0,0,Sheffield United (A) · Preston (H) · QPR (A) · Lincoln (H),,,,,,,upcoming,1.3792990778306768,1.3473143576718818
E1,Blackburn,12,45,46,2,2027-04-24 15:00:00,2027-05-01 12:30:00,0,1,2.49812047789114,0.0,0.0,2.4644795314633456,0.0,0.0,0.0,0.0,0.0,0,0.0,0.0,0.0018462774355325964,11.5,0,0,Norwich (A) · Watford (H),,,,,,,upcoming,1.24906023894557,1.2322397657316728
E1,Bolton,1,1,4,4,2026-08-15 12:30:00,2026-09-01 19:45:00,4,2,5.066924739081702,5.066924739081702,6.22512414144925,0.0,4.0,4.89,6.470000000000001,4.497386047466051,4.70772269846981,4,4.0,5.0,-0.1421407655329892,17.25,0,0,Preston (H) · QPR (A) · Lincoln (H) · Sheffield United (A),-1.0669247390817018,-0.5695386916156506,-0.4973860474660512,-0.42762174072773873,-0.29469556481773784,0.6689265349444011,complete,1.2667311847704255,
E1,Bolton,2,5,8,4,2026-09-05 15:00:00,2026-09-20 13:30:00,0,2,4.171458462950852,0.0,0.0,4.105805016727177,0.0,0.0,0.0,0.0,0.0,0,0.0,0.0,0.11300209516329339,9.75,0,0,Millwall (A) · West Ham (H) · Cardiff (H) · Norwich (A),,,,,,,upcoming,1.042864615737713,1.0264512541817943
E1,Bolton,3,9,12,4,2026-10-10 15:00:00,2026-10-23 20:00:00,0,2,3.9858881266685997,0.0,0.0,3.9384293163511854,0.0,0.0,0.0,0.0,0.0,0,0.0,0.0,0.16654127507062072,5.25,0,0,Stoke (H) · Wolves (A) · Southampton (A) · Middlesbrough (H),,,,,,,upcoming,0.9964720316671499,0.9846073290877964
E1,Bolton,4,13,16,4,2026-10-31 15:00:00,2026-11-21 15:00:00,0,2,4.896687327587699,0.0,0.0,4.9442494577080165,0.0,0.0,0.0,0.0,0.0,0,0.0,0.0,-0.10030655672486152,16.75,0,0,Bristol City (H) · Charlton (A) · Derby (A) · Portsmouth (H),,,,,,,upcoming,1.2241718318969248,1.2360623644270041
E1,Bolton,5,17,20,4,2026-11-25 19:45:00,2026-12-08 19:45:00,0,2,4.608236159780982,0.0,0.0,4.567987873523412,0.0,0.0,0.0,0.0,0.0,0,0.0,0.0,-0.016103214917865594,13.25,0,0,West Brom (H) · Birmingham (A) · Blackburn (H) · Swansea (A),,,,,,,upcoming,1.1520590399452455,1.141996968380853
E1,Bolton,6,21,24,4,2026-12-11 20:00:00,2026-12-29 19:45:00,0,2,4.234099982626438,0.0,0.0,4.190654887563231,0.0,0.0,0.0,0.0,0.0,0,0.0,0.0,0.08828966894966891,8.0,0,0,Wrexham (H) · Watford (A) · Burnley (H) · Middlesbrough (A),,,,,,,upcoming,1.0585249956566094,1.0476637218908078
E1,Bolton,7,25,28,4,2027-01-01 15:00:00,2027-01-26 19:45:00,0,2,4.628711654494158,0.0,0.0,4.599794160855708,0.0,0.0,0.0,0.0,0.0,0,0.0,0.0,-0.021472981648953983,12.75,0,0,Wrexham (A) · Southampton (H) · Bristol City (A) · Charlton (H),,,,,,,upcoming,1.1571779136235394,1.149948540213927
E1,Bolton,8,29,32,4,2027-01-30 15:00:00,2027-02-17 19:45:00,0,2,4.561594106286926,0.0,0.0,4.547502579745182,0.0,0.0,0.0,0.0,0.0,0,0.0,0.0,-0.00866663238562504,13.25,0,0,Derby (H) · Portsmouth (A) · Cardiff (A) · Wolves (H),,,,,,,upcoming,1.1403985265717316,1.1368756449362956
E1,Bolton,9,33,36,4,2027-02-20 15:00:00,2027-03-06 15:00:00,0,2,4.682286902543172,0.0,0.0,4.639186743298049,0.0,0.0,0.0,0.0,0.0,0,0.0,0.0,-0.040352409105489026,13.75,0,0,Norwich (H) · Stoke (A) · QPR (H) · Preston (A),,,,,,,upcoming,1.170571725635793,1.1597966858245123
E1,Bolton,10,37,40,4,2027-03-13 15:00:00,2027-04-03 15:00:00,0,2,4.461941896096869,0.0,0.0,4.470501720847795,0.0,0.0,0.0,0.0,0.0,0,0.0,0.0,0.025231884507668723,11.25,0,0,Birmingham (H) · Blackburn (A) · Burnley (A) · Watford (H),,,,,,,upcoming,1.1154854740242173,1.1176254302119488
E1,Bolton,11,41,44,4,2027-04-06 19:45:00,2027-04-20 19:45:00,0,2,4.324426830248597,0.0,0.0,4.271778030897155,0.0,0.0,0.0,0.0,0.0,0,0.0,0.0,0.0792819540460333,10.75,0,0,West Ham (A) · Millwall (H) · Lincoln (A) · Sheffield United (H),,,,,,,upcoming,1.0811067075621492,1.0679445077242888
E1,Bolton,12,45,46,2,2027-04-24 15:00:00,2027-05-01 12:30:00,0,1,2.338870276487584,0.0,0.0,2.293504269338378,0.0,0.0,0.0,0.0,0.0,0,0.0,0.0,-0.03753979603037845,14.0,0,0,Swansea (H) · West Brom (A),,,,,,,upcoming,1.169435138243792,1.146752134669189
E1,Bristol City,1,1,4,4,2026-08-15 15:00:00,2026-09-01 19:45:00,4,2,5.469147298622989,5.469147298622989,6.503011688285511,0.0,7.0,4.1,8.18,3.3033462716490303,5.273167826855628,4,7.0,6.0,-0.024667568955621715,13.5,0,0,Millwall (H) · Birmingham (A) · Portsmouth (H) · Preston (A),1.530852701377011,-2.1658010269739587,3.6966537283509697,0.6003107736312883,-1.096441999173194,0.5482991399722792,complete,1.3672868246557472,
E1,Bristol City,2,5,8,4,2026-09-05 15:00:00,2026-09-18 20:00:00,0,2,5.512977517566956,0.0,0.0,5.374222235297972,0.0,0.0,0.0,0.0,0.0,0,0.0,0.0,-0.03321469898045796,12.25,0,0,Burnley (A) · Southampton (A) · Lincoln (H) · Watford (H),,,,,,,upcoming,1.378244379391739,1.343555558824493
E1,Bristol City,3,9,12,4,2026-10-10 12:30:00,2026-10-24 15:00:00,0,2,5.6336013916041985,0.0,0.0,5.5700550863278515,0.0,0.0,0.0,0.0,0.0,0,0.0,0.0,-0.07050558257938538,15.25,0,0,Charlton (A) · Blackburn (H) · Sheffield United (H) · Stoke (A),,,,,,,upcoming,1.4084003479010496,1.3925137715819629
E1,Bristol City,4,13,16,4,2026-10-31 15:00:00,2026-11-21 15:00:00,0,2,5.061441392924321,0.0,0.0,4.905004373324459,0.0,0.0,0.0,0.0,0.0,0,0.0,0.0,0.0866515547976944,8.5,0,0,Bolton (A) · Wolves (H) · Norwich (H) · Middlesbrough (A),,,,,,,upcoming,1.2653603482310802,1.2262510933311148
E1,Bristol City,5,17,20,4,2026-11-24 19:45:00,2026-12-09 19:45:00,0,2,5.366806550152612,0.0,0.0,5.212694844425668,0.0,0.0,0.0,0.0,0.0,0,0.0,0.0,0.0022064788524789516,12.25,0,0,Wrexham (H) · West Brom (A) · Swansea (H) · Derby (A),,,,,,,upcoming,1.341701637538153,1.303173711106417
E1,Bristol City,6,21,24,4,2026-12-12 15:00:00,2026-12-29 19:45:00,0,2,5.230939145136549,0.0,0.0,5.08857350825749,0.0,0.0,0.0,0.0,0.0,0,0.0,0.0,0.052335450971421366,12.5,0,0,West Ham (A) · Cardiff (H) · QPR (A) · Stoke (H),,,,,,,upcoming,1.3077347862841373,1.2721433770643724
E1,Bristol City,7,25,28,4,2027-01-01 15:00:00,2027-01-27 19:45:00,0,2,4.793567993121094,0.0,0.0,4.672237639699709,0.0,0.0,0.0,0.0,0.0,0,0.0,0.0,0.1665305390267708,8.25,0,0,West Ham (H) · Sheffield United (A) · Bolton (H) · Wolves (A),,,,,,,upcoming,1.1983919982802735,1.1680594099249273
E1,Bristol City,8,29,32,4,2027-01-30 15:00:00,2027-02-16 19:45:00,0,2,5.09892772454838,0.0,0.0,4.940588455966557,0.0,0.0,0.0,0.0,0.0,0,0.0,0.0,0.07476172314363434,8.5,0,0,Norwich (A) · Middlesbrough (H) · Southampton (H) · Blackburn (A),,,,,,,upcoming,1.274731931137095,1.2351471139916392
E1,Bristol City,9,33,36,4,2027-02-20 15:00:00,2027-03-06 15:00:00,0,2,5.534877326340904,0.0,0.0,5.391813796852478,0.0,0.0,0.0,0.0,0.0,0,0.0,0.0,-0.043284901187829905,13.75,0,0,Watford (A) · Charlton (H) · Birmingham (H) · Millwall (A),,,,,,,upcoming,1.383719331585226,1.3479534492131195
E1,Bristol City,10,37,40,4,2027-03-13 15:00:00,2027-04-03 15:00:00,0,2,5.760964911694237,0.0,0.0,5.552547632759672,0.0,0.0,0.0,0.0,0.0,0,0.0,0.0,-0.10569921608038847,16.5,0,0,West Brom (H) · Swansea (A) · QPR (H) · Cardiff (A),,,,,,,upcoming,1.4402412279235592,1.388136908189918
E1,Bristol City,11,41,44,4,2027-04-06 19:45:00,2027-04-21 19:45:00,0,2,5.8058872395344245,0.0,0.0,5.665312617280757,0.0,0.0,0.0,0.0,0.0,0,0.0,0.0,-0.11802074552310415,16.5,0,0,Lincoln (A) · Burnley (H) · Portsmouth (A) · Preston (H),,,,,,,upcoming,1.4514718098836061,1.4163281543201893
E1,Bristol City,12,45,46,2,2027-04-24 15:00:00,2027-05-01 12:30:00,0,1,2.612738937135334,0.0,0.0,2.5623543852650297,0.0,0.0,0.0,0.0,0.0,0,0.0,0.0,0.04195275373533636,10.5,0,0,Derby (H) · Wrexham (A),,,,,,,upcoming,1.306369468567667,1.2811771926325148
E1,Burnley,1,1,4,4,2026-08-16 16:00:00,2026-09-02 20:00:00,4,2,5.372153813414908,5.372153813414908,6.565490917095914,0.0,2.0,5.48,6.87,4.605874742665317,4.854592873768215,4,5.0,10.0,0.20137379658985657,6.0,0,0,West Ham (H) · West Brom (A) · Norwich (A) · Middlesbrough (H),-3.372153813414908,-0.766279070749591,-2.605874742665317,-1.3160541935279586,-0.3860803837952415,0.18815585386085854,complete,1.343038453353727,
E1,Burnley,2,5,8,4,2026-09-05 15:00:00,2026-09-19 15:00:00,0,2,6.119759209548551,0.0,0.0,6.108613101488911,0.0,0.0,0.0,0.0,0.0,0,0.0,0.0,-0.0009065086083929735,12.5,0,0,Bristol City (H) · Wrexham (A) · Swansea (A) · Derby (H),,,,,,,upcoming,1.5299398023871378,1.5271532753722277
E1,Burnley,3,9,12,4,2026-10-10 15:00:00,2026-10-24 15:00:00,0,2,6.501733118917967,0.0,0.0,6.470676311851775,0.0,0.0,0.0,0.0,0.0,0,0.0,0.0,-0.10594943203931746,16.25,0,0,Watford (A) · Charlton (H) · Wolves (H) · Lincoln (A),,,,,,,upcoming,1.6254332797294917,1.6176690779629437
E1,Burnley,4,13,16,4,2026-10-31 15:00:00,2026-11-22 12:00:00,0,2,6.65586624972721,0.0,0.0,6.60582463782543,0.0,0.0,0.0,0.0,0.0,0,0.0,0.0,-0.14636087059440864,18.75,0,0,Portsmouth (H) · QPR (A) · Cardiff (A) · Blackburn (H),,,,,,,upcoming,1.6639665624318025,1.6514561594563575
E1,Burnley,5,17,20,4,2026-11-25 19:45:00,2026-12-09 20:00:00,0,2,5.975630953171633,0.0,0.0,5.878291718999817,0.0,0.0,0.0,0.0,0.0,0,0.0,0.0,0.03772403251872831,10.25,0,0,Birmingham (H) · Millwall (A) · Preston (H) · Southampton (A),,,,,,,upcoming,1.4939077382929082,1.4695729297499542
E1,Burnley,6,21,24,4,2026-12-12 15:00:00,2026-12-29 19:45:00,0,2,6.557236626783062,0.0,0.0,6.566381599251028,0.0,0.0,0.0,0.0,0.0,0,0.0,0.0,-0.12172732637749434,16.25,0,0,Sheffield United (A) · Stoke (H) · Bolton (A) · Lincoln (H),,,,,,,upcoming,1.6393091566957656,1.641595399812757
E1,Burnley,7,25,28,4,2027-01-01 17:30:00,2027-01-26 19:45:00,0,2,5.967939591053782,0.0,0.0,5.905293092732142,0.0,0.0,0.0,0.0,0.0,0,0.0,0.0,0.041918238997860686,11.25,0,0,Sheffield United (H) · Wolves (A) · Portsmouth (A) · QPR (H),,,,,,,upcoming,1.4919848977634456,1.4763232731830356
E1,Burnley,8,29,32,4,2027-01-30 15:00:00,2027-02-16 19:45:00,0,2,6.769161557424365,0.0,0.0,6.7347026031776895,0.0,0.0,0.0,0.0,0.0,0,0.0,0.0,-0.1776087965098853,19.5,0,0,Cardiff (H) · Blackburn (A) · Swansea (H) · Charlton (A),,,,,,,upcoming,1.6922903893560912,1.6836756507944224
E1,Burnley,9,33,36,4,2027-02-20 15:00:00,2027-03-06 15:00:00,0,2,5.741549784170301,0.0,0.0,5.755018884487142,0.0,0.0,0.0,0.0,0.0,0,0.0,0.0,0.10797608084840174,10.5,0,0,Derby (A) · Watford (H) · West Brom (H) · West Ham (A),,,,,,,upcoming,1.4353874460425753,1.4387547211217855
E1,Burnley,10,37,40,4,2027-03-13 15:00:00,2027-04-03 15:00:00,0,2,6.4178901487167535,0.0,0.0,6.392301590084131,0.0,0.0,0.0,0.0,0.0,0,0.0,0.0,-0.08275480947464882,15.75,0,0,Millwall (H) · Preston (A) · Bolton (H) · Stoke (A),,,,,,,upcoming,1.6044725371791884,1.5980753975210327
E1,Burnley,11,41,44,4,2027-04-06 19:45:00,2027-04-20 19:45:00,0,2,5.798804281361762,0.0,0.0,5.759158639873846,0.0,0.0,0.0,0.0,0.0,0,0.0,0.0,0.08647614425666632,8.25,0,0,Wrexham (H) · Bristol City (A) · Norwich (H) · Middlesbrough (A),,,,,,,upcoming,1.4497010703404405,1.4397896599684614
E1,Burnley,12,45,46,2,2027-04-24 15:00:00,2027-05-01 12:30:00,0,1,2.8114776869849782,0.0,0.0,2.765897150330172,0.0,0.0,0.0,0.0,0.0,0,0.0,0.0,0.13396512243982162,5.5,0,0,Southampton (H) · Birmingham (A),,,,,,,upcoming,1.4057388434924891,1.382948575165086
E1,Cardiff,1,1,4,4,2026-08-17 20:00:00,2026-09-02 19:45:00,4,2,4.5235637646738365,4.5235637646738365,6.169342774000555,0.0,3.0,6.9,7.12,5.281993917205029,4.8715055611000215,4,6.0,7.0,0.014531163503658552,11.5,0,0,Wrexham (H) · Derby (A) · Sheffield United (H) · QPR (A),-1.5235637646738365,0.7584301525311927,-2.281993917205029,-0.6133963463687351,0.3942035356283191,0.5396143012998404,complete,1.1308909411684591,
E1,Cardiff,2,5,8,4,2026-09-05 15:00:00,2026-09-19 12:30:00,0,2,5.123828602341405,0.0,0.0,5.217249708987763,0.0,0.0,0.0,0.0,0.0,0,0.0,0.0,-0.15203533395494293,18.5,0,0,Portsmouth (A) · Stoke (H) · Bolton (A) · Charlton (H),,,,,,,upcoming,1.2809571505853512,1.3043124272469409
E1,Cardiff,3,9,12,4,2026-10-10 15:00:00,2026-10-24 15:00:00,0,2,4.50134128855682,0.0,0.0,4.554265363163146,0.0,0.0,0.0,0.0,0.0,0,0.0,0.0,0.025818732226018146,11.0,0,0,Blackburn (A) · Watford (H) · Middlesbrough (A) · Birmingham (H),,,,,,,upcoming,1.125335322139205,1.1385663407907864
E1,Cardiff,4,13,16,4,2026-10-31 15:00:00,2026-11-21 12:30:00,0,2,3.636272114729927,0.0,0.0,3.6616089703656924,0.0,0.0,0.0,0.0,0.0,0,0.0,0.0,0.2788257568894319,3.5,0,0,Wolves (A) · West Ham (H) · Burnley (H) · Norwich (A),,,,,,,upcoming,0.9090680286824817,0.9154022425914231
E1,Cardiff,5,17,20,4,2026-11-24 19:45:00,2026-12-08 19:45:00,0,2,5.148425490005052,0.0,0.0,5.146892303040297,0.0,0.0,0.0,0.0,0.0,0,0.0,0.0,-0.1544654501841688,18.0,0,0,Preston (H) · Swansea (A) · Lincoln (H) · West Brom (A),,,,,,,upcoming,1.287106372501263,1.2867230757600743
E1,Cardiff,6,21,24,4,2026-12-12 15:00:00,2026-12-29 20:00:00,0,2,4.30208998097967,0.0,0.0,4.319117158143072,0.0,0.0,0.0,0.0,0.0,0,0.0,0.0,0.07996701558660067,8.75,0,0,Southampton (H) · Bristol City (A) · Millwall (H) · Birmingham (A),,,,,,,upcoming,1.0755224952449176,1.079779289535768
E1,Cardiff,7,25,28,4,2027-01-01 15:00:00,2027-01-27 19:45:00,0,2,3.633579878013532,0.0,0.0,3.6096970091175256,0.0,0.0,0.0,0.0,0.0,0,0.0,0.0,0.2882641862478625,2.75,0,0,Southampton (A) · Middlesbrough (H) · Wolves (H) · West Ham (A),,,,,,,upcoming,0.908394969503383,0.9024242522793814
E1,Cardiff,8,29,32,4,2027-01-30 15:00:00,2027-02-16 19:45:00,0,2,4.652969936020412,0.0,0.0,4.718412503286672,0.0,0.0,0.0,0.0,0.0,0,0.0,0.0,-0.014915626399027902,12.25,0,0,Burnley (A) · Norwich (H) · Bolton (H) · Watford (A),,,,,,,upcoming,1.163242484005103,1.179603125821668
E1,Cardiff,9,33,36,4,2027-02-20 15:00:00,2027-03-06 15:00:00,0,2,4.86877846810184,0.0,0.0,4.960515468605392,0.0,0.0,0.0,0.0,0.0,0,0.0,0.0,-0.07948695296204558,15.75,0,0,Charlton (A) · Blackburn (H) · Derby (H) · Wrexham (A),,,,,,,upcoming,1.21719461702546,1.240128867151348
E1,Cardiff,10,37,40,4,2027-03-13 15:00:00,2027-04-03 15:00:00,0,2,4.921257868361824,0.0,0.0,4.936999879387792,0.0,0.0,0.0,0.0,0.0,0,0.0,0.0,-0.09428158985759798,15.75,0,0,Swansea (H) · Lincoln (A) · Millwall (A) · Bristol City (H),,,,,,,upcoming,1.230314467090456,1.234249969846948
E1,Cardiff,11,41,44,4,2027-04-06 19:45:00,2027-04-21 19:45:00,0,2,4.690467083497988,0.0,0.0,4.738674166109121,0.0,0.0,0.0,0.0,0.0,0,0.0,0.0,-0.026427922374806324,13.5,0,0,Stoke (A) · Portsmouth (H) · Sheffield United (A) · QPR (H),,,,,,,upcoming,1.172616770874497,1.1846685415272802
E1,Cardiff,12,45,46,2,2027-04-24 15:00:00,2027-05-01 12:30:00,0,1,2.4543004612170654,0.0,0.0,2.468817669871119,0.0,0.0,0.0,0.0,0.0,0,0.0,0.0,-0.09439881191976189,16.5,0,0,West Brom (H) · Preston (A),,,,,,,upcoming,1.2271502306085327,1.2344088349355595
E1,Charlton,1,1,4,4,2026-08-15 15:00:00,2026-09-02 19:45:00,4,2,4.214953219291738,4.214953219291738,5.659555617158108,0.0,10.0,3.6,6.71,3.873790458066317,4.49256405918288,4,6.0,3.0,0.08556163578010556,11.5,0,0,Derby (H) · West Ham (A) · Preston (H) · West Brom (A),5.785046780708262,-0.3411627612254211,6.126209541933683,2.4317319960384007,-0.18513768524017918,0.015026821522667433,complete,1.0537383048229345,
E1,Charlton,2,5,8,4,2026-09-05 12:30:00,2026-09-19 12:30:00,0,2,4.817333384371807,0.0,0.0,4.7679734048365585,0.0,0.0,0.0,0.0,0.0,0,0.0,0.0,-0.10691202707599595,16.75,0,0,Stoke (A) · QPR (H) · Portsmouth (H) · Cardiff (A),,,,,,,upcoming,1.2043333460929517,1.1919933512091396
E1,Charlton,3,9,12,4,2026-10-10 12:30:00,2026-10-24 12:30:00,0,2,4.29244947005218,0.0,0.0,4.309642652266502,0.0,0.0,0.0,0.0,0.0,0,0.0,0.0,0.0433168781276876,10.25,0,0,Bristol City (H) · Burnley (A) · Watford (A) · Norwich (H),,,,,,,upcoming,1.073112367513045,1.0774106630666256
E1,Charlton,4,13,16,4,2026-10-31 15:00:00,2026-11-21 15:00:00,0,2,4.198264403907398,0.0,0.0,4.160559505758681,0.0,0.0,0.0,0.0,0.0,0,0.0,0.0,0.08305199122455059,8.75,0,0,Middlesbrough (A) · Bolton (H) · Sheffield United (H) · Wolves (A),,,,,,,upcoming,1.0495661009768495,1.0401398764396703
E1,Charlton,5,17,20,4,2026-11-24 19:45:00,2026-12-08 19:45:00,0,2,4.688785258731102,0.0,0.0,4.645319306328085,0.0,0.0,0.0,0.0,0.0,0,0.0,0.0,-0.06804200559273048,14.5,0,0,Lincoln (H) · Blackburn (A) · Birmingham (H) · Wrexham (A),,,,,,,upcoming,1.1721963146827754,1.1613298265820213
E1,Charlton,6,21,24,4,2026-12-12 15:00:00,2026-12-29 19:45:00,0,2,4.243277328585586,0.0,0.0,4.129347197884643,0.0,0.0,0.0,0.0,0.0,0,0.0,0.0,0.05759532467115587,9.25,0,0,Swansea (H) · Millwall (A) · Southampton (H) · Norwich (A),,,,,,,upcoming,1.0608193321463966,1.0323367994711607
E1,Charlton,7,25,28,4,2027-01-01 15:00:00,2027-01-26 19:45:00,0,2,4.62880486578446,0.0,0.0,4.568171270708642,0.0,0.0,0.0,0.0,0.0,0,0.0,0.0,-0.056963340874082134,14.0,0,0,Swansea (A) · Watford (H) · Middlesbrough (H) · Bolton (A),,,,,,,upcoming,1.157201216446115,1.1420428176771604
E1,Charlton,8,29,32,4,2027-01-30 15:00:00,2027-02-16 19:45:00,0,2,4.024793123435907,0.0,0.0,4.002739197555184,0.0,0.0,0.0,0.0,0.0,0,0.0,0.0,0.11597871526887081,8.0,0,0,Sheffield United (A) · Wolves (H) · Portsmouth (A) · Burnley (H),,,,,,,upcoming,1.0061982808589767,1.000684799388796
E1,Charlton,9,33,36,4,2027-02-20 15:00:00,2027-03-06 15:00:00,0,2,4.213461206654385,0.0,0.0,4.230781107624849,0.0,0.0,0.0,0.0,0.0,0,0.0,0.0,0.0694290501829956,12.0,0,0,Cardiff (H) · Bristol City (A) · West Ham (H) · Derby (A),,,,,,,upcoming,1.0533653016635962,1.0576952769062122
E1,Charlton,10,37,40,4,2027-03-13 15:00:00,2027-04-03 12:30:00,0,2,4.269947161683873,0.0,0.0,4.208740630023595,0.0,0.0,0.0,0.0,0.0,0,0.0,0.0,0.053323806174317645,10.0,0,0,Blackburn (H) · Birmingham (A) · Southampton (A) · Millwall (H),,,,,,,upcoming,1.0674867904209682,1.0521851575058987
E1,Charlton,11,41,44,4,2027-04-06 19:45:00,2027-04-20 19:45:00,0,2,4.658106535706301,0.0,0.0,4.61377064000534,0.0,0.0,0.0,0.0,0.0,0,0.0,0.0,-0.0660605087148401,15.25,0,0,QPR (A) · Stoke (H) · Preston (A) · West Brom (H),,,,,,,upcoming,1.1645266339265752,1.153442660001335
E1,Charlton,12,45,46,2,2027-04-24 15:00:00,2027-05-01 12:30:00,0,1,2.4620094117455906,0.0,0.0,2.4144881891095356,0.0,0.0,0.0,0.0,0.0,0,0.0,0.0,-0.1414173773801082,16.5,0,0,Wrexham (H) · Lincoln (A),,,,,,,upcoming,1.2310047058727953,1.2072440945547678
E1,Derby,1,1,4,4,2026-08-15 15:00:00,2026-09-01 19:45:00,4,2,6.112344557588045,6.112344557588045,6.6356258293978465,0.0,4.0,5.01,7.99,3.963091182370836,5.416595700210756,4,5.0,7.0,-0.17568451986164818,19.25,0,0,Charlton (A) · Cardiff (H) · Swansea (H) · Portsmouth (A),-2.1123445575880453,-2.149253375217209,0.03690881762916387,-0.8200188119753502,-1.0771372565716963,0.4122053830604415,complete,1.5280861393970113,
E1,Derby,2,5,8,4,2026-09-05 15:00:00,2026-09-19 15:00:00,0,2,4.748889052515393,0.0,0.0,4.624063113288695,0.0,0.0,0.0,0.0,0.0,0,0.0,0.0,0.20934516466377132,6.0,0,0,West Ham (A) · West Brom (H) · Birmingham (H) · Burnley (A),,,,,,,upcoming,1.1872222631288483,1.1560157783221738
E1,Derby,3,9,12,4,2026-10-10 15:00:00,2026-10-24 12:30:00,0,2,5.389279281706463,0.0,0.0,5.245303862836187,0.0,0.0,0.0,0.0,0.0,0,0.0,0.0,0.021034890800292652,11.25,0,0,Wrexham (H) · QPR (A) · Stoke (H) · Sheffield United (A),,,,,,,upcoming,1.3473198204266157,1.3113259657090468
E1,Derby,4,13,16,4,2026-10-31 15:00:00,2026-11-21 12:30:00,0,2,5.425454170314383,0.0,0.0,5.257385411409557,0.0,0.0,0.0,0.0,0.0,0,0.0,0.0,0.01317629526762102,11.0,0,0,Millwall (A) · Norwich (H) · Bolton (H) · Southampton (A),,,,,,,upcoming,1.3563635425785958,1.3143463528523893
E1,Derby,5,17,20,4,2026-11-24 20:00:00,2026-12-09 19:45:00,0,2,5.139374617792811,0.0,0.0,5.0362329313750624,0.0,0.0,0.0,0.0,0.0,0,0.0,0.0,0.0962344342546107,8.75,0,0,Wolves (A) · Watford (H) · Middlesbrough (A) · Bristol City (H),,,,,,,upcoming,1.2848436544482027,1.2590582328437656
E1,Derby,6,21,24,4,2026-12-12 15:00:00,2026-12-29 19:45:00,0,2,5.996487380373448,0.0,0.0,5.888885760035977,0.0,0.0,0.0,0.0,0.0,0,0.0,0.0,-0.14518664843706391,17.75,0,0,Blackburn (A) · Lincoln (H) · Preston (A) · Sheffield United (H),,,,,,,upcoming,1.499121845093362,1.4722214400089944
E1,Derby,7,25,28,4,2027-01-01 15:00:00,2027-01-26 19:45:00,0,2,5.3981173971324035,0.0,0.0,5.29440218259671,0.0,0.0,0.0,0.0,0.0,0,0.0,0.0,0.019898555777879027,11.75,0,0,Blackburn (H) · Stoke (A) · Millwall (H) · Norwich (A),,,,,,,upcoming,1.3495293492831009,1.3236005456491775
E1,Derby,8,29,32,4,2027-01-30 15:00:00,2027-02-16 19:45:00,0,2,5.554248365753184,0.0,0.0,5.372093298890946,0.0,0.0,0.0,0.0,0.0,0,0.0,0.0,-0.022916680167893527,12.5,0,0,Bolton (A) · Southampton (H) · Birmingham (A) · QPR (H),,,,,,,upcoming,1.388562091438296,1.3430233247227366
E1,Derby,9,33,36,4,2027-02-20 15:00:00,2027-03-06 15:00:00,0,2,5.702304675138883,0.0,0.0,5.564745174183819,0.0,0.0,0.0,0.0,0.0,0,0.0,0.0,-0.06394508180056675,14.25,0,0,Burnley (H) · Wrexham (A) · Cardiff (A) · Charlton (H),,,,,,,upcoming,1.4255761687847208,1.3911862935459547
E1,Derby,10,37,40,4,2027-03-13 15:00:00,2027-04-03 15:00:00,0,2,5.878789226625443,0.0,0.0,5.726511824496348,0.0,0.0,0.0,0.0,0.0,0,0.0,0.0,-0.11254350304028506,15.75,0,0,Watford (A) · Middlesbrough (H) · Preston (H) · Lincoln (A),,,,,,,upcoming,1.4696973066563608,1.431627956124087
E1,Derby,11,41,44,4,2027-04-07 19:45:00,2027-04-20 19:45:00,0,2,5.166822184117686,0.0,0.0,5.010748126370412,0.0,0.0,0.0,0.0,0.0,0,0.0,0.0,0.08297030415125585,11.75,0,0,West Brom (A) · West Ham (H) · Swansea (A) · Portsmouth (H),,,,,,,upcoming,1.2917055460294216,1.252687031592603
E1,Derby,12,45,46,2,2027-04-24 15:00:00,2027-05-01 12:30:00,0,1,2.4631443359574083,0.0,0.0,2.4210949835992466,0.0,0.0,0.0,0.0,0.0,0,0.0,0.0,0.14616477025183236,8.0,0,0,Bristol City (A) · Wolves (H),,,,,,,upcoming,1.2315721679787042,1.2105474917996233
E1,Lincoln,1,1,4,4,2026-08-15 15:00:00,2026-09-01 19:45:00,4,2,4.44484026919409,4.44484026919409,5.991984234260026,0.0,4.0,6.22,6.6499999999999995,5.630343832185359,4.981311674067947,4,3.0,5.0,-0.07468346992765418,15.5,0,0,Middlesbrough (A) · Portsmouth (H) · Bolton (A) · Blackburn (H),-0.44484026919409025,1.1855035629912685,-1.6303438321853587,-0.1817267098927162,0.6252330219180239,0.8557972035214017,complete,1.1112100672985226,
E1,Lincoln,2,5,8,4,2026-09-05 12:30:00,2026-09-19 15:00:00,0,2,4.277425661012712,0.0,0.0,4.284532817648108,0.0,0.0,0.0,0.0,0.0,0,0.0,0.0,-0.03452261018650987,13.5,0,0,Southampton (H) · Preston (A) · Bristol City (A) · Swansea (H),,,,,,,upcoming,1.069356415253178,1.071133204412027
E1,Lincoln,3,9,12,4,2026-10-10 15:00:00,2026-10-24 15:00:00,0,2,3.4444877983765543,0.0,0.0,3.4661266708035843,0.0,0.0,0.0,0.0,0.0,0,0.0,0.0,0.2151282625570618,5.75,0,0,Sheffield United (A) · West Ham (H) · Millwall (A) · Burnley (H),,,,,,,upcoming,0.8611219495941386,0.8665316677008961
E1,Lincoln,4,13,16,4,2026-10-31 12:30:00,2026-11-21 15:00:00,0,2,4.149078925261449,0.0,0.0,4.139553209072228,0.0,0.0,0.0,0.0,0.0,0,0.0,0.0,0.000558498059994729,12.0,0,0,Birmingham (H) · Watford (A) · QPR (A) · Wrexham (H),,,,,,,upcoming,1.0372697313153623,1.034888302268057
E1,Lincoln,5,17,20,4,2026-11-24 19:45:00,2026-12-09 19:45:00,0,2,4.301308160046395,0.0,0.0,4.354983370969269,0.0,0.0,0.0,0.0,0.0,0,0.0,0.0,-0.043194682389495295,14.25,0,0,Charlton (A) · Wolves (H) · Cardiff (A) · Stoke (H),,,,,,,upcoming,1.0753270400115988,1.0887458427423173
E1,Lincoln,6,21,24,4,2026-12-12 15:00:00,2026-12-29 19:45:00,0,2,3.9292674837721018,0.0,0.0,3.992855128168497,0.0,0.0,0.0,0.0,0.0,0,0.0,0.0,0.0725603103976313,9.0,0,0,Norwich (H) · Derby (A) · West Brom (H) · Burnley (A),,,,,,,upcoming,0.9823168709430254,0.9982137820421243
E1,Lincoln,7,25,28,4,2027-01-01 15:00:00,2027-01-26 19:45:00,0,2,4.0082674034467685,0.0,0.0,4.021472624848406,0.0,0.0,0.0,0.0,0.0,0,0.0,0.0,0.05128689594694333,9.75,0,0,Norwich (A) · Millwall (H) · Birmingham (A) · Watford (H),,,,,,,upcoming,1.0020668508616921,1.0053681562121015
E1,Lincoln,8,29,32,4,2027-01-30 15:00:00,2027-02-16 19:45:00,0,2,4.004390099844623,0.0,0.0,3.9769197996616867,0.0,0.0,0.0,0.0,0.0,0,0.0,0.0,0.07529329541258284,11.75,0,0,QPR (H) · Wrexham (A) · Preston (H) · West Ham (A),,,,,,,upcoming,1.0010975249611558,0.9942299499154217
E1,Lincoln,9,33,36,4,2027-02-20 15:00:00,2027-03-06 15:00:00,0,2,4.076795059653813,0.0,0.0,4.077601206889264,0.0,0.0,0.0,0.0,0.0,0,0.0,0.0,0.021600292385242897,11.0,0,0,Swansea (A) · Sheffield United (H) · Portsmouth (A) · Middlesbrough (H),,,,,,,upcoming,1.0191987649134533,1.019400301722316
E1,Lincoln,10,37,40,4,2027-03-13 15:00:00,2027-04-03 15:00:00,0,2,4.145190246494396,0.0,0.0,4.193528560171364,0.0,0.0,0.0,0.0,0.0,0,0.0,0.0,0.01916528783929276,12.0,0,0,Wolves (A) · Cardiff (H) · West Brom (A) · Derby (H),,,,,,,upcoming,1.036297561623599,1.048382140042841
E1,Lincoln,11,41,44,4,2027-04-06 19:45:00,2027-04-21 19:45:00,0,2,4.403305235832411,0.0,0.0,4.481903942860415,0.0,0.0,0.0,0.0,0.0,0,0.0,0.0,-0.06334186593445539,15.0,0,0,Bristol City (H) · Southampton (A) · Bolton (H) · Blackburn (A),,,,,,,upcoming,1.1008263089581027,1.1204759857151037
E1,Lincoln,12,45,46,2,2027-04-24 15:00:00,2027-05-01 12:30:00,0,1,2.31039096648281,0.0,0.0,2.3657090505801275,0.0,0.0,0.0,0.0,0.0,0,0.0,0.0,-0.12202897262260211,17.0,0,0,Stoke (A) · Charlton (H),,,,,,,upcoming,1.155195483241405,1.1828545252900637
E1,Middlesbrough,1,1,4,4,2026-08-15 15:00:00,2026-09-02 20:00:00,4,2,6.392769391735282,6.392769391735282,6.417512183031914,0.0,7.0,7.529999999999999,4.05,7.516594556905886,7.152254320797035,4,7.0,5.0,-0.074589051642597,15.0,0,0,Lincoln (H) · Blackburn (A) · West Brom (H) · Burnley (A),0.6072306082647181,1.1238251651706044,-0.5165945569058863,0.23970125271242146,0.5727166072535401,0.810561863728682,complete,1.5981923479338205,
E1,Middlesbrough,2,5,8,4,2026-09-05 15:00:00,2026-09-19 15:00:00,0,2,5.950298685492998,0.0,0.0,5.968404827456484,0.0,0.0,0.0,0.0,0.0,0,0.0,0.0,0.047518107438311204,10.0,0,0,QPR (A) · Norwich (H) · Millwall (H) · Birmingham (A),,,,,,,upcoming,1.4875746713732494,1.492101206864121
E1,Middlesbrough,3,9,12,4,2026-10-10 15:00:00,2026-10-23 20:00:00,0,2,6.252086143880224,0.0,0.0,6.351241182854938,0.0,0.0,0.0,0.0,0.0,0,0.0,0.0,-0.03567647685166057,14.0,0,0,Wolves (H) · Stoke (A) · Cardiff (H) · Bolton (A),,,,,,,upcoming,1.563021535970056,1.5878102957137346
E1,Middlesbrough,4,13,16,4,2026-10-31 15:00:00,2026-11-21 15:00:00,0,2,6.411054564844611,0.0,0.0,6.525358099947217,0.0,0.0,0.0,0.0,0.0,0,0.0,0.0,-0.07897418835883432,15.5,0,0,Charlton (H) · Wrexham (A) · Watford (A) · Bristol City (H),,,,,,,upcoming,1.6027636412111528,1.6313395249868043
E1,Middlesbrough,5,17,20,4,2026-11-24 19:45:00,2026-12-08 20:00:00,0,2,5.601663786573468,0.0,0.0,5.661094346049223,0.0,0.0,0.0,0.0,0.0,0,0.0,0.0,0.1485508249742295,8.25,0,0,Swansea (H) · Southampton (A) · Derby (H) · West Ham (A),,,,,,,upcoming,1.400415946643367,1.4152735865123058
E1,Middlesbrough,6,21,24,4,2026-12-12 12:30:00,2026-12-29 19:45:00,0,2,6.549302529248353,0.0,0.0,6.640497200895762,0.0,0.0,0.0,0.0,0.0,0,0.0,0.0,-0.11611171756731556,17.0,0,0,Preston (A) · Portsmouth (H) · Sheffield United (A) · Bolton (H),,,,,,,upcoming,1.6373256323120882,1.6601243002239405
E1,Middlesbrough,7,25,28,4,2027-01-01 15:00:00,2027-01-27 19:45:00,0,2,6.703030222478543,0.0,0.0,6.751052720991813,0.0,0.0,0.0,0.0,0.0,0,0.0,0.0,-0.15665121463124093,18.25,0,0,Preston (H) · Cardiff (A) · Charlton (A) · Wrexham (H),,,,,,,upcoming,1.6757575556196358,1.6877631802479534
E1,Middlesbrough,8,29,32,4,2027-01-30 15:00:00,2027-02-17 19:45:00,0,2,6.103767737284633,0.0,0.0,6.2571135424168,0.0,0.0,0.0,0.0,0.0,0,0.0,0.0,0.0056593624710154725,12.0,0,0,Watford (H) · Bristol City (A) · Norwich (A) · Stoke (H),,,,,,,upcoming,1.5259419343211582,1.5642783856042
E1,Middlesbrough,9,33,36,4,2027-02-20 15:00:00,2027-03-06 15:00:00,0,2,6.167719695763198,0.0,0.0,6.241074506102741,0.0,0.0,0.0,0.0,0.0,0,0.0,0.0,-0.009634090524986899,12.75,0,0,Birmingham (H) · Wolves (A) · Blackburn (H) · Lincoln (A),,,,,,,upcoming,1.5419299239407995,1.5602686265256853
E1,Middlesbrough,10,37,40,4,2027-03-13 15:00:00,2027-04-03 15:00:00,0,2,6.019578719892504,0.0,0.0,6.125586625362722,0.0,0.0,0.0,0.0,0.0,0,0.0,0.0,0.02833834554707205,10.75,0,0,Southampton (H) · Derby (A) · Sheffield United (H) · Portsmouth (A),,,,,,,upcoming,1.504894679973126,1.5313966563406805
E1,Middlesbrough,11,41,44,4,2027-04-06 19:45:00,2027-04-20 19:45:00,0,2,5.994453072560438,0.0,0.0,6.027091637857123,0.0,0.0,0.0,0.0,0.0,0,0.0,0.0,0.034893854729274774,11.0,0,0,Millwall (A) · QPR (H) · West Brom (A) · Burnley (H),,,,,,,upcoming,1.4986132681401094,1.5067729094642808
E1,Middlesbrough,12,45,46,2,2027-04-24 15:00:00,2027-05-01 12:30:00,0,1,2.6462783122019076,0.0,0.0,2.656730291811141,0.0,0.0,0.0,0.0,0.0,0,0.0,0.0,0.22529131961462057,8.0,0,0,West Ham (H) · Swansea (A),,,,,,,upcoming,1.3231391561009538,1.3283651459055705
E1,Millwall,1,1,4,4,2026-08-15 15:00:00,2026-09-02 19:45:00,4,2,5.415322098764066,5.415322098764066,6.53459914799172,0.0,6.0,8.41,5.78,6.497756005321138,5.19568060222199,4,6.0,8.0,0.07309881548581926,8.75,0,0,Bristol City (A) · Norwich (H) · Southampton (A) · Wrexham (H),0.584677901235934,1.082433906557072,-0.49775600532113806,0.22872161212361414,0.5466587282909003,0.8190852959672987,complete,1.3538305246910165,
E1,Millwall,2,5,8,4,2026-09-05 15:00:00,2026-09-19 12:30:00,0,2,5.379160249479401,0.0,0.0,5.493615459406436,0.0,0.0,0.0,0.0,0.0,0,0.0,0.0,0.08456400811976313,11.25,0,0,Bolton (H) · Blackburn (A) · Middlesbrough (A) · West Ham (H),,,,,,,upcoming,1.3447900623698503,1.373403864851609
E1,Millwall,3,9,12,4,2026-10-10 15:00:00,2026-10-24 12:30:00,0,2,6.3506775031071765,0.0,0.0,6.421244490772,0.0,0.0,0.0,0.0,0.0,0,0.0,0.0,-0.1822973704090866,19.25,0,0,Preston (A) · Swansea (H) · Lincoln (H) · Portsmouth (A),,,,,,,upcoming,1.5876693757767941,1.605311122693
E1,Millwall,4,13,16,4,2026-10-31 15:00:00,2026-11-21 12:30:00,0,2,5.6608586565068,0.0,0.0,5.763358328144455,0.0,0.0,0.0,0.0,0.0,0,0.0,0.0,0.007058049918885329,12.0,0,0,Derby (H) · Birmingham (A) · West Brom (A) · QPR (H),,,,,,,upcoming,1.4152146641267,1.4408395820361137
E1,Millwall,5,17,20,4,2026-11-25 20:00:00,2026-12-08 19:45:00,0,2,5.486886710797196,0.0,0.0,5.657884505561546,0.0,0.0,0.0,0.0,0.0,0,0.0,0.0,0.052522948660673474,9.75,0,0,Stoke (A) · Burnley (H) · Watford (A) · Sheffield United (H),,,,,,,upcoming,1.371721677699299,1.4144711263903864
E1,Millwall,6,21,24,4,2026-12-12 15:00:00,2026-12-29 19:45:00,0,2,5.993728843583022,0.0,0.0,6.092326342240822,0.0,0.0,0.0,0.0,0.0,0,0.0,0.0,-0.08071924925967085,16.0,0,0,Wolves (A) · Charlton (H) · Cardiff (A) · Portsmouth (H),,,,,,,upcoming,1.4984322108957555,1.5230815855602056
E1,Millwall,7,25,28,4,2027-01-01 12:30:00,2027-01-26 19:45:00,0,2,5.595092320920076,0.0,0.0,5.709831017333228,0.0,0.0,0.0,0.0,0.0,0,0.0,0.0,0.023311025696791707,11.0,0,0,Wolves (H) · Lincoln (A) · Derby (A) · Birmingham (H),,,,,,,upcoming,1.398773080230019,1.427457754333307
E1,Millwall,8,29,32,4,2027-01-30 15:00:00,2027-02-17 19:45:00,0,2,5.966025736350939,0.0,0.0,6.032830400263771,0.0,0.0,0.0,0.0,0.0,0,0.0,0.0,-0.07707984428856107,16.0,0,0,West Brom (H) · QPR (A) · Blackburn (H) · Swansea (A),,,,,,,upcoming,1.4915064340877346,1.5082076000659428
E1,Millwall,9,33,36,4,2027-02-21 12:00:00,2027-03-06 15:00:00,0,2,5.3372119981290735,0.0,0.0,5.459697906948774,0.0,0.0,0.0,0.0,0.0,0,0.0,0.0,0.10496782857996106,10.5,0,0,West Ham (A) · Preston (H) · Norwich (A) · Bristol City (H),,,,,,,upcoming,1.3343029995322684,1.3649244767371935
E1,Millwall,10,37,40,4,2027-03-13 15:00:00,2027-04-03 12:30:00,0,2,6.081746802454217,0.0,0.0,6.216804658647849,0.0,0.0,0.0,0.0,0.0,0,0.0,0.0,-0.10651750021119605,16.0,0,0,Burnley (A) · Watford (H) · Cardiff (H) · Charlton (A),,,,,,,upcoming,1.5204367006135542,1.5542011646619622
E1,Millwall,11,41,44,4,2027-04-06 19:45:00,2027-04-20 19:45:00,0,2,5.544817467587322,0.0,0.0,5.597103761782244,0.0,0.0,0.0,0.0,0.0,0,0.0,0.0,0.03709522137003197,9.75,0,0,Middlesbrough (H) · Bolton (A) · Southampton (H) · Wrexham (A),,,,,,,upcoming,1.3862043668968305,1.399275940445561
E1,Millwall,12,45,46,2,2027-04-24 15:00:00,2027-05-01 12:30:00,0,1,2.7326076396063117,0.0,0.0,2.8242859692154703,0.0,0.0,0.0,0.0,0.0,0,0.0,0.0,0.05991549450065675,9.5,0,0,Sheffield United (A) · Stoke (H),,,,,,,upcoming,1.3663038198031559,1.4121429846077351
E1,Norwich,1,1,4,4,2026-08-15 15:00:00,2026-09-01 20:00:00,4,2,5.534306702903478,5.534306702903478,6.565379964007542,0.0,3.0,6.91,6.549999999999999,6.315310590245556,6.431449672353532,4,5.0,7.0,0.07129681534361278,9.5,0,0,West Brom (H) · Millwall (A) · Burnley (H) · Stoke (A),-2.5343067029034776,0.7810038873420782,-3.3153105902455557,-0.9890750336912467,0.39350262842707223,0.3226264317022449,complete,1.3835766757258694,
E1,Norwich,2,5,8,4,2026-09-05 15:00:00,2026-09-20 13:30:00,0,2,5.656435492266976,0.0,0.0,5.668322972153383,0.0,0.0,0.0,0.0,0.0,0,0.0,0.0,0.03927949860824107,9.75,0,0,Sheffield United (A) · Birmingham (H) · Middlesbrough (A) · Bolton (H),,,,,,,upcoming,1.414108873066744,1.4170807430383459
E1,Norwich,3,9,12,4,2026-10-10 12:30:00,2026-10-24 12:30:00,0,2,6.101461983967377,0.0,0.0,6.081480518536661,0.0,0.0,0.0,0.0,0.0,0,0.0,0.0,-0.08274926994723361,15.25,0,0,Swansea (A) · Southampton (H) · Portsmouth (H) · Charlton (A),,,,,,,upcoming,1.5253654959918443,1.5203701296341652
E1,Norwich,4,13,16,4,2026-10-31 12:30:00,2026-11-21 12:30:00,0,2,6.109518478807887,0.0,0.0,6.207200108321437,0.0,0.0,0.0,0.0,0.0,0,0.0,0.0,-0.08492803309995205,15.75,0,0,Watford (H) · Derby (A) · Bristol City (A) · Cardiff (H),,,,,,,upcoming,1.5273796197019718,1.5518000270803594
E1,Norwich,5,17,20,4,2026-11-24 19:45:00,2026-12-08 19:45:00,0,2,6.112787759115269,0.0,0.0,6.0929703487445686,0.0,0.0,0.0,0.0,0.0,0,0.0,0.0,-0.08587845928307163,16.25,0,0,QPR (H) · Preston (A) · Wrexham (H) · Blackburn (A),,,,,,,upcoming,1.5281969397788173,1.5232425871861421
E1,Norwich,6,21,24,4,2026-12-12 15:00:00,2026-12-29 19:45:00,0,2,5.650577368760884,0.0,0.0,5.654388657886496,0.0,0.0,0.0,0.0,0.0,0,0.0,0.0,0.04840765124363018,12.5,0,0,Lincoln (A) · Wolves (H) · West Ham (A) · Charlton (H),,,,,,,upcoming,1.412644342190221,1.413597164471624
E1,Norwich,7,25,28,4,2027-01-01 15:00:00,2027-01-26 19:45:00,0,2,6.3068128709666365,0.0,0.0,6.37408041943346,0.0,0.0,0.0,0.0,0.0,0,0.0,0.0,-0.1397675434081142,17.5,0,0,Lincoln (H) · Portsmouth (A) · Watford (A) · Derby (H),,,,,,,upcoming,1.5767032177416591,1.593520104858365
E1,Norwich,8,29,32,4,2027-01-30 15:00:00,2027-02-17 19:45:00,0,2,5.734910738937233,0.0,0.0,5.738570465583787,0.0,0.0,0.0,0.0,0.0,0,0.0,0.0,0.017321264281583947,10.75,0,0,Bristol City (H) · Cardiff (A) · Middlesbrough (H) · Southampton (A),,,,,,,upcoming,1.4337276847343083,1.4346426163959467
E1,Norwich,9,33,36,4,2027-02-20 15:00:00,2027-03-06 15:00:00,0,2,6.0331463060656185,0.0,0.0,6.009463936576163,0.0,0.0,0.0,0.0,0.0,0,0.0,0.0,-0.06401794817521485,15.0,0,0,Bolton (A) · Swansea (H) · Millwall (H) · West Brom (A),,,,,,,upcoming,1.5082865765164046,1.5023659841440407
E1,Norwich,10,37,40,4,2027-03-13 15:00:00,2027-04-03 15:00:00,0,2,5.1482353728696095,0.0,0.0,5.122872936169408,0.0,0.0,0.0,0.0,0.0,0,0.0,0.0,0.18004241739958785,8.0,0,0,Preston (H) · Wrexham (A) · West Ham (H) · Wolves (A),,,,,,,upcoming,1.2870588432174024,1.280718234042352
E1,Norwich,11,41,44,4,2027-04-07 20:00:00,2027-04-20 19:45:00,0,2,5.399315393474069,0.0,0.0,5.459183881517954,0.0,0.0,0.0,0.0,0.0,0,0.0,0.0,0.10973078952273682,7.25,0,0,Birmingham (A) · Sheffield United (H) · Burnley (A) · Stoke (H),,,,,,,upcoming,1.3498288483685172,1.3647959703794885
E1,Norwich,12,45,46,2,2027-04-24 15:00:00,2027-05-01 12:30:00,0,1,3.1133099333989813,0.0,0.0,3.1113517916449753,0.0,0.0,0.0,0.0,0.0,0,0.0,0.0,-0.11661989254674371,18.0,0,0,Blackburn (H) · QPR (A),,,,,,,upcoming,1.5566549666994907,1.5556758958224877
E1,Portsmouth,1,1,4,4,2026-08-15 15:00:00,2026-09-01 19:45:00,4,2,5.448071944457114,5.448071944457113,6.551926115711444,0.0,3.0,5.71,6.0,5.418118173824624,5.566417232190473,4,5.0,8.0,-0.11881739915270045,16.75,0,0,QPR (H) · Lincoln (A) · Bristol City (A) · Derby (H),-2.448071944457113,-0.029953770632489274,-2.418118173824624,-0.9564002503364224,-0.015107457425647446,0.3388700583071267,complete,1.3620179861142785,
E1,Portsmouth,2,5,8,4,2026-09-05 15:00:00,2026-10-11 12:00:00,0,2,5.486692497835225,0.0,0.0,5.480810189764416,0.0,0.0,0.0,0.0,0.0,0,0.0,0.0,-0.12612265267640055,17.0,0,0,Cardiff (H) · Charlton (A) · Blackburn (H) · Southampton (A),,,,,,,upcoming,1.3716731244588063,1.370202547441104
E1,Portsmouth,3,9,12,4,2026-10-14 19:45:00,2026-10-24 12:30:00,0,2,4.534206995962253,0.0,0.0,4.500838362360297,0.0,0.0,0.0,0.0,0.0,0,0.0,0.0,0.14010945005990824,6.75,0,0,Sheffield United (H) · Norwich (A) · Wolves (A) · Millwall (H),,,,,,,upcoming,1.1335517489905633,1.1252095905900743
E1,Portsmouth,4,13,16,4,2026-10-31 15:00:00,2026-11-21 15:00:00,0,2,5.116054485030564,0.0,0.0,5.12437519334698,0.0,0.0,0.0,0.0,0.0,0,0.0,0.0,-0.02491601648672568,13.0,0,0,Burnley (A) · Swansea (H) · Stoke (H) · Bolton (A),,,,,,,upcoming,1.279013621257641,1.281093798336745
E1,Portsmouth,5,17,20,4,2026-11-24 19:45:00,2026-12-09 19:45:00,0,2,4.655470782254799,0.0,0.0,4.621000076514022,0.0,0.0,0.0,0.0,0.0,0,0.0,0.0,0.10200360938166309,10.75,0,0,West Ham (H) · Wrexham (A) · West Brom (H) · Preston (A),,,,,,,upcoming,1.1638676955636997,1.1552500191285056
E1,Portsmouth,6,21,24,4,2026-12-12 15:00:00,2026-12-29 19:45:00,0,2,4.764246441505736,0.0,0.0,4.723212977992081,0.0,0.0,0.0,0.0,0.0,0,0.0,0.0,0.07351580635787155,8.75,0,0,Birmingham (H) · Middlesbrough (A) · Watford (H) · Millwall (A),,,,,,,upcoming,1.191061610376434,1.1808032444980203
E1,Portsmouth,7,25,28,4,2027-01-01 15:00:00,2027-01-27 19:45:00,0,2,4.703220700959813,0.0,0.0,4.669219153169672,0.0,0.0,0.0,0.0,0.0,0,0.0,0.0,0.0867112438665703,8.0,0,0,Birmingham (A) · Norwich (H) · Burnley (H) · Swansea (A),,,,,,,upcoming,1.1758051752399532,1.167304788292418
E1,Portsmouth,8,29,32,4,2027-01-30 15:00:00,2027-02-16 19:45:00,0,2,5.403856447375792,0.0,0.0,5.4524607234360545,0.0,0.0,0.0,0.0,0.0,0,0.0,0.0,-0.10209487769381786,16.0,0,0,Stoke (A) · Bolton (H) · Charlton (H) · Sheffield United (A),,,,,,,upcoming,1.350964111843948,1.3631151808590136
E1,Portsmouth,9,33,36,4,2027-02-20 15:00:00,2027-03-06 15:00:00,0,2,5.430262209510876,0.0,0.0,5.382413475289411,0.0,0.0,0.0,0.0,0.0,0,0.0,0.0,-0.1140898466641749,16.25,0,0,Blackburn (A) · Southampton (H) · Lincoln (H) · QPR (A),,,,,,,upcoming,1.357565552377719,1.3456033688223528
E1,Portsmouth,10,37,40,4,2027-03-13 15:00:00,2027-04-03 15:00:00,0,2,4.862070702425947,0.0,0.0,4.8261762699556545,0.0,0.0,0.0,0.0,0.0,0,0.0,0.0,0.04093950664773904,10.25,0,0,Wrexham (H) · West Brom (A) · Watford (A) · Middlesbrough (H),,,,,,,upcoming,1.2155176756064867,1.2065440674889136
E1,Portsmouth,11,41,44,4,2027-04-06 19:45:00,2027-04-20 19:45:00,0,2,4.955079288237751,0.0,0.0,4.994113849029032,0.0,0.0,0.0,0.0,0.0,0,0.0,0.0,0.016052300378420835,12.25,0,0,Wolves (H) · Cardiff (A) · Bristol City (H) · Derby (A),,,,,,,upcoming,1.2387698220594376,1.248528462257258
E1,Portsmouth,12,45,46,2,2027-04-24 15:00:00,2027-05-01 12:30:00,0,1,2.2653700333276183,0.0,0.0,2.2507308045395784,0.0,0.0,0.0,0.0,0.0,0,0.0,0.0,0.16843230372523713,10.5,0,0,Preston (H) · West Ham (A),,,,,,,upcoming,1.1326850166638092,1.1253654022697892
E1,Preston,1,1,4,4,2026-08-15 12:30:00,2026-09-01 19:45:00,4,2,4.970029867792395,4.970029867792395,6.420475926348607,0.0,0.0,4.66,4.53,5.471742066024102,4.658232369227278,4,3.0,9.0,-0.058970239818230054,15.25,0,0,Bolton (A) · Wolves (H) · Charlton (A) · Bristol City (H),-4.970029867792395,0.501712198231707,-5.471742066024102,-1.961441625936337,0.2556203493761444,0.049827528224072326,complete,1.2425074669480987,
E1,Preston,2,5,8,4,2026-09-05 12:30:00,2026-09-19 15:00:00,0,2,5.390052165976676,0.0,0.0,5.4103965642565885,0.0,0.0,0.0,0.0,0.0,0,0.0,0.0,-0.17159105337405525,19.0,0,0,Blackburn (H) · Watford (A) · Lincoln (H) · QPR (A),,,,,,,upcoming,1.347513041494169,1.3525991410641471
E1,Preston,3,9,12,4,2026-10-10 15:00:00,2026-10-24 15:00:00,0,2,4.53225828700538,0.0,0.0,4.514418986837728,0.0,0.0,0.0,0.0,0.0,0,0.0,0.0,0.06815121474822156,9.5,0,0,Millwall (H) · Birmingham (A) · Wrexham (A) · West Brom (H),,,,,,,upcoming,1.133064571751345,1.128604746709432
E1,Preston,4,13,16,4,2026-10-31 12:30:00,2026-11-21 15:00:00,0,2,4.1325740737230285,0.0,0.0,4.176032329669595,0.0,0.0,0.0,0.0,0.0,0,0.0,0.0,0.19408955089112345,6.25,0,0,Stoke (A) · Sheffield United (H) · Southampton (H) · West Ham (A),,,,,,,upcoming,1.0331435184307571,1.0440080824173987
E1,Preston,5,17,20,4,2026-11-24 19:45:00,2026-12-09 19:45:00,0,2,4.836835030542603,0.0,0.0,4.862683541571187,0.0,0.0,0.0,0.0,0.0,0,0.0,0.0,-0.016836097840892496,12.5,0,0,Cardiff (A) · Norwich (H) · Burnley (A) · Portsmouth (H),,,,,,,upcoming,1.2092087576356507,1.2156708853927967
E1,Preston,6,21,24,4,2026-12-12 12:30:00,2026-12-29 19:45:00,0,2,4.651290313110567,0.0,0.0,4.666204219576338,0.0,0.0,0.0,0.0,0.0,0,0.0,0.0,0.030512595922577074,10.75,0,0,Middlesbrough (H) · Swansea (A) · Derby (H) · West Brom (A),,,,,,,upcoming,1.1628225782776418,1.1665510548940845
E1,Preston,7,25,28,4,2027-01-01 15:00:00,2027-01-26 19:45:00,0,2,4.437968012410951,0.0,0.0,4.469096799834109,0.0,0.0,0.0,0.0,0.0,0,0.0,0.0,0.09568221478965219,7.75,0,0,Middlesbrough (A) · Wrexham (H) · Stoke (H) · Sheffield United (A),,,,,,,upcoming,1.1094920031027378,1.1172741999585272
E1,Preston,8,29,32,4,2027-01-30 15:00:00,2027-02-16 19:45:00,0,2,4.392767595397055,0.0,0.0,4.384000877173816,0.0,0.0,0.0,0.0,0.0,0,0.0,0.0,0.10805853740217503,9.0,0,0,Southampton (A) · West Ham (H) · Lincoln (A) · Birmingham (H),,,,,,,upcoming,1.0981918988492638,1.096000219293454
E1,Preston,9,33,36,4,2027-02-20 15:00:00,2027-03-06 15:00:00,0,2,4.792458244428987,0.0,0.0,4.761395517062848,0.0,0.0,0.0,0.0,0.0,0,0.0,0.0,0.004237008457682233,12.75,0,0,QPR (H) · Millwall (A) · Wolves (A) · Bolton (H),,,,,,,upcoming,1.1981145611072468,1.190348879265712
E1,Preston,10,37,40,4,2027-03-13 15:00:00,2027-04-03 15:00:00,0,2,4.571880804019877,0.0,0.0,4.607334481643415,0.0,0.0,0.0,0.0,0.0,0,0.0,0.0,0.055633847813578725,9.5,0,0,Norwich (A) · Burnley (H) · Derby (A) · Swansea (H),,,,,,,upcoming,1.1429702010049692,1.1518336204108537
E1,Preston,11,41,44,4,2027-04-07 19:45:00,2027-04-21 19:45:00,0,2,5.23391681526394,0.0,0.0,5.336586314309637,0.0,0.0,0.0,0.0,0.0,0,0.0,0.0,-0.12836127818217044,18.0,0,0,Watford (H) · Blackburn (A) · Charlton (H) · Bristol City (A),,,,,,,upcoming,1.308479203815985,1.3341465785774091
E1,Preston,12,45,46,2,2027-04-24 15:00:00,2027-05-01 12:30:00,0,1,2.702986691798217,0.0,0.0,2.7102592895348265,0.0,0.0,0.0,0.0,0.0,0,0.0,0.0,-0.1761018486420736,19.5,0,0,Portsmouth (A) · Cardiff (H),,,,,,,upcoming,1.3514933458991085,1.3551296447674133
E1,QPR,1,1,4,4,2026-08-15 15:00:00,2026-09-02 19:45:00,4,2,5.694932795869818,5.694932795869818,6.520420110625433,0.0,10.0,7.9,3.74,8.169440704412727,6.119337506210466,4,7.0,3.0,-0.18099604861291582,20.0,0,0,Portsmouth (A) · Bolton (H) · Blackburn (A) · Cardiff (H),4.305067204130182,2.4745079085429094,1.830559295587273,1.6859401225874617,1.2510522025864104,0.09180733291274468,complete,1.4237331989674544,
E1,QPR,2,5,8,4,2026-09-05 15:00:00,2026-09-19 15:00:00,0,2,5.286062682536774,0.0,0.0,5.400663950985039,0.0,0.0,0.0,0.0,0.0,0,0.0,0.0,-0.06996952889616045,14.75,0,0,Middlesbrough (H) · Charlton (A) · West Brom (A) · Preston (H),,,,,,,upcoming,1.3215156706341935,1.3501659877462597
E1,QPR,3,9,12,4,2026-10-09 20:00:00,2026-10-24 15:00:00,0,2,4.56074563269219,0.0,0.0,4.685144117769418,0.0,0.0,0.0,0.0,0.0,0,0.0,0.0,0.14825745912641253,8.5,0,0,West Ham (A) · Derby (H) · Birmingham (A) · Swansea (H),,,,,,,upcoming,1.1401864081730475,1.1712860294423546
E1,QPR,4,13,16,4,2026-10-31 15:00:00,2026-11-21 12:30:00,0,2,5.019520766071098,0.0,0.0,5.1051791727930285,0.0,0.0,0.0,0.0,0.0,0,0.0,0.0,0.007667703738688619,10.75,0,0,Southampton (A) · Burnley (H) · Lincoln (H) · Millwall (A),,,,,,,upcoming,1.2548801915177745,1.2762947931982571
E1,QPR,5,17,20,4,2026-11-24 19:45:00,2026-12-08 19:45:00,0,2,4.557685351521378,0.0,0.0,4.713228116430754,0.0,0.0,0.0,0.0,0.0,0,0.0,0.0,0.13186121944646756,7.0,0,0,Norwich (A) · Sheffield United (H) · Stoke (A) · Wolves (H),,,,,,,upcoming,1.1394213378803446,1.1783070291076885
E1,QPR,6,21,24,4,2026-12-12 12:30:00,2026-12-29 19:45:00,0,2,5.134632730596983,0.0,0.0,5.270054864774129,0.0,0.0,0.0,0.0,0.0,0,0.0,0.0,-0.02703695341746475,13.5,0,0,Watford (H) · Wrexham (A) · Bristol City (H) · Swansea (A),,,,,,,upcoming,1.2836581826492457,1.3175137161935322
E1,QPR,7,25,28,4,2027-01-01 15:00:00,2027-01-26 19:45:00,0,2,4.712331706510662,0.0,0.0,4.835047755177249,0.0,0.0,0.0,0.0,0.0,0,0.0,0.0,0.0895477626302559,7.75,0,0,Watford (A) · Birmingham (H) · Southampton (H) · Burnley (A),,,,,,,upcoming,1.1780829266276656,1.2087619387943123
E1,QPR,8,29,32,4,2027-01-30 15:00:00,2027-02-16 19:45:00,0,2,5.288624233507159,0.0,0.0,5.422935226388037,0.0,0.0,0.0,0.0,0.0,0,0.0,0.0,-0.07105322046404983,14.75,0,0,Lincoln (A) · Millwall (H) · West Brom (H) · Derby (A),,,,,,,upcoming,1.3221560583767897,1.3557338065970093
E1,QPR,9,33,36,4,2027-02-20 15:00:00,2027-03-06 15:00:00,0,2,5.062612933579629,0.0,0.0,5.198643876667187,0.0,0.0,0.0,0.0,0.0,0,0.0,0.0,-0.006804695781023315,15.25,0,0,Preston (A) · West Ham (H) · Bolton (A) · Portsmouth (H),,,,,,,upcoming,1.2656532333949073,1.2996609691667969
E1,QPR,10,37,40,4,2027-03-13 15:00:00,2027-04-03 15:00:00,0,2,4.872111294908904,0.0,0.0,5.056101961650803,0.0,0.0,0.0,0.0,0.0,0,0.0,0.0,0.04463221730850098,10.5,0,0,Sheffield United (A) · Stoke (H) · Bristol City (A) · Wrexham (H),,,,,,,upcoming,1.218027823727226,1.2640254904127008
E1,QPR,11,41,44,4,2027-04-06 19:45:00,2027-04-21 19:45:00,0,2,5.458816428125685,0.0,0.0,5.5949118378741645,0.0,0.0,0.0,0.0,0.0,0,0.0,0.0,-0.11274532390555346,16.5,0,0,Charlton (H) · Middlesbrough (A) · Blackburn (H) · Cardiff (A),,,,,,,upcoming,1.3647041070314212,1.3987279594685411
E1,QPR,12,45,46,2,2027-04-24 15:00:00,2027-05-01 12:30:00,0,1,2.1684302358323997,0.0,0.0,2.2197777583043328,0.0,0.0,0.0,0.0,0.0,0,0.0,0.0,0.20380694439227837,4.5,0,0,Wolves (A) · Norwich (H),,,,,,,upcoming,1.0842151179161998,1.1098888791521664
E1,Sheffield United,1,1,4,4,2026-08-15 17:30:00,2026-09-01 19:45:00,4,2,6.132636133680376,6.132636133680376,6.618276465649857,0.0,6.0,5.6,6.02,5.212715219820231,6.376726986532941,4,5.0,4.0,-0.10606807869728042,16.0,0,0,Birmingham (H) · Swansea (A) · Cardiff (A) · Bolton (H),-0.13263613368037586,-0.9199209138601452,0.7872847801797693,-0.05155720924637342,-0.46163891827170445,0.9588815160384561,complete,1.533159033420094,
E1,Sheffield United,2,5,8,4,2026-09-05 15:00:00,2026-09-19 12:30:00,0,2,5.446610177385628,0.0,0.0,5.444069803198582,0.0,0.0,0.0,0.0,0.0,0,0.0,0.0,0.07999648653710532,9.75,0,0,Norwich (H) · Blackburn (A) · Wolves (H) · Stoke (A),,,,,,,upcoming,1.361652544346407,1.3610174507996455
E1,Sheffield United,3,9,12,4,2026-10-10 15:00:00,2026-10-24 12:30:00,0,2,6.181557098351172,0.0,0.0,6.207612385189691,0.0,0.0,0.0,0.0,0.0,0,0.0,0.0,-0.11993900540853801,17.0,0,0,Lincoln (H) · Portsmouth (A) · Bristol City (A) · Derby (H),,,,,,,upcoming,1.545389274587793,1.5519030962974227
E1,Sheffield United,4,13,16,4,2026-10-30 20:00:00,2026-11-21 15:00:00,0,2,6.190691240665857,0.0,0.0,6.142673668099806,0.0,0.0,0.0,0.0,0.0,0,0.0,0.0,-0.12121717142670671,17.0,0,0,Wrexham (H) · Preston (A) · Charlton (A) · Watford (H),,,,,,,upcoming,1.5476728101664643,1.5356684170249515
E1,Sheffield United,5,17,20,4,2026-11-24 19:45:00,2026-12-08 19:45:00,0,2,5.180067676405929,0.0,0.0,5.058470435082322,0.0,0.0,0.0,0.0,0.0,0,0.0,0.0,0.15351893149927665,8.25,0,0,Southampton (H) · QPR (A) · West Ham (H) · Millwall (A),,,,,,,upcoming,1.2950169191014822,1.2646176087705805
E1,Sheffield United,6,21,24,4,2026-12-12 15:00:00,2026-12-29 19:45:00,0,2,5.3917752393622385,0.0,0.0,5.373928759335953,0.0,0.0,0.0,0.0,0.0,0,0.0,0.0,0.09478922080855952,8.0,0,0,Burnley (H) · West Brom (A) · Middlesbrough (H) · Derby (A),,,,,,,upcoming,1.3479438098405596,1.3434821898339881
E1,Sheffield United,7,25,28,4,2027-01-01 17:30:00,2027-01-26 19:45:00,0,2,5.696417827942918,0.0,0.0,5.671667349265787,0.0,0.0,0.0,0.0,0.0,0,0.0,0.0,0.014825226400221526,11.75,0,0,Burnley (A) · Bristol City (H) · Wrexham (A) · Preston (H),,,,,,,upcoming,1.4241044569857295,1.4179168373164468
E1,Sheffield United,8,29,32,4,2027-01-30 15:00:00,2027-02-16 19:45:00,0,2,5.9223997605099195,0.0,0.0,5.895716324904248,0.0,0.0,0.0,0.0,0.0,0,0.0,0.0,-0.04528520605513663,14.75,0,0,Charlton (H) · Watford (A) · Wolves (A) · Portsmouth (H),,,,,,,upcoming,1.4805999401274799,1.473929081226062
E1,Sheffield United,9,33,36,4,2027-02-20 15:00:00,2027-03-06 15:00:00,0,2,5.988546910260086,0.0,0.0,5.933350289774929,0.0,0.0,0.0,0.0,0.0,0,0.0,0.0,-0.06515051760855153,14.0,0,0,Stoke (H) · Lincoln (A) · Swansea (H) · Birmingham (A),,,,,,,upcoming,1.4971367275650216,1.4833375724437323
E1,Sheffield United,10,37,40,4,2027-03-13 15:00:00,2027-04-03 15:00:00,0,2,5.237181284897102,0.0,0.0,5.144103377655984,0.0,0.0,0.0,0.0,0.0,0,0.0,0.0,0.14895538301142525,8.5,0,0,QPR (H) · West Ham (A) · Middlesbrough (A) · West Brom (H),,,,,,,upcoming,1.3092953212242755,1.286025844413996
E1,Sheffield United,11,41,44,4,2027-04-07 19:45:00,2027-04-20 19:45:00,0,2,6.215945858352352,0.0,0.0,6.195336772391873,0.0,0.0,0.0,0.0,0.0,0,0.0,0.0,-0.12745602877864695,17.25,0,0,Blackburn (H) · Norwich (A) · Cardiff (H) · Bolton (A),,,,,,,upcoming,1.553986464588088,1.5488341930979683
E1,Sheffield United,12,45,46,2,2027-04-24 15:00:00,2027-05-01 12:30:00,0,1,2.687977037347479,0.0,0.0,2.6215562622662407,0.0,0.0,0.0,0.0,0.0,0,0.0,0.0,0.10131424615398804,7.5,0,0,Millwall (H) · Southampton (A),,,,,,,upcoming,1.3439885186737395,1.3107781311331204
E1,Southampton,1,1,4,4,2026-08-16 13:30:00,2026-09-01 20:00:00,4,2,5.798702465452249,5.798702465452248,6.607943854524572,0.0,7.0,8.14,5.0,7.21967621607816,6.683698008328005,4,10.0,5.0,0.03527144298285,10.75,0,0,Watford (A) · Stoke (H) · Millwall (H) · Birmingham (A),1.2012975345477521,1.4209737506259117,-0.21967621607815957,0.46732327721470523,0.7136368343295351,0.6402686050670492,complete,1.4496756163630622,
E1,Southampton,2,5,8,4,2026-09-05 12:30:00,2026-09-19 15:00:00,0,2,6.2715274463694595,0.0,0.0,6.356306477925068,0.0,0.0,0.0,0.0,0.0,0,0.0,0.0,-0.09259157416611526,15.5,0,0,Lincoln (A) · Swansea (H) · Bristol City (H) · Wrexham (A),,,,,,,upcoming,1.5678818615923649,1.589076619481267
E1,Southampton,3,9,12,4,2026-10-11 12:00:00,2026-10-24 15:00:00,0,2,5.719561249052981,0.0,0.0,5.824380464681738,0.0,0.0,0.0,0.0,0.0,0,0.0,0.0,0.06425937435707206,12.0,0,0,Portsmouth (H) · Norwich (A) · Bolton (H) · West Ham (A),,,,,,,upcoming,1.4298903122632451,1.4560951161704345
E1,Southampton,4,13,16,4,2026-10-31 15:00:00,2026-11-21 12:30:00,0,2,6.195206503822133,0.0,0.0,6.294003741344732,0.0,0.0,0.0,0.0,0.0,0,0.0,0.0,-0.0725642360114742,15.5,0,0,QPR (H) · West Brom (A) · Preston (A) · Derby (H),,,,,,,upcoming,1.5488016259555333,1.573500935336183
E1,Southampton,5,17,20,4,2026-11-24 19:45:00,2026-12-09 20:00:00,0,2,5.228511962545037,0.0,0.0,5.318892876766161,0.0,0.0,0.0,0.0,0.0,0,0.0,0.0,0.1917476455140679,4.25,0,0,Sheffield United (A) · Middlesbrough (H) · Wolves (A) · Burnley (H),,,,,,,upcoming,1.3071279906362592,1.3297232191915402
E1,Southampton,6,21,24,4,2026-12-12 15:00:00,2026-12-29 20:15:00,0,2,6.037693384850672,0.0,0.0,6.163090574225642,0.0,0.0,0.0,0.0,0.0,0,0.0,0.0,-0.029266776103333225,16.0,0,0,Cardiff (A) · Blackburn (H) · Charlton (A) · West Ham (H),,,,,,,upcoming,1.509423346212668,1.5407726435564104
E1,Southampton,7,25,28,4,2027-01-01 15:00:00,2027-01-26 19:45:00,0,2,6.479802662155174,0.0,0.0,6.554515491724366,0.0,0.0,0.0,0.0,0.0,0,0.0,0.0,-0.15011824548392333,18.25,0,0,Cardiff (H) · Bolton (A) · QPR (A) · West Brom (H),,,,,,,upcoming,1.6199506655387934,1.6386288729310916
E1,Southampton,8,29,32,4,2027-01-30 15:00:00,2027-02-17 19:45:00,0,2,6.0116004992523315,0.0,0.0,6.174370049664454,0.0,0.0,0.0,0.0,0.0,0,0.0,0.0,-0.023258809893914798,13.25,0,0,Preston (H) · Derby (A) · Bristol City (A) · Norwich (H),,,,,,,upcoming,1.5029001248130829,1.5435925124161134
E1,Southampton,9,33,36,4,2027-02-20 15:00:00,2027-03-06 15:00:00,0,2,6.019875690238511,0.0,0.0,6.14828508395675,0.0,0.0,0.0,0.0,0.0,0,0.0,0.0,-0.025136776952200297,13.5,0,0,Wrexham (H) · Portsmouth (A) · Stoke (A) · Watford (H),,,,,,,upcoming,1.5049689225596277,1.5370712709891876
E1,Southampton,10,37,40,4,2027-03-13 15:00:00,2027-04-03 15:00:00,0,2,5.8387851486404685,0.0,0.0,5.939242484089129,0.0,0.0,0.0,0.0,0.0,0,0.0,0.0,0.02366905277735364,11.75,0,0,Middlesbrough (A) · Wolves (H) · Charlton (H) · Blackburn (A),,,,,,,upcoming,1.4596962871601171,1.4848106210222822
E1,Southampton,11,41,44,4,2027-04-06 19:45:00,2027-04-20 19:45:00,0,2,6.1303944878456,0.0,0.0,6.167116006485038,0.0,0.0,0.0,0.0,0.0,0,0.0,0.0,-0.05690228699511082,13.75,0,0,Swansea (A) · Lincoln (H) · Millwall (A) · Birmingham (H),,,,,,,upcoming,1.5325986219614,1.5417790016212596
E1,Southampton,12,45,46,2,2027-04-24 15:00:00,2027-05-01 12:30:00,0,1,2.7175950793317387,0.0,0.0,2.7883991833733295,0.0,0.0,0.0,0.0,0.0,0,0.0,0.0,0.135230525814001,6.0,0,0,Burnley (A) · Sheffield United (H),,,,,,,upcoming,1.3587975396658694,1.3941995916866647
E1,Stoke,1,1,4,4,2026-08-15 15:00:00,2026-09-01 20:00:00,4,2,5.148482419504909,5.148482419504909,6.296309677043998,0.0,3.0,2.67,6.75,2.8074472196287403,4.257280334981592,4,4.0,9.0,0.11769325543038218,7.25,0,0,Swansea (H) · Southampton (A) · Wolves (A) · Norwich (H),-2.1484824195049086,-2.3410351998761683,0.19255278037125967,-0.8562266955992326,-1.2044513938068528,0.39187239911514693,complete,1.2871206048762271,
E1,Stoke,2,5,8,4,2026-09-05 12:30:00,2026-09-19 12:30:00,0,2,6.0443728546103195,0.0,0.0,5.943543137237763,0.0,0.0,0.0,0.0,0.0,0,0.0,0.0,-0.13175912647691865,17.0,0,0,Charlton (H) · Cardiff (A) · Watford (A) · Sheffield United (H),,,,,,,upcoming,1.5110932136525799,1.4858857843094408
E1,Stoke,3,9,12,4,2026-10-10 15:00:00,2026-10-24 15:00:00,0,2,5.622497905975804,0.0,0.0,5.558518164190817,0.0,0.0,0.0,0.0,0.0,0,0.0,0.0,-0.017019420941829705,12.75,0,0,Bolton (A) · Middlesbrough (H) · Derby (A) · Bristol City (H),,,,,,,upcoming,1.405624476493951,1.3896295410477042
E1,Stoke,4,13,16,4,2026-10-31 12:30:00,2026-11-21 15:00:00,0,2,5.825592564377317,0.0,0.0,5.712180841066836,0.0,0.0,0.0,0.0,0.0,0,0.0,0.0,-0.07236464308747512,15.75,0,0,Preston (H) · Blackburn (A) · Portsmouth (A) · Birmingham (H),,,,,,,upcoming,1.4563981410943292,1.428045210266709
E1,Stoke,5,17,20,4,2026-11-25 20:00:00,2026-12-09 19:45:00,0,2,5.492469460008448,0.0,0.0,5.309530084234908,0.0,0.0,0.0,0.0,0.0,0,0.0,0.0,0.030463104040745786,13.0,0,0,Millwall (H) · West Ham (A) · QPR (H) · Lincoln (A),,,,,,,upcoming,1.373117365002112,1.327382521058727
E1,Stoke,6,21,24,4,2026-12-12 12:30:00,2026-12-29 19:45:00,0,2,5.346265210792316,0.0,0.0,5.248643502033666,0.0,0.0,0.0,0.0,0.0,0,0.0,0.0,0.06018119692896583,10.0,0,0,West Brom (H) · Burnley (A) · Wrexham (H) · Bristol City (A),,,,,,,upcoming,1.336566302698079,1.3121608755084164
E1,Stoke,7,25,28,4,2027-01-01 15:00:00,2027-01-26 19:45:00,0,2,5.839826769529674,0.0,0.0,5.765011295848333,0.0,0.0,0.0,0.0,0.0,0,0.0,0.0,-0.0756101189155489,16.0,0,0,West Brom (A) · Derby (H) · Preston (A) · Blackburn (H),,,,,,,upcoming,1.4599566923824185,1.4412528239620832
E1,Stoke,8,29,32,4,2027-01-30 15:00:00,2027-02-17 19:45:00,0,2,5.472719605903442,0.0,0.0,5.348679249834717,0.0,0.0,0.0,0.0,0.0,0,0.0,0.0,0.0277430088742553,10.75,0,0,Portsmouth (H) · Birmingham (A) · Watford (H) · Middlesbrough (A),,,,,,,upcoming,1.3681799014758604,1.3371698124586793
E1,Stoke,9,33,36,4,2027-02-20 15:00:00,2027-03-06 15:00:00,0,2,5.65571506274264,0.0,0.0,5.501516223697095,0.0,0.0,0.0,0.0,0.0,0,0.0,0.0,-0.025290608148273806,12.5,0,0,Sheffield United (A) · Bolton (H) · Southampton (H) · Swansea (A),,,,,,,upcoming,1.41392876568566,1.3753790559242738
E1,Stoke,10,37,40,4,2027-03-13 15:00:00,2027-04-03 15:00:00,0,2,4.946898671465589,0.0,0.0,4.789456156041069,0.0,0.0,0.0,0.0,0.0,0,0.0,0.0,0.167999428243257,7.75,0,0,West Ham (H) · QPR (A) · Wrexham (A) · Burnley (H),,,,,,,upcoming,1.2367246678663972,1.1973640390102673
E1,Stoke,11,41,44,4,2027-04-06 19:45:00,2027-04-20 19:45:00,0,2,5.663596930083859,0.0,0.0,5.531220851008671,0.0,0.0,0.0,0.0,0.0,0,0.0,0.0,-0.02717922942540198,13.25,0,0,Cardiff (H) · Charlton (A) · Wolves (H) · Norwich (A),,,,,,,upcoming,1.4158992325209647,1.3828052127521677
E1,Stoke,12,45,46,2,2027-04-24 15:00:00,2027-05-01 12:30:00,0,1,3.0479003639554136,0.0,0.0,2.9569417566278076,0.0,0.0,0.0,0.0,0.0,0,0.0,0.0,-0.14479740876307365,17.0,0,0,Lincoln (H) · Millwall (A),,,,,,,upcoming,1.5239501819777068,1.4784708783139038
E1,Swansea,1,1,4,4,2026-08-15 15:00:00,2026-09-01 19:45:00,4,2,5.145495746707503,5.145495746707502,6.4131656410099716,0.0,10.0,7.68,4.640000000000001,6.9432166256525365,5.571344933262439,4,7.0,1.0,0.008361705707367252,11.75,0,0,Stoke (A) · Sheffield United (H) · Derby (A) · Watford (H),4.854504253292498,1.797720878945034,3.0567833743474635,1.9169406075266175,0.9164534461484822,0.05524547743007613,complete,1.2863739366768758,
E1,Swansea,2,5,8,4,2026-09-05 20:00:00,2026-09-19 15:00:00,0,2,5.1421070288376,0.0,0.0,5.220360612091615,0.0,0.0,0.0,0.0,0.0,0,0.0,0.0,0.009357719430171343,10.5,0,0,Wrexham (H) · Southampton (A) · Burnley (H) · Lincoln (A),,,,,,,upcoming,1.2855267572094,1.3050901530229038
E1,Swansea,3,9,12,4,2026-10-10 12:30:00,2026-10-24 15:00:00,0,2,4.652652060646343,0.0,0.0,4.710387904212773,0.0,0.0,0.0,0.0,0.0,0,0.0,0.0,0.1446673498591955,8.75,0,0,Norwich (H) · Millwall (A) · West Ham (H) · QPR (A),,,,,,,upcoming,1.1631630151615857,1.1775969760531932
E1,Swansea,4,13,16,4,2026-10-31 15:00:00,2026-11-21 15:00:00,0,2,5.2787382012269966,0.0,0.0,5.418236087913518,0.0,0.0,0.0,0.0,0.0,0,0.0,0.0,-0.02700867255873082,14.0,0,0,Blackburn (H) · Portsmouth (A) · Birmingham (A) · West Brom (H),,,,,,,upcoming,1.3196845503067491,1.3545590219783794
E1,Swansea,5,17,20,4,2026-11-24 19:45:00,2026-12-08 19:45:00,0,2,5.4783387956431255,0.0,0.0,5.616129647006788,0.0,0.0,0.0,0.0,0.0,0,0.0,0.0,-0.07858390895543571,15.0,0,0,Middlesbrough (A) · Cardiff (H) · Bristol City (A) · Bolton (H),,,,,,,upcoming,1.3695846989107814,1.404032411751697
E1,Swansea,6,21,24,4,2026-12-12 15:00:00,2026-12-29 19:45:00,0,2,5.441746948369633,0.0,0.0,5.519013808872119,0.0,0.0,0.0,0.0,0.0,0,0.0,0.0,-0.06657804486759525,15.5,0,0,Charlton (A) · Preston (H) · Wolves (A) · QPR (H),,,,,,,upcoming,1.3604367370924082,1.3797534522180297
E1,Swansea,7,25,28,4,2027-01-01 15:00:00,2027-01-27 19:45:00,0,2,5.227420242587791,0.0,0.0,5.375607361327725,0.0,0.0,0.0,0.0,0.0,0,0.0,0.0,0.0012768723367313044,15.25,0,0,Charlton (H) · West Ham (A) · Blackburn (A) · Portsmouth (H),,,,,,,upcoming,1.3068550606469478,1.3439018403319312
E1,Swansea,8,29,32,4,2027-01-30 15:00:00,2027-02-17 19:45:00,0,2,4.8312384449915005,0.0,0.0,4.927804483237949,0.0,0.0,0.0,0.0,0.0,0,0.0,0.0,0.09587048409997026,8.25,0,0,Birmingham (H) · West Brom (A) · Burnley (A) · Millwall (H),,,,,,,upcoming,1.2078096112478751,1.2319511208094873
E1,Swansea,9,33,36,4,2027-02-20 15:00:00,2027-03-06 15:00:00,0,2,5.312228308193948,0.0,0.0,5.4605155643001195,0.0,0.0,0.0,0.0,0.0,0,0.0,0.0,-0.03467373478055583,12.5,0,0,Lincoln (H) · Norwich (A) · Sheffield United (A) · Stoke (H),,,,,,,upcoming,1.328057077048487,1.3651288910750299
E1,Swansea,10,37,40,4,2027-03-13 15:00:00,2027-04-03 15:00:00,0,2,5.286782422100857,0.0,0.0,5.4177976591653305,0.0,0.0,0.0,0.0,0.0,0,0.0,0.0,-0.03249258949894711,14.25,0,0,Cardiff (A) · Bristol City (H) · Wolves (H) · Preston (A),,,,,,,upcoming,1.3216956055252143,1.3544494147913326
E1,Swansea,11,41,44,4,2027-04-06 19:45:00,2027-04-21 19:45:00,0,2,5.06082405025799,0.0,0.0,5.187629006098867,0.0,0.0,0.0,0.0,0.0,0,0.0,0.0,0.030751097225515625,10.5,0,0,Southampton (H) · Wrexham (A) · Derby (H) · Watford (A),,,,,,,upcoming,1.2652060125644975,1.2969072515247166
E1,Swansea,12,45,46,2,2027-04-24 15:00:00,2027-05-01 12:30:00,0,1,2.6383718830139804,0.0,0.0,2.68894416810556,0.0,0.0,0.0,0.0,0.0,0,0.0,0.0,-0.030503834796889562,12.5,0,0,Bolton (A) · Middlesbrough (H),,,,,,,upcoming,1.3191859415069902,1.34447208405278
E1,Watford,1,1,4,4,2026-08-16 13:30:00,2026-09-01 19:45:00,4,2,4.494450112501476,4.494450112501476,6.138259593150469,0.0,5.0,4.5,7.5600000000000005,3.813653132676114,3.8135583535971795,4,4.0,5.0,0.16499279857578703,7.5,0,0,Southampton (H) · Wrexham (A) · West Ham (H) · Swansea (A),0.5055498874985238,-0.6807969798253621,1.186346867323886,0.2040522521338409,-0.35474752131041903,0.8383126665035794,complete,1.123612528125369,
E1,Watford,2,5,8,4,2026-09-05 15:00:00,2026-09-18 20:00:00,0,2,5.244038051626478,0.0,0.0,5.247919468398052,0.0,0.0,0.0,0.0,0.0,0,0.0,0.0,-0.04246318220663177,14.5,0,0,West Brom (A) · Preston (H) · Stoke (H) · Bristol City (A),,,,,,,upcoming,1.3110095129066195,1.311979867099513
E1,Watford,3,9,12,4,2026-10-10 15:00:00,2026-10-24 15:00:00,0,2,5.130559691581146,0.0,0.0,5.081908464308879,0.0,0.0,0.0,0.0,0.0,0,0.0,0.0,-0.005537166732823173,12.5,0,0,Burnley (H) · Cardiff (A) · Charlton (H) · Wolves (A),,,,,,,upcoming,1.2826399228952865,1.2704771160772197
E1,Watford,4,13,16,4,2026-10-31 12:30:00,2026-11-21 15:00:00,0,2,5.086174859361927,0.0,0.0,5.018697752442974,0.0,0.0,0.0,0.0,0.0,0,0.0,0.0,0.003570628594465719,10.5,0,0,Norwich (A) · Lincoln (H) · Middlesbrough (H) · Sheffield United (A),,,,,,,upcoming,1.2715437148404818,1.2546744381107435
E1,Watford,5,17,20,4,2026-11-25 19:45:00,2026-12-08 20:00:00,0,2,5.015528466004248,0.0,0.0,4.992219771314148,0.0,0.0,0.0,0.0,0.0,0,0.0,0.0,0.02195304427350908,11.75,0,0,Blackburn (H) · Derby (A) · Millwall (H) · Birmingham (A),,,,,,,upcoming,1.253882116501062,1.248054942828537
E1,Watford,6,21,24,4,2026-12-12 12:30:00,2026-12-29 19:45:00,0,2,5.237013741517429,0.0,0.0,5.155578833630534,0.0,0.0,0.0,0.0,0.0,0,0.0,0.0,-0.04153578902593402,14.75,0,0,QPR (A) · Bolton (H) · Portsmouth (A) · Wolves (H),,,,,,,upcoming,1.3092534353793572,1.2888947084076334
E1,Watford,7,25,28,4,2027-01-01 15:00:00,2027-01-26 19:45:00,0,2,5.673788004836467,0.0,0.0,5.590056243595167,0.0,0.0,0.0,0.0,0.0,0,0.0,0.0,-0.16204892895652326,17.75,0,0,QPR (H) · Charlton (A) · Norwich (H) · Lincoln (A),,,,,,,upcoming,1.4184470012091168,1.3975140608987917
E1,Watford,8,29,32,4,2027-01-30 15:00:00,2027-02-16 19:45:00,0,2,5.038127499837906,0.0,0.0,5.00602655696243,0.0,0.0,0.0,0.0,0.0,0,0.0,0.0,0.017675753174488676,10.75,0,0,Middlesbrough (A) · Sheffield United (H) · Stoke (A) · Cardiff (H),,,,,,,upcoming,1.2595318749594766,1.2515066392406076
E1,Watford,9,33,36,4,2027-02-20 15:00:00,2027-03-06 15:00:00,0,2,4.758739781679833,0.0,0.0,4.711005698523854,0.0,0.0,0.0,0.0,0.0,0,0.0,0.0,0.09474087817839805,8.0,0,0,Bristol City (H) · Burnley (A) · Wrexham (H) · Southampton (A),,,,,,,upcoming,1.1896849454199583,1.1777514246309635
E1,Watford,10,37,40,4,2027-03-13 15:00:00,2027-04-03 15:00:00,0,2,5.3504075770786415,0.0,0.0,5.323589703165057,0.0,0.0,0.0,0.0,0.0,0,0.0,0.0,-0.07173448646745642,15.5,0,0,Derby (H) · Millwall (A) · Portsmouth (H) · Bolton (A),,,,,,,upcoming,1.3376018942696604,1.3308974257912642
E1,Watford,11,41,44,4,2027-04-07 19:45:00,2027-04-21 19:45:00,0,2,4.904076268515747,0.0,0.0,4.817638698176495,0.0,0.0,0.0,0.0,0.0,0,0.0,0.0,0.06544625384742933,12.25,0,0,Preston (A) · West Brom (H) · West Ham (A) · Swansea (H),,,,,,,upcoming,1.2260190671289368,1.2044096745441237
E1,Watford,12,45,46,2,2027-04-24 15:00:00,2027-05-01 12:30:00,0,1,2.529399005907631,0.0,0.0,2.5214133881484844,0.0,0.0,0.0,0.0,0.0,0,0.0,0.0,0.005333366194647256,12.5,0,0,Birmingham (H) · Blackburn (A),,,,,,,upcoming,1.2646995029538155,1.2607066940742422
E1,West Brom,1,1,4,4,2026-08-15 15:00:00,2026-09-02 19:45:00,4,2,5.25382107253091,5.25382107253091,6.288447794226453,0.0,7.0,5.8,6.069999999999999,5.468036756586487,5.187737594429806,4,7.0,6.0,0.04844470354386479,9.25,0,0,Norwich (A) · Burnley (H) · Middlesbrough (A) · Charlton (H),1.7461789274690904,0.21421568405557778,1.5319632434135126,0.6963330571830759,0.11028181624556019,0.4862202755556375,complete,1.3134552681327274,
E1,West Brom,2,5,8,4,2026-09-05 15:00:00,2026-09-20 12:00:00,0,2,5.338413631961663,0.0,0.0,5.348286993785414,0.0,0.0,0.0,0.0,0.0,0,0.0,0.0,0.02788901707474673,11.75,0,0,Watford (H) · Derby (A) · QPR (H) · Wolves (A),,,,,,,upcoming,1.3346034079904157,1.3370717484463535
E1,West Brom,3,9,12,4,2026-10-10 12:30:00,2026-10-24 15:00:00,0,2,5.512161412251413,0.0,0.0,5.507753542561709,0.0,0.0,0.0,0.0,0.0,0,0.0,0.0,-0.024901829912376144,13.5,0,0,Birmingham (H) · Wrexham (A) · Blackburn (H) · Preston (A),,,,,,,upcoming,1.3780403530628533,1.3769383856404271
E1,West Brom,4,13,16,4,2026-10-31 15:00:00,2026-11-21 15:00:00,0,2,4.863698639792512,0.0,0.0,4.792218908022781,0.0,0.0,0.0,0.0,0.0,0,0.0,0.0,0.1633027828843043,7.75,0,0,West Ham (A) · Southampton (H) · Millwall (H) · Swansea (A),,,,,,,upcoming,1.215924659948128,1.1980547270056952
E1,West Brom,5,17,20,4,2026-11-25 19:45:00,2026-12-08 19:45:00,0,2,5.986062528898594,0.0,0.0,6.034093252346677,0.0,0.0,0.0,0.0,0.0,0,0.0,0.0,-0.1543528392006328,18.75,0,0,Bolton (A) · Bristol City (H) · Portsmouth (A) · Cardiff (H),,,,,,,upcoming,1.4965156322246485,1.5085233130866693
E1,West Brom,6,21,24,4,2026-12-12 12:30:00,2026-12-29 19:45:00,0,2,5.809968948151421,0.0,0.0,5.8401696552425655,0.0,0.0,0.0,0.0,0.0,0,0.0,0.0,-0.1057378049186512,15.75,0,0,Stoke (A) · Sheffield United (H) · Lincoln (A) · Preston (H),,,,,,,upcoming,1.4524922370378552,1.4600424138106414
E1,West Brom,7,25,28,4,2027-01-01 15:00:00,2027-01-26 19:45:00,0,2,4.906312144632029,0.0,0.0,4.939942028111232,0.0,0.0,0.0,0.0,0.0,0,0.0,0.0,0.14222481798176123,9.0,0,0,Stoke (H) · Blackburn (A) · West Ham (H) · Southampton (A),,,,,,,upcoming,1.2265780361580072,1.234985507027808
E1,West Brom,8,29,32,4,2027-01-30 15:00:00,2027-02-16 19:45:00,0,2,5.456408214033778,0.0,0.0,5.355459877765696,0.0,0.0,0.0,0.0,0.0,0,0.0,0.0,-0.009751877206526496,12.75,0,0,Millwall (A) · Swansea (H) · QPR (A) · Wrexham (H),,,,,,,upcoming,1.3641020535084445,1.338864969441424
E1,West Brom,9,33,36,4,2027-02-20 15:00:00,2027-03-06 15:00:00,0,2,4.763627116379919,0.0,0.0,4.759904614622437,0.0,0.0,0.0,0.0,0.0,0,0.0,0.0,0.18167651446854763,4.75,0,0,Wolves (H) · Birmingham (A) · Burnley (A) · Norwich (H),,,,,,,upcoming,1.1909067790949797,1.1899761536556093
E1,West Brom,10,37,40,4,2027-03-13 15:00:00,2027-04-03 15:00:00,0,2,5.795626752345466,0.0,0.0,5.843699557068908,0.0,0.0,0.0,0.0,0.0,0,0.0,0.0,-0.1010193887209544,16.0,0,0,Bristol City (A) · Portsmouth (H) · Lincoln (H) · Sheffield United (A),,,,,,,upcoming,1.4489066880863666,1.460924889267227
E1,West Brom,11,41,44,4,2027-04-07 19:45:00,2027-04-20 19:45:00,0,2,5.57863155932959,0.0,0.0,5.6243686057895195,0.0,0.0,0.0,0.0,0.0,0,0.0,0.0,-0.04436616447924063,13.5,0,0,Derby (H) · Watford (A) · Middlesbrough (H) · Charlton (A),,,,,,,upcoming,1.3946578898323976,1.4060921514473799
E1,West Brom,12,45,46,2,2027-04-24 15:00:00,2027-05-01 12:30:00,0,1,3.156904137851411,0.0,0.0,3.159876557684969,0.0,0.0,0.0,0.0,0.0,0,0.0,0.0,-0.24312899216741285,21.5,0,0,Cardiff (A) · Bolton (H),,,,,,,upcoming,1.5784520689257056,1.5799382788424845
E1,West Ham,1,1,4,4,2026-08-16 16:00:00,2026-09-01 19:45:00,4,2,7.212770030002623,7.212770030002623,6.277013521394355,0.0,5.0,8.129999999999999,5.75,6.643774540628573,7.212482861115047,4,8.0,7.0,0.029896876471711048,11.25,0,0,Burnley (A) · Charlton (H) · Watford (A) · Wolves (H),-2.2127700300026234,-0.5689954893740508,-1.6437745406285726,-0.8832013995601814,-0.29319507192228117,0.3771274655616672,complete,1.8031925075006559,
E1,West Ham,2,5,8,4,2026-09-05 15:00:00,2026-09-19 12:30:00,0,2,7.434330631590667,0.0,0.0,7.447182385571259,0.0,0.0,0.0,0.0,0.0,0,0.0,0.0,-0.024271673292357448,13.25,0,0,Derby (H) · Bolton (A) · Wrexham (H) · Millwall (A),,,,,,,upcoming,1.8585826578976667,1.8617955963928148
E1,West Ham,3,9,12,4,2026-10-09 20:00:00,2026-10-24 15:00:00,0,2,7.707802524300387,0.0,0.0,7.637743865845096,0.0,0.0,0.0,0.0,0.0,0,0.0,0.0,-0.10126011237507253,15.25,0,0,QPR (H) · Lincoln (A) · Swansea (A) · Southampton (H),,,,,,,upcoming,1.9269506310750968,1.909435966461274
E1,West Ham,4,13,16,4,2026-10-31 15:00:00,2026-11-21 15:00:00,0,2,7.831376772903735,0.0,0.0,7.851464592458366,0.0,0.0,0.0,0.0,0.0,0,0.0,0.0,-0.1371746069291549,18.25,0,0,West Brom (H) · Cardiff (A) · Blackburn (A) · Preston (H),,,,,,,upcoming,1.9578441932259338,1.9628661481145915
E1,West Ham,5,17,20,4,2026-11-24 19:45:00,2026-12-08 20:00:00,0,2,7.173896817954289,0.0,0.0,7.206883930676081,0.0,0.0,0.0,0.0,0.0,0,0.0,0.0,0.04821940161455322,10.0,0,0,Portsmouth (A) · Stoke (H) · Sheffield United (A) · Middlesbrough (H),,,,,,,upcoming,1.7934742044885723,1.8017209826690201
E1,West Ham,6,21,24,4,2026-12-12 15:00:00,2026-12-29 20:15:00,0,2,7.021843784310106,0.0,0.0,7.0399513168554915,0.0,0.0,0.0,0.0,0.0,0,0.0,0.0,0.0877342379372533,8.0,0,0,Bristol City (H) · Birmingham (A) · Norwich (H) · Southampton (A),,,,,,,upcoming,1.7554609460775266,1.7599878292138729
E1,West Ham,7,25,28,4,2027-01-01 15:00:00,2027-01-27 19:45:00,0,2,7.620010754365316,0.0,0.0,7.641638709705049,0.0,0.0,0.0,0.0,0.0,0,0.0,0.0,-0.08210188957218015,15.75,0,0,Bristol City (A) · Swansea (H) · West Brom (A) · Cardiff (H),,,,,,,upcoming,1.905002688591329,1.9104096774262622
E1,West Ham,8,29,32,4,2027-01-30 15:00:00,2027-02-16 19:45:00,0,2,7.837864367728621,0.0,0.0,7.834262644075834,0.0,0.0,0.0,0.0,0.0,0,0.0,0.0,-0.14766429152309002,18.0,0,0,Blackburn (H) · Preston (A) · Wrexham (A) · Lincoln (H),,,,,,,upcoming,1.9594660919321552,1.9585656610189586
E1,West Ham,9,33,36,4,2027-02-21 12:00:00,2027-03-06 15:00:00,0,2,7.475460366268909,0.0,0.0,7.456736426600667,0.0,0.0,0.0,0.0,0.0,0,0.0,0.0,-0.03396984279614738,13.5,0,0,Millwall (H) · QPR (A) · Charlton (A) · Burnley (H),,,,,,,upcoming,1.8688650915672274,1.8641841066501668
E1,West Ham,10,37,40,4,2027-03-13 15:00:00,2027-04-03 15:00:00,0,2,7.027652944983674,0.0,0.0,7.071358655292542,0.0,0.0,0.0,0.0,0.0,0,0.0,0.0,0.08808872683015803,8.0,0,0,Stoke (A) · Sheffield United (H) · Norwich (A) · Birmingham (H),,,,,,,upcoming,1.7569132362459186,1.7678396638231355
E1,West Ham,11,41,44,4,2027-04-06 19:45:00,2027-04-20 19:45:00,0,2,7.336560425368033,0.0,0.0,7.393531582805075,0.0,0.0,0.0,0.0,0.0,0,0.0,0.0,-0.006746160943760446,13.0,0,0,Bolton (H) · Derby (A) · Watford (H) · Wolves (A),,,,,,,upcoming,1.8341401063420082,1.8483828957012687
E1,West Ham,12,45,46,2,2027-04-24 15:00:00,2027-05-01 12:30:00,0,1,3.5947037936128527,0.0,0.0,3.5843821827823543,0.0,0.0,0.0,0.0,0.0,0,0.0,0.0,0.036523308728449694,10.5,0,0,Middlesbrough (A) · Portsmouth (H),,,,,,,upcoming,1.7973518968064264,1.7921910913911772
E1,Wolves,1,1,4,4,2026-08-14 20:00:00,2026-09-01 19:45:00,4,2,6.3493076747586725,6.3493076747586725,6.328375289234484,0.0,7.0,6.82,4.34,7.139692713904428,6.841128725020103,4,11.0,8.0,0.062309166203584704,12.75,0,0,Blackburn (H) · Preston (A) · Stoke (H) · West Ham (A),0.6506923252413275,0.7903850391457556,-0.13969271390442817,0.25866017754513204,0.4056177698195035,0.7958974477960028,complete,1.5873269186896681,
E1,Wolves,2,5,8,4,2026-09-06 12:00:00,2026-10-10 15:00:00,0,1,5.845968881454326,0.0,0.0,5.877816177185511,0.0,0.0,0.0,0.0,0.0,0,0.0,0.0,0.1006249905958285,7.5,0,0,Birmingham (A) · Sheffield United (A) · West Brom (H) · Middlesbrough (A),,,,,,,upcoming,1.4614922203635814,1.4694540442963777
E1,Wolves,3,9,12,4,2026-10-13 19:45:00,2026-10-24 15:00:00,0,3,7.15533371332944,0.0,0.0,7.235015086386997,0.0,0.0,0.0,0.0,0.0,0,0.0,0.0,-0.06845564623329678,15.0,0,0,Bolton (H) · Burnley (A) · Portsmouth (H) · Watford (H),,,,,,,upcoming,1.78883342833236,1.8087537715967492
E1,Wolves,4,13,16,4,2026-10-31 15:00:00,2026-11-21 15:00:00,0,2,6.968993962891961,0.0,0.0,7.030745606785214,0.0,0.0,0.0,0.0,0.0,0,0.0,0.0,-0.11440823156336855,16.75,0,0,Cardiff (H) · Bristol City (A) · Wrexham (A) · Charlton (H),,,,,,,upcoming,1.7422484907229903,1.7576864016963034
E1,Wolves,5,17,20,4,2026-11-24 20:00:00,2026-12-08 19:45:00,0,2,6.870016327098826,0.0,0.0,6.889767637561204,0.0,0.0,0.0,0.0,0.0,0,0.0,0.0,-0.08114473044239631,14.5,0,0,Derby (H) · Lincoln (A) · Southampton (H) · QPR (A),,,,,,,upcoming,1.7175040817747065,1.722441909390301
E1,Wolves,6,21,24,4,2026-12-12 15:00:00,2026-12-29 19:45:00,0,2,6.56704877367423,0.0,0.0,6.577601861526679,0.0,0.0,0.0,0.0,0.0,0,0.0,0.0,9.411796127552566e-05,12.0,0,0,Millwall (H) · Norwich (A) · Swansea (H) · Watford (A),,,,,,,upcoming,1.6417621934185576,1.6444004653816697
E1,Wolves,7,25,28,4,2027-01-01 12:30:00,2027-01-27 19:45:00,0,2,6.569055030616921,0.0,0.0,6.632211022178835,0.0,0.0,0.0,0.0,0.0,0,0.0,0.0,0.00011561257250075705,12.25,0,0,Millwall (A) · Burnley (H) · Cardiff (A) · Bristol City (H),,,,,,,upcoming,1.6422637576542303,1.6580527555447087
E1,Wolves,8,29,32,4,2027-01-30 15:00:00,2027-02-17 19:45:00,0,2,6.912401165690699,0.0,0.0,6.964339790736538,0.0,0.0,0.0,0.0,0.0,0,0.0,0.0,-0.09215663138889443,15.5,0,0,Wrexham (H) · Charlton (A) · Sheffield United (H) · Bolton (A),,,,,,,upcoming,1.7281002914226749,1.7410849476841346
E1,Wolves,9,33,36,4,2027-02-20 15:00:00,2027-03-06 15:00:00,0,2,6.67750924994667,0.0,0.0,6.715073303088742,0.0,0.0,0.0,0.0,0.0,0,0.0,0.0,-0.03086202824389325,13.75,0,0,West Brom (A) · Middlesbrough (H) · Preston (H) · Blackburn (A),,,,,,,upcoming,1.6693773124866675,1.6787683257721855
E1,Wolves,10,37,40,4,2027-03-13 15:00:00,2027-04-03 15:00:00,0,2,6.730429920728138,0.0,0.0,6.717944024324859,0.0,0.0,0.0,0.0,0.0,0,0.0,0.0,-0.04884169879664121,12.75,0,0,Lincoln (H) · Southampton (A) · Swansea (A) · Norwich (H),,,,,,,upcoming,1.6826074801820345,1.6794860060812147
E1,Wolves,11,41,44,4,2027-04-06 19:45:00,2027-04-20 19:45:00,0,2,6.037660816183921,0.0,0.0,6.11173030250083,0.0,0.0,0.0,0.0,0.0,0,0.0,0.0,0.1438557287821814,9.0,0,0,Portsmouth (A) · Birmingham (H) · Stoke (A) · West Ham (H),,,,,,,upcoming,1.5094152040459803,1.5279325756252076
E1,Wolves,12,45,46,2,2027-04-24 15:00:00,2027-05-01 12:30:00,0,1,3.3747465024762233,0.0,0.0,3.4011846250676117,0.0,0.0,0.0,0.0,0.0,0,0.0,0.0,-0.0507296601031865,14.5,0,0,QPR (H) · Derby (A),,,,,,,upcoming,1.6873732512381117,1.7005923125338058
E1,Wrexham,1,1,4,4,2026-08-17 20:00:00,2026-09-02 19:45:00,4,2,5.829061218551857,5.829061218551857,6.61057888077362,0.0,5.0,6.48,3.75,7.481700565944784,5.91567593470371,4,6.0,4.0,-0.03279677232739009,13.25,0,0,Cardiff (A) · Watford (H) · Birmingham (H) · Millwall (A),-0.8290612185518569,1.6526393473929275,-2.4817005659447844,-0.3224533212335595,0.8298177447010873,0.7471092949679434,complete,1.4572653046379642,
E1,Wrexham,2,5,8,4,2026-09-05 20:00:00,2026-09-19 15:00:00,0,2,5.0315878080476,0.0,0.0,5.068088528377554,0.0,0.0,0.0,0.0,0.0,0,0.0,0.0,0.19271206792753573,6.25,0,0,Swansea (A) · Burnley (H) · West Ham (A) · Southampton (H),,,,,,,upcoming,1.2578969520119,1.2670221320943884
E1,Wrexham,3,9,12,4,2026-10-10 15:00:00,2026-10-24 15:00:00,0,2,5.9860902137708685,0.0,0.0,6.111338438816208,0.0,0.0,0.0,0.0,0.0,0,0.0,0.0,-0.0756101189155489,16.0,0,0,Derby (A) · West Brom (H) · Preston (H) · Blackburn (A),,,,,,,upcoming,1.4965225534427171,1.527834609704052
E1,Wrexham,4,13,16,4,2026-10-30 20:00:00,2026-11-21 15:00:00,0,2,5.50111546896257,0.0,0.0,5.554180099288757,0.0,0.0,0.0,0.0,0.0,0,0.0,0.0,0.0559013370030394,9.25,0,0,Sheffield United (A) · Middlesbrough (H) · Wolves (H) · Lincoln (A),,,,,,,upcoming,1.3752788672406424,1.3885450248221893
E1,Wrexham,5,17,20,4,2026-11-24 19:45:00,2026-12-08 19:45:00,0,2,5.995891589192542,0.0,0.0,6.116911395934213,0.0,0.0,0.0,0.0,0.0,0,0.0,0.0,-0.07778737646413411,15.5,0,0,Bristol City (A) · Portsmouth (H) · Norwich (A) · Charlton (H),,,,,,,upcoming,1.4989728972981355,1.5292278489835534
E1,Wrexham,6,21,24,4,2026-12-11 20:00:00,2026-12-29 18:00:00,0,2,6.121313601679168,0.0,0.0,6.225926143382305,0.0,0.0,0.0,0.0,0.0,0,0.0,0.0,-0.11180622704683818,17.25,0,0,Bolton (A) · QPR (H) · Stoke (A) · Blackburn (H),,,,,,,upcoming,1.530328400419792,1.5564815358455764
E1,Wrexham,7,25,28,4,2027-01-01 15:00:00,2027-01-27 19:45:00,0,2,5.8604075277880465,0.0,0.0,5.932672230640512,0.0,0.0,0.0,0.0,0.0,0,0.0,0.0,-0.040342787322118455,13.25,0,0,Bolton (H) · Preston (A) · Sheffield United (H) · Middlesbrough (A),,,,,,,upcoming,1.4651018819470116,1.483168057660128
E1,Wrexham,8,29,32,4,2027-01-30 15:00:00,2027-02-16 19:45:00,0,2,5.288432251373331,0.0,0.0,5.349422563788612,0.0,0.0,0.0,0.0,0.0,0,0.0,0.0,0.11727134876905233,10.0,0,0,Wolves (A) · Lincoln (H) · West Ham (H) · West Brom (A),,,,,,,upcoming,1.3221080628433328,1.337355640947153
E1,Wrexham,9,33,36,4,2027-02-20 15:00:00,2027-03-06 15:00:00,0,2,5.884215130070526,0.0,0.0,5.983363169944036,0.0,0.0,0.0,0.0,0.0,0,0.0,0.0,-0.0472553643896479,13.5,0,0,Southampton (A) · Derby (H) · Watford (A) · Cardiff (H),,,,,,,upcoming,1.4710537825176315,1.495840792486009
E1,Wrexham,10,37,40,4,2027-03-13 15:00:00,2027-04-03 15:00:00,0,2,5.78919803110848,0.0,0.0,5.866739328449976,0.0,0.0,0.0,0.0,0.0,0,0.0,0.0,-0.022828358801662528,13.25,0,0,Portsmouth (A) · Norwich (H) · Stoke (H) · QPR (A),,,,,,,upcoming,1.44729950777712,1.466684832112494
E1,Wrexham,11,41,44,4,2027-04-06 19:45:00,2027-04-20 19:45:00,0,2,5.425623830642109,0.0,0.0,5.458291770754694,0.0,0.0,0.0,0.0,0.0,0,0.0,0.0,0.07894402151591769,8.75,0,0,Burnley (A) · Swansea (H) · Birmingham (A) · Millwall (H),,,,,,,upcoming,1.3564059576605272,1.3645729426886735
E1,Wrexham,12,45,46,2,2027-04-24 15:00:00,2027-05-01 12:30:00,0,1,3.1261892612901487,0.0,0.0,3.2112529177578852,0.0,0.0,0.0,0.0,0.0,0,0.0,0.0,-0.14764024083486146,18.5,0,0,Charlton (A) · Bristol City (H),,,,,,,upcoming,1.5630946306450744,1.6056264588789426
E2,AFC Wimbledon,1,1,4,4,2026-08-15 15:00:00,2026-09-02 19:45:00,4,2,4.654080465140479,4.654080465140479,6.195313653998137,0.0,4.0,3.11,5.51,3.7282982647126555,4.332114964731347,4,2.0,7.0,-0.029055234750297573,13.0,0,0,Huddersfield (A) · Reading (H) · Wigan (H) · Burton (A),-0.6540804651404786,-0.9257822004278231,0.27170173528734454,-0.26278436929670096,-0.4801772190663439,0.7927167837437037,complete,1.1635201162851196,
E2,AFC Wimbledon,2,5,8,4,2026-09-07 20:00:00,2026-09-26 15:00:00,0,2,4.8955490314255234,0.0,0.0,4.885032780959499,0.0,0.0,0.0,0.0,0.0,0,0.0,0.0,-0.10086154205923475,16.5,0,0,Bromley (A) · Doncaster (H) · MK Dons (H) · Cambridge (A),,,,,,,upcoming,1.2238872578563809,1.2212581952398747
E2,AFC Wimbledon,3,9,12,4,2026-10-03 15:00:00,2026-10-20 19:45:00,0,2,4.380166358805329,0.0,0.0,4.330523984613279,0.0,0.0,0.0,0.0,0.0,0,0.0,0.0,0.054852099315878075,10.0,0,0,Stevenage (H) · Plymouth (A) · Sheffield Wed (A) · Mansfield (H),,,,,,,upcoming,1.0950415897013321,1.0826309961533198
E2,AFC Wimbledon,4,13,16,4,2026-10-24 15:00:00,2026-11-21 15:00:00,0,2,4.485450487079747,0.0,0.0,4.447445044326427,0.0,0.0,0.0,0.0,0.0,0,0.0,0.0,0.01661166082699505,11.5,0,0,Wycombe (H) · Stockport (A) · Blackpool (H) · Leyton Orient (A),,,,,,,upcoming,1.1213626217699368,1.1118612610816068
E2,AFC Wimbledon,5,17,20,4,2026-11-28 15:00:00,2026-12-19 15:00:00,0,2,4.603979018463308,0.0,0.0,4.568066205583219,0.0,0.0,0.0,0.0,0.0,0,0.0,0.0,-0.016341868660982826,12.5,0,0,Barnsley (H) · Notts County (A) · Bradford (A) · Oxford (H),,,,,,,upcoming,1.150994754615827,1.1420165513958047
E2,AFC Wimbledon,6,21,24,4,2026-12-26 15:00:00,2027-01-09 12:30:00,0,2,4.111597504857185,0.0,0.0,4.109102223345452,0.0,0.0,0.0,0.0,0.0,0,0.0,0.0,0.13592179376069513,8.5,0,0,Leicester (A) · Luton (H) · Peterborough (H) · Oxford (A),,,,,,,upcoming,1.0278993762142963,1.027275555836363
E2,AFC Wimbledon,7,25,28,4,2027-01-16 15:00:00,2027-01-30 15:00:00,0,2,4.261277059858659,0.0,0.0,4.190644970333553,0.0,0.0,0.0,0.0,0.0,0,0.0,0.0,0.07811852844359768,8.5,0,0,Sheffield Wed (H) · Mansfield (A) · Wycombe (A) · Stockport (H),,,,,,,upcoming,1.0653192649646648,1.0476612425833882
E2,AFC Wimbledon,8,29,32,4,2027-02-06 15:00:00,2027-02-20 15:00:00,0,2,5.084228840909121,0.0,0.0,5.0683713189529636,0.0,0.0,0.0,0.0,0.0,0,0.0,0.0,-0.14801466240098404,18.75,0,0,Wigan (A) · Burton (H) · Bromley (H) · Doncaster (A),,,,,,,upcoming,1.2710572102272804,1.2670928297382409
E2,AFC Wimbledon,9,33,36,4,2027-02-27 15:00:00,2027-03-20 15:00:00,0,2,4.504540043608148,0.0,0.0,4.42232656710649,0.0,0.0,0.0,0.0,0.0,0,0.0,0.0,0.011278085472249646,11.5,0,0,Blackpool (A) · Huddersfield (H) · Reading (A) · Leyton Orient (H),,,,,,,upcoming,1.126135010902037,1.1055816417766224
E2,AFC Wimbledon,10,37,40,4,2027-03-26 15:00:00,2027-04-10 15:00:00,0,2,4.012050136367321,0.0,0.0,3.988279460143961,0.0,0.0,0.0,0.0,0.0,0,0.0,0.0,0.15405411728376328,7.75,0,0,Peterborough (A) · Leicester (H) · Luton (A) · Bradford (H),,,,,,,upcoming,1.0030125340918303,0.9970698650359903
E2,AFC Wimbledon,11,41,44,4,2027-04-13 19:45:00,2027-04-27 19:45:00,0,2,4.549610734914952,0.0,0.0,4.538365107143468,0.0,0.0,0.0,0.0,0.0,0,0.0,0.0,0.00016503181847752138,12.25,0,0,Cambridge (H) · MK Dons (A) · Plymouth (H) · Stevenage (A),,,,,,,upcoming,1.137402683728738,1.134591276785867
E2,AFC Wimbledon,12,45,46,2,2027-05-01 15:00:00,2027-05-08 12:30:00,0,1,2.3905035795661593,0.0,0.0,2.3479154171200083,0.0,0.0,0.0,0.0,0.0,0,0.0,0.0,-0.06626581907788105,15.5,0,0,Barnsley (A) · Notts County (H),,,,,,,upcoming,1.1952517897830797,1.1739577085600041
E2,Barnsley,1,1,4,4,2026-08-15 15:00:00,2026-09-02 19:45:00,4,2,5.656145786126892,5.656145786126892,6.5518961020897795,0.0,7.0,5.87,5.6899999999999995,5.6998107502044855,5.195015913065427,4,5.0,3.0,-0.10768134217843682,17.25,0,0,Bromley (H) · Doncaster (A) · Leyton Orient (A) · Blackpool (H),1.343854213873108,0.04366496407759346,1.3001892497955145,0.5250113066750814,0.022022873341121758,0.5995753309386544,complete,1.414036446531723,
E2,Barnsley,2,5,8,4,2026-09-05 15:00:00,2026-09-26 15:00:00,0,2,4.7507954015183245,0.0,0.0,4.772551478572991,0.0,0.0,0.0,0.0,0.0,0,0.0,0.0,0.1419617742788106,7.75,0,0,Stevenage (H) · Plymouth (A) · Leicester (H) · Bradford (A),,,,,,,upcoming,1.1876988503795811,1.1931378696432478
E2,Barnsley,3,9,12,4,2026-10-03 15:00:00,2026-10-20 19:45:00,0,2,5.0499605603251565,0.0,0.0,5.041037214896809,0.0,0.0,0.0,0.0,0.0,0,0.0,0.0,0.0610191313655489,9.25,0,0,MK Dons (H) · Stockport (A) · Cambridge (H) · Luton (A),,,,,,,upcoming,1.2624901400812891,1.2602593037242023
E2,Barnsley,4,13,16,4,2026-10-24 15:00:00,2026-11-20 20:00:00,0,2,5.106058406507501,0.0,0.0,5.042336957675077,0.0,0.0,0.0,0.0,0.0,0,0.0,0.0,0.04108656699103898,9.75,0,0,Reading (A) · Oxford (H) · Wigan (A) · Sheffield Wed (H),,,,,,,upcoming,1.2765146016268754,1.2605842394187692
E2,Barnsley,5,17,20,4,2026-11-28 15:00:00,2026-12-19 12:30:00,0,2,5.395335143105257,0.0,0.0,5.398060868575744,0.0,0.0,0.0,0.0,0.0,0,0.0,0.0,-0.03825440915808768,13.75,0,0,AFC Wimbledon (A) · Wycombe (H) · Peterborough (A) · Huddersfield (H),,,,,,,upcoming,1.3488337857763142,1.349515217143936
E2,Barnsley,6,21,24,4,2026-12-26 15:00:00,2027-01-09 15:00:00,0,2,5.455822977962001,0.0,0.0,5.431812021980149,0.0,0.0,0.0,0.0,0.0,0,0.0,0.0,-0.050980566358084047,15.0,0,0,Mansfield (A) · Burton (H) · Notts County (H) · Huddersfield (A),,,,,,,upcoming,1.3639557444905002,1.3579530054950373
E2,Barnsley,7,25,28,4,2027-01-16 15:00:00,2027-01-30 15:00:00,0,2,5.23686846066304,0.0,0.0,5.242351078325189,0.0,0.0,0.0,0.0,0.0,0,0.0,0.0,0.005359758154872048,11.75,0,0,Cambridge (A) · Luton (H) · Reading (H) · Oxford (A),,,,,,,upcoming,1.30921711516576,1.3105877695812973
E2,Barnsley,8,29,32,4,2027-02-06 15:00:00,2027-02-20 15:00:00,0,2,5.283625867579918,0.0,0.0,5.293405907658232,0.0,0.0,0.0,0.0,0.0,0,0.0,0.0,-0.006654768300724555,13.0,0,0,Leyton Orient (H) · Blackpool (A) · Stevenage (A) · Plymouth (H),,,,,,,upcoming,1.3209064668949795,1.323351476914558
E2,Barnsley,9,33,36,4,2027-02-27 15:00:00,2027-03-20 15:00:00,0,2,5.427538020984658,0.0,0.0,5.386592447449123,0.0,0.0,0.0,0.0,0.0,0,0.0,0.0,-0.04201632680829361,13.75,0,0,Wigan (H) · Bromley (A) · Doncaster (H) · Sheffield Wed (A),,,,,,,upcoming,1.3568845052461644,1.3466481118622808
E2,Barnsley,10,37,40,4,2027-03-26 15:00:00,2027-04-10 15:00:00,0,2,5.661048950827302,0.0,0.0,5.670308950452329,0.0,0.0,0.0,0.0,0.0,0,0.0,0.0,-0.10935536494090255,18.75,0,0,Notts County (A) · Mansfield (H) · Burton (A) · Peterborough (H),,,,,,,upcoming,1.4152622377068256,1.4175772376130822
E2,Barnsley,11,41,44,4,2027-04-13 19:45:00,2027-04-27 19:45:00,0,2,4.637598340216796,0.0,0.0,4.629896066513915,0.0,0.0,0.0,0.0,0.0,0,0.0,0.0,0.17969746741110776,5.5,0,0,Bradford (H) · Leicester (A) · Stockport (H) · MK Dons (A),,,,,,,upcoming,1.159399585054199,1.1574740166284787
E2,Barnsley,12,45,46,2,2027-05-01 15:00:00,2027-05-08 12:30:00,0,1,2.8194384379941146,0.0,0.0,2.8349897445030123,0.0,0.0,0.0,0.0,0.0,0,0.0,0.0,-0.10050279126573294,16.0,0,0,AFC Wimbledon (H) · Wycombe (A),,,,,,,upcoming,1.4097192189970573,1.4174948722515062
E2,Blackpool,1,1,4,4,2026-08-15 15:00:00,2026-09-02 19:45:00,4,2,5.503218067719248,5.503218067719249,6.539577701379551,0.0,7.0,11.25,7.77,7.300225562515891,4.855843697011859,4,8.0,4.0,0.0019648361448295747,12.0,0,0,Wycombe (H) · Stockport (A) · Peterborough (H) · Barnsley (A),1.4967819322807507,1.7970074947966417,-0.30022556251589094,0.5853069486219137,0.9071924163355828,0.5583413434507578,complete,1.375804516929812,
E2,Blackpool,2,5,8,4,2026-09-05 15:00:00,2026-09-26 15:00:00,0,2,5.740822759449011,0.0,0.0,5.879630223315508,0.0,0.0,0.0,0.0,0.0,0,0.0,0.0,-0.0634223492621091,14.75,0,0,Reading (A) · Bromley (H) · Plymouth (H) · Notts County (A),,,,,,,upcoming,1.4352056898622527,1.469907555828877
E2,Blackpool,3,9,12,4,2026-10-03 15:00:00,2026-10-20 19:45:00,0,2,5.242672015763929,0.0,0.0,5.416696454243694,0.0,0.0,0.0,0.0,0.0,0,0.0,0.0,0.07151525492655417,12.0,0,0,Leicester (H) · Cambridge (A) · Leyton Orient (A) · MK Dons (H),,,,,,,upcoming,1.3106680039409822,1.3541741135609235
E2,Blackpool,4,13,16,4,2026-10-24 15:00:00,2026-11-21 12:30:00,0,2,5.646191022173946,0.0,0.0,5.74789856394155,0.0,0.0,0.0,0.0,0.0,0,0.0,0.0,-0.03455091303535492,13.75,0,0,Mansfield (H) · Sheffield Wed (A) · AFC Wimbledon (A) · Wigan (H),,,,,,,upcoming,1.4115477555434865,1.4369746409853874
E2,Blackpool,5,17,20,4,2026-11-28 15:00:00,2026-12-19 15:00:00,0,2,5.57366922897077,0.0,0.0,5.748658026772795,0.0,0.0,0.0,0.0,0.0,0,0.0,0.0,-0.018084670031806173,13.25,0,0,Stevenage (A) · Luton (H) · Oxford (A) · Burton (H),,,,,,,upcoming,1.3934173072426925,1.4371645066931988
E2,Blackpool,6,21,24,4,2026-12-26 15:00:00,2027-01-08 20:00:00,0,2,5.546141511784839,0.0,0.0,5.663024837399259,0.0,0.0,0.0,0.0,0.0,0,0.0,0.0,-0.009447309856135948,12.25,0,0,Huddersfield (A) · Bradford (H) · Doncaster (H) · Burton (A),,,,,,,upcoming,1.3865353779462097,1.4157562093498148
E2,Blackpool,7,25,28,4,2027-01-16 15:00:00,2027-01-30 15:00:00,0,2,5.3558029760378645,0.0,0.0,5.467219619541877,0.0,0.0,0.0,0.0,0.0,0,0.0,0.0,0.04157022395609743,11.0,0,0,Leyton Orient (H) · MK Dons (A) · Mansfield (A) · Sheffield Wed (H),,,,,,,upcoming,1.3389507440094661,1.3668049048854694
E2,Blackpool,8,29,32,4,2027-02-06 15:00:00,2027-02-20 15:00:00,0,2,5.916419036939148,0.0,0.0,6.086804441324995,0.0,0.0,0.0,0.0,0.0,0,0.0,0.0,-0.11072152244174727,17.0,0,0,Peterborough (A) · Barnsley (H) · Reading (H) · Bromley (A),,,,,,,upcoming,1.479104759234787,1.5217011103312488
E2,Blackpool,9,33,36,4,2027-02-27 15:00:00,2027-03-20 15:00:00,0,2,5.6505241751116,0.0,0.0,5.788620456626205,0.0,0.0,0.0,0.0,0.0,0,0.0,0.0,-0.03843143225727135,13.25,0,0,AFC Wimbledon (H) · Wycombe (A) · Stockport (H) · Wigan (A),,,,,,,upcoming,1.4126310437779,1.4471551141565513
E2,Blackpool,10,37,40,4,2027-03-26 15:00:00,2027-04-10 15:00:00,0,2,5.3709233317563285,0.0,0.0,5.501132786497805,0.0,0.0,0.0,0.0,0.0,0,0.0,0.0,0.0369698257151979,9.5,0,0,Doncaster (A) · Oxford (H) · Bradford (A) · Huddersfield (H),,,,,,,upcoming,1.3427308329390821,1.3752831966244512
E2,Blackpool,11,41,44,4,2027-04-13 19:45:00,2027-04-27 19:45:00,0,2,5.237753368939458,0.0,0.0,5.36998826427423,0.0,0.0,0.0,0.0,0.0,0,0.0,0.0,0.08308955951684091,11.25,0,0,Notts County (H) · Plymouth (A) · Cambridge (H) · Leicester (A),,,,,,,upcoming,1.3094383422348645,1.3424970660685576
E2,Blackpool,12,45,46,2,2027-05-01 15:00:00,2027-05-08 12:30:00,0,1,2.6524879712626555,0.0,0.0,2.7178273690898664,0.0,0.0,0.0,0.0,0.0,0,0.0,0.0,0.05934749636927625,10.0,0,0,Stevenage (H) · Luton (A),,,,,,,upcoming,1.3262439856313277,1.3589136845449332
E2,Bradford,1,1,4,4,2026-08-15 15:00:00,2026-09-01 19:45:00,4,2,5.5962862374506965,5.5962862374506965,6.391052283915555,0.0,6.0,5.37,5.08,5.281722300766556,6.488116277087288,4,4.0,4.0,0.029331342693395095,11.75,0,0,Peterborough (H) · Sheffield Wed (A) · Plymouth (A) · Cambridge (H),0.40371376254930347,-0.3145639366841406,0.7182776992334441,0.15969354782516565,-0.16063756815383112,0.8731224837637481,complete,1.3990715593626741,
E2,Bradford,2,5,8,4,2026-09-05 15:00:00,2026-09-26 15:00:00,0,2,5.705774911502726,0.0,0.0,5.698810058136209,0.0,0.0,0.0,0.0,0.0,0,0.0,0.0,-0.0019101198628912793,12.5,0,0,Mansfield (H) · Notts County (A) · Luton (A) · Barnsley (H),,,,,,,upcoming,1.4264437278756814,1.4247025145340522
E2,Bradford,3,9,12,4,2026-10-03 15:00:00,2026-10-20 19:45:00,0,2,6.046510657198134,0.0,0.0,6.075516894401512,0.0,0.0,0.0,0.0,0.0,0,0.0,0.0,-0.0953930345280269,17.75,0,0,Reading (A) · Leyton Orient (H) · Stevenage (H) · Burton (A),,,,,,,upcoming,1.5116276642995334,1.518879223600378
E2,Bradford,4,13,16,4,2026-10-24 15:00:00,2026-11-21 15:00:00,0,2,5.235818197754632,0.0,0.0,5.245608434649914,0.0,0.0,0.0,0.0,0.0,0,0.0,0.0,0.13015566010986163,7.75,0,0,Oxford (A) · Huddersfield (H) · Leicester (A) · Doncaster (H),,,,,,,upcoming,1.308954549438658,1.3114021086624785
E2,Bradford,5,17,20,4,2026-11-28 15:00:00,2026-12-19 15:00:00,0,2,6.049856899550868,0.0,0.0,6.100638455952815,0.0,0.0,0.0,0.0,0.0,0,0.0,0.0,-0.09640286820857992,15.5,0,0,Wycombe (A) · MK Dons (H) · AFC Wimbledon (H) · Bromley (A),,,,,,,upcoming,1.512464224887717,1.5251596139882038
E2,Bradford,6,21,24,4,2026-12-26 15:00:00,2027-01-09 15:00:00,0,2,5.895964567742014,0.0,0.0,5.885928738416069,0.0,0.0,0.0,0.0,0.0,0,0.0,0.0,-0.05540955310730427,13.75,0,0,Stockport (H) · Blackpool (A) · Wigan (A) · Bromley (H),,,,,,,upcoming,1.4739911419355034,1.4714821846040171
E2,Bradford,7,25,28,4,2027-01-16 15:00:00,2027-01-30 12:30:00,0,2,5.814611527595081,0.0,0.0,5.843386599281757,0.0,0.0,0.0,0.0,0.0,0,0.0,0.0,-0.032032602045101076,13.5,0,0,Stevenage (A) · Burton (H) · Oxford (H) · Huddersfield (A),,,,,,,upcoming,1.4536528818987702,1.4608466498204393
E2,Bradford,8,29,32,4,2027-02-06 15:00:00,2027-02-20 15:00:00,0,2,5.859388210412652,0.0,0.0,5.87541354754375,0.0,0.0,0.0,0.0,0.0,0,0.0,0.0,-0.04546899194438003,15.0,0,0,Plymouth (H) · Cambridge (A) · Mansfield (A) · Notts County (H),,,,,,,upcoming,1.464847052603163,1.4688533868859375
E2,Bradford,9,33,36,4,2027-02-27 15:00:00,2027-03-20 15:00:00,0,2,5.204559346359438,0.0,0.0,5.169559544329774,0.0,0.0,0.0,0.0,0.0,0,0.0,0.0,0.1313620615483997,9.25,0,0,Leicester (H) · Peterborough (A) · Sheffield Wed (H) · Doncaster (A),,,,,,,upcoming,1.3011398365898594,1.2923898860824434
E2,Bradford,10,37,40,4,2027-03-26 15:00:00,2027-04-10 15:00:00,0,2,5.861866836728019,0.0,0.0,5.837485303214115,0.0,0.0,0.0,0.0,0.0,0,0.0,0.0,-0.045040212159879724,13.5,0,0,Wigan (H) · Stockport (A) · Blackpool (H) · AFC Wimbledon (A),,,,,,,upcoming,1.4654667091820048,1.4593713258035288
E2,Bradford,11,41,44,4,2027-04-13 19:45:00,2027-04-27 19:45:00,0,2,5.659398396215307,0.0,0.0,5.666226018328103,0.0,0.0,0.0,0.0,0.0,0,0.0,0.0,0.008323380853419948,12.0,0,0,Barnsley (A) · Luton (H) · Leyton Orient (A) · Reading (H),,,,,,,upcoming,1.4148495990538268,1.4165565045820256
E2,Bradford,12,45,46,2,2027-05-01 15:00:00,2027-05-08 12:30:00,0,1,2.709002417777965,0.0,0.0,2.7191991547930896,0.0,0.0,0.0,0.0,0.0,0,0.0,0.0,0.07512314450012225,7.5,0,0,Wycombe (H) · MK Dons (A),,,,,,,upcoming,1.3545012088889825,1.3595995773965448
E2,Bromley,1,1,4,4,2026-08-15 15:00:00,2026-09-01 19:45:00,4,2,4.490127523656111,4.49012752365611,5.992827780469853,0.0,4.0,3.53,8.57,2.880084345702288,4.806433598472994,4,4.0,13.0,-0.018202383509131677,14.0,0,0,Barnsley (A) · Cambridge (H) · Sheffield Wed (A) · Leyton Orient (H),-0.4901275236561098,-1.6100431779538216,1.1199156542977118,-0.200213423976605,-0.8490748932997505,0.8413136689118521,complete,1.1225318809140277,
E2,Bromley,2,5,8,4,2026-09-07 20:00:00,2026-09-26 15:00:00,0,2,4.398339019815065,0.0,0.0,4.230105619273894,0.0,0.0,0.0,0.0,0.0,0,0.0,0.0,0.004341135120643148,10.75,0,0,AFC Wimbledon (H) · Blackpool (A) · Huddersfield (H) · MK Dons (A),,,,,,,upcoming,1.0995847549537663,1.0575264048184736
E2,Bromley,3,9,12,4,2026-10-03 15:00:00,2026-10-20 19:45:00,0,2,3.9502217414954965,0.0,0.0,3.864940970811934,0.0,0.0,0.0,0.0,0.0,0,0.0,0.0,0.12985548633997296,8.25,0,0,Wycombe (H) · Mansfield (A) · Stockport (A) · Leicester (H),,,,,,,upcoming,0.9875554353738741,0.9662352427029836
E2,Bromley,4,13,16,4,2026-10-24 15:00:00,2026-11-21 12:30:00,0,2,4.618218235371303,0.0,0.0,4.451762830648681,0.0,0.0,0.0,0.0,0.0,0,0.0,0.0,-0.06150990356617632,15.75,0,0,Peterborough (H) · Wigan (A) · Notts County (H) · Reading (A),,,,,,,upcoming,1.1545545588428257,1.1129407076621702
E2,Bromley,5,17,20,4,2026-11-28 15:00:00,2026-12-19 15:00:00,0,2,4.450494701392029,0.0,0.0,4.349887969007567,0.0,0.0,0.0,0.0,0.0,0,0.0,0.0,-0.011320550544358148,12.5,0,0,Burton (H) · Plymouth (A) · Doncaster (A) · Bradford (H),,,,,,,upcoming,1.1126236753480072,1.0874719922518918
E2,Bromley,6,21,24,4,2026-12-26 15:00:00,2027-01-09 15:00:00,0,2,4.256276346124356,0.0,0.0,4.169303806621836,0.0,0.0,0.0,0.0,0.0,0,0.0,0.0,0.046464789062595824,9.75,0,0,Luton (A) · Oxford (H) · Stevenage (H) · Bradford (A),,,,,,,upcoming,1.064069086531089,1.042325951655459
E2,Bromley,7,25,28,4,2027-01-16 15:00:00,2027-01-30 15:00:00,0,2,4.0983996645530825,0.0,0.0,3.981775206040554,0.0,0.0,0.0,0.0,0.0,0,0.0,0.0,0.09927857391675192,10.25,0,0,Stockport (H) · Leicester (A) · Peterborough (A) · Wigan (H),,,,,,,upcoming,1.0245999161382706,0.9954438015101384
E2,Bromley,8,29,32,4,2027-02-06 15:00:00,2027-02-20 15:00:00,0,2,4.470629441764744,0.0,0.0,4.302945253539604,0.0,0.0,0.0,0.0,0.0,0,0.0,0.0,-0.023394334840652474,13.75,0,0,Sheffield Wed (H) · Leyton Orient (A) · AFC Wimbledon (A) · Blackpool (H),,,,,,,upcoming,1.117657360441186,1.075736313384901
E2,Bromley,9,33,36,4,2027-02-27 15:00:00,2027-03-20 15:00:00,0,2,4.661448546975698,0.0,0.0,4.514530305234925,0.0,0.0,0.0,0.0,0.0,0,0.0,0.0,-0.0762363346036068,16.0,0,0,Notts County (A) · Barnsley (H) · Cambridge (A) · Reading (H),,,,,,,upcoming,1.1653621367439244,1.1286325763087313
E2,Bromley,10,37,40,4,2027-03-26 15:00:00,2027-04-10 15:00:00,0,2,4.345105007691421,0.0,0.0,4.250603177718497,0.0,0.0,0.0,0.0,0.0,0,0.0,0.0,0.01399599917052445,11.5,0,0,Stevenage (A) · Doncaster (H) · Oxford (A) · Luton (H),,,,,,,upcoming,1.0862762519228553,1.0626507944296242
E2,Bromley,11,41,44,4,2027-04-13 19:45:00,2027-04-27 19:45:00,0,2,4.217006107545043,0.0,0.0,4.100969793425863,0.0,0.0,0.0,0.0,0.0,0,0.0,0.0,0.05483642991281547,8.75,0,0,MK Dons (H) · Huddersfield (A) · Mansfield (H) · Wycombe (A),,,,,,,upcoming,1.0542515268862607,1.0252424483564657
E2,Bromley,12,45,46,2,2027-05-01 15:00:00,2027-05-08 12:30:00,0,1,2.2407963543103184,0.0,0.0,2.2026482019373255,0.0,0.0,0.0,0.0,0.0,0,0.0,0.0,-0.02755025010662525,13.5,0,0,Burton (A) · Plymouth (H),,,,,,,upcoming,1.1203981771551592,1.1013241009686627
E2,Burton,1,1,4,4,2026-08-15 15:00:00,2026-09-02 19:45:00,4,2,4.777187656525789,4.777187656525789,6.018971913409638,0.0,7.0,3.05,5.55,4.16697558927169,4.867239310520117,4,8.0,5.0,0.008222243355163653,14.75,0,0,Stevenage (H) · Leicester (A) · Notts County (A) · AFC Wimbledon (H),2.222812343474211,-0.6102120672540989,2.83302441072831,0.9060280459815767,-0.32110273760042285,0.3649210080311469,complete,1.1942969141314472,
E2,Burton,2,5,8,4,2026-09-05 15:00:00,2026-09-26 15:00:00,0,2,4.856173985330445,0.0,0.0,4.864199601699877,0.0,0.0,0.0,0.0,0.0,0,0.0,0.0,-0.024971986139985927,13.25,0,0,Cambridge (H) · Oxford (A) · Mansfield (H) · Plymouth (A),,,,,,,upcoming,1.2140434963326112,1.2160499004249692
E2,Burton,3,9,12,4,2026-10-03 15:00:00,2026-10-20 19:45:00,0,2,4.692104323948219,0.0,0.0,4.625058799211839,0.0,0.0,0.0,0.0,0.0,0,0.0,0.0,0.01445156098373327,11.5,0,0,Huddersfield (H) · Doncaster (A) · Peterborough (A) · Bradford (H),,,,,,,upcoming,1.1730260809870547,1.1562646998029598
E2,Burton,4,13,16,4,2026-10-24 15:00:00,2026-11-21 15:00:00,0,2,4.539877390060589,0.0,0.0,4.5132716846145655,0.0,0.0,0.0,0.0,0.0,0,0.0,0.0,0.0612506787881757,9.5,0,0,Leyton Orient (H) · Wycombe (A) · MK Dons (A) · Luton (H),,,,,,,upcoming,1.1349693475151472,1.1283179211536414
E2,Burton,5,17,20,4,2026-11-28 15:00:00,2026-12-19 15:00:00,0,2,5.05627412777389,0.0,0.0,4.976396488615431,0.0,0.0,0.0,0.0,0.0,0,0.0,0.0,-0.08438286686810655,15.0,0,0,Bromley (A) · Wigan (H) · Reading (H) · Blackpool (A),,,,,,,upcoming,1.2640685319434726,1.2440991221538578
E2,Burton,6,21,24,4,2026-12-26 15:00:00,2027-01-08 20:00:00,0,2,4.474808651059841,0.0,0.0,4.343909215294953,0.0,0.0,0.0,0.0,0.0,0,0.0,0.0,0.07745552099504241,8.0,0,0,Sheffield Wed (H) · Barnsley (A) · Stockport (A) · Blackpool (H),,,,,,,upcoming,1.1187021627649603,1.0859773038237384
E2,Burton,7,25,28,4,2027-01-16 15:00:00,2027-01-30 15:00:00,0,2,4.825008413094814,0.0,0.0,4.817766706907973,0.0,0.0,0.0,0.0,0.0,0,0.0,0.0,-0.019625787734744125,14.0,0,0,Peterborough (H) · Bradford (A) · Leyton Orient (A) · Wycombe (H),,,,,,,upcoming,1.2062521032737035,1.2044416767269932
E2,Burton,8,29,32,4,2027-02-06 15:00:00,2027-02-20 15:00:00,0,2,5.192516775660624,0.0,0.0,5.160699828397829,0.0,0.0,0.0,0.0,0.0,0,0.0,0.0,-0.12333879999707564,18.25,0,0,Notts County (H) · AFC Wimbledon (A) · Cambridge (A) · Oxford (H),,,,,,,upcoming,1.298129193915156,1.2901749570994572
E2,Burton,9,33,36,4,2027-02-27 15:00:00,2027-03-20 15:00:00,0,2,4.168197151624412,0.0,0.0,4.138643564208104,0.0,0.0,0.0,0.0,0.0,0,0.0,0.0,0.16633668290713413,6.75,0,0,MK Dons (H) · Stevenage (A) · Leicester (H) · Luton (A),,,,,,,upcoming,1.042049287906103,1.034660891052026
E2,Burton,10,37,40,4,2027-03-26 15:00:00,2027-04-10 15:00:00,0,2,4.51918856574488,0.0,0.0,4.404419554814863,0.0,0.0,0.0,0.0,0.0,0,0.0,0.0,0.06911768350220557,8.5,0,0,Stockport (H) · Sheffield Wed (A) · Barnsley (H) · Reading (A),,,,,,,upcoming,1.12979714143622,1.1011048887037158
E2,Burton,11,41,44,4,2027-04-13 19:45:00,2027-04-27 19:45:00,0,2,4.629511604859694,0.0,0.0,4.580254774448909,0.0,0.0,0.0,0.0,0.0,0,0.0,0.0,0.03558040181177234,10.0,0,0,Plymouth (H) · Mansfield (A) · Doncaster (H) · Huddersfield (A),,,,,,,upcoming,1.1573779012149235,1.1450636936122272
E2,Burton,12,45,46,2,2027-05-01 15:00:00,2027-05-08 12:30:00,0,1,2.692810685975374,0.0,0.0,2.683969453315459,0.0,0.0,0.0,0.0,0.0,0,0.0,0.0,-0.17183955563107303,19.0,0,0,Bromley (H) · Wigan (A),,,,,,,upcoming,1.346405342987687,1.3419847266577296
E2,Cambridge,1,1,4,4,2026-08-15 15:00:00,2026-09-01 19:45:00,4,2,4.9787668180110405,4.9787668180110405,6.39488887945077,0.0,7.0,5.04,6.96,4.603278432677796,5.1665078267389655,4,7.0,6.0,-0.033272203086224944,12.5,0,0,Wigan (H) · Bromley (A) · Huddersfield (H) · Bradford (A),2.0212331819889595,-0.37548838533324425,2.3967215673222038,0.7992817891689696,-0.19169217343115297,0.4241270359201379,complete,1.2446917045027601,
E2,Cambridge,2,5,8,4,2026-09-05 15:00:00,2026-09-26 15:00:00,0,2,5.270812522539347,0.0,0.0,5.254394029426458,0.0,0.0,0.0,0.0,0.0,0,0.0,0.0,-0.11295643124475596,17.0,0,0,Burton (A) · Reading (H) · Oxford (A) · AFC Wimbledon (H),,,,,,,upcoming,1.3177031306348368,1.3135985073566145
E2,Cambridge,3,9,12,4,2026-10-03 15:00:00,2026-10-20 19:45:00,0,2,4.641612498105168,0.0,0.0,4.535816059058231,0.0,0.0,0.0,0.0,0.0,0,0.0,0.0,0.06342882462968533,8.5,0,0,Sheffield Wed (A) · Blackpool (H) · Barnsley (A) · Wycombe (H),,,,,,,upcoming,1.160403124526292,1.1339540147645577
E2,Cambridge,4,13,16,4,2026-10-24 15:00:00,2026-11-21 15:00:00,0,2,4.565147025426205,0.0,0.0,4.5433607966328795,0.0,0.0,0.0,0.0,0.0,0,0.0,0.0,0.08257460886678987,8.75,0,0,Plymouth (H) · Leyton Orient (A) · Luton (A) · Stockport (H),,,,,,,upcoming,1.1412867563565512,1.1358401991582199
E2,Cambridge,5,17,20,4,2026-11-28 12:30:00,2026-12-18 19:45:00,0,2,4.527952280371698,0.0,0.0,4.506514108937129,0.0,0.0,0.0,0.0,0.0,0,0.0,0.0,0.09401395231102072,10.75,0,0,Peterborough (A) · Leicester (H) · MK Dons (A) · Stevenage (H),,,,,,,upcoming,1.1319880700929246,1.1266285272342822
E2,Cambridge,6,21,24,4,2026-12-26 15:00:00,2027-01-09 12:30:00,0,2,5.1229381129901785,0.0,0.0,5.08213909558618,0.0,0.0,0.0,0.0,0.0,0,0.0,0.0,-0.0735458660420075,16.5,0,0,Notts County (A) · Doncaster (H) · Mansfield (H) · Stevenage (A),,,,,,,upcoming,1.2807345282475446,1.270534773896545
E2,Cambridge,7,25,28,4,2027-01-16 15:00:00,2027-01-30 15:00:00,0,2,4.8437177951305825,0.0,0.0,4.845618916786759,0.0,0.0,0.0,0.0,0.0,0,0.0,0.0,0.007448825547348048,11.75,0,0,Barnsley (H) · Wycombe (A) · Plymouth (A) · Leyton Orient (H),,,,,,,upcoming,1.2109294487826456,1.2114047291966898
E2,Cambridge,8,29,32,4,2027-02-06 15:00:00,2027-02-20 15:00:00,0,2,4.861113479879623,0.0,0.0,4.792947616816897,0.0,0.0,0.0,0.0,0.0,0,0.0,0.0,0.002159334562719075,11.5,0,0,Huddersfield (A) · Bradford (H) · Burton (H) · Reading (A),,,,,,,upcoming,1.2152783699699057,1.1982369042042242
E2,Cambridge,9,33,36,4,2027-02-27 12:30:00,2027-03-20 15:00:00,0,2,5.173980685366745,0.0,0.0,5.152580199087964,0.0,0.0,0.0,0.0,0.0,0,0.0,0.0,-0.08353583338145752,16.0,0,0,Peterborough (H) · Wigan (A) · Bromley (H) · Stockport (A),,,,,,,upcoming,1.2934951713416862,1.288145049771991
E2,Cambridge,10,37,40,4,2027-03-26 15:00:00,2027-04-10 15:00:00,0,2,4.956129783097699,0.0,0.0,4.896751073089588,0.0,0.0,0.0,0.0,0.0,0,0.0,0.0,-0.028070371557232722,13.75,0,0,Mansfield (A) · MK Dons (H) · Doncaster (A) · Notts County (H),,,,,,,upcoming,1.2390324457744248,1.224187768272397
E2,Cambridge,11,41,44,4,2027-04-13 19:45:00,2027-04-27 19:45:00,0,2,4.849442364257864,0.0,0.0,4.756838341623025,0.0,0.0,0.0,0.0,0.0,0,0.0,0.0,0.0013797418407712758,11.5,0,0,AFC Wimbledon (A) · Oxford (H) · Blackpool (A) · Sheffield Wed (H),,,,,,,upcoming,1.212360591064466,1.1892095854057563
E2,Cambridge,12,45,46,2,2027-05-01 15:00:00,2027-05-08 12:30:00,0,1,1.893668291217086,0.0,0.0,1.8772286431470517,0.0,0.0,0.0,0.0,0.0,0,0.0,0.0,0.3195626822745404,2.0,0,0,Luton (H) · Leicester (A),,,,,,,upcoming,0.946834145608543,0.9386143215735259
E2,Doncaster,1,1,4,4,2026-08-15 15:00:00,2026-09-01 19:45:00,4,2,5.473537103871308,5.473537103871308,6.573421921449782,0.0,3.0,4.21,3.67,5.717218549617618,5.704438112178325,4,4.0,5.0,-0.07050402076244025,16.0,0,0,Mansfield (A) · Barnsley (H) · Stevenage (A) · Notts County (H),-2.4735371038713083,0.24368144574630968,-2.717218549617618,-0.9647675219844601,0.12270184218394094,0.3346612666712887,complete,1.368384275967827,
E2,Doncaster,2,5,8,4,2026-09-05 15:00:00,2026-09-26 15:00:00,0,2,5.402897426700497,0.0,0.0,5.465319090615793,0.0,0.0,0.0,0.0,0.0,0,0.0,0.0,-0.052344445291606874,14.5,0,0,Plymouth (H) · AFC Wimbledon (A) · Peterborough (A) · Oxford (H),,,,,,,upcoming,1.3507243566751244,1.3663297726539483
E2,Doncaster,3,9,12,4,2026-10-03 15:00:00,2026-10-20 19:45:00,0,2,4.756937137151427,0.0,0.0,4.782578807832655,0.0,0.0,0.0,0.0,0.0,0,0.0,0.0,0.13826641473148,8.25,0,0,Luton (A) · Burton (H) · Leicester (A) · Stockport (H),,,,,,,upcoming,1.1892342842878567,1.1956447019581637
E2,Doncaster,4,13,16,4,2026-10-24 15:00:00,2026-11-21 15:00:00,0,2,4.939694324503287,0.0,0.0,4.9191205397201205,0.0,0.0,0.0,0.0,0.0,0,0.0,0.0,0.07694294102265466,9.0,0,0,Sheffield Wed (H) · MK Dons (A) · Leyton Orient (H) · Bradford (A),,,,,,,upcoming,1.2349235811258217,1.2297801349300301
E2,Doncaster,5,17,20,4,2026-11-26 20:00:00,2026-12-19 15:00:00,0,2,5.325003977341681,0.0,0.0,5.342509618007035,0.0,0.0,0.0,0.0,0.0,0,0.0,0.0,-0.028835307324195803,12.25,0,0,Huddersfield (H) · Reading (A) · Bromley (H) · Wycombe (A),,,,,,,upcoming,1.3312509943354203,1.3356274045017587
E2,Doncaster,6,21,24,4,2026-12-26 15:00:00,2027-01-09 15:00:00,0,2,5.35002131265902,0.0,0.0,5.346833144869066,0.0,0.0,0.0,0.0,0.0,0,0.0,0.0,-0.0369723205615914,13.5,0,0,Wigan (H) · Cambridge (A) · Blackpool (A) · Wycombe (H),,,,,,,upcoming,1.337505328164755,1.3367082862172666
E2,Doncaster,7,25,28,4,2027-01-16 15:00:00,2027-01-30 15:00:00,0,2,4.4232455623295905,0.0,0.0,4.393092815057216,0.0,0.0,0.0,0.0,0.0,0,0.0,0.0,0.2211463439093962,4.0,0,0,Leicester (H) · Stockport (A) · Sheffield Wed (A) · MK Dons (H),,,,,,,upcoming,1.1058113905823976,1.098273203764304
E2,Doncaster,8,29,32,4,2027-02-06 15:00:00,2027-02-20 15:00:00,0,2,5.478188807318237,0.0,0.0,5.490711357773819,0.0,0.0,0.0,0.0,0.0,0,0.0,0.0,-0.06911262139943655,15.75,0,0,Stevenage (H) · Notts County (A) · Plymouth (A) · AFC Wimbledon (H),,,,,,,upcoming,1.3695472018295594,1.3726778394434547
E2,Doncaster,9,33,36,4,2027-02-27 15:00:00,2027-03-20 15:00:00,0,2,5.351881840557066,0.0,0.0,5.405334965654565,0.0,0.0,0.0,0.0,0.0,0,0.0,0.0,-0.03785933308150155,14.25,0,0,Leyton Orient (A) · Mansfield (H) · Barnsley (A) · Bradford (H),,,,,,,upcoming,1.3379704601392666,1.3513337414136413
E2,Doncaster,10,37,40,4,2027-03-26 15:00:00,2027-04-10 15:00:00,0,2,5.6584823060882385,0.0,0.0,5.674464011234339,0.0,0.0,0.0,0.0,0.0,0,0.0,0.0,-0.12068536538736596,17.25,0,0,Blackpool (H) · Bromley (A) · Cambridge (H) · Wigan (A),,,,,,,upcoming,1.4146205765220596,1.4186160028085848
E2,Doncaster,11,41,44,4,2027-04-13 19:45:00,2027-04-27 19:45:00,0,2,5.293428317538895,0.0,0.0,5.3430588290113565,0.0,0.0,0.0,0.0,0.0,0,0.0,0.0,-0.021813499728370593,13.75,0,0,Oxford (A) · Peterborough (H) · Burton (A) · Luton (H),,,,,,,upcoming,1.3233570793847238,1.3357647072528391
E2,Doncaster,12,45,46,2,2027-05-01 15:00:00,2027-05-08 12:30:00,0,1,2.4972975459461133,0.0,0.0,2.4678853950195254,0.0,0.0,0.0,0.0,0.0,0,0.0,0.0,0.06357085851219044,8.0,0,0,Huddersfield (A) · Reading (H),,,,,,,upcoming,1.2486487729730567,1.2339426975097627
E2,Huddersfield,1,1,4,4,2026-08-15 15:00:00,2026-09-01 19:45:00,4,2,6.236679174873345,6.236679174873345,6.563773694910941,0.0,10.0,7.73,4.06,7.511192479656923,6.57870917254105,4,9.0,3.0,-0.07615573474280697,15.25,0,0,AFC Wimbledon (H) · MK Dons (A) · Cambridge (A) · Oxford (H),3.7633208251266552,1.2745133047835786,2.4888075203430766,1.468907486215178,0.6422320114128566,0.14185788385038567,complete,1.5591697937183362,
E2,Huddersfield,2,5,8,4,2026-09-05 15:00:00,2026-09-26 15:00:00,0,2,6.18524407598095,0.0,0.0,6.295158258370047,0.0,0.0,0.0,0.0,0.0,0,0.0,0.0,-0.06211174815393287,15.25,0,0,Notts County (H) · Mansfield (A) · Bromley (A) · Luton (H),,,,,,,upcoming,1.5463110189952376,1.5737895645925117
E2,Huddersfield,3,9,12,4,2026-10-03 15:00:00,2026-10-20 19:45:00,0,2,5.874468023534429,0.0,0.0,5.9393564983700635,0.0,0.0,0.0,0.0,0.0,0,0.0,0.0,0.021946527591468878,12.0,0,0,Burton (A) · Sheffield Wed (H) · Plymouth (A) · Peterborough (H),,,,,,,upcoming,1.4686170058836072,1.4848391245925159
E2,Huddersfield,4,13,16,4,2026-10-24 12:30:00,2026-11-21 15:00:00,0,2,5.488764414727638,0.0,0.0,5.591668275955955,0.0,0.0,0.0,0.0,0.0,0,0.0,0.0,0.12590246580592762,8.0,0,0,Wigan (H) · Bradford (A) · Wycombe (A) · Leicester (H),,,,,,,upcoming,1.3721911036819094,1.3979170689889888
E2,Huddersfield,5,17,20,4,2026-11-26 20:00:00,2026-12-19 12:30:00,0,2,6.221373397111922,0.0,0.0,6.337677197273312,0.0,0.0,0.0,0.0,0.0,0,0.0,0.0,-0.07187716446498404,16.25,0,0,Doncaster (A) · Stevenage (H) · Leyton Orient (H) · Barnsley (A),,,,,,,upcoming,1.5553433492779805,1.584419299318328
E2,Huddersfield,6,21,24,4,2026-12-26 15:00:00,2027-01-09 15:00:00,0,2,5.674192496476889,0.0,0.0,5.684985083637427,0.0,0.0,0.0,0.0,0.0,0,0.0,0.0,0.07745552099504241,8.0,0,0,Blackpool (H) · Stockport (A) · Sheffield Wed (A) · Barnsley (H),,,,,,,upcoming,1.4185481241192222,1.4212462709093567
E2,Huddersfield,7,25,28,4,2027-01-16 15:00:00,2027-01-30 12:30:00,0,2,5.902355644655531,0.0,0.0,5.996145686351429,0.0,0.0,0.0,0.0,0.0,0,0.0,0.0,0.013832540874565797,11.5,0,0,Plymouth (H) · Peterborough (A) · Wigan (A) · Bradford (H),,,,,,,upcoming,1.4755889111638827,1.4990364215878573
E2,Huddersfield,8,29,32,4,2027-02-06 15:00:00,2027-02-20 15:00:00,0,2,6.249125727959552,0.0,0.0,6.369290948187049,0.0,0.0,0.0,0.0,0.0,0,0.0,0.0,-0.0794522851075117,16.5,0,0,Cambridge (H) · Oxford (A) · Notts County (A) · Mansfield (H),,,,,,,upcoming,1.562281431989888,1.5923227370467623
E2,Huddersfield,9,33,36,4,2027-02-27 15:00:00,2027-03-20 15:00:00,0,2,5.654180798983848,0.0,0.0,5.773466256739308,0.0,0.0,0.0,0.0,0.0,0,0.0,0.0,0.08641153908962952,9.75,0,0,Wycombe (H) · AFC Wimbledon (A) · MK Dons (H) · Leicester (A),,,,,,,upcoming,1.413545199745962,1.443366564184827
E2,Huddersfield,10,37,40,4,2027-03-26 15:00:00,2027-04-10 15:00:00,0,2,5.948397648977158,0.0,0.0,6.014684185440227,0.0,0.0,0.0,0.0,0.0,0,0.0,0.0,0.0016650434315498503,12.25,0,0,Reading (H) · Leyton Orient (A) · Stockport (H) · Blackpool (A),,,,,,,upcoming,1.4870994122442895,1.5036710463600567
E2,Huddersfield,11,41,44,4,2027-04-13 19:45:00,2027-04-27 19:45:00,0,2,6.226776735639822,0.0,0.0,6.331513753469104,0.0,0.0,0.0,0.0,0.0,0,0.0,0.0,-0.07352130632753175,15.25,0,0,Luton (A) · Bromley (H) · Reading (A) · Burton (H),,,,,,,upcoming,1.5566941839099555,1.582878438367276
E2,Huddersfield,12,45,46,2,2027-05-01 15:00:00,2027-05-08 12:30:00,0,1,3.105340863027376,0.0,0.0,3.1526108100781727,0.0,0.0,0.0,0.0,0.0,0,0.0,0.0,-0.06893436809802775,16.0,0,0,Doncaster (H) · Stevenage (A),,,,,,,upcoming,1.552670431513688,1.5763054050390863
E2,Leicester,1,1,4,4,2026-08-15 12:30:00,2026-09-01 19:45:00,4,2,7.093607725419071,7.09360772541907,6.4262244637092145,0.0,5.0,5.6899999999999995,4.65,6.251998781434241,6.731968857652441,4,4.0,3.0,-0.008927354052942593,12.75,0,0,Notts County (A) · Burton (H) · MK Dons (A) · Plymouth (H),-2.09360772541907,-0.8416089439848289,-1.2519987814342413,-0.8258807939954603,-0.42860454438952245,0.4088717164874902,complete,1.7734019313547678,
E2,Leicester,2,5,8,4,2026-09-05 15:00:00,2026-09-26 15:00:00,0,2,7.068957759480636,0.0,0.0,7.039625600558468,0.0,0.0,0.0,0.0,0.0,0,0.0,0.0,-0.0008159403589513003,11.25,0,0,Oxford (H) · Stockport (A) · Barnsley (A) · Wigan (H),,,,,,,upcoming,1.767239439870159,1.759906400139617
E2,Leicester,3,9,12,4,2026-10-03 15:00:00,2026-10-20 19:45:00,0,2,7.45064089469682,0.0,0.0,7.4099084120392575,0.0,0.0,0.0,0.0,0.0,0,0.0,0.0,-0.1054255302284777,17.0,0,0,Blackpool (A) · Peterborough (H) · Doncaster (H) · Bromley (A),,,,,,,upcoming,1.862660223674205,1.8524771030098144
E2,Leicester,4,13,16,4,2026-10-24 12:30:00,2026-11-21 15:00:00,0,2,6.7599074966045105,0.0,0.0,6.684695874342243,0.0,0.0,0.0,0.0,0.0,0,0.0,0.0,0.0823213229139497,8.0,0,0,Luton (A) · Stevenage (H) · Bradford (H) · Huddersfield (A),,,,,,,upcoming,1.6899768741511276,1.6711739685855607
E2,Leicester,5,17,20,4,2026-11-28 15:00:00,2026-12-19 15:00:00,0,2,7.077747481725564,0.0,0.0,6.990953759296684,0.0,0.0,0.0,0.0,0.0,0,0.0,0.0,-0.0021039012319092228,12.75,0,0,Mansfield (H) · Cambridge (A) · Sheffield Wed (H) · Reading (A),,,,,,,upcoming,1.769436870431391,1.747738439824171
E2,Leicester,6,21,24,4,2026-12-26 15:00:00,2027-01-09 15:00:00,0,2,7.344807180330324,0.0,0.0,7.321489035333331,0.0,0.0,0.0,0.0,0.0,0,0.0,0.0,-0.07909657690954888,16.0,0,0,AFC Wimbledon (H) · Leyton Orient (A) · Wycombe (A) · Reading (H),,,,,,,upcoming,1.836201795082581,1.8303722588333327
E2,Leicester,7,25,28,4,2027-01-16 15:00:00,2027-01-30 15:00:00,0,2,7.265224583351658,0.0,0.0,7.239361507471523,0.0,0.0,0.0,0.0,0.0,0,0.0,0.0,-0.05750025020995313,14.75,0,0,Doncaster (A) · Bromley (H) · Luton (H) · Stevenage (A),,,,,,,upcoming,1.8163061458379146,1.8098403768678808
E2,Leicester,8,29,32,4,2027-02-06 15:00:00,2027-02-20 15:00:00,0,2,6.761396478525947,0.0,0.0,6.74451183682349,0.0,0.0,0.0,0.0,0.0,0,0.0,0.0,0.08423027913343942,7.25,0,0,MK Dons (H) · Plymouth (A) · Oxford (A) · Stockport (H),,,,,,,upcoming,1.6903491196314868,1.6861279592058724
E2,Leicester,9,33,36,4,2027-02-27 15:00:00,2027-03-20 15:00:00,0,2,7.125632351052283,0.0,0.0,7.040234730926973,0.0,0.0,0.0,0.0,0.0,0,0.0,0.0,-0.015607849291526824,13.0,0,0,Bradford (A) · Notts County (H) · Burton (A) · Huddersfield (H),,,,,,,upcoming,1.7814080877630707,1.7600586827317433
E2,Leicester,10,37,40,4,2027-03-26 15:00:00,2027-04-10 15:00:00,0,2,7.125251922837154,0.0,0.0,7.066228006935168,0.0,0.0,0.0,0.0,0.0,0,0.0,0.0,-0.016785554938044095,13.5,0,0,Wycombe (H) · AFC Wimbledon (A) · Leyton Orient (H) · Sheffield Wed (A),,,,,,,upcoming,1.7813129807092885,1.766557001733792
E2,Leicester,11,41,44,4,2027-04-13 19:45:00,2027-04-27 19:45:00,0,2,7.231205866412695,0.0,0.0,7.16905661184388,0.0,0.0,0.0,0.0,0.0,0,0.0,0.0,-0.04396968135838138,14.0,0,0,Wigan (A) · Barnsley (H) · Peterborough (A) · Blackpool (H),,,,,,,upcoming,1.8078014666031736,1.79226415296097
E2,Leicester,12,45,46,2,2027-05-01 15:00:00,2027-05-08 12:30:00,0,1,3.739445932440577,0.0,0.0,3.7443429217104742,0.0,0.0,0.0,0.0,0.0,0,0.0,0.0,-0.1152279933160143,18.5,0,0,Mansfield (A) · Cambridge (H),,,,,,,upcoming,1.8697229662202886,1.8721714608552371
E2,Leyton Orient,1,1,4,4,2026-08-15 15:00:00,2026-09-01 19:45:00,4,2,5.202459182070113,5.202459182070112,6.514309137503215,0.0,6.0,3.91,7.03,3.74802444414467,5.459994907392459,4,9.0,5.0,-0.038974481528726374,13.25,0,0,Sheffield Wed (H) · Wigan (A) · Barnsley (H) · Bromley (A),0.797540817929888,-1.454434737925442,2.25197555585533,0.3124774898626564,-0.735672346462389,0.7546776677000981,complete,1.3006147955175282,
E2,Leyton Orient,2,5,8,4,2026-09-05 15:00:00,2026-09-26 15:00:00,0,2,4.988529579157209,0.0,0.0,4.926938750139596,0.0,0.0,0.0,0.0,0.0,0,0.0,0.0,0.023308867441335597,11.25,0,0,Luton (A) · Wycombe (H) · Stevenage (H) · Mansfield (A),,,,,,,upcoming,1.2471323947893023,1.231734687534899
E2,Leyton Orient,3,9,12,4,2026-10-03 15:00:00,2026-10-21 20:00:00,0,2,4.872959245958089,0.0,0.0,4.745670880671331,0.0,0.0,0.0,0.0,0.0,0,0.0,0.0,0.05231124498851935,8.75,0,0,Plymouth (H) · Bradford (A) · Blackpool (H) · Reading (A),,,,,,,upcoming,1.2182398114895223,1.1864177201678328
E2,Leyton Orient,4,13,16,4,2026-10-24 15:00:00,2026-11-21 15:00:00,0,2,5.665516395251094,0.0,0.0,5.599748339531358,0.0,0.0,0.0,0.0,0.0,0,0.0,0.0,-0.16359539613301863,20.25,0,0,Burton (A) · Cambridge (H) · Doncaster (A) · AFC Wimbledon (H),,,,,,,upcoming,1.4163790988127736,1.3999370848828394
E2,Leyton Orient,5,17,20,4,2026-11-28 15:00:00,2026-12-19 15:00:00,0,2,5.018489788724352,0.0,0.0,4.884435633514314,0.0,0.0,0.0,0.0,0.0,0,0.0,0.0,0.016402189835928324,12.0,0,0,Stockport (A) · Peterborough (H) · Huddersfield (A) · Notts County (H),,,,,,,upcoming,1.254622447181088,1.2211089083785784
E2,Leyton Orient,6,21,24,4,2026-12-26 15:00:00,2027-01-09 15:00:00,0,2,4.651803630128385,0.0,0.0,4.566579280938491,0.0,0.0,0.0,0.0,0.0,0,0.0,0.0,0.11482464627299144,9.0,0,0,MK Dons (A) · Leicester (H) · Oxford (H) · Notts County (A),,,,,,,upcoming,1.1629509075320963,1.1416448202346228
E2,Leyton Orient,7,25,28,4,2027-01-16 15:00:00,2027-01-30 15:00:00,0,2,5.377386776091765,0.0,0.0,5.2567964674150325,0.0,0.0,0.0,0.0,0.0,0,0.0,0.0,-0.08525382773842194,16.25,0,0,Blackpool (A) · Reading (H) · Burton (H) · Cambridge (A),,,,,,,upcoming,1.3443466940229412,1.3141991168537581
E2,Leyton Orient,8,29,32,4,2027-02-06 15:00:00,2027-02-20 15:00:00,0,2,5.153690379978844,0.0,0.0,5.0985007023516005,0.0,0.0,0.0,0.0,0.0,0,0.0,0.0,-0.023452174450188667,12.25,0,0,Barnsley (A) · Bromley (H) · Luton (H) · Wycombe (A),,,,,,,upcoming,1.288422594994711,1.2746251755879001
E2,Leyton Orient,9,33,36,4,2027-02-27 15:00:00,2027-03-20 15:00:00,0,2,5.193740393966527,0.0,0.0,5.043446187678111,0.0,0.0,0.0,0.0,0.0,0,0.0,0.0,-0.03164698586086907,13.5,0,0,Doncaster (H) · Sheffield Wed (A) · Wigan (H) · AFC Wimbledon (A),,,,,,,upcoming,1.2984350984916317,1.2608615469195277
E2,Leyton Orient,10,37,40,4,2027-03-26 15:00:00,2027-04-10 15:00:00,0,2,4.476111500442323,0.0,0.0,4.393673927942331,0.0,0.0,0.0,0.0,0.0,0,0.0,0.0,0.17117818592873943,5.5,0,0,Oxford (A) · Huddersfield (H) · Leicester (A) · MK Dons (H),,,,,,,upcoming,1.1190278751105807,1.0984184819855827
E2,Leyton Orient,11,41,44,4,2027-04-13 19:45:00,2027-04-27 19:45:00,0,2,5.019539023730489,0.0,0.0,4.963493430915619,0.0,0.0,0.0,0.0,0.0,0,0.0,0.0,0.013403222817589645,11.5,0,0,Mansfield (H) · Stevenage (A) · Bradford (H) · Plymouth (A),,,,,,,upcoming,1.2548847559326222,1.2408733577289048
E2,Leyton Orient,12,45,46,2,2027-05-01 15:00:00,2027-05-08 12:30:00,0,1,2.519701205341188,0.0,0.0,2.474303082633861,0.0,0.0,0.0,0.0,0.0,0,0.0,0.0,0.004767888868158002,13.0,0,0,Stockport (H) · Peterborough (A),,,,,,,upcoming,1.259850602670594,1.2371515413169305
E2,Luton,1,1,4,4,2026-08-15 12:30:00,2026-09-02 19:45:00,4,2,6.2240709425181375,6.224070942518138,6.667952732736696,0.0,7.0,6.890000000000001,5.08,6.66552463175829,6.684841924723937,4,10.0,10.0,-0.0169062947775982,13.25,0,0,Reading (A) · Notts County (H) · Mansfield (A) · Stockport (H),0.7759290574818616,0.44145368924015127,0.3344753682417103,0.3004870496793007,0.2207055575019774,0.7638056731505876,complete,1.5560177356295344,
E2,Luton,2,5,8,4,2026-09-05 15:00:00,2026-09-26 15:00:00,0,2,6.133634630745898,0.0,0.0,6.173336089630612,0.0,0.0,0.0,0.0,0.0,0,0.0,0.0,0.007742780367877171,12.25,0,0,Leyton Orient (H) · Stevenage (A) · Bradford (H) · Huddersfield (A),,,,,,,upcoming,1.5334086576864745,1.543334022407653
E2,Luton,3,9,12,4,2026-10-03 15:00:00,2026-10-20 19:45:00,0,2,6.122818752391405,0.0,0.0,6.154197248040127,0.0,0.0,0.0,0.0,0.0,0,0.0,0.0,0.010589202146511474,10.75,0,0,Doncaster (H) · Wycombe (A) · MK Dons (A) · Barnsley (H),,,,,,,upcoming,1.5307046880978512,1.5385493120100318
E2,Luton,4,13,16,4,2026-10-24 12:30:00,2026-11-21 15:00:00,0,2,6.157900438870587,0.0,0.0,6.229927385122033,0.0,0.0,0.0,0.0,0.0,0,0.0,0.0,0.000667871855304869,15.75,0,0,Leicester (H) · Peterborough (A) · Cambridge (H) · Burton (A),,,,,,,upcoming,1.5394751097176467,1.5574818462805082
E2,Luton,5,17,20,4,2026-11-28 15:00:00,2026-12-19 12:30:00,0,2,5.98165166893138,0.0,0.0,5.949981625200524,0.0,0.0,0.0,0.0,0.0,0,0.0,0.0,0.049424404483875806,9.25,0,0,Oxford (H) · Blackpool (A) · Wigan (H) · Sheffield Wed (A),,,,,,,upcoming,1.495412917232845,1.487495406300131
E2,Luton,6,21,24,4,2026-12-26 15:00:00,2027-01-09 15:00:00,0,2,6.311758861796142,0.0,0.0,6.336613008551063,0.0,0.0,0.0,0.0,0.0,0,0.0,0.0,-0.04174122991926325,13.5,0,0,Bromley (H) · AFC Wimbledon (A) · Plymouth (A) · Sheffield Wed (H),,,,,,,upcoming,1.5779397154490356,1.5841532521377657
E2,Luton,7,25,28,4,2027-01-16 15:00:00,2027-01-30 15:00:00,0,2,5.799381942519833,0.0,0.0,5.848652901598513,0.0,0.0,0.0,0.0,0.0,0,0.0,0.0,0.10150876625648494,9.75,0,0,MK Dons (H) · Barnsley (A) · Leicester (A) · Peterborough (H),,,,,,,upcoming,1.4498454856299583,1.4621632253996282
E2,Luton,8,29,32,4,2027-02-06 15:00:00,2027-02-20 15:00:00,0,2,6.300199914652981,0.0,0.0,6.373039669811914,0.0,0.0,0.0,0.0,0.0,0,0.0,0.0,-0.03724297873937985,15.0,0,0,Mansfield (H) · Stockport (A) · Leyton Orient (A) · Stevenage (H),,,,,,,upcoming,1.5750499786632453,1.5932599174529785
E2,Luton,9,33,36,4,2027-02-27 15:00:00,2027-03-20 15:00:00,0,2,6.428107971170381,0.0,0.0,6.450635742686067,0.0,0.0,0.0,0.0,0.0,0,0.0,0.0,-0.07232652861609705,15.75,0,0,Oxford (A) · Reading (H) · Notts County (A) · Burton (H),,,,,,,upcoming,1.6070269927925953,1.6126589356715169
E2,Luton,10,37,40,4,2027-03-26 15:00:00,2027-04-10 15:00:00,0,2,6.583221775532527,0.0,0.0,6.650068794756771,0.0,0.0,0.0,0.0,0.0,0,0.0,0.0,-0.11440467573056833,16.5,0,0,Plymouth (H) · Wigan (A) · AFC Wimbledon (H) · Bromley (A),,,,,,,upcoming,1.6458054438831318,1.6625171986891927
E2,Luton,11,41,44,4,2027-04-13 19:45:00,2027-04-27 19:45:00,0,2,5.979202285289208,0.0,0.0,5.994165309097147,0.0,0.0,0.0,0.0,0.0,0,0.0,0.0,0.049186621160494895,9.0,0,0,Huddersfield (H) · Bradford (A) · Wycombe (H) · Doncaster (A),,,,,,,upcoming,1.494800571322302,1.4985413272742867
E2,Luton,12,45,46,2,2027-05-01 15:00:00,2027-05-08 12:30:00,0,1,3.2106673393088294,0.0,0.0,3.2177751119992744,0.0,0.0,0.0,0.0,0.0,0,0.0,0.0,-0.0695311751436589,15.5,0,0,Cambridge (A) · Blackpool (H),,,,,,,upcoming,1.6053336696544147,1.6088875559996372
E2,MK Dons,1,1,4,4,2026-08-15 12:30:00,2026-09-02 19:45:00,4,2,5.330991805471995,5.330991805471995,6.575811731854988,0.0,3.0,7.58,7.16,5.601494265047583,5.280788000485715,4,4.0,6.0,0.13140988068891635,7.5,0,0,Oxford (A) · Huddersfield (H) · Leicester (H) · Wigan (A),-2.330991805471995,0.27050245957558783,-2.6014942650475827,-0.9090045591155635,0.13618237621115376,0.363347719257493,complete,1.3327479513679987,
E2,MK Dons,2,5,8,4,2026-09-05 15:00:00,2026-09-26 15:00:00,0,2,6.358154445148908,0.0,0.0,6.45544376482259,0.0,0.0,0.0,0.0,0.0,0,0.0,0.0,-0.14560719238991912,18.75,0,0,Wycombe (A) · Peterborough (H) · AFC Wimbledon (A) · Bromley (H),,,,,,,upcoming,1.589538611287227,1.6138609412056475
E2,MK Dons,3,9,12,4,2026-10-03 15:00:00,2026-10-20 19:45:00,0,2,5.674299644114179,0.0,0.0,5.654669853818015,0.0,0.0,0.0,0.0,0.0,0,0.0,0.0,0.038705473077532325,9.5,0,0,Barnsley (A) · Reading (H) · Luton (H) · Blackpool (A),,,,,,,upcoming,1.4185749110285448,1.4136674634545037
E2,MK Dons,4,13,16,4,2026-10-24 15:00:00,2026-11-21 15:00:00,0,2,6.1872549742143015,0.0,0.0,6.250747133677759,0.0,0.0,0.0,0.0,0.0,0,0.0,0.0,-0.09946599580894724,17.5,0,0,Stevenage (A) · Doncaster (H) · Burton (H) · Mansfield (A),,,,,,,upcoming,1.5468137435535754,1.5626867834194398
E2,MK Dons,5,17,20,4,2026-11-28 12:30:00,2026-12-19 15:00:00,0,2,5.888260378995401,0.0,0.0,5.901374017551806,0.0,0.0,0.0,0.0,0.0,0,0.0,0.0,-0.0178360762303004,13.5,0,0,Notts County (H) · Bradford (A) · Cambridge (H) · Stockport (A),,,,,,,upcoming,1.4720650947488503,1.4753435043879515
E2,MK Dons,6,21,24,4,2026-12-26 15:00:00,2027-01-09 15:00:00,0,2,5.7097428591940895,0.0,0.0,5.751203157007809,0.0,0.0,0.0,0.0,0.0,0,0.0,0.0,0.030040321051992898,11.0,0,0,Leyton Orient (H) · Plymouth (A) · Reading (A) · Stockport (H),,,,,,,upcoming,1.4274357147985224,1.4378007892519522
E2,MK Dons,7,25,28,4,2027-01-16 15:00:00,2027-01-30 15:00:00,0,2,5.751138744435258,0.0,0.0,5.754566694091299,0.0,0.0,0.0,0.0,0.0,0,0.0,0.0,0.019604014713213075,11.25,0,0,Luton (A) · Blackpool (H) · Stevenage (H) · Doncaster (A),,,,,,,upcoming,1.4377846861088146,1.4386416735228247
E2,MK Dons,8,29,32,4,2027-02-06 15:00:00,2027-02-20 15:00:00,0,2,5.525608513015268,0.0,0.0,5.578204870056858,0.0,0.0,0.0,0.0,0.0,0,0.0,0.0,0.08525187755139485,10.75,0,0,Leicester (A) · Wigan (H) · Wycombe (H) · Peterborough (A),,,,,,,upcoming,1.381402128253817,1.3945512175142145
E2,MK Dons,9,33,36,4,2027-02-27 15:00:00,2027-03-20 15:00:00,0,2,5.935258645457479,0.0,0.0,6.001677065506226,0.0,0.0,0.0,0.0,0.0,0,0.0,0.0,-0.03048356055368995,13.25,0,0,Burton (A) · Oxford (H) · Huddersfield (A) · Mansfield (H),,,,,,,upcoming,1.4838146613643697,1.5004192663765565
E2,MK Dons,10,37,40,4,2027-03-26 15:00:00,2027-04-10 15:00:00,0,2,5.715850727025764,0.0,0.0,5.737691916315001,0.0,0.0,0.0,0.0,0.0,0,0.0,0.0,0.027075530743435973,12.0,0,0,Sheffield Wed (H) · Cambridge (A) · Plymouth (H) · Leyton Orient (A),,,,,,,upcoming,1.428962681756441,1.4344229790787502
E2,MK Dons,11,41,44,4,2027-04-13 19:45:00,2027-04-27 19:45:00,0,2,6.148295701581138,0.0,0.0,6.170236051508633,0.0,0.0,0.0,0.0,0.0,0,0.0,0.0,-0.08701914417183089,15.5,0,0,Bromley (A) · AFC Wimbledon (H) · Sheffield Wed (A) · Barnsley (H),,,,,,,upcoming,1.5370739253952845,1.5425590128771582
E2,MK Dons,12,45,46,2,2027-05-01 15:00:00,2027-05-08 12:30:00,0,1,2.922484620340831,0.0,0.0,2.9121668313958406,0.0,0.0,0.0,0.0,0.0,0,0.0,0.0,-0.007411929852872798,13.0,0,0,Notts County (A) · Bradford (H),,,,,,,upcoming,1.4612423101704155,1.4560834156979203
E2,Mansfield,1,1,4,4,2026-08-15 15:00:00,2026-09-02 20:00:00,4,2,5.142779286153235,5.142779286153235,6.482852325391508,0.0,6.0,5.11,7.35,4.258560263560049,5.300878375288722,4,8.0,10.0,0.0075373475238118305,12.25,0,0,Doncaster (H) · Peterborough (A) · Luton (H) · Reading (A),0.8572207138467647,-0.8842190225931867,1.7414397364399514,0.3366740104870646,-0.4483334723100581,0.7363626573558371,complete,1.2856948215383088,
E2,Mansfield,2,5,8,4,2026-09-05 15:00:00,2026-09-26 15:00:00,0,2,5.246661638028559,0.0,0.0,5.201331873005516,0.0,0.0,0.0,0.0,0.0,0,0.0,0.0,-0.019884920168556475,13.5,0,0,Bradford (A) · Huddersfield (H) · Burton (A) · Leyton Orient (H),,,,,,,upcoming,1.3116654095071398,1.300332968251379
E2,Mansfield,3,9,12,4,2026-10-03 15:00:00,2026-10-20 19:45:00,0,2,5.718725024574581,0.0,0.0,5.713897664301376,0.0,0.0,0.0,0.0,0.0,0,0.0,0.0,-0.14838796889369998,18.0,0,0,Wigan (A) · Bromley (H) · Oxford (H) · AFC Wimbledon (A),,,,,,,upcoming,1.4296812561436452,1.428474416075344
E2,Mansfield,4,13,16,4,2026-10-24 15:00:00,2026-11-21 15:00:00,0,2,5.207797372109491,0.0,0.0,5.101664957641372,0.0,0.0,0.0,0.0,0.0,0,0.0,0.0,-0.009674931136952,12.75,0,0,Blackpool (A) · Notts County (H) · Stevenage (A) · MK Dons (H),,,,,,,upcoming,1.3019493430273728,1.275416239410343
E2,Mansfield,5,17,20,4,2026-11-28 15:00:00,2026-12-19 15:00:00,0,2,4.551527256428513,0.0,0.0,4.5187207352136625,0.0,0.0,0.0,0.0,0.0,0,0.0,0.0,0.1810791730465937,5.5,0,0,Leicester (A) · Stockport (H) · Wycombe (H) · Plymouth (A),,,,,,,upcoming,1.1378818141071283,1.1296801838034156
E2,Mansfield,6,21,24,4,2026-12-26 15:00:00,2027-01-09 15:00:00,0,2,5.034913578686993,0.0,0.0,4.946034343610744,0.0,0.0,0.0,0.0,0.0,0,0.0,0.0,0.040554986335423746,10.25,0,0,Barnsley (H) · Sheffield Wed (A) · Cambridge (A) · Plymouth (H),,,,,,,upcoming,1.2587283946717482,1.236508585902686
E2,Mansfield,7,25,28,4,2027-01-16 15:00:00,2027-01-30 15:00:00,0,2,5.463718605164431,0.0,0.0,5.385238641221576,0.0,0.0,0.0,0.0,0.0,0,0.0,0.0,-0.0786984639849794,15.5,0,0,Oxford (A) · AFC Wimbledon (H) · Blackpool (H) · Notts County (A),,,,,,,upcoming,1.3659296512911077,1.346309660305394
E2,Mansfield,8,29,32,4,2027-02-06 15:00:00,2027-02-20 15:00:00,0,2,4.828038787537909,0.0,0.0,4.723300606662129,0.0,0.0,0.0,0.0,0.0,0,0.0,0.0,0.0983809359987017,6.75,0,0,Luton (A) · Reading (H) · Bradford (H) · Huddersfield (A),,,,,,,upcoming,1.2070096968844772,1.1808251516655321
E2,Mansfield,9,33,36,4,2027-02-27 15:00:00,2027-03-20 15:00:00,0,2,5.2949578697672415,0.0,0.0,5.243116509376355,0.0,0.0,0.0,0.0,0.0,0,0.0,0.0,-0.03164067197571438,14.25,0,0,Stevenage (H) · Doncaster (A) · Peterborough (H) · MK Dons (A),,,,,,,upcoming,1.3237394674418104,1.3107791273440887
E2,Mansfield,10,37,40,4,2027-03-26 15:00:00,2027-04-10 15:00:00,0,2,5.106043651391535,0.0,0.0,5.016585969324916,0.0,0.0,0.0,0.0,0.0,0,0.0,0.0,0.018788488617589073,11.25,0,0,Cambridge (H) · Barnsley (A) · Sheffield Wed (H) · Wycombe (A),,,,,,,upcoming,1.2765109128478838,1.254146492331229
E2,Mansfield,11,41,44,4,2027-04-13 19:45:00,2027-04-27 19:45:00,0,2,5.755124088874071,0.0,0.0,5.752311791054188,0.0,0.0,0.0,0.0,0.0,0,0.0,0.0,-0.15845227271340456,20.0,0,0,Leyton Orient (A) · Burton (H) · Bromley (A) · Wigan (H),,,,,,,upcoming,1.4387810222185178,1.438077947763547
E2,Mansfield,12,45,46,2,2027-05-01 15:00:00,2027-05-08 12:30:00,0,1,2.0955030239028494,0.0,0.0,2.0704301955663036,0.0,0.0,0.0,0.0,0.0,0,0.0,0.0,0.272440734166551,4.0,0,0,Leicester (H) · Stockport (A),,,,,,,upcoming,1.0477515119514247,1.0352150977831518
E2,Notts County,1,1,4,4,2026-08-15 12:30:00,2026-09-01 19:45:00,4,2,4.785289780163304,4.785289780163304,6.173584579080009,0.0,6.0,6.49,4.6899999999999995,6.524120667177854,4.522473839578987,4,6.0,5.0,0.09768645655182268,10.25,0,0,Leicester (H) · Luton (A) · Burton (H) · Doncaster (A),1.2147102198366957,1.73883088701455,-0.5241206671778542,0.4888819288365202,0.9034685091264001,0.624925290251418,complete,1.196322445040826,
E2,Notts County,2,5,8,4,2026-09-05 15:00:00,2026-09-26 15:00:00,0,2,4.9321852908716455,0.0,0.0,4.963578384889184,0.0,0.0,0.0,0.0,0.0,0,0.0,0.0,0.05418448567674155,8.5,0,0,Huddersfield (A) · Bradford (H) · Reading (A) · Blackpool (H),,,,,,,upcoming,1.2330463227179114,1.240894596222296
E2,Notts County,3,9,12,4,2026-10-03 15:00:00,2026-10-20 19:45:00,0,2,4.953521110362886,0.0,0.0,5.038039991208608,0.0,0.0,0.0,0.0,0.0,0,0.0,0.0,0.04659716544496805,10.25,0,0,Peterborough (A) · Oxford (H) · Wycombe (A) · Sheffield Wed (H),,,,,,,upcoming,1.2383802775907216,1.259509997802152
E2,Notts County,4,13,16,4,2026-10-24 15:00:00,2026-11-21 15:00:00,0,2,5.430177514133534,0.0,0.0,5.579433345593087,0.0,0.0,0.0,0.0,0.0,0,0.0,0.0,-0.08396515143843367,16.0,0,0,Stockport (H) · Mansfield (A) · Bromley (A) · Stevenage (H),,,,,,,upcoming,1.3575443785333834,1.3948583363982718
E2,Notts County,5,17,20,4,2026-11-28 12:30:00,2026-12-19 15:00:00,0,2,5.233179487222687,0.0,0.0,5.3625387308255705,0.0,0.0,0.0,0.0,0.0,0,0.0,0.0,-0.02791419779169143,13.5,0,0,MK Dons (A) · AFC Wimbledon (H) · Plymouth (H) · Leyton Orient (A),,,,,,,upcoming,1.3082948718056717,1.3406346827063926
E2,Notts County,6,21,24,4,2026-12-26 15:00:00,2027-01-09 15:00:00,0,2,5.460802229299334,0.0,0.0,5.582271128550225,0.0,0.0,0.0,0.0,0.0,0,0.0,0.0,-0.09086582932043676,17.0,0,0,Cambridge (H) · Wigan (A) · Barnsley (A) · Leyton Orient (H),,,,,,,upcoming,1.3652005573248336,1.3955677821375563
E2,Notts County,7,25,28,4,2027-01-16 15:00:00,2027-01-30 15:00:00,0,2,4.858396371200496,0.0,0.0,4.924929091168284,0.0,0.0,0.0,0.0,0.0,0,0.0,0.0,0.07811852844359768,8.5,0,0,Wycombe (H) · Sheffield Wed (A) · Stockport (A) · Mansfield (H),,,,,,,upcoming,1.214599092800124,1.231232272792071
E2,Notts County,8,29,32,4,2027-02-06 15:00:00,2027-02-20 15:00:00,0,2,5.1601646507228125,0.0,0.0,5.23978306323777,0.0,0.0,0.0,0.0,0.0,0,0.0,0.0,-0.009447309856135948,12.25,0,0,Burton (A) · Doncaster (H) · Huddersfield (H) · Bradford (A),,,,,,,upcoming,1.2900411626807031,1.3099457658094424
E2,Notts County,9,33,36,4,2027-02-27 15:00:00,2027-03-20 15:00:00,0,2,4.917427117719785,0.0,0.0,5.058908719894901,0.0,0.0,0.0,0.0,0.0,0,0.0,0.0,0.06815437407678197,11.25,0,0,Bromley (H) · Leicester (A) · Luton (H) · Stevenage (A),,,,,,,upcoming,1.2293567794299463,1.2647271799737252
E2,Notts County,10,37,40,4,2027-03-26 15:00:00,2027-04-10 15:00:00,0,2,5.248866612876707,0.0,0.0,5.356821667853108,0.0,0.0,0.0,0.0,0.0,0,0.0,0.0,-0.03210845947588133,13.25,0,0,Barnsley (H) · Plymouth (A) · Wigan (H) · Cambridge (A),,,,,,,upcoming,1.3122166532191768,1.339205416963277
E2,Notts County,11,41,44,4,2027-04-13 19:45:00,2027-04-27 19:45:00,0,2,5.210007763192492,0.0,0.0,5.289687594821932,0.0,0.0,0.0,0.0,0.0,0,0.0,0.0,-0.0223226364291451,13.0,0,0,Blackpool (A) · Reading (H) · Oxford (A) · Peterborough (H),,,,,,,upcoming,1.302501940798123,1.322421898705483
E2,Notts County,12,45,46,2,2027-05-01 15:00:00,2027-05-08 12:30:00,0,1,2.690587229244675,0.0,0.0,2.74549624840546,0.0,0.0,0.0,0.0,0.0,0,0.0,0.0,-0.0715642632565778,14.5,0,0,MK Dons (H) · AFC Wimbledon (A),,,,,,,upcoming,1.3452936146223375,1.37274812420273
E2,Oxford,1,1,4,4,2026-08-15 12:30:00,2026-09-05 15:00:00,3,1,4.579598036032146,3.7583408142779544,4.8165304831807925,0.81010765125665,4.0,3.6,6.72,2.7433781073619765,3.762110677081495,3,5.0,6.0,0.15238875089383924,7.0,0,0,MK Dons (H) · Stevenage (A) · Huddersfield (A) · Leicester (A),0.2416591857220456,-1.014962706915978,1.2566218926380235,0.11011238037244879,-0.5970453267279322,0.9123202497473235,in progress,1.1448995090080365,0.81010765125665
E2,Oxford,2,5,8,4,2026-09-08 19:45:00,2026-09-26 15:00:00,0,3,6.135186873676555,0.0,0.0,6.050422618300463,0.0,0.0,0.0,0.0,0.0,0,0.0,0.0,-0.1051983096501138,17.5,0,0,Reading (H) · Burton (H) · Cambridge (H) · Doncaster (A),,,,,,,upcoming,1.5337967184191388,1.5126056545751156
E2,Oxford,3,9,12,4,2026-10-03 15:00:00,2026-10-20 19:45:00,0,2,5.523348153101452,0.0,0.0,5.411632017434551,0.0,0.0,0.0,0.0,0.0,0,0.0,0.0,-0.0272587186173985,13.75,0,0,Stockport (H) · Notts County (A) · Mansfield (A) · Wigan (H),,,,,,,upcoming,1.380837038275363,1.3529080043586377
E2,Oxford,4,13,16,4,2026-10-24 15:00:00,2026-11-21 15:00:00,0,2,5.44475474871007,0.0,0.0,5.375236614069773,0.0,0.0,0.0,0.0,0.0,0,0.0,0.0,-0.006146332142756353,12.25,0,0,Bradford (H) · Barnsley (A) · Peterborough (A) · Wycombe (H),,,,,,,upcoming,1.3611886871775174,1.3438091535174432
E2,Oxford,5,17,20,4,2026-11-28 15:00:00,2026-12-19 15:00:00,0,2,5.242033399416173,0.0,0.0,5.0768670209936975,0.0,0.0,0.0,0.0,0.0,0,0.0,0.0,0.05118420770542005,9.5,0,0,Luton (A) · Sheffield Wed (H) · Blackpool (H) · AFC Wimbledon (A),,,,,,,upcoming,1.3105083498540433,1.2692167552484244
E2,Oxford,6,21,24,4,2026-12-26 15:00:00,2027-01-09 12:30:00,0,2,5.889613908228591,0.0,0.0,5.874314660117351,0.0,0.0,0.0,0.0,0.0,0,0.0,0.0,-0.12609650662204358,18.0,0,0,Plymouth (H) · Bromley (A) · Leyton Orient (A) · AFC Wimbledon (H),,,,,,,upcoming,1.4724034770571477,1.4685786650293378
E2,Oxford,7,25,28,4,2027-01-16 15:00:00,2027-01-30 15:00:00,0,2,5.524452848103204,0.0,0.0,5.441189896213766,0.0,0.0,0.0,0.0,0.0,0,0.0,0.0,-0.026167502190026302,12.75,0,0,Mansfield (H) · Wigan (A) · Bradford (A) · Barnsley (H),,,,,,,upcoming,1.381113212025801,1.3602974740534415
E2,Oxford,8,29,32,4,2027-02-06 15:00:00,2027-02-20 15:00:00,0,2,5.073496420173532,0.0,0.0,4.968126217204166,0.0,0.0,0.0,0.0,0.0,0,0.0,0.0,0.0953451689573828,9.75,0,0,Reading (A) · Huddersfield (H) · Leicester (H) · Burton (A),,,,,,,upcoming,1.268374105043383,1.2420315543010414
E2,Oxford,9,33,36,4,2027-02-27 15:00:00,2027-03-20 15:00:00,0,2,5.181121612786852,0.0,0.0,5.098545808662474,0.0,0.0,0.0,0.0,0.0,0,0.0,0.0,0.06723532043469925,8.75,0,0,Luton (H) · MK Dons (A) · Stevenage (H) · Wycombe (A),,,,,,,upcoming,1.295280403196713,1.2746364521656186
E2,Oxford,10,37,40,4,2027-03-26 15:00:00,2027-04-10 15:00:00,0,2,5.652514354814324,0.0,0.0,5.600288146312002,0.0,0.0,0.0,0.0,0.0,0,0.0,0.0,-0.05936158264630193,14.75,0,0,Leyton Orient (H) · Blackpool (A) · Bromley (H) · Plymouth (A),,,,,,,upcoming,1.413128588703581,1.4000720365780004
E2,Oxford,11,41,44,4,2027-04-13 19:45:00,2027-04-27 19:45:00,0,2,5.61453596644431,0.0,0.0,5.500545062194712,0.0,0.0,0.0,0.0,0.0,0,0.0,0.0,-0.05030486612237177,15.25,0,0,Doncaster (H) · Cambridge (A) · Notts County (H) · Stockport (A),,,,,,,upcoming,1.4036339916110776,1.375136265548678
E2,Oxford,12,45,46,2,2027-05-01 15:00:00,2027-05-08 12:30:00,0,1,2.592778938785497,0.0,0.0,2.505370994464933,0.0,0.0,0.0,0.0,0.0,0,0.0,0.0,0.071443305289563,10.5,0,0,Peterborough (H) · Sheffield Wed (A),,,,,,,upcoming,1.2963894693927485,1.2526854972324666
E2,Peterborough,1,1,4,4,2026-08-15 15:00:00,2026-09-01 19:45:00,4,2,5.157319008063576,5.157319008063576,6.405474472071752,0.0,4.0,5.6899999999999995,6.8999999999999995,5.403728017438388,4.682618636439777,4,2.0,7.0,-0.014972054802853404,12.75,0,0,Bradford (A) · Mansfield (H) · Blackpool (A) · Stevenage (H),-1.1573190080635758,0.24640900937481192,-1.4037280174383877,-0.45727497405057466,0.12569132521473356,0.647473415218496,complete,1.289329752015894,
E2,Peterborough,2,5,8,4,2026-09-05 12:30:00,2026-09-26 15:00:00,0,2,4.755589994914334,0.0,0.0,4.6570985059862355,0.0,0.0,0.0,0.0,0.0,0,0.0,0.0,0.0954917196226611,7.5,0,0,Sheffield Wed (H) · MK Dons (A) · Doncaster (H) · Stockport (A),,,,,,,upcoming,1.1888974987285834,1.1642746264965589
E2,Peterborough,3,9,12,4,2026-10-03 15:00:00,2026-10-20 19:45:00,0,2,4.864800213709977,0.0,0.0,4.816479747714472,0.0,0.0,0.0,0.0,0.0,0,0.0,0.0,0.0775779851031369,11.25,0,0,Notts County (H) · Leicester (A) · Burton (H) · Huddersfield (A),,,,,,,upcoming,1.2162000534274942,1.204119936928618
E2,Peterborough,4,13,16,4,2026-10-24 15:00:00,2026-11-21 15:00:00,0,2,5.064220328877485,0.0,0.0,5.097920760665855,0.0,0.0,0.0,0.0,0.0,0,0.0,0.0,0.009608944357081976,10.75,0,0,Bromley (A) · Luton (H) · Oxford (H) · Plymouth (A),,,,,,,upcoming,1.2660550822193712,1.2744801901664637
E2,Peterborough,5,17,20,4,2026-11-28 12:30:00,2026-12-19 15:00:00,0,2,5.429308812869856,0.0,0.0,5.429247658191015,0.0,0.0,0.0,0.0,0.0,0,0.0,0.0,-0.09086582932043676,17.0,0,0,Cambridge (H) · Leyton Orient (A) · Barnsley (H) · Wigan (A),,,,,,,upcoming,1.357327203217464,1.3573119145477537
E2,Peterborough,6,21,24,4,2026-12-26 15:00:00,2027-01-09 15:00:00,0,2,5.340807480670159,0.0,0.0,5.311924022224279,0.0,0.0,0.0,0.0,0.0,0,0.0,0.0,-0.06740474601807363,14.5,0,0,Wycombe (H) · Reading (A) · AFC Wimbledon (A) · Wigan (H),,,,,,,upcoming,1.3352018701675397,1.3279810055560697
E2,Peterborough,7,25,28,4,2027-01-16 15:00:00,2027-01-30 15:00:00,0,2,5.2361017485221195,0.0,0.0,5.228843874112352,0.0,0.0,0.0,0.0,0.0,0,0.0,0.0,-0.03493495052602968,13.25,0,0,Burton (A) · Huddersfield (H) · Bromley (H) · Luton (A),,,,,,,upcoming,1.3090254371305299,1.307210968528088
E2,Peterborough,8,29,32,4,2027-02-06 15:00:00,2027-02-20 15:00:00,0,2,4.849523544838328,0.0,0.0,4.755486058992689,0.0,0.0,0.0,0.0,0.0,0,0.0,0.0,0.07040327468879867,8.75,0,0,Blackpool (H) · Stevenage (A) · Sheffield Wed (A) · MK Dons (H),,,,,,,upcoming,1.212380886209582,1.1888715147481723
E2,Peterborough,9,33,36,4,2027-02-27 12:30:00,2027-03-20 15:00:00,0,2,5.114741719286818,0.0,0.0,5.123254700271732,0.0,0.0,0.0,0.0,0.0,0,0.0,0.0,-0.006839662616917777,12.5,0,0,Cambridge (A) · Bradford (H) · Mansfield (A) · Plymouth (H),,,,,,,upcoming,1.2786854298217045,1.280813675067933
E2,Peterborough,10,37,40,4,2027-03-26 15:00:00,2027-04-10 15:00:00,0,2,5.34175714534643,0.0,0.0,5.320141018222405,0.0,0.0,0.0,0.0,0.0,0,0.0,0.0,-0.0656171213175611,14.25,0,0,AFC Wimbledon (H) · Wycombe (A) · Reading (H) · Barnsley (A),,,,,,,upcoming,1.3354392863366076,1.3300352545556013
E2,Peterborough,11,41,44,4,2027-04-13 19:45:00,2027-04-27 19:45:00,0,2,4.730577695573622,0.0,0.0,4.683450053611926,0.0,0.0,0.0,0.0,0.0,0,0.0,0.0,0.10004561226476773,10.25,0,0,Stockport (H) · Doncaster (A) · Leicester (H) · Notts County (A),,,,,,,upcoming,1.1826444238934055,1.1708625134029815
E2,Peterborough,12,45,46,2,2027-05-01 15:00:00,2027-05-08 12:30:00,0,1,2.645594623747783,0.0,0.0,2.67978601759418,0.0,0.0,0.0,0.0,0.0,0,0.0,0.0,-0.0522307186530684,15.5,0,0,Oxford (A) · Leyton Orient (H),,,,,,,upcoming,1.3227973118738916,1.33989300879709
E2,Plymouth,1,1,4,4,2026-08-15 15:00:00,2026-09-01 19:45:00,4,2,5.334099078700749,5.33409907870075,6.399745661609802,0.0,4.0,4.92,6.09,4.893619348840895,5.300630112592678,4,4.0,6.0,0.1652282034065302,6.25,0,0,Stockport (H) · Wycombe (A) · Bradford (H) · Leicester (A),-1.33409907870075,-0.44047972985985506,-0.893619348840895,-0.5273594429630417,-0.22478583745502934,0.5979440021321138,complete,1.3335247696751873,
E2,Plymouth,2,5,8,4,2026-09-05 15:00:00,2026-09-26 15:00:00,0,2,6.182878138259321,0.0,0.0,6.126270428163961,0.0,0.0,0.0,0.0,0.0,0,0.0,0.0,-0.06912277277730533,15.0,0,0,Doncaster (A) · Barnsley (H) · Blackpool (A) · Burton (H),,,,,,,upcoming,1.5457195345648302,1.5315676070409903
E2,Plymouth,3,9,12,4,2026-10-03 15:00:00,2026-10-20 19:45:00,0,2,6.189302199347252,0.0,0.0,6.174445071870539,0.0,0.0,0.0,0.0,0.0,0,0.0,0.0,-0.071516451588244,16.0,0,0,Leyton Orient (A) · AFC Wimbledon (H) · Huddersfield (H) · Stevenage (A),,,,,,,upcoming,1.547325549836813,1.5436112679676348
E2,Plymouth,4,13,16,4,2026-10-24 15:00:00,2026-11-21 15:00:00,0,2,5.96048040383928,0.0,0.0,5.877406721426311,0.0,0.0,0.0,0.0,0.0,0,0.0,0.0,-0.007381772419884771,13.5,0,0,Cambridge (A) · Reading (H) · Sheffield Wed (A) · Peterborough (H),,,,,,,upcoming,1.49012010095982,1.4693516803565778
E2,Plymouth,5,17,20,4,2026-11-28 15:00:00,2026-12-19 15:00:00,0,2,6.387382554354564,0.0,0.0,6.366527617426547,0.0,0.0,0.0,0.0,0.0,0,0.0,0.0,-0.12499845980853014,18.0,0,0,Wigan (A) · Bromley (H) · Notts County (A) · Mansfield (H),,,,,,,upcoming,1.596845638588641,1.5916319043566367
E2,Plymouth,6,21,24,4,2026-12-26 15:00:00,2027-01-09 15:00:00,0,2,5.7153766505378325,0.0,0.0,5.713405677498535,0.0,0.0,0.0,0.0,0.0,0,0.0,0.0,0.056567566480813375,9.0,0,0,Oxford (A) · MK Dons (H) · Luton (H) · Mansfield (A),,,,,,,upcoming,1.4288441626344581,1.4283514193746338
E2,Plymouth,7,25,28,4,2027-01-16 15:00:00,2027-01-30 15:00:00,0,2,6.030557748794491,0.0,0.0,5.977651041262525,0.0,0.0,0.0,0.0,0.0,0,0.0,0.0,-0.027377608893323056,13.5,0,0,Huddersfield (A) · Stevenage (H) · Cambridge (H) · Reading (A),,,,,,,upcoming,1.5076394371986228,1.4944127603156312
E2,Plymouth,8,29,32,4,2027-02-06 15:00:00,2027-02-20 15:00:00,0,2,5.552602272659881,0.0,0.0,5.522424156422456,0.0,0.0,0.0,0.0,0.0,0,0.0,0.0,0.10113682869213991,9.25,0,0,Bradford (A) · Leicester (H) · Doncaster (H) · Barnsley (A),,,,,,,upcoming,1.3881505681649702,1.380606039105614
E2,Plymouth,9,33,36,4,2027-02-27 15:00:00,2027-03-20 15:00:00,0,2,5.656564492119773,0.0,0.0,5.585056343264248,0.0,0.0,0.0,0.0,0.0,0,0.0,0.0,0.07284065725562212,9.25,0,0,Sheffield Wed (H) · Stockport (A) · Wycombe (H) · Peterborough (A),,,,,,,upcoming,1.4141411230299432,1.396264085816062
E2,Plymouth,10,37,40,4,2027-03-26 15:00:00,2027-04-10 15:00:00,0,2,5.734876871488618,0.0,0.0,5.6915393109428765,0.0,0.0,0.0,0.0,0.0,0,0.0,0.0,0.053310954219908356,9.5,0,0,Luton (A) · Notts County (H) · MK Dons (A) · Oxford (H),,,,,,,upcoming,1.4337192178721545,1.4228848277357191
E2,Plymouth,11,41,44,4,2027-04-13 19:45:00,2027-04-27 19:45:00,0,2,6.408281778505765,0.0,0.0,6.395143508101,0.0,0.0,0.0,0.0,0.0,0,0.0,0.0,-0.1293926704333429,18.75,0,0,Burton (A) · Blackpool (H) · AFC Wimbledon (A) · Leyton Orient (H),,,,,,,upcoming,1.6020704446264413,1.59878587702525
E2,Plymouth,12,45,46,2,2027-05-01 15:00:00,2027-05-08 12:30:00,0,1,3.283514896491482,0.0,0.0,3.2908802583591488,0.0,0.0,0.0,0.0,0.0,0,0.0,0.0,-0.17183955563107303,19.0,0,0,Wigan (H) · Bromley (A),,,,,,,upcoming,1.641757448245741,1.6454401291795744
E2,Reading,1,1,4,4,2026-08-15 12:30:00,2026-09-05 15:00:00,3,3,5.796353050404998,4.309257873172783,5.005918349949313,1.4810331717576097,4.0,5.55,3.26,5.520109032954173,4.332169623811892,3,8.0,4.0,-0.025637385859425602,13.0,0,0,Luton (H) · AFC Wimbledon (A) · Mansfield (H) · Blackpool (H),-0.30925787317278264,1.2108511597813907,-1.5201090329541733,-0.1382225446524529,0.6986718668766303,0.8900645380564716,in progress,1.4490882626012496,1.4810331717576097
E2,Reading,2,5,8,4,2026-09-08 19:45:00,2026-09-26 15:00:00,0,1,5.252003756619059,0.0,0.0,5.3417137357177005,0.0,0.0,0.0,0.0,0.0,0,0.0,0.0,-0.04999509611872563,14.75,0,0,Oxford (A) · Cambridge (A) · Notts County (H) · Wycombe (A),,,,,,,upcoming,1.3130009391547648,1.3354284339294251
E2,Reading,3,9,12,4,2026-10-03 15:00:00,2026-10-21 20:00:00,0,2,5.372464483071163,0.0,0.0,5.4454110089031715,0.0,0.0,0.0,0.0,0.0,0,0.0,0.0,0.004279495211349578,12.0,0,0,Bradford (H) · MK Dons (A) · Wigan (A) · Leyton Orient (H),,,,,,,upcoming,1.3431161207677909,1.3613527522257929
E2,Reading,4,13,16,4,2026-10-24 15:00:00,2026-11-21 12:30:00,0,2,5.489358909465099,0.0,0.0,5.594789113353813,0.0,0.0,0.0,0.0,0.0,0,0.0,0.0,-0.025246650786348704,12.25,0,0,Barnsley (H) · Plymouth (A) · Stockport (A) · Bromley (H),,,,,,,upcoming,1.3723397273662747,1.3986972783384533
E2,Reading,5,17,20,4,2026-11-28 15:00:00,2026-12-19 15:00:00,0,2,5.002723980826469,0.0,0.0,5.0340323215908835,0.0,0.0,0.0,0.0,0.0,0,0.0,0.0,0.10746319070853047,10.0,0,0,Sheffield Wed (A) · Doncaster (H) · Burton (A) · Leicester (H),,,,,,,upcoming,1.2506809952066174,1.2585080803977209
E2,Reading,6,21,24,4,2026-12-26 15:00:00,2027-01-09 15:00:00,0,2,5.071104910661419,0.0,0.0,5.166260089706654,0.0,0.0,0.0,0.0,0.0,0,0.0,0.0,0.09401395231102072,10.75,0,0,Stevenage (A) · Peterborough (H) · MK Dons (H) · Leicester (A),,,,,,,upcoming,1.2677762276653548,1.2915650224266635
E2,Reading,7,25,28,4,2027-01-16 15:00:00,2027-01-30 15:00:00,0,2,5.4482928093667935,0.0,0.0,5.543588227404891,0.0,0.0,0.0,0.0,0.0,0,0.0,0.0,-0.017850215687897457,13.0,0,0,Wigan (H) · Leyton Orient (A) · Barnsley (A) · Plymouth (H),,,,,,,upcoming,1.3620732023416984,1.3858970568512228
E2,Reading,8,29,32,4,2027-02-06 15:00:00,2027-02-20 15:00:00,0,2,5.583282011615401,0.0,0.0,5.677176591128585,0.0,0.0,0.0,0.0,0.0,0,0.0,0.0,-0.053347263760428976,14.5,0,0,Oxford (H) · Mansfield (A) · Blackpool (A) · Cambridge (H),,,,,,,upcoming,1.3958205029038502,1.4192941477821464
E2,Reading,9,33,36,4,2027-02-27 15:00:00,2027-03-20 15:00:00,0,2,5.612798671425449,0.0,0.0,5.710528815940633,0.0,0.0,0.0,0.0,0.0,0,0.0,0.0,-0.05925776542844865,14.25,0,0,Stockport (H) · Luton (A) · AFC Wimbledon (H) · Bromley (A),,,,,,,upcoming,1.4031996678563623,1.4276322039851583
E2,Reading,10,37,40,4,2027-03-26 15:00:00,2027-04-10 15:00:00,0,2,5.593363287172559,0.0,0.0,5.6672413566865805,0.0,0.0,0.0,0.0,0.0,0,0.0,0.0,-0.054550866776565704,15.5,0,0,Huddersfield (A) · Stevenage (H) · Peterborough (A) · Burton (H),,,,,,,upcoming,1.3983408217931397,1.4168103391716451
E2,Reading,11,41,44,4,2027-04-13 20:00:00,2027-04-27 19:45:00,0,2,5.225533109350555,0.0,0.0,5.261557004204958,0.0,0.0,0.0,0.0,0.0,0,0.0,0.0,0.043026081725104026,9.75,0,0,Wycombe (H) · Notts County (A) · Huddersfield (H) · Bradford (A),,,,,,,upcoming,1.3063832773376387,1.3153892510512395
E2,Reading,12,45,46,2,2027-05-01 15:00:00,2027-05-08 12:30:00,0,1,2.528350401920922,0.0,0.0,2.50476223038677,0.0,0.0,0.0,0.0,0.0,0,0.0,0.0,0.08780690201448581,8.5,0,0,Sheffield Wed (H) · Doncaster (A),,,,,,,upcoming,1.264175200960461,1.252381115193385
E2,Sheffield Wed,1,1,4,4,2026-08-15 15:00:00,2026-09-01 19:45:00,4,2,6.55400815642342,6.55400815642342,6.537510988750647,0.0,9.0,11.49,3.54,9.704477204761243,5.836736143348936,4,11.0,5.0,-0.06860377238375706,15.25,0,0,Leyton Orient (A) · Bradford (H) · Bromley (H) · Wycombe (A),2.4459918435765804,3.1504690483378237,-0.7044772047612433,0.9566405561692994,1.590718661904121,0.33874871116005356,complete,1.638502039105855,
E2,Sheffield Wed,2,5,8,4,2026-09-05 12:30:00,2026-09-26 15:00:00,0,2,6.421694709017707,0.0,0.0,6.667265810709578,0.0,0.0,0.0,0.0,0.0,0,0.0,0.0,-0.030829019035880152,14.25,0,0,Peterborough (A) · Wigan (H) · Stockport (H) · Stevenage (A),,,,,,,upcoming,1.6054236772544268,1.6668164526773945
E2,Sheffield Wed,3,9,12,4,2026-10-03 15:00:00,2026-10-20 19:45:00,0,2,6.623981426357779,0.0,0.0,6.828469952972901,0.0,0.0,0.0,0.0,0.0,0,0.0,0.0,-0.08748226614572177,16.5,0,0,Cambridge (H) · Huddersfield (A) · AFC Wimbledon (H) · Notts County (A),,,,,,,upcoming,1.6559953565894447,1.7071174882432252
E2,Sheffield Wed,4,13,16,4,2026-10-24 15:00:00,2026-11-20 20:00:00,0,2,6.2654747044711385,0.0,0.0,6.487631612792112,0.0,0.0,0.0,0.0,0.0,0,0.0,0.0,0.011277655957160198,10.75,0,0,Doncaster (A) · Blackpool (H) · Plymouth (H) · Barnsley (A),,,,,,,upcoming,1.5663686761177846,1.621907903198028
E2,Sheffield Wed,5,17,20,4,2026-11-28 15:00:00,2026-12-19 12:30:00,0,2,5.740393098148347,0.0,0.0,5.98207108184118,0.0,0.0,0.0,0.0,0.0,0,0.0,0.0,0.15571023654201155,6.75,0,0,Reading (H) · Oxford (A) · Leicester (A) · Luton (H),,,,,,,upcoming,1.4350982745370868,1.495517770460295
E2,Sheffield Wed,6,21,24,4,2026-12-26 15:00:00,2027-01-09 15:00:00,0,2,6.236769762951149,0.0,0.0,6.471259826650741,0.0,0.0,0.0,0.0,0.0,0,0.0,0.0,0.01932090531095882,11.25,0,0,Burton (A) · Mansfield (H) · Huddersfield (H) · Luton (A),,,,,,,upcoming,1.5591924407377873,1.6178149566626852
E2,Sheffield Wed,7,25,28,4,2027-01-16 15:00:00,2027-01-30 15:00:00,0,2,6.652053533709568,0.0,0.0,6.838880146133665,0.0,0.0,0.0,0.0,0.0,0,0.0,0.0,-0.09303493035398262,16.5,0,0,AFC Wimbledon (A) · Notts County (H) · Doncaster (H) · Blackpool (A),,,,,,,upcoming,1.663013383427392,1.7097200365334162
E2,Sheffield Wed,8,29,32,4,2027-02-06 15:00:00,2027-02-20 15:00:00,0,2,6.6697273301688424,0.0,0.0,6.954486201074702,0.0,0.0,0.0,0.0,0.0,0,0.0,0.0,-0.09756252974681459,16.5,0,0,Bromley (A) · Wycombe (H) · Peterborough (H) · Wigan (A),,,,,,,upcoming,1.6674318325422106,1.7386215502686755
E2,Sheffield Wed,9,33,36,4,2027-02-27 15:00:00,2027-03-20 15:00:00,0,2,6.256097870040457,0.0,0.0,6.521655634818318,0.0,0.0,0.0,0.0,0.0,0,0.0,0.0,0.013364353625119197,11.5,0,0,Plymouth (A) · Leyton Orient (H) · Bradford (A) · Barnsley (H),,,,,,,upcoming,1.5640244675101143,1.6304139087045795
E2,Sheffield Wed,10,37,40,4,2027-03-26 15:00:00,2027-04-10 15:00:00,0,2,6.0367216981317044,0.0,0.0,6.300224799455811,0.0,0.0,0.0,0.0,0.0,0,0.0,0.0,0.07166412296256262,11.25,0,0,MK Dons (A) · Burton (H) · Mansfield (A) · Leicester (H),,,,,,,upcoming,1.5091804245329261,1.5750561998639527
E2,Sheffield Wed,11,41,44,4,2027-04-13 19:45:00,2027-04-27 19:45:00,0,2,6.335298213276504,0.0,0.0,6.582658679237334,0.0,0.0,0.0,0.0,0.0,0,0.0,0.0,-0.007574769534000075,12.75,0,0,Stevenage (H) · Stockport (A) · MK Dons (H) · Cambridge (A),,,,,,,upcoming,1.583824553319126,1.6456646698093336
E2,Sheffield Wed,12,45,46,2,2027-05-01 15:00:00,2027-05-08 12:30:00,0,1,3.16857510652292,0.0,0.0,3.295977664146656,0.0,0.0,0.0,0.0,0.0,0,0.0,0.0,-0.0081422091905173,11.5,0,0,Reading (A) · Oxford (H),,,,,,,upcoming,1.58428755326146,1.647988832073328
E2,Stevenage,1,1,4,4,2026-08-15 15:00:00,2026-09-01 19:45:00,4,2,5.46260402135963,5.46260402135963,6.605288956977683,0.0,3.0,2.46,3.83,4.095550865541632,5.552490840081197,4,4.0,5.0,-0.0859544319620226,16.75,0,0,Burton (A) · Oxford (H) · Doncaster (H) · Peterborough (A),-2.4626040213596303,-1.367053155817998,-1.0955508655416324,-0.9581834685710017,-0.6866949696824648,0.3379702517605483,complete,1.3656510053399076,
E2,Stevenage,2,5,8,4,2026-09-05 15:00:00,2026-09-26 15:00:00,0,2,4.885655433201087,0.0,0.0,4.801368207070881,0.0,0.0,0.0,0.0,0.0,0,0.0,0.0,0.07063440282492472,9.5,0,0,Barnsley (A) · Luton (H) · Leyton Orient (A) · Sheffield Wed (H),,,,,,,upcoming,1.2214138583002718,1.2003420517677204
E2,Stevenage,3,9,12,4,2026-10-03 15:00:00,2026-10-20 19:45:00,0,2,5.241518063783264,0.0,0.0,5.194043290502643,0.0,0.0,0.0,0.0,0.0,0,0.0,0.0,-0.024776102827022604,12.5,0,0,AFC Wimbledon (A) · Wigan (H) · Bradford (A) · Plymouth (H),,,,,,,upcoming,1.310379515945816,1.2985108226256608
E2,Stevenage,4,13,16,4,2026-10-24 15:00:00,2026-11-21 15:00:00,0,2,4.830263636183104,0.0,0.0,4.7818217979903395,0.0,0.0,0.0,0.0,0.0,0,0.0,0.0,0.09758425272950237,10.25,0,0,MK Dons (H) · Leicester (A) · Mansfield (H) · Notts County (A),,,,,,,upcoming,1.207565909045776,1.1954554494975849
E2,Stevenage,5,17,20,4,2026-11-28 15:00:00,2026-12-18 19:45:00,0,2,5.057863164263214,0.0,0.0,4.966179831018899,0.0,0.0,0.0,0.0,0.0,0,0.0,0.0,0.025993155445068042,10.5,0,0,Blackpool (H) · Huddersfield (A) · Stockport (H) · Cambridge (A),,,,,,,upcoming,1.2644657910658035,1.2415449577547248
E2,Stevenage,6,21,24,4,2026-12-26 15:00:00,2027-01-09 12:30:00,0,2,5.5339328614225956,0.0,0.0,5.511958189374284,0.0,0.0,0.0,0.0,0.0,0,0.0,0.0,-0.10372416164495729,16.5,0,0,Reading (H) · Wycombe (A) · Bromley (A) · Cambridge (H),,,,,,,upcoming,1.3834832153556489,1.377989547343571
E2,Stevenage,7,25,28,4,2027-01-16 15:00:00,2027-01-30 15:00:00,0,2,4.477433478243612,0.0,0.0,4.444823437067271,0.0,0.0,0.0,0.0,0.0,0,0.0,0.0,0.18743726876358535,5.0,0,0,Bradford (H) · Plymouth (A) · MK Dons (A) · Leicester (H),,,,,,,upcoming,1.119358369560903,1.1112058592668177
E2,Stevenage,8,29,32,4,2027-02-06 15:00:00,2027-02-20 15:00:00,0,2,5.1657716354234715,0.0,0.0,5.112543776507216,0.0,0.0,0.0,0.0,0.0,0,0.0,0.0,-0.0010274516154759467,12.5,0,0,Doncaster (A) · Peterborough (H) · Barnsley (H) · Luton (A),,,,,,,upcoming,1.2914429088558679,1.278135944126804
E2,Stevenage,9,33,36,4,2027-02-27 15:00:00,2027-03-20 15:00:00,0,2,5.472037169535771,0.0,0.0,5.4375299205860905,0.0,0.0,0.0,0.0,0.0,0,0.0,0.0,-0.08683710020943791,16.75,0,0,Mansfield (A) · Burton (H) · Oxford (A) · Notts County (H),,,,,,,upcoming,1.3680092923839426,1.3593824801465226
E2,Stevenage,10,37,40,4,2027-03-26 15:00:00,2027-04-10 15:00:00,0,2,5.29927121648684,0.0,0.0,5.2666562814360525,0.0,0.0,0.0,0.0,0.0,0,0.0,0.0,-0.03844834936489559,13.0,0,0,Bromley (H) · Reading (A) · Wycombe (H) · Stockport (A),,,,,,,upcoming,1.32481780412171,1.3166640703590131
E2,Stevenage,11,41,44,4,2027-04-13 19:45:00,2027-04-27 19:45:00,0,2,5.323141997561283,0.0,0.0,5.235465084336395,0.0,0.0,0.0,0.0,0.0,0,0.0,0.0,-0.0420845961732896,14.75,0,0,Sheffield Wed (A) · Leyton Orient (H) · Wigan (A) · AFC Wimbledon (H),,,,,,,upcoming,1.3307854993903208,1.3088662710840988
E2,Stevenage,12,45,46,2,2027-05-01 15:00:00,2027-05-08 12:30:00,0,1,2.4273330928163244,0.0,0.0,2.351074822196331,0.0,0.0,0.0,0.0,0.0,0,0.0,0.0,0.08024653349786409,7.0,0,0,Blackpool (A) · Huddersfield (H),,,,,,,upcoming,1.2136665464081622,1.1755374110981656
E2,Stockport,1,1,4,4,2026-08-15 15:00:00,2026-09-02 19:45:00,4,2,5.4528339360575675,5.4528339360575675,6.491900024853313,0.0,6.0,6.76,6.14,5.70040844337858,6.228138312705186,4,9.0,6.0,0.09893000472554517,6.75,0,0,Plymouth (A) · Blackpool (H) · Wycombe (H) · Luton (A),0.5471660639424325,0.24757450732101294,0.29959155662141956,0.21475003456992525,0.1254424093207341,0.8299622105748032,complete,1.3632084840143919,
E2,Stockport,2,5,8,4,2026-09-05 12:30:00,2026-09-26 15:00:00,0,2,5.328096280393135,0.0,0.0,5.308055923967271,0.0,0.0,0.0,0.0,0.0,0,0.0,0.0,0.13261628212745444,9.0,0,0,Wigan (A) · Leicester (H) · Sheffield Wed (A) · Peterborough (H),,,,,,,upcoming,1.3320240700982837,1.3270139809918178
E2,Stockport,3,9,12,4,2026-10-03 15:00:00,2026-10-20 19:45:00,0,2,6.180424417509423,0.0,0.0,6.262170760381897,0.0,0.0,0.0,0.0,0.0,0,0.0,0.0,-0.09980990212913768,15.75,0,0,Oxford (A) · Barnsley (H) · Bromley (H) · Doncaster (A),,,,,,,upcoming,1.5451061043773557,1.5655426900954743
E2,Stockport,4,13,16,4,2026-10-24 15:00:00,2026-11-21 15:00:00,0,2,6.278440378668244,0.0,0.0,6.285294507309441,0.0,0.0,0.0,0.0,0.0,0,0.0,0.0,-0.12606862194722385,18.5,0,0,Notts County (A) · AFC Wimbledon (H) · Reading (H) · Cambridge (A),,,,,,,upcoming,1.569610094667061,1.5713236268273603
E2,Stockport,5,17,20,4,2026-11-28 15:00:00,2026-12-19 15:00:00,0,2,5.9478648268409975,0.0,0.0,6.0252380975867075,0.0,0.0,0.0,0.0,0.0,0,0.0,0.0,-0.03680041110015935,14.75,0,0,Leyton Orient (H) · Mansfield (A) · Stevenage (A) · MK Dons (H),,,,,,,upcoming,1.4869662067102494,1.5063095243966769
E2,Stockport,6,21,24,4,2026-12-26 15:00:00,2027-01-09 15:00:00,0,2,5.697049745744795,0.0,0.0,5.704940594631883,0.0,0.0,0.0,0.0,0.0,0,0.0,0.0,0.03157521596274185,10.0,0,0,Bradford (A) · Huddersfield (H) · Burton (H) · MK Dons (A),,,,,,,upcoming,1.4242624364361987,1.4262351486579707
E2,Stockport,7,25,28,4,2027-01-16 15:00:00,2027-01-30 15:00:00,0,2,6.445139906972455,0.0,0.0,6.485012365096836,0.0,0.0,0.0,0.0,0.0,0,0.0,0.0,-0.17013919527714882,20.0,0,0,Bromley (A) · Doncaster (H) · Notts County (H) · AFC Wimbledon (A),,,,,,,upcoming,1.6112849767431137,1.621253091274209
E2,Stockport,8,29,32,4,2027-02-06 15:00:00,2027-02-20 15:00:00,0,2,5.250979715236104,0.0,0.0,5.28403577962144,0.0,0.0,0.0,0.0,0.0,0,0.0,0.0,0.15757460814750823,6.75,0,0,Wycombe (A) · Luton (H) · Wigan (H) · Leicester (A),,,,,,,upcoming,1.312744928809026,1.32100894490536
E2,Stockport,9,33,36,4,2027-02-27 15:00:00,2027-03-20 15:00:00,0,2,5.829796304199222,0.0,0.0,5.833252616772144,0.0,0.0,0.0,0.0,0.0,0,0.0,0.0,-0.004853399003956427,12.0,0,0,Reading (A) · Plymouth (H) · Blackpool (A) · Cambridge (H),,,,,,,upcoming,1.4574490760498056,1.458313154193036
E2,Stockport,10,37,40,4,2027-03-26 15:00:00,2027-04-10 15:00:00,0,2,5.8667477323920725,0.0,0.0,5.889934715890691,0.0,0.0,0.0,0.0,0.0,0,0.0,0.0,-0.013900278522032926,12.75,0,0,Burton (A) · Bradford (H) · Huddersfield (A) · Stevenage (H),,,,,,,upcoming,1.4666869330980181,1.4724836789726727
E2,Stockport,11,41,44,4,2027-04-13 19:45:00,2027-04-27 19:45:00,0,2,5.724889844358518,0.0,0.0,5.73416279998541,0.0,0.0,0.0,0.0,0.0,0,0.0,0.0,0.023085748910235074,11.25,0,0,Peterborough (A) · Sheffield Wed (H) · Barnsley (A) · Oxford (H),,,,,,,upcoming,1.4312224610896296,1.4335406999963525
E2,Stockport,12,45,46,2,2027-05-01 15:00:00,2027-05-08 12:30:00,0,1,3.0669750202457875,0.0,0.0,3.123426553972219,0.0,0.0,0.0,0.0,0.0,0,0.0,0.0,-0.08671150574004655,18.0,0,0,Leyton Orient (A) · Mansfield (H),,,,,,,upcoming,1.5334875101228937,1.5617132769861095
E2,Wigan,1,1,4,4,2026-08-15 15:00:00,2026-09-02 19:45:00,4,2,5.601343827980791,5.60134382798079,6.649995114301406,0.0,3.0,8.83,6.98,6.82382788601133,5.710320700314786,4,5.0,7.0,-0.10092981142423073,17.5,0,0,Cambridge (A) · Leyton Orient (H) · AFC Wimbledon (A) · MK Dons (H),-2.6013438279807897,1.22248405803054,-3.8238278860113297,-1.0087582393307355,0.6120077419596581,0.31309059338266865,complete,1.4003359569951976,
E2,Wigan,2,5,8,4,2026-09-05 12:30:00,2026-09-26 15:00:00,0,2,4.522595092046533,0.0,0.0,4.53779368231007,0.0,0.0,0.0,0.0,0.0,0,0.0,0.0,0.20667707990481862,4.75,0,0,Stockport (H) · Sheffield Wed (A) · Wycombe (H) · Leicester (A),,,,,,,upcoming,1.1306487730116332,1.1344484205775176
E2,Wigan,3,9,12,4,2026-10-03 15:00:00,2026-10-20 19:45:00,0,2,5.385837130426767,0.0,0.0,5.483637104080852,0.0,0.0,0.0,0.0,0.0,0,0.0,0.0,-0.04144221581875838,14.0,0,0,Mansfield (H) · Stevenage (A) · Reading (H) · Oxford (A),,,,,,,upcoming,1.3464592826066917,1.370909276020213
E2,Wigan,4,13,16,4,2026-10-24 12:30:00,2026-11-21 12:30:00,0,2,5.406548148217261,0.0,0.0,5.451194493197946,0.0,0.0,0.0,0.0,0.0,0,0.0,0.0,-0.04400888636609195,12.75,0,0,Huddersfield (A) · Bromley (H) · Barnsley (H) · Blackpool (A),,,,,,,upcoming,1.3516370370543151,1.3627986232994864
E2,Wigan,5,17,20,4,2026-11-28 15:00:00,2026-12-19 15:00:00,0,2,5.196802214655098,0.0,0.0,5.27901625315536,0.0,0.0,0.0,0.0,0.0,0,0.0,0.0,0.012169793434761076,12.25,0,0,Plymouth (H) · Burton (A) · Luton (A) · Peterborough (H),,,,,,,upcoming,1.2992005536637745,1.31975406328884
E2,Wigan,6,21,24,4,2026-12-26 15:00:00,2027-01-09 15:00:00,0,2,5.3852570879996,0.0,0.0,5.424242000374225,0.0,0.0,0.0,0.0,0.0,0,0.0,0.0,-0.0419019786720147,15.0,0,0,Doncaster (A) · Notts County (H) · Bradford (H) · Peterborough (A),,,,,,,upcoming,1.3463142719999,1.3560605000935562
E2,Wigan,7,25,28,4,2027-01-16 15:00:00,2027-01-30 15:00:00,0,2,5.38166115400331,0.0,0.0,5.4633589893667445,0.0,0.0,0.0,0.0,0.0,0,0.0,0.0,-0.041052102769492796,12.75,0,0,Reading (A) · Oxford (H) · Huddersfield (H) · Bromley (A),,,,,,,upcoming,1.3454152885008275,1.3658397473416861
E2,Wigan,8,29,32,4,2027-02-06 15:00:00,2027-02-20 15:00:00,0,2,5.06483588061403,0.0,0.0,5.062403637598782,0.0,0.0,0.0,0.0,0.0,0,0.0,0.0,0.048701277558611304,9.5,0,0,AFC Wimbledon (H) · MK Dons (A) · Stockport (A) · Sheffield Wed (H),,,,,,,upcoming,1.2662089701535075,1.2656009093996956
E2,Wigan,9,33,36,4,2027-02-27 15:00:00,2027-03-20 15:00:00,0,2,5.498370193151452,0.0,0.0,5.574607451717099,0.0,0.0,0.0,0.0,0.0,0,0.0,0.0,-0.07217556798779963,16.0,0,0,Barnsley (A) · Cambridge (H) · Leyton Orient (A) · Blackpool (H),,,,,,,upcoming,1.374592548287863,1.3936518629292747
E2,Wigan,10,37,40,4,2027-03-26 15:00:00,2027-04-10 15:00:00,0,2,5.122225586887731,0.0,0.0,5.14247915667227,0.0,0.0,0.0,0.0,0.0,0,0.0,0.0,0.030420751924098703,11.0,0,0,Bradford (A) · Luton (H) · Notts County (A) · Doncaster (H),,,,,,,upcoming,1.2805563967219327,1.2856197891680674
E2,Wigan,11,41,44,4,2027-04-13 19:45:00,2027-04-27 19:45:00,0,2,4.927503573731404,0.0,0.0,5.029164168669641,0.0,0.0,0.0,0.0,0.0,0,0.0,0.0,0.08482255949441869,10.75,0,0,Leicester (H) · Wycombe (A) · Stevenage (H) · Mansfield (A),,,,,,,upcoming,1.231875893432851,1.2572910421674102
E2,Wigan,12,45,46,2,2027-05-01 15:00:00,2027-05-08 12:30:00,0,1,2.6759108233406605,0.0,0.0,2.724649993618468,0.0,0.0,0.0,0.0,0.0,0,0.0,0.0,-0.02755025010662525,13.5,0,0,Plymouth (A) · Burton (H),,,,,,,upcoming,1.3379554116703303,1.362324996809234
E2,Wycombe,1,1,4,4,2026-08-15 15:00:00,2026-09-01 19:45:00,4,2,5.151276477811725,5.151276477811725,6.50530695361468,0.0,2.0,5.739999999999999,7.59,4.618431375502816,5.110744898087031,4,4.0,9.0,0.12273343524761005,6.0,0,0,Blackpool (A) · Plymouth (H) · Stockport (A) · Sheffield Wed (H),-3.1512764778117246,-0.5328451023089089,-2.6184313755028157,-1.235528053909274,-0.2697065267564863,0.21663404225820648,complete,1.2878191194529311,
E2,Wycombe,2,5,8,4,2026-09-05 15:00:00,2026-09-26 15:00:00,0,2,5.664360221279125,0.0,0.0,5.615808272343683,0.0,0.0,0.0,0.0,0.0,0,0.0,0.0,-0.016582650261866776,13.0,0,0,MK Dons (H) · Leyton Orient (A) · Wigan (A) · Reading (H),,,,,,,upcoming,1.4160900553197813,1.4039520680859208
E2,Wycombe,3,9,12,4,2026-10-03 15:00:00,2026-10-20 19:45:00,0,2,5.914279751632032,0.0,0.0,5.888963340284979,0.0,0.0,0.0,0.0,0.0,0,0.0,0.0,-0.08390367507985141,16.5,0,0,Bromley (A) · Luton (H) · Notts County (H) · Cambridge (A),,,,,,,upcoming,1.478569937908008,1.4722408350712448
E2,Wycombe,4,13,16,4,2026-10-24 15:00:00,2026-11-21 15:00:00,0,2,5.879900240196665,0.0,0.0,5.8615357440791955,0.0,0.0,0.0,0.0,0.0,0,0.0,0.0,-0.0743700754432539,15.0,0,0,AFC Wimbledon (A) · Burton (H) · Huddersfield (H) · Oxford (A),,,,,,,upcoming,1.4699750600491663,1.4653839360197989
E2,Wycombe,5,17,20,4,2026-11-28 15:00:00,2026-12-19 15:00:00,0,2,5.705324285248508,0.0,0.0,5.674246867159181,0.0,0.0,0.0,0.0,0.0,0,0.0,0.0,-0.027421722769081027,13.0,0,0,Bradford (H) · Barnsley (A) · Mansfield (A) · Doncaster (H),,,,,,,upcoming,1.426331071312127,1.4185617167897953
E2,Wycombe,6,21,24,4,2026-12-26 15:00:00,2027-01-09 15:00:00,0,2,5.4100274276132305,0.0,0.0,5.3907153916242425,0.0,0.0,0.0,0.0,0.0,0,0.0,0.0,0.052991426492142925,13.0,0,0,Peterborough (A) · Stevenage (H) · Leicester (H) · Doncaster (A),,,,,,,upcoming,1.3525068569033076,1.3476788479060606
E2,Wycombe,7,25,28,4,2027-01-16 15:00:00,2027-01-30 15:00:00,0,2,6.23352720520143,0.0,0.0,6.203585125039014,0.0,0.0,0.0,0.0,0.0,0,0.0,0.0,-0.1697559355684095,21.0,0,0,Notts County (A) · Cambridge (H) · AFC Wimbledon (H) · Burton (A),,,,,,,upcoming,1.5583818013003574,1.5508962812597535
E2,Wycombe,8,29,32,4,2027-02-06 15:00:00,2027-02-20 15:00:00,0,2,5.301834964918649,0.0,0.0,5.221948296781684,0.0,0.0,0.0,0.0,0.0,0,0.0,0.0,0.08505410931024057,8.75,0,0,Stockport (H) · Sheffield Wed (A) · MK Dons (A) · Leyton Orient (H),,,,,,,upcoming,1.3254587412296623,1.305487074195421
E2,Wycombe,9,33,36,4,2027-02-27 15:00:00,2027-03-20 15:00:00,0,2,5.343393468858948,0.0,0.0,5.291771736193556,0.0,0.0,0.0,0.0,0.0,0,0.0,0.0,0.07276527726695327,7.5,0,0,Huddersfield (A) · Blackpool (H) · Plymouth (A) · Oxford (H),,,,,,,upcoming,1.335848367214737,1.322942934048389
E2,Wycombe,10,37,40,4,2027-03-26 15:00:00,2027-04-10 15:00:00,0,2,5.448696701855092,0.0,0.0,5.457588372688231,0.0,0.0,0.0,0.0,0.0,0,0.0,0.0,0.05008749931765707,13.25,0,0,Leicester (A) · Peterborough (H) · Stevenage (A) · Mansfield (H),,,,,,,upcoming,1.362174175463773,1.3643970931720577
E2,Wycombe,11,41,44,4,2027-04-13 20:00:00,2027-04-27 19:45:00,0,2,5.760924371441435,0.0,0.0,5.722215449163637,0.0,0.0,0.0,0.0,0.0,0,0.0,0.0,-0.040186416546146395,13.25,0,0,Reading (A) · Wigan (H) · Luton (A) · Bromley (H),,,,,,,upcoming,1.4402310928603588,1.4305538622909093
E2,Wycombe,12,45,46,2,2027-05-01 15:00:00,2027-05-08 12:30:00,0,1,2.78420959728595,0.0,0.0,2.7652716535700055,0.0,0.0,0.0,0.0,0.0,0,0.0,0.0,0.010992839577043449,10.5,0,0,Bradford (A) · Barnsley (H),,,,,,,upcoming,1.392104798642975,1.3826358267850027
E3,Accrington,1,1,4,4,2026-08-15 15:00:00,2026-09-01 19:45:00,4,2,4.648259110086661,4.648259110086661,6.230742615369307,0.0,2.0,6.87,7.92,5.022640667335446,4.4552572132609995,4,6.0,9.0,0.016138362791095272,11.25,0,0,Colchester (H) · Exeter (A) · Walsall (A) · Grimsby (H),-2.648259110086661,0.3743815572487845,-3.0226406673354456,-1.0609393784197882,0.19362833701115426,0.28871745196227305,complete,1.1620647775216653,
E3,Accrington,2,5,8,4,2026-09-05 15:00:00,2026-09-26 15:00:00,0,2,4.949582930695206,0.0,0.0,5.0013948697882205,0.0,0.0,0.0,0.0,0.0,0,0.0,0.0,-0.060891835033677254,14.5,0,0,Crawley (H) · Barnet (A) · Newport (H) · Swindon (A),,,,,,,upcoming,1.2373957326738014,1.2503487174470551
E3,Accrington,3,9,12,4,2026-10-03 15:00:00,2026-10-20 19:45:00,0,2,4.730696306284553,0.0,0.0,4.732368393503867,0.0,0.0,0.0,0.0,0.0,0,0.0,0.0,-0.0023156029744642766,12.25,0,0,Cheltenham (H) · Oldham (A) · Gillingham (H) · York (A),,,,,,,upcoming,1.1826740765711383,1.1830920983759667
E3,Accrington,4,13,16,4,2026-10-24 15:00:00,2026-11-21 15:00:00,0,2,4.370602238428209,0.0,0.0,4.435604001230042,0.0,0.0,0.0,0.0,0.0,0,0.0,0.0,0.09688450916636093,9.0,0,0,Rochdale (A) · Northampton (H) · Port Vale (A) · Salford (H),,,,,,,upcoming,1.0926505596070522,1.1089010003075106
E3,Accrington,5,17,20,4,2026-11-28 15:00:00,2026-12-19 15:00:00,0,2,4.552472704498852,0.0,0.0,4.4927104473578,0.0,0.0,0.0,0.0,0.0,0,0.0,0.0,0.04620636413205348,10.25,0,0,Fleetwood (A) · Crewe (H) · Bristol Rovers (A) · Chesterfield (H),,,,,,,upcoming,1.138118176124713,1.12317761183945
E3,Accrington,6,21,24,4,2026-12-26 15:00:00,2027-01-09 12:30:00,0,2,4.77218445396692,0.0,0.0,4.74439730808773,0.0,0.0,0.0,0.0,0.0,0,0.0,0.0,-0.015889280922356648,13.5,0,0,Tranmere (A) · Rotherham (H) · Shrewsbury (H) · Chesterfield (A),,,,,,,upcoming,1.19304611349173,1.1860993270219324
E3,Accrington,7,25,28,4,2027-01-16 15:00:00,2027-01-30 15:00:00,0,2,4.656546886744048,0.0,0.0,4.695795788188989,0.0,0.0,0.0,0.0,0.0,0,0.0,0.0,0.014949736202632725,12.25,0,0,Gillingham (A) · York (H) · Rochdale (H) · Northampton (A),,,,,,,upcoming,1.164136721686012,1.1739489470472473
E3,Accrington,8,29,32,4,2027-02-06 15:00:00,2027-02-20 15:00:00,0,2,4.565640780179591,0.0,0.0,4.5544307772421195,0.0,0.0,0.0,0.0,0.0,0,0.0,0.0,0.04084756066501137,9.75,0,0,Walsall (H) · Grimsby (A) · Crawley (A) · Barnet (H),,,,,,,upcoming,1.1414101950448978,1.1386076943105299
E3,Accrington,9,33,36,4,2027-02-27 15:00:00,2027-03-20 15:00:00,0,2,4.420084093607248,0.0,0.0,4.428417742500605,0.0,0.0,0.0,0.0,0.0,0,0.0,0.0,0.08900299115508607,9.0,0,0,Port Vale (H) · Colchester (A) · Exeter (H) · Salford (A),,,,,,,upcoming,1.105021023401812,1.1071044356251512
E3,Accrington,10,37,40,4,2027-03-26 15:00:00,2027-04-10 15:00:00,0,2,4.7093835829325545,0.0,0.0,4.6569347890391,0.0,0.0,0.0,0.0,0.0,0,0.0,0.0,7.114481129549821e-05,12.5,0,0,Shrewsbury (A) · Tranmere (H) · Rotherham (A) · Bristol Rovers (H),,,,,,,upcoming,1.1773458957331386,1.164233697259775
E3,Accrington,11,41,44,4,2027-04-13 19:45:00,2027-04-27 19:45:00,0,2,5.04000629088338,0.0,0.0,5.096078370581736,0.0,0.0,0.0,0.0,0.0,0,0.0,0.0,-0.0949848540734155,16.0,0,0,Oldham (H) · Newport (A) · Swindon (H) · Cheltenham (A),,,,,,,upcoming,1.260001572720845,1.274019592645434
E3,Accrington,12,45,46,2,2027-05-01 15:00:00,2027-05-08 15:00:00,0,1,2.4630458485278366,0.0,0.0,2.46161234476539,0.0,0.0,0.0,0.0,0.0,0,0.0,0.0,-0.05956317528390155,16.5,0,0,Fleetwood (H) · Crewe (A),,,,,,,upcoming,1.2315229242639183,1.230806172382695
E3,Barnet,1,1,4,4,2026-08-15 15:00:00,2026-09-01 19:45:00,4,2,6.064858546736595,6.064858546736595,6.612953679490866,0.0,8.0,5.6899999999999995,4.97,5.8149364352223305,6.982006972598587,4,9.0,5.0,-0.021343909536228327,15.0,0,0,Salford (H) · Shrewsbury (A) · Cheltenham (H) · Exeter (A),1.9351414532634053,-0.24992211151426424,2.1850635647776695,0.7525146788053756,-0.12546752060992392,0.4517416058205994,complete,1.5162146366841487,
E3,Barnet,2,5,8,4,2026-09-05 15:00:00,2026-09-26 12:30:00,0,2,6.28751849051897,0.0,0.0,6.278624857870678,0.0,0.0,0.0,0.0,0.0,0,0.0,0.0,-0.0812872315097582,17.0,0,0,Chesterfield (A) · Accrington (H) · Fleetwood (H) · Crawley (A),,,,,,,upcoming,1.5718796226297425,1.5696562144676696
E3,Barnet,3,9,12,4,2026-10-03 15:00:00,2026-10-20 19:45:00,0,2,5.808690207997538,0.0,0.0,5.8002192398600005,0.0,0.0,0.0,0.0,0.0,0,0.0,0.0,0.04968760728484822,9.5,0,0,York (H) · Bristol Rovers (A) · Tranmere (A) · Swindon (H),,,,,,,upcoming,1.4521725519993844,1.4500548099650001
E3,Barnet,4,13,16,4,2026-10-24 15:00:00,2026-11-21 15:00:00,0,2,5.806551301772965,0.0,0.0,5.780820187621271,0.0,0.0,0.0,0.0,0.0,0,0.0,0.0,0.049369190143514,9.75,0,0,Oldham (H) · Crewe (A) · Walsall (A) · Port Vale (H),,,,,,,upcoming,1.4516378254432412,1.4452050469053177
E3,Barnet,5,17,20,4,2026-11-28 15:00:00,2026-12-19 15:00:00,0,2,5.879837589768319,0.0,0.0,5.8930471408773855,0.0,0.0,0.0,0.0,0.0,0,0.0,0.0,0.030005936417998723,10.75,0,0,Rochdale (A) · Rotherham (H) · Northampton (H) · Grimsby (A),,,,,,,upcoming,1.4699593974420797,1.4732617852193464
E3,Barnet,6,21,24,4,2026-12-26 15:00:00,2027-01-09 12:30:00,0,2,6.109156337865118,0.0,0.0,6.130406323906924,0.0,0.0,0.0,0.0,0.0,0,0.0,0.0,-0.032624331864514404,13.25,0,0,Colchester (H) · Gillingham (A) · Newport (A) · Grimsby (H),,,,,,,upcoming,1.5272890844662794,1.532601580976731
E3,Barnet,7,25,28,4,2027-01-16 15:00:00,2027-01-30 15:00:00,0,2,6.018679431379651,0.0,0.0,6.042553177914544,0.0,0.0,0.0,0.0,0.0,0,0.0,0.0,-0.007993071548164426,13.0,0,0,Tranmere (H) · Swindon (A) · Oldham (A) · Crewe (H),,,,,,,upcoming,1.5046698578449127,1.510638294478636
E3,Barnet,8,29,32,4,2027-02-06 15:00:00,2027-02-20 15:00:00,0,2,6.319737471704757,0.0,0.0,6.292574604723547,0.0,0.0,0.0,0.0,0.0,0,0.0,0.0,-0.08998325488972385,17.0,0,0,Cheltenham (A) · Exeter (H) · Chesterfield (H) · Accrington (A),,,,,,,upcoming,1.5799343679261892,1.5731436511808867
E3,Barnet,9,33,36,4,2027-02-27 15:00:00,2027-03-20 15:00:00,0,2,5.683411371204614,0.0,0.0,5.680957516294686,0.0,0.0,0.0,0.0,0.0,0,0.0,0.0,0.08579961908924061,9.25,0,0,Walsall (H) · Salford (A) · Shrewsbury (H) · Port Vale (A),,,,,,,upcoming,1.4208528428011535,1.4202393790736716
E3,Barnet,10,37,40,4,2027-03-26 15:00:00,2027-04-10 15:00:00,0,2,6.225514630084421,0.0,0.0,6.252405940011638,0.0,0.0,0.0,0.0,0.0,0,0.0,0.0,-0.06542046658664483,15.75,0,0,Newport (H) · Colchester (A) · Gillingham (H) · Northampton (A),,,,,,,upcoming,1.5563786575211052,1.5631014850029095
E3,Barnet,11,41,44,4,2027-04-13 19:45:00,2027-04-27 19:45:00,0,2,5.956675200949718,0.0,0.0,5.906645033392719,0.0,0.0,0.0,0.0,0.0,0,0.0,0.0,0.008602363731023376,12.0,0,0,Bristol Rovers (H) · Fleetwood (A) · Crawley (H) · York (A),,,,,,,upcoming,1.4891688002374295,1.4766612583481797
E3,Barnet,12,45,46,2,2027-05-01 15:00:00,2027-05-08 15:00:00,0,1,2.9998455471302656,0.0,0.0,3.004752929943285,0.0,0.0,0.0,0.0,0.0,0,0.0,0.0,-0.0027690721285654994,12.5,0,0,Rochdale (H) · Rotherham (A),,,,,,,upcoming,1.4999227735651328,1.5023764649716425
E3,Bristol Rovers,1,1,4,4,2026-08-15 15:00:00,2026-09-01 19:45:00,4,2,6.394220775041452,6.394220775041452,6.524361676853072,0.0,9.0,10.96,4.6,8.867038864808013,6.753317512374567,4,11.0,6.0,-0.08064151200282385,16.25,0,0,York (A) · Newport (H) · Crawley (A) · Colchester (H),2.605779224958548,2.4728180897665606,0.13296113519198727,1.0201607333313067,1.2498201720820745,0.3076522369771211,complete,1.598555193760363,
E3,Bristol Rovers,2,5,8,4,2026-09-05 15:00:00,2026-09-26 15:00:00,0,2,6.0106446368268065,0.0,0.0,6.169828296149399,0.0,0.0,0.0,0.0,0.0,0,0.0,0.0,0.02496718453474425,10.5,0,0,Rotherham (H) · Grimsby (A) · Gillingham (A) · Exeter (H),,,,,,,upcoming,1.5026611592067016,1.5424570740373498
E3,Bristol Rovers,3,9,12,4,2026-10-03 15:00:00,2026-10-20 19:45:00,0,2,5.794275283276153,0.0,0.0,5.966364797784044,0.0,0.0,0.0,0.0,0.0,0,0.0,0.0,0.0831943827134483,9.75,0,0,Crewe (A) · Barnet (H) · Shrewsbury (A) · Salford (H),,,,,,,upcoming,1.4485688208190381,1.491591199446011
E3,Bristol Rovers,4,13,16,4,2026-10-24 12:30:00,2026-11-21 15:00:00,0,2,6.232889138311622,0.0,0.0,6.463691974318213,0.0,0.0,0.0,0.0,0.0,0,0.0,0.0,-0.03556648471056813,14.0,0,0,Swindon (H) · Fleetwood (A) · Chesterfield (H) · Cheltenham (A),,,,,,,upcoming,1.5582222845779055,1.6159229935795532
E3,Bristol Rovers,5,17,20,4,2026-11-28 12:30:00,2026-12-19 15:00:00,0,2,6.373147169956972,0.0,0.0,6.6076423653298075,0.0,0.0,0.0,0.0,0.0,0,0.0,0.0,-0.07449019302310887,16.5,0,0,Tranmere (H) · Oldham (A) · Accrington (H) · Rochdale (A),,,,,,,upcoming,1.593286792489243,1.6519105913324519
E3,Bristol Rovers,6,21,24,4,2026-12-26 15:00:00,2027-01-09 15:00:00,0,2,6.015579971197555,0.0,0.0,6.246356913472826,0.0,0.0,0.0,0.0,0.0,0,0.0,0.0,0.023696960721227525,11.5,0,0,Walsall (H) · Port Vale (A) · Northampton (A) · Rochdale (H),,,,,,,upcoming,1.5038949927993888,1.5615892283682065
E3,Bristol Rovers,7,25,28,4,2027-01-16 15:00:00,2027-01-30 15:00:00,0,2,5.9993483086101715,0.0,0.0,6.223462920733561,0.0,0.0,0.0,0.0,0.0,0,0.0,0.0,0.02951768929120903,12.25,0,0,Shrewsbury (H) · Salford (A) · Swindon (A) · Fleetwood (H),,,,,,,upcoming,1.4998370771525429,1.5558657301833902
E3,Bristol Rovers,8,29,32,4,2027-02-06 15:00:00,2027-02-20 15:00:00,0,2,6.06222147067966,0.0,0.0,6.238138885174037,0.0,0.0,0.0,0.0,0.0,0,0.0,0.0,0.010412432453789523,11.75,0,0,Crawley (H) · Colchester (A) · Rotherham (A) · Grimsby (H),,,,,,,upcoming,1.515555367669915,1.5595347212935093
E3,Bristol Rovers,9,33,36,4,2027-02-27 15:00:00,2027-03-20 15:00:00,0,2,6.337126190551901,0.0,0.0,6.528686356671099,0.0,0.0,0.0,0.0,0.0,0,0.0,0.0,-0.06402952367237873,14.75,0,0,Chesterfield (A) · York (H) · Newport (A) · Cheltenham (H),,,,,,,upcoming,1.5842815476379752,1.6321715891677748
E3,Bristol Rovers,10,37,40,4,2027-03-26 15:00:00,2027-04-10 15:00:00,0,2,6.151917467641479,0.0,0.0,6.356220748609532,0.0,0.0,0.0,0.0,0.0,0,0.0,0.0,-0.013556320404355449,13.25,0,0,Northampton (H) · Walsall (A) · Port Vale (H) · Accrington (A),,,,,,,upcoming,1.5379793669103698,1.589055187152383
E3,Bristol Rovers,11,41,44,4,2027-04-13 19:45:00,2027-04-27 19:45:00,0,2,6.044420676919345,0.0,0.0,6.207142388525948,0.0,0.0,0.0,0.0,0.0,0,0.0,0.0,0.01605297246218075,11.75,0,0,Barnet (A) · Gillingham (H) · Exeter (A) · Crewe (H),,,,,,,upcoming,1.5111051692298363,1.551785597131487
E3,Bristol Rovers,12,45,46,2,2027-05-01 15:00:00,2027-05-08 15:00:00,0,1,3.0932486838852666,0.0,0.0,3.199377809349551,0.0,0.0,0.0,0.0,0.0,0,0.0,0.0,-0.0230119317420417,13.5,0,0,Tranmere (A) · Oldham (H),,,,,,,upcoming,1.5466243419426333,1.5996889046747755
E3,Cheltenham,1,1,4,4,2026-08-15 15:00:00,2026-09-01 19:45:00,4,2,4.479177470569533,4.479177470569532,6.089182276814932,0.0,7.0,4.529999999999999,6.98,4.047989536666213,4.100073569270419,4,8.0,7.0,0.08071630349419964,7.25,0,0,Rotherham (H) · Swindon (A) · Barnet (A) · York (H),2.5208225294304683,-0.43118793390331867,2.952010463333787,1.021557423965417,-0.2255856588519369,0.3069904174467004,complete,1.1197943676423832,
E3,Cheltenham,2,5,8,4,2026-09-05 15:00:00,2026-09-26 15:00:00,0,2,4.650013673975021,0.0,0.0,4.596762500189121,0.0,0.0,0.0,0.0,0.0,0,0.0,0.0,0.0289452585249958,11.0,0,0,Grimsby (H) · Crawley (A) · Colchester (A) · Chesterfield (H),,,,,,,upcoming,1.1625034184937553,1.1491906250472803
E3,Cheltenham,3,9,12,4,2026-10-03 15:00:00,2026-10-20 19:45:00,0,2,4.697919177523174,0.0,0.0,4.677498906230843,0.0,0.0,0.0,0.0,0.0,0,0.0,0.0,0.018138041662265077,12.5,0,0,Accrington (A) · Salford (H) · Oldham (A) · Fleetwood (H),,,,,,,upcoming,1.1744797943807934,1.1693747265577108
E3,Cheltenham,4,13,16,4,2026-10-24 12:30:00,2026-11-21 15:00:00,0,2,5.031899160166412,0.0,0.0,4.9675159062885985,0.0,0.0,0.0,0.0,0.0,0,0.0,0.0,-0.07586651685171462,15.5,0,0,Newport (H) · Tranmere (A) · Exeter (A) · Bristol Rovers (H),,,,,,,upcoming,1.257974790041603,1.2418789765721496
E3,Cheltenham,5,17,20,4,2026-11-28 15:00:00,2026-12-19 15:00:00,0,2,4.908732117235274,0.0,0.0,4.880197352282345,0.0,0.0,0.0,0.0,0.0,0,0.0,0.0,-0.04193193777710887,15.75,0,0,Shrewsbury (A) · Rochdale (H) · Crewe (H) · Gillingham (A),,,,,,,upcoming,1.2271830293088184,1.2200493380705864
E3,Cheltenham,6,21,24,4,2026-12-26 15:00:00,2027-01-09 15:00:00,0,2,4.6109313554096385,0.0,0.0,4.595430276550111,0.0,0.0,0.0,0.0,0.0,0,0.0,0.0,0.04127005870199585,10.5,0,0,Port Vale (H) · Northampton (A) · Walsall (A) · Gillingham (H),,,,,,,upcoming,1.1527328388524096,1.1488575691375278
E3,Cheltenham,7,25,28,4,2027-01-16 15:00:00,2027-01-30 15:00:00,0,2,5.145235147259135,0.0,0.0,5.141896178910482,0.0,0.0,0.0,0.0,0.0,0,0.0,0.0,-0.10895165859896956,17.25,0,0,Oldham (H) · Fleetwood (A) · Newport (A) · Tranmere (H),,,,,,,upcoming,1.2863087868147838,1.2854740447276205
E3,Cheltenham,8,29,32,4,2027-02-06 15:00:00,2027-02-20 15:00:00,0,2,4.562217095718246,0.0,0.0,4.511577735838339,0.0,0.0,0.0,0.0,0.0,0,0.0,0.0,0.05916309469996412,8.75,0,0,Barnet (H) · York (A) · Grimsby (A) · Crawley (H),,,,,,,upcoming,1.1405542739295615,1.1278944339595847
E3,Cheltenham,9,33,36,4,2027-02-27 15:00:00,2027-03-20 15:00:00,0,2,4.627612986868596,0.0,0.0,4.547599837087178,0.0,0.0,0.0,0.0,0.0,0,0.0,0.0,0.04127935322944078,9.5,0,0,Exeter (H) · Rotherham (A) · Swindon (H) · Bristol Rovers (A),,,,,,,upcoming,1.156903246717149,1.1368999592717945
E3,Cheltenham,10,37,40,4,2027-03-26 15:00:00,2027-04-10 15:00:00,0,2,4.648066976732489,0.0,0.0,4.612372823420687,0.0,0.0,0.0,0.0,0.0,0,0.0,0.0,0.0329364195467464,11.25,0,0,Walsall (H) · Port Vale (A) · Northampton (H) · Crewe (A),,,,,,,upcoming,1.1620167441831222,1.1530932058551717
E3,Cheltenham,11,41,44,4,2027-04-13 19:45:00,2027-04-27 19:45:00,0,2,4.581865119525687,0.0,0.0,4.549346579357984,0.0,0.0,0.0,0.0,0.0,0,0.0,0.0,0.06044229749931055,10.75,0,0,Salford (A) · Colchester (H) · Chesterfield (A) · Accrington (H),,,,,,,upcoming,1.1454662798814217,1.137336644839496
E3,Cheltenham,12,45,46,2,2027-05-01 15:00:00,2027-05-08 15:00:00,0,1,2.5349394767058397,0.0,0.0,2.5285479205305634,0.0,0.0,0.0,0.0,0.0,0,0.0,0.0,-0.08602709711378205,18.0,0,0,Shrewsbury (H) · Rochdale (A),,,,,,,upcoming,1.2674697383529199,1.2642739602652817
E3,Chesterfield,1,1,4,4,2026-08-15 15:00:00,2026-09-01 19:45:00,4,2,5.6259729235108855,5.6259729235108855,6.4320660461288455,0.0,4.0,7.33,5.32,6.940339459018945,6.487735751812872,4,3.0,4.0,0.06871541824074302,10.0,0,0,Fleetwood (H) · Salford (A) · Rotherham (A) · Gillingham (H),-1.6259729235108855,1.3143665355080598,-2.9403394590189453,-0.6411181348429904,0.6690608537761126,0.5214459326845835,complete,1.4064932308777214,
E3,Chesterfield,2,5,8,4,2026-09-05 15:00:00,2026-09-26 15:00:00,0,2,5.751855934872114,0.0,0.0,5.811330332801026,0.0,0.0,0.0,0.0,0.0,0,0.0,0.0,0.031262814724365796,10.0,0,0,Barnet (H) · Oldham (A) · York (H) · Cheltenham (A),,,,,,,upcoming,1.4379639837180285,1.4528325832002564
E3,Chesterfield,3,9,12,4,2026-10-03 12:30:00,2026-10-20 19:45:00,0,2,5.974575415523285,0.0,0.0,6.071527710434633,0.0,0.0,0.0,0.0,0.0,0,0.0,0.0,-0.028627329924186828,14.5,0,0,Tranmere (H) · Crawley (A) · Port Vale (A) · Colchester (H),,,,,,,upcoming,1.4936438538808212,1.5178819276086581
E3,Chesterfield,4,13,16,4,2026-10-24 15:00:00,2026-11-21 15:00:00,0,2,6.089186230044268,0.0,0.0,6.096593473223886,0.0,0.0,0.0,0.0,0.0,0,0.0,0.0,-0.05909002025127552,15.25,0,0,Crewe (H) · Newport (A) · Bristol Rovers (A) · Shrewsbury (H),,,,,,,upcoming,1.522296557511067,1.5241483683059716
E3,Chesterfield,5,17,20,4,2026-11-28 15:00:00,2026-12-19 15:00:00,0,2,5.992854533775347,0.0,0.0,6.077603966645631,0.0,0.0,0.0,0.0,0.0,0,0.0,0.0,-0.03420122300998675,13.5,0,0,Swindon (A) · Exeter (H) · Grimsby (H) · Accrington (A),,,,,,,upcoming,1.4982136334438367,1.5194009916614077
E3,Chesterfield,6,21,24,4,2026-12-26 15:00:00,2027-01-09 12:30:00,0,2,6.080476902717017,0.0,0.0,6.178382137109584,0.0,0.0,0.0,0.0,0.0,0,0.0,0.0,-0.058192176938671326,16.0,0,0,Northampton (H) · Walsall (A) · Rochdale (A) · Accrington (H),,,,,,,upcoming,1.5201192256792542,1.544595534277396
E3,Chesterfield,7,25,28,4,2027-01-16 15:00:00,2027-01-30 15:00:00,0,2,6.015794920130794,0.0,0.0,6.0954847106326815,0.0,0.0,0.0,0.0,0.0,0,0.0,0.0,-0.04128089110090645,14.25,0,0,Port Vale (H) · Colchester (A) · Crewe (A) · Newport (H),,,,,,,upcoming,1.5039487300326986,1.5238711776581704
E3,Chesterfield,8,29,32,4,2027-02-06 15:00:00,2027-02-20 15:00:00,0,2,5.611859190746932,0.0,0.0,5.660123270145109,0.0,0.0,0.0,0.0,0.0,0,0.0,0.0,0.07020454405967458,8.0,0,0,Rotherham (H) · Gillingham (A) · Barnet (A) · Oldham (H),,,,,,,upcoming,1.402964797686733,1.4150308175362774
E3,Chesterfield,9,33,36,4,2027-02-27 15:00:00,2027-03-20 15:00:00,0,2,5.613567391122896,0.0,0.0,5.645095827162367,0.0,0.0,0.0,0.0,0.0,0,0.0,0.0,0.06835296953444714,10.25,0,0,Bristol Rovers (H) · Fleetwood (A) · Salford (H) · Shrewsbury (A),,,,,,,upcoming,1.403391847780724,1.4112739567905916
E3,Chesterfield,10,37,40,4,2027-03-26 15:00:00,2027-04-10 15:00:00,0,2,5.781292094333045,0.0,0.0,5.877910990208716,0.0,0.0,0.0,0.0,0.0,0,0.0,0.0,0.024019880802370122,11.25,0,0,Rochdale (H) · Northampton (A) · Walsall (H) · Grimsby (A),,,,,,,upcoming,1.4453230235832613,1.469477747552179
E3,Chesterfield,11,41,44,4,2027-04-13 19:45:00,2027-04-27 19:45:00,0,2,6.180297432820215,0.0,0.0,6.262374443125612,0.0,0.0,0.0,0.0,0.0,0,0.0,0.0,-0.08501573970356881,17.25,0,0,Crawley (H) · York (A) · Cheltenham (H) · Tranmere (A),,,,,,,upcoming,1.5450743582050537,1.565593610781403
E3,Chesterfield,12,45,46,2,2027-05-01 15:00:00,2027-05-08 15:00:00,0,1,2.992703165729739,0.0,0.0,3.039309736762471,0.0,0.0,0.0,0.0,0.0,0,0.0,0.0,-0.0323515449467144,13.5,0,0,Swindon (H) · Exeter (A),,,,,,,upcoming,1.4963515828648695,1.5196548683812354
E3,Colchester,1,1,4,4,2026-08-15 15:00:00,2026-09-01 19:45:00,4,2,5.46610430067455,5.46610430067455,6.5066108650852,0.0,7.0,5.8100000000000005,5.99,5.434064192685932,5.451902417802197,4,5.0,5.0,-0.0012800989214167002,12.25,0,0,Accrington (A) · Oldham (H) · Rochdale (H) · Bristol Rovers (A),1.5338956993254502,-0.03204010798861745,1.5659358073140677,0.6013376731328285,-0.01621589520039053,0.5476151022303368,complete,1.3665260751686374,
E3,Colchester,2,5,8,4,2026-09-05 15:00:00,2026-09-26 15:00:00,0,2,5.724654124687284,0.0,0.0,5.73509605936449,0.0,0.0,0.0,0.0,0.0,0,0.0,0.0,-0.07319876400789921,16.75,0,0,Swindon (A) · Crewe (H) · Cheltenham (H) · Shrewsbury (A),,,,,,,upcoming,1.431163531171821,1.4337740148411224
E3,Colchester,3,9,12,4,2026-10-03 15:00:00,2026-10-20 19:45:00,0,2,5.5788446997560674,0.0,0.0,5.5664970929482,0.0,0.0,0.0,0.0,0.0,0,0.0,0.0,-0.032820653716439455,13.0,0,0,Port Vale (H) · Newport (A) · Exeter (H) · Chesterfield (A),,,,,,,upcoming,1.3947111749390169,1.39162427323705
E3,Colchester,4,13,16,4,2026-10-24 12:30:00,2026-11-21 15:00:00,0,2,5.518952532911838,0.0,0.0,5.5431470365238145,0.0,0.0,0.0,0.0,0.0,0,0.0,0.0,-0.017736230166931474,14.0,0,0,Northampton (A) · Walsall (H) · Gillingham (H) · Tranmere (A),,,,,,,upcoming,1.3797381332279595,1.3857867591309536
E3,Colchester,5,17,20,4,2026-11-28 15:00:00,2026-12-19 12:30:00,0,2,5.080049481753248,0.0,0.0,5.086847070155801,0.0,0.0,0.0,0.0,0.0,0,0.0,0.0,0.10843057529475732,7.5,0,0,York (H) · Grimsby (A) · Salford (A) · Fleetwood (H),,,,,,,upcoming,1.270012370438312,1.2717117675389502
E3,Colchester,6,21,24,4,2026-12-26 15:00:00,2027-01-09 15:00:00,0,2,5.502444210545855,0.0,0.0,5.489797356317827,0.0,0.0,0.0,0.0,0.0,0,0.0,0.0,-0.011415260775783101,12.75,0,0,Barnet (A) · Crawley (H) · Rotherham (H) · Fleetwood (A),,,,,,,upcoming,1.3756110526364638,1.3724493390794568
E3,Colchester,7,25,28,4,2027-01-16 15:00:00,2027-01-30 15:00:00,0,2,5.412051592603457,0.0,0.0,5.373644641833751,0.0,0.0,0.0,0.0,0.0,0,0.0,0.0,0.011491132249645476,12.0,0,0,Exeter (A) · Chesterfield (H) · Northampton (H) · Walsall (A),,,,,,,upcoming,1.3530128981508642,1.3434111604584378
E3,Colchester,8,29,32,4,2027-02-06 15:00:00,2027-02-20 15:00:00,0,2,5.319212217817828,0.0,0.0,5.319340555997419,0.0,0.0,0.0,0.0,0.0,0,0.0,0.0,0.0366216100634321,10.75,0,0,Rochdale (A) · Bristol Rovers (H) · Swindon (H) · Crewe (A),,,,,,,upcoming,1.329803054454457,1.3298351389993548
E3,Colchester,9,33,36,4,2027-02-27 15:00:00,2027-03-20 15:00:00,0,2,5.668740223841024,0.0,0.0,5.6878066481236,0.0,0.0,0.0,0.0,0.0,0,0.0,0.0,-0.05691709504234055,15.5,0,0,Gillingham (A) · Accrington (H) · Oldham (A) · Tranmere (H),,,,,,,upcoming,1.417185055960256,1.4219516620309
E3,Colchester,10,37,40,4,2027-03-26 15:00:00,2027-04-10 15:00:00,0,2,5.1122956123205325,0.0,0.0,5.101551963418139,0.0,0.0,0.0,0.0,0.0,0,0.0,0.0,0.0934227424569086,8.5,0,0,Rotherham (A) · Barnet (H) · Crawley (A) · Salford (H),,,,,,,upcoming,1.2780739030801331,1.2753879908545347
E3,Colchester,11,41,44,4,2027-04-13 19:45:00,2027-04-27 19:45:00,0,2,5.886412315861287,0.0,0.0,5.903074718586713,0.0,0.0,0.0,0.0,0.0,0,0.0,0.0,-0.11623139408342385,17.75,0,0,Newport (H) · Cheltenham (A) · Shrewsbury (H) · Port Vale (A),,,,,,,upcoming,1.4716030789653218,1.4757686796466782
E3,Colchester,12,45,46,2,2027-05-01 15:00:00,2027-05-08 15:00:00,0,1,2.5250119014989645,0.0,0.0,2.511659166153711,0.0,0.0,0.0,0.0,0.0,0,0.0,0.0,0.11180743794099975,5.5,0,0,York (A) · Grimsby (H),,,,,,,upcoming,1.2625059507494822,1.2558295830768555
E3,Crawley,1,1,4,4,2026-08-15 15:00:00,2026-09-01 19:45:00,4,2,4.817138550461397,4.817138550461397,6.320544521061065,0.0,4.0,6.37,6.76,5.560324035741667,3.9693786594816123,4,3.0,5.0,0.02877987043291755,11.75,0,0,Crewe (H) · Rochdale (A) · Bristol Rovers (H) · Northampton (A),-0.8171385504613973,0.7431854852802697,-1.560324035741667,-0.32502626143113383,0.3816316161691526,0.7451611960855411,complete,1.2042846376153493,
E3,Crawley,2,5,8,4,2026-09-05 15:00:00,2026-09-26 12:30:00,0,2,5.024548613803743,0.0,0.0,5.054320141985938,0.0,0.0,0.0,0.0,0.0,0,0.0,0.0,-0.026302990657400806,13.0,0,0,Accrington (A) · Cheltenham (H) · Grimsby (A) · Barnet (H),,,,,,,upcoming,1.2561371534509358,1.2635800354964846
E3,Crawley,3,9,12,4,2026-10-03 15:00:00,2026-10-20 19:45:00,0,2,4.647101947175095,0.0,0.0,4.634031785808532,0.0,0.0,0.0,0.0,0.0,0,0.0,0.0,0.08404299858835329,9.5,0,0,Walsall (A) · Chesterfield (H) · Salford (A) · Shrewsbury (H),,,,,,,upcoming,1.1617754867937737,1.158507946452133
E3,Crawley,4,13,16,4,2026-10-24 15:00:00,2026-11-21 15:00:00,0,2,5.026925184334281,0.0,0.0,5.048727336717943,0.0,0.0,0.0,0.0,0.0,0,0.0,0.0,-0.026180602376268198,13.5,0,0,Tranmere (H) · Oldham (A) · Rotherham (A) · Fleetwood (H),,,,,,,upcoming,1.2567312960835701,1.2621818341794857
E3,Crawley,5,17,20,4,2026-11-28 12:30:00,2026-12-19 15:00:00,0,2,5.071283533674162,0.0,0.0,5.086455271211191,0.0,0.0,0.0,0.0,0.0,0,0.0,0.0,-0.03902400136832157,13.25,0,0,Exeter (A) · Port Vale (H) · Newport (H) · York (A),,,,,,,upcoming,1.2678208834185405,1.2716138178027978
E3,Crawley,6,21,24,4,2026-12-26 15:00:00,2027-01-09 15:00:00,0,2,4.788194598698026,0.0,0.0,4.834700203424817,0.0,0.0,0.0,0.0,0.0,0,0.0,0.0,0.03752180768589522,10.5,0,0,Gillingham (H) · Colchester (A) · Swindon (A) · York (H),,,,,,,upcoming,1.1970486496745065,1.2086750508562043
E3,Crawley,7,25,28,4,2027-01-16 15:00:00,2027-01-30 15:00:00,0,2,4.784812391374979,0.0,0.0,4.811052765980659,0.0,0.0,0.0,0.0,0.0,0,0.0,0.0,0.03702838836381522,12.0,0,0,Salford (H) · Shrewsbury (A) · Tranmere (A) · Oldham (H),,,,,,,upcoming,1.1962030978437448,1.2027631914951646
E3,Crawley,8,29,32,4,2027-02-06 15:00:00,2027-02-20 15:00:00,0,2,5.121047218720748,0.0,0.0,5.121322221856975,0.0,0.0,0.0,0.0,0.0,0,0.0,0.0,-0.0514109792920489,15.25,0,0,Bristol Rovers (A) · Northampton (H) · Accrington (H) · Cheltenham (A),,,,,,,upcoming,1.280261804680187,1.2803305554642437
E3,Crawley,9,33,36,4,2027-02-27 15:00:00,2027-03-20 15:00:00,0,2,5.033141385139372,0.0,0.0,5.056821416025449,0.0,0.0,0.0,0.0,0.0,0,0.0,0.0,-0.031166123706233523,14.5,0,0,Rotherham (H) · Crewe (A) · Rochdale (H) · Fleetwood (A),,,,,,,upcoming,1.258285346284843,1.2642053540063622
E3,Crawley,10,37,40,4,2027-03-26 15:00:00,2027-04-10 15:00:00,0,2,5.128763156497962,0.0,0.0,5.2058475271192535,0.0,0.0,0.0,0.0,0.0,0,0.0,0.0,-0.05757872695613028,14.75,0,0,Swindon (H) · Gillingham (A) · Colchester (H) · Newport (A),,,,,,,upcoming,1.2821907891244906,1.3014618817798134
E3,Crawley,11,41,44,4,2027-04-13 19:45:00,2027-04-27 19:45:00,0,2,4.554567922085578,0.0,0.0,4.549139535941135,0.0,0.0,0.0,0.0,0.0,0,0.0,0.0,0.10588799062206905,6.0,0,0,Chesterfield (A) · Grimsby (H) · Barnet (A) · Walsall (H),,,,,,,upcoming,1.1386419805213945,1.1372848839852838
E3,Crawley,12,45,46,2,2027-05-01 15:00:00,2027-05-08 15:00:00,0,1,2.439699714948738,0.0,0.0,2.441637458614522,0.0,0.0,0.0,0.0,0.0,0,0.0,0.0,0.016911405074232153,11.0,0,0,Exeter (H) · Port Vale (A),,,,,,,upcoming,1.219849857474369,1.220818729307261
E3,Crewe,1,1,4,4,2026-08-15 15:00:00,2026-09-01 19:45:00,4,2,5.37294855989342,5.37294855989342,6.507955378538931,0.0,8.0,6.359999999999999,4.77,6.416918339821949,5.782981617707142,4,4.0,2.0,0.0015357667975984266,12.75,0,0,Crawley (A) · Northampton (H) · Port Vale (A) · Walsall (H),2.6270514401065803,1.0439697799285295,1.5830816601780509,1.0297843643850773,0.5283114446033138,0.30311124211165863,complete,1.343237139973355,
E3,Crewe,2,5,8,4,2026-09-05 15:00:00,2026-09-26 15:00:00,0,2,5.3522032271991105,0.0,0.0,5.366084207828441,0.0,0.0,0.0,0.0,0.0,0,0.0,0.0,0.007008135613120626,12.25,0,0,York (H) · Colchester (A) · Shrewsbury (H) · Rotherham (A),,,,,,,upcoming,1.3380508067997776,1.3415210519571104
E3,Crewe,3,9,12,4,2026-10-03 15:00:00,2026-10-20 19:45:00,0,2,5.312793549351685,0.0,0.0,5.3703848305359205,0.0,0.0,0.0,0.0,0.0,0,0.0,0.0,0.016932943267218475,11.25,0,0,Bristol Rovers (H) · Swindon (A) · Rochdale (H) · Exeter (A),,,,,,,upcoming,1.3281983873379213,1.3425962076339801
E3,Crewe,4,13,16,4,2026-10-24 15:00:00,2026-11-21 12:30:00,0,2,5.375179511703657,0.0,0.0,5.441240803148228,0.0,0.0,0.0,0.0,0.0,0,0.0,0.0,0.0017173113803061494,11.25,0,0,Chesterfield (A) · Barnet (H) · Newport (H) · Gillingham (A),,,,,,,upcoming,1.3437948779259143,1.360310200787057
E3,Crewe,5,17,20,4,2026-11-28 15:00:00,2026-12-17 20:00:00,0,2,5.320178466060163,0.0,0.0,5.405096233793787,0.0,0.0,0.0,0.0,0.0,0,0.0,0.0,0.014093396454727902,12.5,0,0,Grimsby (H) · Accrington (A) · Cheltenham (A) · Salford (H),,,,,,,upcoming,1.3300446165150408,1.3512740584484468
E3,Crewe,6,21,24,4,2026-12-26 15:00:00,2027-01-09 15:00:00,0,2,5.243144533785881,0.0,0.0,5.333095314513416,0.0,0.0,0.0,0.0,0.0,0,0.0,0.0,0.041020890453236605,11.5,0,0,Fleetwood (A) · Tranmere (H) · Oldham (H) · Salford (A),,,,,,,upcoming,1.3107861334464703,1.333273828628354
E3,Crewe,7,25,28,4,2027-01-16 15:00:00,2027-01-30 15:00:00,0,2,5.263441356706267,0.0,0.0,5.316172293565176,0.0,0.0,0.0,0.0,0.0,0,0.0,0.0,0.032119651689322126,10.5,0,0,Rochdale (A) · Exeter (H) · Chesterfield (H) · Barnet (A),,,,,,,upcoming,1.3158603391765666,1.329043073391294
E3,Crewe,8,29,32,4,2027-02-06 15:00:00,2027-02-20 15:00:00,0,2,5.1483489645713325,0.0,0.0,5.19695036194243,0.0,0.0,0.0,0.0,0.0,0,0.0,0.0,0.06294053906219388,9.0,0,0,Port Vale (H) · Walsall (A) · York (A) · Colchester (H),,,,,,,upcoming,1.2870872411428331,1.2992375904856075
E3,Crewe,9,33,36,4,2027-02-27 15:00:00,2027-03-20 15:00:00,0,2,5.75010927924509,0.0,0.0,5.839972962610942,0.0,0.0,0.0,0.0,0.0,0,0.0,0.0,-0.10231199236302188,17.75,0,0,Newport (A) · Crawley (H) · Northampton (A) · Gillingham (H),,,,,,,upcoming,1.4375273198112726,1.4599932406527354
E3,Crewe,10,37,40,4,2027-03-26 15:00:00,2027-04-10 15:00:00,0,2,5.6870963749494035,0.0,0.0,5.775185011707837,0.0,0.0,0.0,0.0,0.0,0,0.0,0.0,-0.0842251221123551,16.75,0,0,Oldham (A) · Fleetwood (H) · Tranmere (A) · Cheltenham (H),,,,,,,upcoming,1.4217740937373509,1.4437962529269592
E3,Crewe,11,41,44,4,2027-04-13 19:45:00,2027-04-27 19:45:00,0,2,5.25530330621315,0.0,0.0,5.270897190640708,0.0,0.0,0.0,0.0,0.0,0,0.0,0.0,0.03444595866974955,10.25,0,0,Swindon (H) · Shrewsbury (A) · Rotherham (H) · Bristol Rovers (A),,,,,,,upcoming,1.3138258265532874,1.317724297660177
E3,Crewe,12,45,46,2,2027-05-01 15:00:00,2027-05-08 15:00:00,0,1,2.760332240571892,0.0,0.0,2.793146620214972,0.0,0.0,0.0,0.0,0.0,0,0.0,0.0,-0.0360509010732591,13.5,0,0,Grimsby (A) · Accrington (H),,,,,,,upcoming,1.380166120285946,1.396573310107486
E3,Exeter,1,1,4,4,2026-08-15 15:00:00,2026-09-01 19:45:00,4,2,4.943508031393753,4.943508031393753,6.248910288079246,0.0,4.0,5.49,4.1,6.338054364893208,4.363300773612355,4,4.0,4.0,0.044071007498010246,9.25,0,0,Grimsby (A) · Accrington (H) · York (A) · Barnet (H),-0.9435080313937529,1.3945463334994548,-2.3380543648932077,-0.3774361177227942,0.7202034178980024,0.7058495301883538,complete,1.2358770078484382,
E3,Exeter,2,5,8,4,2026-09-05 15:00:00,2026-09-26 15:00:00,0,2,4.905195045181497,0.0,0.0,4.95624559953021,0.0,0.0,0.0,0.0,0.0,0,0.0,0.0,0.056003548260368755,9.25,0,0,Walsall (H) · Port Vale (A) · Tranmere (H) · Bristol Rovers (A),,,,,,,upcoming,1.2262987612953742,1.2390613998825526
E3,Exeter,3,9,12,4,2026-10-03 15:00:00,2026-10-20 19:45:00,0,2,5.16295390542992,0.0,0.0,5.189674759441698,0.0,0.0,0.0,0.0,0.0,0,0.0,0.0,-0.020428293942906947,14.25,0,0,Rotherham (H) · Shrewsbury (A) · Colchester (A) · Crewe (H),,,,,,,upcoming,1.29073847635748,1.2974186898604245
E3,Exeter,4,13,16,4,2026-10-24 15:00:00,2026-11-21 15:00:00,0,2,5.042218093177289,0.0,0.0,5.1377095511825,0.0,0.0,0.0,0.0,0.0,0,0.0,0.0,0.02169321301398345,12.25,0,0,Fleetwood (H) · Salford (A) · Cheltenham (H) · Oldham (A),,,,,,,upcoming,1.2605545232943223,1.284427387795625
E3,Exeter,5,17,20,4,2026-11-28 12:30:00,2026-12-19 12:30:00,0,2,5.167260648202965,0.0,0.0,5.260038696184907,0.0,0.0,0.0,0.0,0.0,0,0.0,0.0,-0.018581208049882576,14.25,0,0,Crawley (H) · Chesterfield (A) · Rochdale (H) · Northampton (A),,,,,,,upcoming,1.2918151620507412,1.3150096740462267
E3,Exeter,6,21,24,4,2026-12-26 15:00:00,2027-01-09 15:00:00,0,2,5.315859574596541,0.0,0.0,5.450661619585782,0.0,0.0,0.0,0.0,0.0,0,0.0,0.0,-0.06014641691555018,15.0,0,0,Newport (H) · Swindon (A) · Gillingham (A) · Northampton (H),,,,,,,upcoming,1.3289648936491352,1.3626654048964455
E3,Exeter,7,25,28,4,2027-01-16 15:00:00,2027-01-30 15:00:00,0,2,4.905173514184143,0.0,0.0,4.988207753691809,0.0,0.0,0.0,0.0,0.0,0,0.0,0.0,0.05076570097601923,11.75,0,0,Colchester (H) · Crewe (A) · Fleetwood (A) · Salford (H),,,,,,,upcoming,1.2262933785460357,1.2470519384229521
E3,Exeter,8,29,32,4,2027-02-06 15:00:00,2027-02-20 15:00:00,0,2,4.736816961551003,0.0,0.0,4.799315355527728,0.0,0.0,0.0,0.0,0.0,0,0.0,0.0,0.09936172288904432,6.5,0,0,York (H) · Barnet (A) · Walsall (A) · Port Vale (H),,,,,,,upcoming,1.1842042403877509,1.199828838881932
E3,Exeter,9,33,36,4,2027-02-27 15:00:00,2027-03-20 15:00:00,0,2,5.2613537306777,0.0,0.0,5.336763238171379,0.0,0.0,0.0,0.0,0.0,0,0.0,0.0,-0.048859093846903554,14.25,0,0,Cheltenham (A) · Grimsby (H) · Accrington (A) · Oldham (H),,,,,,,upcoming,1.315338432669425,1.3341908095428447
E3,Exeter,10,37,40,4,2027-03-26 15:00:00,2027-04-10 15:00:00,0,2,5.349653673003846,0.0,0.0,5.502373091339178,0.0,0.0,0.0,0.0,0.0,0,0.0,0.0,-0.07230905880887822,15.5,0,0,Gillingham (H) · Newport (A) · Swindon (H) · Rochdale (A),,,,,,,upcoming,1.3374134182509616,1.3755932728347946
E3,Exeter,11,41,44,4,2027-04-13 19:45:00,2027-04-27 19:45:00,0,2,5.091345215010721,0.0,0.0,5.104064396717365,0.0,0.0,0.0,0.0,0.0,0,0.0,0.0,7.114481129549821e-05,12.5,0,0,Shrewsbury (H) · Tranmere (A) · Bristol Rovers (H) · Rotherham (A),,,,,,,upcoming,1.2728363037526802,1.2760160991793412
E3,Exeter,12,45,46,2,2027-05-01 15:00:00,2027-05-08 15:00:00,0,1,2.560159914707258,0.0,0.0,2.577960756170776,0.0,0.0,0.0,0.0,0.0,0,0.0,0.0,-0.01002580783341115,13.5,0,0,Crawley (A) · Chesterfield (H),,,,,,,upcoming,1.280079957353629,1.288980378085388
E3,Fleetwood,1,1,4,4,2026-08-15 15:00:00,2026-09-01 19:45:00,4,2,4.762015207269011,4.762015207269011,6.22904851880599,0.0,6.0,4.390000000000001,6.42,4.262652721043898,5.02959887616408,4,4.0,3.0,0.08254463106674093,7.5,0,0,Chesterfield (A) · Gillingham (H) · Grimsby (A) · Oldham (H),1.2379847927309893,-0.49936248622511314,1.7373472789561024,0.49602601339911717,-0.25830298891075404,0.6198760577085294,complete,1.1905038018172527,
E3,Fleetwood,2,5,8,4,2026-09-05 12:30:00,2026-09-26 15:00:00,0,2,5.3344882744331565,0.0,0.0,5.325741638902633,0.0,0.0,0.0,0.0,0.0,0,0.0,0.0,-0.07601762516427672,15.75,0,0,Shrewsbury (H) · Newport (A) · Barnet (A) · Rochdale (H),,,,,,,upcoming,1.3336220686082891,1.3314354097256582
E3,Fleetwood,3,9,12,4,2026-10-03 15:00:00,2026-10-20 19:45:00,0,2,4.891755210092694,0.0,0.0,4.853935290495517,0.0,0.0,0.0,0.0,0.0,0,0.0,0.0,0.049094665273668396,10.75,0,0,Salford (A) · Walsall (H) · Rotherham (H) · Cheltenham (A),,,,,,,upcoming,1.2229388025231736,1.2134838226238793
E3,Fleetwood,4,13,16,4,2026-10-24 15:00:00,2026-11-21 15:00:00,0,2,5.189956638050921,0.0,0.0,5.109041502366782,0.0,0.0,0.0,0.0,0.0,0,0.0,0.0,-0.03960306451486467,14.75,0,0,Exeter (A) · Bristol Rovers (H) · Tranmere (H) · Crawley (A),,,,,,,upcoming,1.2974891595127303,1.2772603755916956
E3,Fleetwood,5,17,20,4,2026-11-28 15:00:00,2026-12-19 12:30:00,0,2,5.205461424752331,0.0,0.0,5.220173301250354,0.0,0.0,0.0,0.0,0.0,0,0.0,0.0,-0.041817817908674476,15.0,0,0,Accrington (H) · Northampton (A) · Swindon (H) · Colchester (A),,,,,,,upcoming,1.3013653561880827,1.3050433253125886
E3,Fleetwood,6,21,24,4,2026-12-26 15:00:00,2027-01-09 15:00:00,0,2,4.865762979256533,0.0,0.0,4.818856016111669,0.0,0.0,0.0,0.0,0.0,0,0.0,0.0,0.05381964354111905,10.0,0,0,Crewe (H) · York (A) · Port Vale (A) · Colchester (H),,,,,,,upcoming,1.2164407448141332,1.2047140040279172
E3,Fleetwood,7,25,28,4,2027-01-16 15:00:00,2027-01-30 15:00:00,0,2,5.112281735295749,0.0,0.0,5.00956547758104,0.0,0.0,0.0,0.0,0.0,0,0.0,0.0,-0.012423138068266427,12.5,0,0,Rotherham (A) · Cheltenham (H) · Exeter (H) · Bristol Rovers (A),,,,,,,upcoming,1.2780704338239373,1.25239136939526
E3,Fleetwood,8,29,32,4,2027-02-06 15:00:00,2027-02-20 15:00:00,0,2,5.248581512480862,0.0,0.0,5.208252155847566,0.0,0.0,0.0,0.0,0.0,0,0.0,0.0,-0.053614951738321,14.0,0,0,Grimsby (H) · Oldham (A) · Shrewsbury (A) · Newport (H),,,,,,,upcoming,1.3121453781202155,1.3020630389618915
E3,Fleetwood,9,33,36,4,2027-02-27 15:00:00,2027-03-20 15:00:00,0,2,5.149925520746935,0.0,0.0,5.123071085386159,0.0,0.0,0.0,0.0,0.0,0,0.0,0.0,-0.02754118429705375,14.5,0,0,Tranmere (A) · Chesterfield (H) · Gillingham (A) · Crawley (H),,,,,,,upcoming,1.2874813801867337,1.2807677713465397
E3,Fleetwood,10,37,40,4,2027-03-26 15:00:00,2027-04-10 15:00:00,0,2,4.834682625934091,0.0,0.0,4.819404513514337,0.0,0.0,0.0,0.0,0.0,0,0.0,0.0,0.0590936932122137,9.25,0,0,Port Vale (H) · Crewe (A) · York (H) · Swindon (A),,,,,,,upcoming,1.2086706564835228,1.2048511283785843
E3,Fleetwood,11,41,44,4,2027-04-13 19:45:00,2027-04-27 19:45:00,0,2,4.652379588127053,0.0,0.0,4.649642757578471,0.0,0.0,0.0,0.0,0.0,0,0.0,0.0,0.10959788076490909,7.75,0,0,Walsall (A) · Barnet (H) · Rochdale (A) · Salford (H),,,,,,,upcoming,1.1630948970317632,1.1624106893946178
E3,Fleetwood,12,45,46,2,2027-05-01 15:00:00,2027-05-08 15:00:00,0,1,2.7066837321718706,0.0,0.0,2.698747462273089,0.0,0.0,0.0,0.0,0.0,0,0.0,0.0,-0.10164317051751995,18.5,0,0,Accrington (A) · Northampton (H),,,,,,,upcoming,1.3533418660859353,1.3493737311365446
E3,Gillingham,1,1,4,4,2026-08-15 15:00:00,2026-09-01 19:45:00,4,2,5.467741622462621,5.467741622462622,6.534811879100083,0.0,3.0,4.2,5.050000000000001,5.108505962395174,4.42962416003435,4,2.0,5.0,0.008650239779375627,12.25,0,0,Walsall (H) · Fleetwood (A) · Northampton (H) · Chesterfield (A),-2.467741622462622,-0.3592356600674478,-2.1085059623951743,-0.9653463110256943,-0.18142088071617063,0.3343713831239792,complete,1.3669354056156553,
E3,Gillingham,2,5,8,4,2026-09-05 15:00:00,2026-09-26 15:00:00,0,2,5.3901172066471705,0.0,0.0,5.349034652696868,0.0,0.0,0.0,0.0,0.0,0,0.0,0.0,0.02968322576100562,11.0,0,0,Rochdale (A) · Tranmere (H) · Bristol Rovers (H) · York (A),,,,,,,upcoming,1.3475293016617926,1.337258663174217
E3,Gillingham,3,9,12,4,2026-10-03 15:00:00,2026-10-20 20:00:00,0,2,5.783327938295643,0.0,0.0,5.758541266722018,0.0,0.0,0.0,0.0,0.0,0,0.0,0.0,-0.07815755294253396,15.25,0,0,Newport (H) · Rotherham (A) · Accrington (A) · Port Vale (H),,,,,,,upcoming,1.4458319845739107,1.4396353166805045
E3,Gillingham,4,13,16,4,2026-10-24 15:00:00,2026-11-21 12:30:00,0,2,5.494572479231777,0.0,0.0,5.435726174065243,0.0,0.0,0.0,0.0,0.0,0,0.0,0.0,0.00018407271032922466,13.0,0,0,Grimsby (H) · Shrewsbury (A) · Colchester (A) · Crewe (H),,,,,,,upcoming,1.3736431198079442,1.3589315435163107
E3,Gillingham,5,17,20,4,2026-11-28 15:00:00,2026-12-19 15:00:00,0,2,5.314575684495696,0.0,0.0,5.33208441597162,0.0,0.0,0.0,0.0,0.0,0,0.0,0.0,0.05498769497879065,10.25,0,0,Salford (A) · Swindon (H) · Oldham (A) · Cheltenham (H),,,,,,,upcoming,1.328643921123924,1.333021103992905
E3,Gillingham,6,21,24,4,2026-12-26 15:00:00,2027-01-09 15:00:00,0,2,5.738442911404345,0.0,0.0,5.692123839821052,0.0,0.0,0.0,0.0,0.0,0,0.0,0.0,-0.06661888804160015,15.75,0,0,Crawley (A) · Barnet (H) · Exeter (H) · Cheltenham (A),,,,,,,upcoming,1.4346107278510862,1.423030959955263
E3,Gillingham,7,25,28,4,2027-01-16 15:00:00,2027-01-30 15:00:00,0,2,5.567435805885572,0.0,0.0,5.534543159956743,0.0,0.0,0.0,0.0,0.0,0,0.0,0.0,-0.0164031425592047,13.0,0,0,Accrington (H) · Port Vale (A) · Grimsby (A) · Shrewsbury (H),,,,,,,upcoming,1.391858951471393,1.3836357899891858
E3,Gillingham,8,29,32,4,2027-02-06 15:00:00,2027-02-20 15:00:00,0,2,5.534993262751556,0.0,0.0,5.542681999311682,0.0,0.0,0.0,0.0,0.0,0,0.0,0.0,-0.010790446460864925,13.75,0,0,Northampton (A) · Chesterfield (H) · Rochdale (H) · Tranmere (A),,,,,,,upcoming,1.383748315687889,1.3856704998279206
E3,Gillingham,9,33,36,4,2027-02-27 15:00:00,2027-03-20 15:00:00,0,2,5.580380785756327,0.0,0.0,5.5339816639147195,0.0,0.0,0.0,0.0,0.0,0,0.0,0.0,-0.022421847469114173,14.25,0,0,Colchester (H) · Walsall (A) · Fleetwood (H) · Crewe (A),,,,,,,upcoming,1.3950951964390816,1.3834954159786799
E3,Gillingham,10,37,40,4,2027-03-26 15:00:00,2027-04-10 15:00:00,0,2,5.5175706244703235,0.0,0.0,5.458287979520476,0.0,0.0,0.0,0.0,0.0,0,0.0,0.0,-0.0043253657776399015,12.25,0,0,Exeter (A) · Crawley (H) · Barnet (A) · Oldham (H),,,,,,,upcoming,1.3793926561175809,1.364571994880119
E3,Gillingham,11,41,44,4,2027-04-13 19:45:00,2027-04-27 19:45:00,0,2,5.4655419310655144,0.0,0.0,5.376131549501339,0.0,0.0,0.0,0.0,0.0,0,0.0,0.0,0.009975421797360329,10.5,0,0,Rotherham (H) · Bristol Rovers (A) · York (H) · Newport (A),,,,,,,upcoming,1.3663854827663786,1.3440328873753347
E3,Gillingham,12,45,46,2,2027-05-01 15:00:00,2027-05-08 15:00:00,0,1,2.4346307321443037,0.0,0.0,2.4662763167474235,0.0,0.0,0.0,0.0,0.0,0,0.0,0.0,0.1716426765781293,5.5,0,0,Salford (H) · Swindon (A),,,,,,,upcoming,1.2173153660721518,1.2331381583737118
E3,Grimsby,1,1,4,4,2026-08-15 15:00:00,2026-09-01 19:45:00,4,2,6.244216960702536,6.244216960702535,6.618946160202386,0.0,6.0,7.050000000000001,6.0,6.128211329702371,6.80986117172357,4,5.0,4.0,-0.09409412724365873,17.25,0,0,Exeter (H) · Walsall (A) · Fleetwood (H) · Accrington (A),-0.24421696070253507,-0.11600563100016448,-0.1282113297023706,-0.09492517312491633,-0.05821153095156567,0.924374261537438,complete,1.561054240175634,
E3,Grimsby,2,5,8,4,2026-09-05 15:00:00,2026-09-26 15:00:00,0,2,6.290454560526109,0.0,0.0,6.278718023054013,0.0,0.0,0.0,0.0,0.0,0,0.0,0.0,-0.10690618024390214,17.25,0,0,Cheltenham (A) · Bristol Rovers (H) · Crawley (H) · Newport (A),,,,,,,upcoming,1.5726136401315272,1.5696795057635033
E3,Grimsby,3,9,12,4,2026-10-03 15:00:00,2026-10-20 19:45:00,0,2,5.9435158115105775,0.0,0.0,5.978163732913471,0.0,0.0,0.0,0.0,0.0,0,0.0,0.0,-0.011945996155752148,13.75,0,0,Shrewsbury (H) · Port Vale (A) · Northampton (H) · Rochdale (A),,,,,,,upcoming,1.4858789528776444,1.4945409332283677
E3,Grimsby,4,13,16,4,2026-10-24 15:00:00,2026-11-21 15:00:00,0,2,5.724336949026475,0.0,0.0,5.739799186397416,0.0,0.0,0.0,0.0,0.0,0,0.0,0.0,0.04713788579536957,9.5,0,0,Gillingham (A) · York (H) · Swindon (A) · Rotherham (H),,,,,,,upcoming,1.4310842372566188,1.434949796599354
E3,Grimsby,5,17,20,4,2026-11-28 15:00:00,2026-12-19 15:00:00,0,2,5.654171425867147,0.0,0.0,5.631542202630489,0.0,0.0,0.0,0.0,0.0,0,0.0,0.0,0.0665386503382837,9.25,0,0,Crewe (A) · Colchester (H) · Chesterfield (A) · Barnet (H),,,,,,,upcoming,1.4135428564667867,1.4078855506576222
E3,Grimsby,6,21,24,4,2026-12-26 15:00:00,2027-01-09 12:30:00,0,2,5.522820002615206,0.0,0.0,5.5497834062363225,0.0,0.0,0.0,0.0,0.0,0,0.0,0.0,0.1054625065737996,7.75,0,0,Salford (A) · Oldham (H) · Tranmere (H) · Barnet (A),,,,,,,upcoming,1.3807050006538015,1.3874458515590806
E3,Grimsby,7,25,28,4,2027-01-16 15:00:00,2027-01-30 15:00:00,0,2,5.844236140008899,0.0,0.0,5.878052545097642,0.0,0.0,0.0,0.0,0.0,0,0.0,0.0,0.014949736202632725,12.25,0,0,Northampton (A) · Rochdale (H) · Gillingham (H) · York (A),,,,,,,upcoming,1.4610590350022248,1.4695131362744105
E3,Grimsby,8,29,32,4,2027-02-06 15:00:00,2027-02-20 15:00:00,0,2,6.182286220872836,0.0,0.0,6.1692950715343455,0.0,0.0,0.0,0.0,0.0,0,0.0,0.0,-0.07686372162634156,16.25,0,0,Fleetwood (A) · Accrington (H) · Cheltenham (H) · Bristol Rovers (A),,,,,,,upcoming,1.545571555218209,1.5423237678835864
E3,Grimsby,9,33,36,4,2027-02-27 15:00:00,2027-03-20 15:00:00,0,2,5.894962420888449,0.0,0.0,5.887464601043549,0.0,0.0,0.0,0.0,0.0,0,0.0,0.0,0.0008000458089537504,11.75,0,0,Swindon (H) · Exeter (A) · Walsall (H) · Rotherham (A),,,,,,,upcoming,1.4737406052221123,1.4718661502608872
E3,Grimsby,10,37,40,4,2027-03-26 15:00:00,2027-04-10 15:00:00,0,2,5.539417848880736,0.0,0.0,5.551429505472457,0.0,0.0,0.0,0.0,0.0,0,0.0,0.0,0.09719022692762977,8.5,0,0,Tranmere (A) · Salford (H) · Oldham (A) · Chesterfield (H),,,,,,,upcoming,1.384854462220184,1.3878573763681143
E3,Grimsby,11,41,44,4,2027-04-13 19:45:00,2027-04-27 19:45:00,0,2,6.2788675302452255,0.0,0.0,6.291427198961908,0.0,0.0,0.0,0.0,0.0,0,0.0,0.0,-0.10469447823318834,17.5,0,0,Port Vale (H) · Crawley (A) · Newport (H) · Shrewsbury (A),,,,,,,upcoming,1.5697168825613064,1.572856799740477
E3,Grimsby,12,45,46,2,2027-05-01 15:00:00,2027-05-08 15:00:00,0,1,2.9555315798753115,0.0,0.0,2.945128125983203,0.0,0.0,0.0,0.0,0.0,0,0.0,0.0,-0.00352231069647645,14.0,0,0,Crewe (H) · Colchester (A),,,,,,,upcoming,1.4777657899376557,1.4725640629916015
E3,Newport,1,1,4,4,2026-08-15 12:30:00,2026-09-01 19:45:00,4,2,4.166768350998469,4.166768350998469,5.706998800310657,0.0,4.0,4.02,7.51,4.223915294494389,4.037167785825305,4,9.0,9.0,0.08455524017118628,9.5,0,0,Rochdale (H) · Bristol Rovers (A) · Tranmere (H) · Salford (A),-0.16676835099846876,0.05714694349591998,-0.22391529449438874,-0.06980873107887257,0.03088257403959111,0.9443458977381776,complete,1.0416920877496172,
E3,Newport,2,5,8,4,2026-09-05 15:00:00,2026-09-26 15:00:00,0,2,4.567708477284224,0.0,0.0,4.536397080235718,0.0,0.0,0.0,0.0,0.0,0,0.0,0.0,-0.04488385511077115,14.75,0,0,Northampton (A) · Fleetwood (H) · Accrington (A) · Grimsby (H),,,,,,,upcoming,1.141927119321056,1.1340992700589294
E3,Newport,3,9,12,4,2026-10-03 15:00:00,2026-10-20 19:45:00,0,2,4.268302244473007,0.0,0.0,4.197525651629509,0.0,0.0,0.0,0.0,0.0,0,0.0,0.0,0.041863836124274925,10.25,0,0,Gillingham (A) · Colchester (H) · York (H) · Rotherham (A),,,,,,,upcoming,1.0670755611182519,1.0493814129073773
E3,Newport,4,13,16,4,2026-10-24 12:30:00,2026-11-21 12:30:00,0,2,4.451540193303136,0.0,0.0,4.413785719578695,0.0,0.0,0.0,0.0,0.0,0,0.0,0.0,-0.013036925444084652,13.25,0,0,Cheltenham (A) · Chesterfield (H) · Crewe (A) · Swindon (H),,,,,,,upcoming,1.112885048325784,1.1034464298946738
E3,Newport,5,17,20,4,2026-11-28 15:00:00,2026-12-19 15:00:00,0,2,4.35304014103827,0.0,0.0,4.291414173776015,0.0,0.0,0.0,0.0,0.0,0,0.0,0.0,0.017968537394366026,11.25,0,0,Port Vale (A) · Walsall (H) · Crawley (A) · Oldham (H),,,,,,,upcoming,1.0882600352595675,1.0728535434440039
E3,Newport,6,21,24,4,2026-12-26 15:00:00,2027-01-09 15:00:00,0,2,4.4139204929224665,0.0,0.0,4.326332779598604,0.0,0.0,0.0,0.0,0.0,0,0.0,0.0,0.0005532256156032256,12.0,0,0,Exeter (A) · Shrewsbury (H) · Barnet (H) · Oldham (A),,,,,,,upcoming,1.1034801232306166,1.081583194899651
E3,Newport,7,25,28,4,2027-01-16 15:00:00,2027-01-30 15:00:00,0,2,4.367342482736012,0.0,0.0,4.281116641096151,0.0,0.0,0.0,0.0,0.0,0,0.0,0.0,0.018741532550322623,11.0,0,0,York (A) · Rotherham (H) · Cheltenham (H) · Chesterfield (A),,,,,,,upcoming,1.091835620684003,1.0702791602740378
E3,Newport,8,29,32,4,2027-02-06 15:00:00,2027-02-20 15:00:00,0,2,4.321713495825913,0.0,0.0,4.319797348066327,0.0,0.0,0.0,0.0,0.0,0,0.0,0.0,0.024588119856469,13.0,0,0,Tranmere (A) · Salford (H) · Northampton (H) · Fleetwood (A),,,,,,,upcoming,1.0804283739564782,1.0799493370165818
E3,Newport,9,33,36,4,2027-02-27 15:00:00,2027-03-20 15:00:00,0,2,4.283134652401268,0.0,0.0,4.234216910786282,0.0,0.0,0.0,0.0,0.0,0,0.0,0.0,0.0366216100634321,10.75,0,0,Crewe (H) · Rochdale (A) · Bristol Rovers (H) · Swindon (A),,,,,,,upcoming,1.070783663100317,1.0585542276965705
E3,Newport,10,37,40,4,2027-03-26 15:00:00,2027-04-10 15:00:00,0,2,4.6041926928864445,0.0,0.0,4.519372588225584,0.0,0.0,0.0,0.0,0.0,0,0.0,0.0,-0.050203380798121526,15.25,0,0,Barnet (A) · Exeter (H) · Shrewsbury (A) · Crawley (H),,,,,,,upcoming,1.1510481732216111,1.129843147056396
E3,Newport,11,41,44,4,2027-04-13 19:45:00,2027-04-27 19:45:00,0,2,4.469556703082782,0.0,0.0,4.427129091860023,0.0,0.0,0.0,0.0,0.0,0,0.0,0.0,-0.011452966729618323,13.0,0,0,Colchester (A) · Accrington (H) · Grimsby (A) · Gillingham (H),,,,,,,upcoming,1.1173891757706955,1.1067822729650056
E3,Newport,12,45,46,2,2027-05-01 15:00:00,2027-05-08 15:00:00,0,1,2.0753441910803234,0.0,0.0,2.0498377747837377,0.0,0.0,0.0,0.0,0.0,0,0.0,0.0,0.07453052970880905,8.0,0,0,Port Vale (H) · Walsall (A),,,,,,,upcoming,1.0376720955401617,1.0249188873918689
E3,Northampton,1,1,4,4,2026-08-15 15:00:00,2026-09-01 19:45:00,4,2,5.51772914452692,5.51772914452692,6.524623724008453,0.0,3.0,3.03,4.23,4.727637009396495,6.057513708807361,4,2.0,3.0,-0.0268061476465094,14.5,0,0,Swindon (H) · Crewe (A) · Gillingham (A) · Crawley (H),-2.5177291445269203,-0.7900921351304255,-1.7276370093964948,-0.985669394570616,-0.39932304860387485,0.32429537273508346,complete,1.37943228613173,
E3,Northampton,2,5,8,4,2026-09-05 15:00:00,2026-09-26 15:00:00,0,2,5.635291321019638,0.0,0.0,5.575999776828138,0.0,0.0,0.0,0.0,0.0,0,0.0,0.0,-0.05818687434733695,14.5,0,0,Newport (H) · Shrewsbury (A) · Rotherham (H) · Port Vale (A),,,,,,,upcoming,1.4088228302549095,1.3939999442070345
E3,Northampton,3,9,12,4,2026-10-03 15:00:00,2026-10-20 19:45:00,0,2,5.263755706888288,0.0,0.0,5.21147172577828,0.0,0.0,0.0,0.0,0.0,0,0.0,0.0,0.04439775309947902,9.5,0,0,Oldham (H) · York (A) · Grimsby (A) · Tranmere (H),,,,,,,upcoming,1.315938926722072,1.30286793144457
E3,Northampton,4,13,16,4,2026-10-24 12:30:00,2026-11-21 15:00:00,0,2,5.370606200561297,0.0,0.0,5.3624579231005685,0.0,0.0,0.0,0.0,0.0,0,0.0,0.0,0.017563061465881977,13.25,0,0,Colchester (H) · Accrington (A) · Salford (A) · Rochdale (H),,,,,,,upcoming,1.3426515501403242,1.3406144807751421
E3,Northampton,5,17,20,4,2026-11-28 15:00:00,2026-12-19 12:30:00,0,2,5.447365664741095,0.0,0.0,5.375979020439297,0.0,0.0,0.0,0.0,0.0,0,0.0,0.0,-0.005689330438477351,12.25,0,0,Walsall (A) · Fleetwood (H) · Barnet (A) · Exeter (H),,,,,,,upcoming,1.3618414161852737,1.3439947551098244
E3,Northampton,6,21,24,4,2026-12-26 15:00:00,2027-01-09 15:00:00,0,2,5.399219836734053,0.0,0.0,5.28406449963466,0.0,0.0,0.0,0.0,0.0,0,0.0,0.0,0.006109688002939848,11.75,0,0,Chesterfield (A) · Cheltenham (H) · Bristol Rovers (H) · Exeter (A),,,,,,,upcoming,1.3498049591835133,1.321016124908665
E3,Northampton,7,25,28,4,2027-01-16 15:00:00,2027-01-30 15:00:00,0,2,5.576614796851361,0.0,0.0,5.547637541827559,0.0,0.0,0.0,0.0,0.0,0,0.0,0.0,-0.0433964970449981,14.75,0,0,Grimsby (H) · Tranmere (A) · Colchester (A) · Accrington (H),,,,,,,upcoming,1.3941536992128403,1.3869093854568897
E3,Northampton,8,29,32,4,2027-02-06 15:00:00,2027-02-20 15:00:00,0,2,5.89901609587314,0.0,0.0,5.842666469296358,0.0,0.0,0.0,0.0,0.0,0,0.0,0.0,-0.1317572367867359,19.25,0,0,Gillingham (H) · Crawley (A) · Newport (A) · Shrewsbury (H),,,,,,,upcoming,1.474754023968285,1.4606666173240894
E3,Northampton,9,33,36,4,2027-02-27 15:00:00,2027-03-20 15:00:00,0,2,5.164740816042955,0.0,0.0,5.175135315205454,0.0,0.0,0.0,0.0,0.0,0,0.0,0.0,0.06932985108807847,10.5,0,0,Salford (H) · Swindon (A) · Crewe (H) · Rochdale (A),,,,,,,upcoming,1.2911852040107388,1.2937838288013634
E3,Northampton,10,37,40,4,2027-03-26 15:00:00,2027-04-10 15:00:00,0,2,5.1744188009988745,0.0,0.0,5.080450685430855,0.0,0.0,0.0,0.0,0.0,0,0.0,0.0,0.067710411653233,8.25,0,0,Bristol Rovers (A) · Chesterfield (H) · Cheltenham (A) · Barnet (H),,,,,,,upcoming,1.2936047002497186,1.2701126713577138
E3,Northampton,11,41,44,4,2027-04-13 19:45:00,2027-04-27 19:45:00,0,2,5.116592856440913,0.0,0.0,5.044044317572277,0.0,0.0,0.0,0.0,0.0,0,0.0,0.0,0.08279167531517018,7.25,0,0,York (H) · Rotherham (A) · Port Vale (H) · Oldham (A),,,,,,,upcoming,1.2791482141102282,1.2610110793930693
E3,Northampton,12,45,46,2,2027-05-01 15:00:00,2027-05-08 15:00:00,0,1,2.783182497508668,0.0,0.0,2.7576429202541015,0.0,0.0,0.0,0.0,0.0,0,0.0,0.0,-0.0413213842417519,14.5,0,0,Walsall (H) · Fleetwood (A),,,,,,,upcoming,1.391591248754334,1.3788214601270508
E3,Oldham,1,1,4,4,2026-08-15 12:30:00,2026-09-01 19:45:00,4,2,5.6027039151690445,5.6027039151690445,6.619470308702918,0.0,7.0,5.7299999999999995,4.529999999999999,6.036806783546046,6.024158409937049,4,7.0,3.0,0.014618577416931726,11.5,0,0,Port Vale (H) · Colchester (A) · Swindon (H) · Fleetwood (A),1.3972960848309555,0.4341028683770016,0.9631932164539538,0.5430962735920498,0.21782384056683127,0.5870635181997959,complete,1.4006759787922611,
E3,Oldham,2,5,8,4,2026-09-05 15:00:00,2026-09-26 17:30:00,0,2,5.403563844129319,0.0,0.0,5.478734445731867,0.0,0.0,0.0,0.0,0.0,0,0.0,0.0,0.06859481443753412,10.5,0,0,Tranmere (A) · Chesterfield (H) · Rochdale (A) · Salford (H),,,,,,,upcoming,1.3508909610323296,1.3696836114329667
E3,Oldham,3,9,12,4,2026-10-03 15:00:00,2026-10-20 19:45:00,0,2,5.996665275584074,0.0,0.0,6.041910386282134,0.0,0.0,0.0,0.0,0.0,0,0.0,0.0,-0.09189028671253592,17.5,0,0,Northampton (A) · Accrington (H) · Cheltenham (H) · Walsall (A),,,,,,,upcoming,1.4991663188960185,1.5104775965705335
E3,Oldham,4,13,16,4,2026-10-24 15:00:00,2026-11-21 15:00:00,0,2,5.8468518066227,0.0,0.0,5.841159671139114,0.0,0.0,0.0,0.0,0.0,0,0.0,0.0,-0.050203380798121526,15.25,0,0,Barnet (A) · Crawley (H) · Shrewsbury (A) · Exeter (H),,,,,,,upcoming,1.461712951655675,1.4602899177847786
E3,Oldham,5,17,20,4,2026-11-28 15:00:00,2026-12-19 15:00:00,0,2,5.691152004092052,0.0,0.0,5.682921873211698,0.0,0.0,0.0,0.0,0.0,0,0.0,0.0,-0.009127368603417806,11.75,0,0,Rotherham (A) · Bristol Rovers (H) · Gillingham (H) · Newport (A),,,,,,,upcoming,1.422788001023013,1.4207304683029245
E3,Oldham,6,21,24,4,2026-12-26 15:00:00,2027-01-09 15:00:00,0,2,5.7296492844608755,0.0,0.0,5.748839017158441,0.0,0.0,0.0,0.0,0.0,0,0.0,0.0,-0.019012414490965357,12.5,0,0,York (H) · Grimsby (A) · Crewe (A) · Newport (H),,,,,,,upcoming,1.4324123211152189,1.4372097542896103
E3,Oldham,7,25,28,4,2027-01-16 15:00:00,2027-01-30 15:00:00,0,2,5.794260923514862,0.0,0.0,5.8257283442400984,0.0,0.0,0.0,0.0,0.0,0,0.0,0.0,-0.037809325724311706,14.25,0,0,Cheltenham (A) · Walsall (H) · Barnet (H) · Crawley (A),,,,,,,upcoming,1.4485652308787156,1.4564320860600246
E3,Oldham,8,29,32,4,2027-02-06 15:00:00,2027-02-20 15:00:00,0,2,5.722217781955829,0.0,0.0,5.797169609293719,0.0,0.0,0.0,0.0,0.0,0,0.0,0.0,-0.01623880727131497,13.25,0,0,Swindon (A) · Fleetwood (H) · Tranmere (H) · Chesterfield (A),,,,,,,upcoming,1.4305544454889572,1.4492924023234297
E3,Oldham,9,33,36,4,2027-02-27 15:00:00,2027-03-20 15:00:00,0,2,5.733804819843955,0.0,0.0,5.742813016984481,0.0,0.0,0.0,0.0,0.0,0,0.0,0.0,-0.019827514167026997,13.75,0,0,Shrewsbury (H) · Port Vale (A) · Colchester (H) · Exeter (A),,,,,,,upcoming,1.4334512049609887,1.4357032542461203
E3,Oldham,10,37,40,4,2027-03-26 15:00:00,2027-04-10 15:00:00,0,2,5.4505580029776555,0.0,0.0,5.46377293046254,0.0,0.0,0.0,0.0,0.0,0,0.0,0.0,0.05698532975028202,9.5,0,0,Crewe (H) · York (A) · Grimsby (H) · Gillingham (A),,,,,,,upcoming,1.3626395007444139,1.365943232615635
E3,Oldham,11,41,44,4,2027-04-13 19:45:00,2027-04-27 19:45:00,0,2,5.6166302595953566,0.0,0.0,5.695925773591321,0.0,0.0,0.0,0.0,0.0,0,0.0,0.0,0.014995371506462074,13.5,0,0,Accrington (A) · Rochdale (H) · Salford (A) · Northampton (H),,,,,,,upcoming,1.4041575648988391,1.4239814433978302
E3,Oldham,12,45,46,2,2027-05-01 15:00:00,2027-05-08 15:00:00,0,1,2.623335997858073,0.0,0.0,2.5786699221085723,0.0,0.0,0.0,0.0,0.0,0,0.0,0.0,0.11491025140559595,5.5,0,0,Rotherham (H) · Bristol Rovers (A),,,,,,,upcoming,1.3116679989290365,1.2893349610542861
E3,Port Vale,1,1,4,4,2026-08-15 12:30:00,2026-09-01 19:45:00,4,2,5.923572729496622,5.923572729496622,6.57162174149339,0.0,2.0,4.34,5.05,4.902889209760489,6.051626167157597,4,2.0,6.0,-0.007993071548164424,13.0,0,0,Oldham (A) · Tranmere (H) · Crewe (H) · Swindon (A),-3.9235727294966223,-1.0206835197361332,-2.902889209760489,-1.5305426229971304,-0.5140190309159618,0.12588247160179256,complete,1.4808931823741556,
E3,Port Vale,2,5,8,4,2026-09-05 12:30:00,2026-09-26 15:00:00,0,2,5.682551923830764,0.0,0.0,5.622681287337537,0.0,0.0,0.0,0.0,0.0,0,0.0,0.0,0.060159799007944,10.75,0,0,Salford (A) · Exeter (H) · Walsall (A) · Northampton (H),,,,,,,upcoming,1.420637980957691,1.4056703218343842
E3,Port Vale,3,9,12,4,2026-10-03 15:00:00,2026-10-20 20:00:00,0,2,5.639572694768537,0.0,0.0,5.584762461760982,0.0,0.0,0.0,0.0,0.0,0,0.0,0.0,0.06867955042939322,8.75,0,0,Colchester (A) · Grimsby (H) · Chesterfield (H) · Gillingham (A),,,,,,,upcoming,1.4098931736921343,1.3961906154402455
E3,Port Vale,4,13,16,4,2026-10-24 15:00:00,2026-11-21 15:00:00,0,2,5.89966570134875,0.0,0.0,5.8665789748622235,0.0,0.0,0.0,0.0,0.0,0,0.0,0.0,-0.0008877691174482283,12.25,0,0,York (A) · Rochdale (H) · Accrington (H) · Barnet (A),,,,,,,upcoming,1.4749164253371876,1.4666447437155559
E3,Port Vale,5,17,20,4,2026-11-28 15:00:00,2026-12-19 15:00:00,0,2,6.349206233806953,0.0,0.0,6.2721762290450425,0.0,0.0,0.0,0.0,0.0,0,0.0,0.0,-0.12498392480528192,18.5,0,0,Newport (H) · Crawley (A) · Shrewsbury (A) · Rotherham (H),,,,,,,upcoming,1.5873015584517383,1.5680440572612606
E3,Port Vale,6,21,24,4,2026-12-26 15:00:00,2027-01-09 15:00:00,0,2,5.948848736493343,0.0,0.0,5.855477707441361,0.0,0.0,0.0,0.0,0.0,0,0.0,0.0,-0.015264030538536276,12.75,0,0,Cheltenham (A) · Bristol Rovers (H) · Fleetwood (H) · Rotherham (A),,,,,,,upcoming,1.4872121841233357,1.4638694268603403
E3,Port Vale,7,25,28,4,2027-01-16 15:00:00,2027-01-30 15:00:00,0,2,5.726321095124272,0.0,0.0,5.68166252948376,0.0,0.0,0.0,0.0,0.0,0,0.0,0.0,0.04566633034273325,10.25,0,0,Chesterfield (A) · Gillingham (H) · York (H) · Rochdale (A),,,,,,,upcoming,1.431580273781068,1.42041563237094
E3,Port Vale,8,29,32,4,2027-02-06 15:00:00,2027-02-20 15:00:00,0,2,5.67520517619034,0.0,0.0,5.635047928489652,0.0,0.0,0.0,0.0,0.0,0,0.0,0.0,0.058880643117383724,10.75,0,0,Crewe (A) · Swindon (H) · Salford (H) · Exeter (A),,,,,,,upcoming,1.418801294047585,1.408761982122413
E3,Port Vale,9,33,36,4,2027-02-27 15:00:00,2027-03-20 15:00:00,0,2,5.97772668446164,0.0,0.0,5.936292090943942,0.0,0.0,0.0,0.0,0.0,0,0.0,0.0,-0.023338677343510472,13.25,0,0,Accrington (A) · Oldham (H) · Tranmere (A) · Barnet (H),,,,,,,upcoming,1.49443167111541,1.4840730227359855
E3,Port Vale,10,37,40,4,2027-03-26 15:00:00,2027-04-10 15:00:00,0,2,6.105058211424032,0.0,0.0,6.0114006467887515,0.0,0.0,0.0,0.0,0.0,0,0.0,0.0,-0.05689304303114455,15.5,0,0,Fleetwood (A) · Cheltenham (H) · Bristol Rovers (A) · Shrewsbury (H),,,,,,,upcoming,1.526264552856008,1.5028501616971879
E3,Port Vale,11,41,44,4,2027-04-13 19:45:00,2027-04-27 19:45:00,0,2,5.752632768337185,0.0,0.0,5.707416848367953,0.0,0.0,0.0,0.0,0.0,0,0.0,0.0,0.03875021265511808,10.5,0,0,Grimsby (A) · Walsall (H) · Northampton (A) · Colchester (H),,,,,,,upcoming,1.4381581920842963,1.4268542120919883
E3,Port Vale,12,45,46,2,2027-05-01 15:00:00,2027-05-08 15:00:00,0,1,3.3378657537334355,0.0,0.0,3.3227335137407596,0.0,0.0,0.0,0.0,0.0,0,0.0,0.0,-0.2126335724212264,22.5,0,0,Newport (A) · Crawley (H),,,,,,,upcoming,1.6689328768667178,1.6613667568703798
E3,Rochdale,1,1,4,4,2026-08-15 12:30:00,2026-09-01 19:45:00,4,2,5.734768507145489,5.73476850714549,6.583617753329454,0.0,3.0,2.9699999999999998,5.77,3.4040991597369867,5.828214366746063,4,4.0,6.0,-0.13460000291475627,19.5,0,0,Newport (A) · Crawley (H) · Colchester (A) · Shrewsbury (H),-2.73476850714549,-2.330669347408503,-0.40409915973698673,-1.065830800063587,-1.172661684875546,0.28650013511030936,complete,1.4336921267863723,
E3,Rochdale,2,5,8,4,2026-09-05 15:00:00,2026-09-26 15:00:00,0,2,5.2407268080019875,0.0,0.0,5.125002041060786,0.0,0.0,0.0,0.0,0.0,0,0.0,0.0,-0.000223127676517023,12.25,0,0,Gillingham (H) · Walsall (A) · Oldham (H) · Fleetwood (A),,,,,,,upcoming,1.3101817020004969,1.2812505102651965
E3,Rochdale,3,9,12,4,2026-10-03 15:00:00,2026-10-20 19:45:00,0,2,5.207821549605201,0.0,0.0,5.132717933266205,0.0,0.0,0.0,0.0,0.0,0,0.0,0.0,0.008370292577198402,12.0,0,0,Swindon (H) · Tranmere (A) · Crewe (A) · Grimsby (H),,,,,,,upcoming,1.3019553874013003,1.2831794833165513
E3,Rochdale,4,13,16,4,2026-10-24 15:00:00,2026-11-21 15:00:00,0,2,5.231410929756379,0.0,0.0,5.136150518374536,0.0,0.0,0.0,0.0,0.0,0,0.0,0.0,0.004759213630597301,12.25,0,0,Accrington (H) · Port Vale (A) · York (H) · Northampton (A),,,,,,,upcoming,1.3078527324390947,1.284037629593634
E3,Rochdale,5,17,20,4,2026-11-28 15:00:00,2026-12-19 15:00:00,0,2,5.183416952874971,0.0,0.0,5.02237776849942,0.0,0.0,0.0,0.0,0.0,0,0.0,0.0,0.014381967649109671,11.0,0,0,Barnet (H) · Cheltenham (A) · Exeter (A) · Bristol Rovers (H),,,,,,,upcoming,1.2958542382187428,1.255594442124855
E3,Rochdale,6,21,24,4,2026-12-26 15:00:00,2027-01-09 15:00:00,0,2,4.6459417135689645,0.0,0.0,4.48015096456341,0.0,0.0,0.0,0.0,0.0,0,0.0,0.0,0.1661513185014486,4.5,0,0,Rotherham (A) · Salford (H) · Chesterfield (H) · Bristol Rovers (A),,,,,,,upcoming,1.1614854283922411,1.1200377411408524
E3,Rochdale,7,25,28,4,2027-01-16 15:00:00,2027-01-30 15:00:00,0,2,5.207304522855811,0.0,0.0,5.093120256364937,0.0,0.0,0.0,0.0,0.0,0,0.0,0.0,0.010118918796700148,11.75,0,0,Crewe (H) · Grimsby (A) · Accrington (A) · Port Vale (H),,,,,,,upcoming,1.3018261307139527,1.2732800640912343
E3,Rochdale,8,29,32,4,2027-02-06 15:00:00,2027-02-20 15:00:00,0,2,5.306142364098659,0.0,0.0,5.180157631271107,0.0,0.0,0.0,0.0,0.0,0,0.0,0.0,-0.0180807104032861,14.0,0,0,Colchester (H) · Shrewsbury (A) · Gillingham (A) · Walsall (H),,,,,,,upcoming,1.3265355910246648,1.2950394078177767
E3,Rochdale,9,33,36,4,2027-02-27 15:00:00,2027-03-20 15:00:00,0,2,5.549968100956129,0.0,0.0,5.443193769355352,0.0,0.0,0.0,0.0,0.0,0,0.0,0.0,-0.08320920196224375,16.5,0,0,York (A) · Newport (H) · Crawley (A) · Northampton (H),,,,,,,upcoming,1.3874920252390321,1.360798442338838
E3,Rochdale,10,37,40,4,2027-03-26 15:00:00,2027-04-10 15:00:00,0,2,4.914586089465125,0.0,0.0,4.768722197881819,0.0,0.0,0.0,0.0,0.0,0,0.0,0.0,0.09686244876367313,8.25,0,0,Chesterfield (A) · Rotherham (H) · Salford (A) · Exeter (H),,,,,,,upcoming,1.2286465223662812,1.1921805494704547
E3,Rochdale,11,41,44,4,2027-04-13 19:45:00,2027-04-27 19:45:00,0,2,5.359124666709079,0.0,0.0,5.299169332179676,0.0,0.0,0.0,0.0,0.0,0,0.0,0.0,-0.0305226308146479,13.75,0,0,Tranmere (H) · Oldham (A) · Fleetwood (H) · Swindon (A),,,,,,,upcoming,1.3397811666772697,1.324792333044919
E3,Rochdale,12,45,46,2,2027-05-01 15:00:00,2027-05-08 15:00:00,0,1,2.660279091305064,0.0,0.0,2.616608453247796,0.0,0.0,0.0,0.0,0.0,0,0.0,0.0,-0.016555080241542508,12.5,0,0,Barnet (A) · Cheltenham (H),,,,,,,upcoming,1.330139545652532,1.308304226623898
E3,Rotherham,1,1,4,4,2026-08-15 15:00:00,2026-09-01 19:45:00,4,2,5.665830989955049,5.665830989955049,6.662247119454991,0.0,5.0,7.21,4.77,7.078741297277681,4.981809341530091,4,6.0,6.0,-0.019975309746511127,13.5,0,0,Cheltenham (A) · York (H) · Chesterfield (H) · Tranmere (A),-0.6658309899550492,1.4129103073226315,-2.0787412972776806,-0.2579607529536923,0.706689436045575,0.7964371969299668,complete,1.4164577474887623,
E3,Rotherham,2,5,8,4,2026-09-05 15:00:00,2026-09-26 15:00:00,0,2,5.160251236281413,0.0,0.0,5.2023069045948525,0.0,0.0,0.0,0.0,0.0,0,0.0,0.0,0.12032777322464465,8.0,0,0,Bristol Rovers (A) · Salford (H) · Northampton (A) · Crewe (H),,,,,,,upcoming,1.2900628090703532,1.3005767261487131
E3,Rotherham,3,9,12,4,2026-10-03 15:00:00,2026-10-20 19:45:00,0,2,6.019721130170631,0.0,0.0,6.107894589458243,0.0,0.0,0.0,0.0,0.0,0,0.0,0.0,-0.11605274874438018,17.75,0,0,Exeter (A) · Gillingham (H) · Fleetwood (A) · Newport (H),,,,,,,upcoming,1.5049302825426578,1.5269736473645608
E3,Rotherham,4,13,16,4,2026-10-24 15:00:00,2026-11-21 15:00:00,0,2,5.696750965616349,0.0,0.0,5.787548483344798,0.0,0.0,0.0,0.0,0.0,0,0.0,0.0,-0.0259425303677241,13.75,0,0,Shrewsbury (H) · Swindon (A) · Crawley (H) · Grimsby (A),,,,,,,upcoming,1.4241877414040873,1.4468871208361995
E3,Rotherham,5,17,20,4,2026-11-28 15:00:00,2026-12-19 15:00:00,0,2,5.26845175632505,0.0,0.0,5.3414297242357485,0.0,0.0,0.0,0.0,0.0,0,0.0,0.0,0.09128124699759352,6.75,0,0,Oldham (H) · Barnet (A) · Walsall (H) · Port Vale (A),,,,,,,upcoming,1.3171129390812626,1.3353574310589371
E3,Rotherham,6,21,24,4,2026-12-26 15:00:00,2027-01-09 15:00:00,0,2,5.702450159326486,0.0,0.0,5.820288275351459,0.0,0.0,0.0,0.0,0.0,0,0.0,0.0,-0.029348984791529253,14.25,0,0,Rochdale (H) · Accrington (A) · Colchester (A) · Port Vale (H),,,,,,,upcoming,1.4256125398316215,1.4550720688378647
E3,Rotherham,7,25,28,4,2027-01-16 15:00:00,2027-01-30 15:00:00,0,2,6.037069677580191,0.0,0.0,6.155348285560857,0.0,0.0,0.0,0.0,0.0,0,0.0,0.0,-0.12045485976099712,18.0,0,0,Fleetwood (H) · Newport (A) · Shrewsbury (A) · Swindon (H),,,,,,,upcoming,1.5092674193950477,1.5388370713902142
E3,Rotherham,8,29,32,4,2027-02-06 15:00:00,2027-02-20 15:00:00,0,2,5.146076717027731,0.0,0.0,5.194429298884472,0.0,0.0,0.0,0.0,0.0,0,0.0,0.0,0.12743447620461484,7.0,0,0,Chesterfield (A) · Tranmere (H) · Bristol Rovers (H) · Salford (A),,,,,,,upcoming,1.2865191792569328,1.298607324721118
E3,Rotherham,9,33,36,4,2027-02-27 15:00:00,2027-03-20 15:00:00,0,2,5.691418983125385,0.0,0.0,5.764191860535904,0.0,0.0,0.0,0.0,0.0,0,0.0,0.0,-0.02568653075349888,13.5,0,0,Crawley (A) · Cheltenham (H) · York (A) · Grimsby (H),,,,,,,upcoming,1.4228547457813463,1.441047965133976
E3,Rotherham,10,37,40,4,2027-03-26 15:00:00,2027-04-10 15:00:00,0,2,5.800524959657537,0.0,0.0,5.901370299946584,0.0,0.0,0.0,0.0,0.0,0,0.0,0.0,-0.055624486979251424,15.75,0,0,Colchester (H) · Rochdale (A) · Accrington (H) · Walsall (A),,,,,,,upcoming,1.4501312399143842,1.475342574986646
E3,Rotherham,11,41,44,4,2027-04-13 19:45:00,2027-04-27 19:45:00,0,2,5.680946395139989,0.0,0.0,5.739055854992243,0.0,0.0,0.0,0.0,0.0,0,0.0,0.0,-0.0229359013240896,14.5,0,0,Gillingham (A) · Northampton (H) · Crewe (A) · Exeter (H),,,,,,,upcoming,1.4202365987849972,1.4347639637480607
E3,Rotherham,12,45,46,2,2027-05-01 15:00:00,2027-05-08 15:00:00,0,1,2.600180186748225,0.0,0.0,2.6314005321046,0.0,0.0,0.0,0.0,0.0,0,0.0,0.0,0.108031964286378,5.5,0,0,Oldham (A) · Barnet (H),,,,,,,upcoming,1.3000900933741124,1.3157002660523
E3,Salford,1,1,4,4,2026-08-15 15:00:00,2026-09-01 19:45:00,4,2,6.693230379932496,6.693230379932496,6.460520056366942,0.0,3.0,5.01,4.859999999999999,5.388381337334077,6.654123708512807,4,3.0,6.0,-0.033138389130848156,13.25,0,0,Barnet (A) · Chesterfield (H) · Shrewsbury (A) · Newport (H),-3.693230379932496,-1.304849042598419,-2.388381337334077,-1.453023572045887,-0.6627517856443992,0.14621720935077742,complete,1.673307594983124,
E3,Salford,2,5,8,4,2026-09-05 12:30:00,2026-09-26 17:30:00,0,2,6.339311416022057,0.0,0.0,6.295011864734783,0.0,0.0,0.0,0.0,0.0,0,0.0,0.0,0.06612016845746632,8.0,0,0,Port Vale (H) · Rotherham (A) · Swindon (H) · Oldham (A),,,,,,,upcoming,1.5848278540055143,1.5737529661836958
E3,Salford,3,9,12,4,2026-10-03 15:00:00,2026-10-20 19:45:00,0,2,6.803662790395029,0.0,0.0,6.720102825106009,0.0,0.0,0.0,0.0,0.0,0,0.0,0.0,-0.06177163442438768,15.75,0,0,Fleetwood (H) · Cheltenham (A) · Crawley (H) · Bristol Rovers (A),,,,,,,upcoming,1.7009156975987572,1.6800257062765023
E3,Salford,4,13,16,4,2026-10-26 20:00:00,2026-11-21 15:00:00,0,2,6.832798728243668,0.0,0.0,6.753400263654261,0.0,0.0,0.0,0.0,0.0,0,0.0,0.0,-0.06864138490936608,16.25,0,0,Walsall (A) · Exeter (H) · Northampton (H) · Accrington (A),,,,,,,upcoming,1.708199682060917,1.6883500659135653
E3,Salford,5,17,20,4,2026-11-28 15:00:00,2026-12-17 20:00:00,0,2,6.672040407899787,0.0,0.0,6.622911314816565,0.0,0.0,0.0,0.0,0.0,0,0.0,0.0,-0.024289435728586398,14.75,0,0,Gillingham (H) · Tranmere (A) · Colchester (H) · Crewe (A),,,,,,,upcoming,1.6680101019749467,1.6557278287041413
E3,Salford,6,21,24,4,2026-12-26 15:00:00,2027-01-09 15:00:00,0,2,6.437378294568974,0.0,0.0,6.381513394206483,0.0,0.0,0.0,0.0,0.0,0,0.0,0.0,0.039412231769513695,10.5,0,0,Grimsby (H) · Rochdale (A) · York (A) · Crewe (H),,,,,,,upcoming,1.6093445736422436,1.5953783485516206
E3,Salford,7,25,28,4,2027-01-16 15:00:00,2027-01-30 15:00:00,0,2,6.6092939398879365,0.0,0.0,6.4830238375457405,0.0,0.0,0.0,0.0,0.0,0,0.0,0.0,-0.006872277833659526,12.75,0,0,Crawley (A) · Bristol Rovers (H) · Walsall (H) · Exeter (A),,,,,,,upcoming,1.6523234849719841,1.6207559593864351
E3,Salford,8,29,32,4,2027-02-06 15:00:00,2027-02-20 15:00:00,0,2,6.793546790716191,0.0,0.0,6.724921562605664,0.0,0.0,0.0,0.0,0.0,0,0.0,0.0,-0.05818687434733694,14.5,0,0,Shrewsbury (H) · Newport (A) · Port Vale (A) · Rotherham (H),,,,,,,upcoming,1.6983866976790478,1.681230390651416
E3,Salford,9,33,36,4,2027-02-27 15:00:00,2027-03-20 15:00:00,0,2,6.511636934505913,0.0,0.0,6.45407934010973,0.0,0.0,0.0,0.0,0.0,0,0.0,0.0,0.017478220427761954,11.5,0,0,Northampton (A) · Barnet (H) · Chesterfield (A) · Accrington (H),,,,,,,upcoming,1.6279092336264782,1.6135198350274325
E3,Salford,10,37,40,4,2027-03-26 15:00:00,2027-04-10 15:00:00,0,2,6.416103563569135,0.0,0.0,6.37449605024263,0.0,0.0,0.0,0.0,0.0,0,0.0,0.0,0.044903104796742775,10.0,0,0,York (H) · Grimsby (A) · Rochdale (H) · Colchester (A),,,,,,,upcoming,1.6040258908922838,1.5936240125606576
E3,Salford,11,41,44,4,2027-04-13 19:45:00,2027-04-27 19:45:00,0,2,6.760470740680496,0.0,0.0,6.743105350277248,0.0,0.0,0.0,0.0,0.0,0,0.0,0.0,-0.04985030825390105,14.5,0,0,Cheltenham (H) · Swindon (A) · Oldham (H) · Fleetwood (A),,,,,,,upcoming,1.690117685170124,1.685776337569312
E3,Salford,12,45,46,2,2027-05-01 15:00:00,2027-05-08 15:00:00,0,1,3.3710865707567885,0.0,0.0,3.365215222995369,0.0,0.0,0.0,0.0,0.0,0,0.0,0.0,-0.04505656076069635,15.5,0,0,Gillingham (A) · Tranmere (H),,,,,,,upcoming,1.6855432853783943,1.6826076114976845
E3,Shrewsbury,1,1,4,4,2026-08-15 15:00:00,2026-09-01 19:45:00,4,2,4.711063258967409,4.711063258967409,6.29799312364134,0.0,3.0,4.9,4.109999999999999,5.951490621818633,4.382708345680224,4,2.0,8.0,0.07686709408370394,9.75,0,0,Tranmere (A) · Barnet (H) · Salford (H) · Rochdale (A),-1.7110632589674086,1.2404273628512241,-2.9514906218186328,-0.6818125247872219,0.6381086349986915,0.4953575035173241,complete,1.1777658147418522,
E3,Shrewsbury,2,5,8,4,2026-09-05 12:30:00,2026-09-26 15:00:00,0,2,5.093805924856922,0.0,0.0,5.158488613426631,0.0,0.0,0.0,0.0,0.0,0,0.0,0.0,-0.028619559922379825,15.0,0,0,Fleetwood (A) · Northampton (H) · Crewe (A) · Colchester (H),,,,,,,upcoming,1.2734514812142306,1.2896221533566576
E3,Shrewsbury,3,9,12,4,2026-10-03 15:00:00,2026-10-20 19:45:00,0,2,4.926017912767649,0.0,0.0,4.917872962572293,0.0,0.0,0.0,0.0,0.0,0,0.0,0.0,0.019726144435205248,11.0,0,0,Grimsby (A) · Exeter (H) · Bristol Rovers (H) · Crawley (A),,,,,,,upcoming,1.2315044781919122,1.2294682406430733
E3,Shrewsbury,4,13,16,4,2026-10-24 15:00:00,2026-11-21 15:00:00,0,2,4.775846986296887,0.0,0.0,4.8008376326996824,0.0,0.0,0.0,0.0,0.0,0,0.0,0.0,0.06193226441350475,8.75,0,0,Rotherham (A) · Gillingham (H) · Oldham (H) · Chesterfield (A),,,,,,,upcoming,1.1939617465742218,1.2002094081749206
E3,Shrewsbury,5,17,20,4,2026-11-28 15:00:00,2026-12-19 15:00:00,0,2,4.948333827901411,0.0,0.0,5.003544273166978,0.0,0.0,0.0,0.0,0.0,0,0.0,0.0,0.014512097435581323,11.25,0,0,Cheltenham (H) · York (A) · Port Vale (H) · Walsall (A),,,,,,,upcoming,1.2370834569753528,1.2508860682917444
E3,Shrewsbury,6,21,24,4,2026-12-26 15:00:00,2027-01-09 12:30:00,0,2,5.380536259340114,0.0,0.0,5.475584706091659,0.0,0.0,0.0,0.0,0.0,0,0.0,0.0,-0.10877508356863583,17.0,0,0,Swindon (H) · Newport (A) · Accrington (A) · Walsall (H),,,,,,,upcoming,1.3451340648350285,1.3688961765229148
E3,Shrewsbury,7,25,28,4,2027-01-16 15:00:00,2027-01-30 15:00:00,0,2,4.908321662253111,0.0,0.0,4.911854920458343,0.0,0.0,0.0,0.0,0.0,0,0.0,0.0,0.02713608373343215,11.0,0,0,Bristol Rovers (A) · Crawley (H) · Rotherham (H) · Gillingham (A),,,,,,,upcoming,1.2270804155632777,1.2279637301145858
E3,Shrewsbury,8,29,32,4,2027-02-06 15:00:00,2027-02-20 15:00:00,0,2,4.878807488626364,0.0,0.0,4.996818871638718,0.0,0.0,0.0,0.0,0.0,0,0.0,0.0,0.03895855219108045,12.25,0,0,Salford (A) · Rochdale (H) · Fleetwood (H) · Northampton (A),,,,,,,upcoming,1.219701872156591,1.2492047179096795
E3,Shrewsbury,9,33,36,4,2027-02-27 15:00:00,2027-03-20 15:00:00,0,2,4.799382162532718,0.0,0.0,4.854976157951857,0.0,0.0,0.0,0.0,0.0,0,0.0,0.0,0.056793839815501075,9.0,0,0,Oldham (A) · Tranmere (H) · Barnet (A) · Chesterfield (H),,,,,,,upcoming,1.1998455406331796,1.2137440394879642
E3,Shrewsbury,10,37,40,4,2027-03-26 15:00:00,2027-04-10 15:00:00,0,2,5.308436360472693,0.0,0.0,5.426100082060702,0.0,0.0,0.0,0.0,0.0,0,0.0,0.0,-0.08249958138091365,15.5,0,0,Accrington (H) · Swindon (A) · Newport (H) · Port Vale (A),,,,,,,upcoming,1.3271090901181732,1.3565250205151755
E3,Shrewsbury,11,41,44,4,2027-04-13 19:45:00,2027-04-27 19:45:00,0,2,4.964874538291712,0.0,0.0,4.993590616097608,0.0,0.0,0.0,0.0,0.0,0,0.0,0.0,0.00701746727002045,12.25,0,0,Exeter (A) · Crewe (H) · Colchester (A) · Grimsby (H),,,,,,,upcoming,1.241218634572928,1.248397654024402
E3,Shrewsbury,12,45,46,2,2027-05-01 15:00:00,2027-05-08 15:00:00,0,1,2.5748413605245677,0.0,0.0,2.6014122355928446,0.0,0.0,0.0,0.0,0.0,0,0.0,0.0,-0.045506334837646406,14.5,0,0,Cheltenham (A) · York (H),,,,,,,upcoming,1.2874206802622838,1.3007061177964223
E3,Swindon,1,1,4,4,2026-08-15 15:00:00,2026-09-01 19:45:00,4,2,5.533368423840005,5.533368423840005,6.5032841558662895,0.0,7.0,2.6399999999999997,6.32,3.343552963856058,4.969871809388305,4,5.0,5.0,0.00023390909086487555,12.25,0,0,Northampton (A) · Cheltenham (H) · Oldham (A) · Port Vale (H),1.4666315761599948,-2.189815459983947,3.656447036143942,0.5751149613410748,-1.1085761401736065,0.5652135500693398,complete,1.3833421059600013,
E3,Swindon,2,5,8,4,2026-09-05 15:00:00,2026-09-26 15:00:00,0,2,5.353102348438182,0.0,0.0,5.228196448779025,0.0,0.0,0.0,0.0,0.0,0,0.0,0.0,0.05423894984742843,11.0,0,0,Colchester (H) · York (A) · Salford (A) · Accrington (H),,,,,,,upcoming,1.3382755871095455,1.3070491121947563
E3,Swindon,3,9,12,4,2026-10-03 15:00:00,2026-10-20 19:45:00,0,2,5.436726566765836,0.0,0.0,5.308817803058144,0.0,0.0,0.0,0.0,0.0,0,0.0,0.0,0.027289436798700873,11.25,0,0,Rochdale (A) · Crewe (H) · Walsall (H) · Barnet (A),,,,,,,upcoming,1.359181641691459,1.327204450764536
E3,Swindon,4,13,16,4,2026-10-24 12:30:00,2026-11-21 12:30:00,0,2,5.470316674950805,0.0,0.0,5.2912428977011725,0.0,0.0,0.0,0.0,0.0,0,0.0,0.0,0.018258310031272346,9.75,0,0,Bristol Rovers (A) · Rotherham (H) · Grimsby (H) · Newport (A),,,,,,,upcoming,1.3675791687377012,1.3228107244252931
E3,Swindon,5,17,20,4,2026-11-28 15:00:00,2026-12-19 15:00:00,0,2,5.6002728142618965,0.0,0.0,5.48393057823333,0.0,0.0,0.0,0.0,0.0,0,0.0,0.0,-0.018670090814389247,13.75,0,0,Chesterfield (H) · Gillingham (A) · Fleetwood (A) · Tranmere (H),,,,,,,upcoming,1.4000682035654741,1.3709826445583324
E3,Swindon,6,21,24,4,2026-12-26 15:00:00,2027-01-09 15:00:00,0,2,5.956267737084746,0.0,0.0,5.797829351742651,0.0,0.0,0.0,0.0,0.0,0,0.0,0.0,-0.11572532881233137,19.25,0,0,Shrewsbury (A) · Exeter (H) · Crawley (H) · Tranmere (A),,,,,,,upcoming,1.4890669342711864,1.4494573379356628
E3,Swindon,7,25,28,4,2027-01-16 15:00:00,2027-01-30 15:00:00,0,2,5.160868425343006,0.0,0.0,4.959080661007472,0.0,0.0,0.0,0.0,0.0,0,0.0,0.0,0.10123604970248502,6.25,0,0,Walsall (A) · Barnet (H) · Bristol Rovers (H) · Rotherham (A),,,,,,,upcoming,1.2902171063357515,1.239770165251868
E3,Swindon,8,29,32,4,2027-02-06 15:00:00,2027-02-20 15:00:00,0,2,5.267020017309289,0.0,0.0,5.127873496356782,0.0,0.0,0.0,0.0,0.0,0,0.0,0.0,0.07317559720569583,8.25,0,0,Oldham (H) · Port Vale (A) · Colchester (A) · York (H),,,,,,,upcoming,1.3167550043273222,1.2819683740891954
E3,Swindon,9,33,36,4,2027-02-27 15:00:00,2027-03-20 15:00:00,0,2,5.852835325029189,0.0,0.0,5.74887381050325,0.0,0.0,0.0,0.0,0.0,0,0.0,0.0,-0.08646322957856722,16.0,0,0,Grimsby (A) · Northampton (H) · Cheltenham (A) · Newport (H),,,,,,,upcoming,1.4632088312572973,1.4372184526258125
E3,Swindon,10,37,40,4,2027-03-26 15:00:00,2027-04-10 15:00:00,0,2,5.952334443416999,0.0,0.0,5.783688355237321,0.0,0.0,0.0,0.0,0.0,0,0.0,0.0,-0.11464499691868452,19.0,0,0,Crawley (A) · Shrewsbury (H) · Exeter (A) · Fleetwood (H),,,,,,,upcoming,1.4880836108542497,1.4459220888093303
E3,Swindon,11,41,44,4,2027-04-13 19:45:00,2027-04-27 19:45:00,0,2,5.487250508136517,0.0,0.0,5.378220479679539,0.0,0.0,0.0,0.0,0.0,0,0.0,0.0,0.012072188438652905,13.75,0,0,Crewe (A) · Salford (H) · Accrington (A) · Rochdale (H),,,,,,,upcoming,1.3718126270341293,1.3445551199198849
E3,Swindon,12,45,46,2,2027-05-01 15:00:00,2027-05-08 15:00:00,0,1,2.642343473232438,0.0,0.0,2.5675782538907646,0.0,0.0,0.0,0.0,0.0,0,0.0,0.0,0.0694427759753837,9.0,0,0,Chesterfield (A) · Gillingham (H),,,,,,,upcoming,1.321171736616219,1.2837891269453823
E3,Tranmere,1,1,4,4,2026-08-15 15:00:00,2026-09-01 19:45:00,4,2,5.251126420218504,5.251126420218504,6.441149058894015,0.0,6.0,4.58,6.8100000000000005,3.9686176703352127,5.595652872228717,4,7.0,5.0,-0.05818687434733695,14.5,0,0,Shrewsbury (H) · Port Vale (A) · Newport (A) · Rotherham (H),0.7488735797814963,-1.282508749883291,2.0313823296647873,0.2950712076822723,-0.6523836027398678,0.7679394839392673,complete,1.312781605054626,
E3,Tranmere,2,5,8,4,2026-09-05 15:00:00,2026-09-26 15:00:00,0,2,5.022899906915075,0.0,0.0,4.930203728502486,0.0,0.0,0.0,0.0,0.0,0,0.0,0.0,0.0026177647937528263,12.0,0,0,Oldham (H) · Gillingham (A) · Exeter (A) · Walsall (H),,,,,,,upcoming,1.2557249767287688,1.2325509321256214
E3,Tranmere,3,9,12,4,2026-10-03 12:30:00,2026-10-20 19:45:00,0,2,4.841947604054596,0.0,0.0,4.802203045209554,0.0,0.0,0.0,0.0,0.0,0,0.0,0.0,0.05473150155334493,9.75,0,0,Chesterfield (A) · Rochdale (H) · Barnet (H) · Northampton (A),,,,,,,upcoming,1.210486901013649,1.2005507613023885
E3,Tranmere,4,13,16,4,2026-10-24 15:00:00,2026-11-21 15:00:00,0,2,5.4167963428196195,0.0,0.0,5.3670051920549735,0.0,0.0,0.0,0.0,0.0,0,0.0,0.0,-0.10588096433872045,18.5,0,0,Crawley (A) · Cheltenham (H) · Fleetwood (A) · Colchester (H),,,,,,,upcoming,1.3541990857049049,1.3417512980137434
E3,Tranmere,5,17,20,4,2026-11-28 12:30:00,2026-12-19 15:00:00,0,2,4.4824736851341145,0.0,0.0,4.4099539639714,0.0,0.0,0.0,0.0,0.0,0,0.0,0.0,0.15560594241118678,5.0,0,0,Bristol Rovers (A) · Salford (H) · York (H) · Swindon (A),,,,,,,upcoming,1.1206184212835286,1.10248849099285
E3,Tranmere,6,21,24,4,2026-12-26 15:00:00,2027-01-09 15:00:00,0,2,5.096608433810161,0.0,0.0,5.052499361539408,0.0,0.0,0.0,0.0,0.0,0,0.0,0.0,-0.014512556213773129,13.0,0,0,Accrington (H) · Crewe (A) · Grimsby (A) · Swindon (H),,,,,,,upcoming,1.2741521084525402,1.263124840384852
E3,Tranmere,7,25,28,4,2027-01-16 15:00:00,2027-01-30 15:00:00,0,2,5.201982638914715,0.0,0.0,5.154576942379836,0.0,0.0,0.0,0.0,0.0,0,0.0,0.0,-0.044007038177577354,15.0,0,0,Barnet (A) · Northampton (H) · Crawley (H) · Cheltenham (A),,,,,,,upcoming,1.3004956597286788,1.288644235594959
E3,Tranmere,8,29,32,4,2027-02-06 15:00:00,2027-02-20 15:00:00,0,2,5.186759250807485,0.0,0.0,5.118254176212557,0.0,0.0,0.0,0.0,0.0,0,0.0,0.0,-0.03937161788040288,13.25,0,0,Newport (H) · Rotherham (A) · Oldham (A) · Gillingham (H),,,,,,,upcoming,1.2966898127018713,1.2795635440531392
E3,Tranmere,9,33,36,4,2027-02-27 15:00:00,2027-03-20 15:00:00,0,2,5.115477994941121,0.0,0.0,5.057342584253208,0.0,0.0,0.0,0.0,0.0,0,0.0,0.0,-0.022668406637296846,14.0,0,0,Fleetwood (H) · Shrewsbury (A) · Port Vale (H) · Colchester (A),,,,,,,upcoming,1.2788694987352802,1.264335646063302
E3,Tranmere,10,37,40,4,2027-03-26 15:00:00,2027-04-10 15:00:00,0,2,5.0275498909176815,0.0,0.0,4.934642609795788,0.0,0.0,0.0,0.0,0.0,0,0.0,0.0,0.002158950643930721,12.25,0,0,Grimsby (H) · Accrington (A) · Crewe (H) · York (A),,,,,,,upcoming,1.2568874727294204,1.233660652448947
E3,Tranmere,11,41,44,4,2027-04-13 19:45:00,2027-04-27 19:45:00,0,2,5.037250958957054,0.0,0.0,4.952847225825189,0.0,0.0,0.0,0.0,0.0,0,0.0,0.0,-0.0006715096436825767,12.5,0,0,Rochdale (A) · Exeter (H) · Walsall (A) · Chesterfield (H),,,,,,,upcoming,1.2593127397392636,1.2382118064562972
E3,Tranmere,12,45,46,2,2027-05-01 15:00:00,2027-05-08 15:00:00,0,1,2.087927695369105,0.0,0.0,2.027045536839947,0.0,0.0,0.0,0.0,0.0,0,0.0,0.0,0.24931323706460556,1.5,0,0,Bristol Rovers (H) · Salford (A),,,,,,,upcoming,1.0439638476845525,1.0135227684199735
E3,Walsall,1,1,4,4,2026-08-15 15:00:00,2026-09-01 19:45:00,4,2,5.571140405307215,5.571140405307215,6.520337271360333,0.0,8.0,8.28,6.84,6.440291001956264,5.297161092369168,4,8.0,4.0,-0.016943839756847406,13.5,0,0,Gillingham (A) · Grimsby (H) · Accrington (H) · Crewe (A),2.428859594692785,0.8691505966490487,1.5597089980437362,0.9511902279322568,0.439424611178073,0.3415078181752178,complete,1.3927851013268038,
E3,Walsall,2,5,8,4,2026-09-05 15:00:00,2026-09-26 15:00:00,0,2,5.62181195590845,0.0,0.0,5.712210692598108,0.0,0.0,0.0,0.0,0.0,0,0.0,0.0,-0.03164567582400042,14.25,0,0,Exeter (A) · Rochdale (H) · Port Vale (H) · Tranmere (A),,,,,,,upcoming,1.4054529889771126,1.428052673149527
E3,Walsall,3,9,12,4,2026-10-03 15:00:00,2026-10-20 19:45:00,0,2,5.649023163020844,0.0,0.0,5.734827485846727,0.0,0.0,0.0,0.0,0.0,0,0.0,0.0,-0.03831339240366555,14.25,0,0,Crawley (H) · Fleetwood (A) · Swindon (A) · Oldham (H),,,,,,,upcoming,1.412255790755211,1.4337068714616819
E3,Walsall,4,13,16,4,2026-10-26 20:00:00,2026-11-21 15:00:00,0,2,4.987479986772636,0.0,0.0,5.0367284671977774,0.0,0.0,0.0,0.0,0.0,0,0.0,0.0,0.14264374665260982,6.0,0,0,Salford (H) · Colchester (A) · Barnet (H) · York (A),,,,,,,upcoming,1.246869996693159,1.2591821167994444
E3,Walsall,5,17,20,4,2026-11-28 15:00:00,2026-12-19 15:00:00,0,2,5.842304372682335,0.0,0.0,5.885839716087238,0.0,0.0,0.0,0.0,0.0,0,0.0,0.0,-0.09066008898832478,16.75,0,0,Northampton (H) · Newport (A) · Rotherham (A) · Shrewsbury (H),,,,,,,upcoming,1.4605760931705838,1.4714599290218096
E3,Walsall,6,21,24,4,2026-12-26 15:00:00,2027-01-09 12:30:00,0,2,5.517012294056487,0.0,0.0,5.505878449220691,0.0,0.0,0.0,0.0,0.0,0,0.0,0.0,-0.0007237065567513787,12.5,0,0,Bristol Rovers (A) · Chesterfield (H) · Cheltenham (H) · Shrewsbury (A),,,,,,,upcoming,1.3792530735141217,1.3764696123051727
E3,Walsall,7,25,28,4,2027-01-16 15:00:00,2027-01-30 15:00:00,0,2,5.147047012262248,0.0,0.0,5.235210785284988,0.0,0.0,0.0,0.0,0.0,0,0.0,0.0,0.1034161366054032,8.0,0,0,Swindon (H) · Oldham (A) · Salford (A) · Colchester (H),,,,,,,upcoming,1.286761753065562,1.308802696321247
E3,Walsall,8,29,32,4,2027-02-06 15:00:00,2027-02-20 15:00:00,0,2,5.837171317775098,0.0,0.0,5.886994081371364,0.0,0.0,0.0,0.0,0.0,0,0.0,0.0,-0.08992492232376895,17.75,0,0,Accrington (A) · Crewe (H) · Exeter (H) · Rochdale (A),,,,,,,upcoming,1.4592928294437746,1.471748520342841
E3,Walsall,9,33,36,4,2027-02-27 15:00:00,2027-03-20 15:00:00,0,2,5.154306549662647,0.0,0.0,5.198258395316741,0.0,0.0,0.0,0.0,0.0,0,0.0,0.0,0.09889738660436154,6.5,0,0,Barnet (A) · Gillingham (H) · Grimsby (A) · York (H),,,,,,,upcoming,1.2885766374156618,1.2995645988291853
E3,Walsall,10,37,40,4,2027-03-26 15:00:00,2027-04-10 15:00:00,0,2,5.359618202319567,0.0,0.0,5.344513367667284,0.0,0.0,0.0,0.0,0.0,0,0.0,0.0,0.040905305935856895,9.75,0,0,Cheltenham (A) · Bristol Rovers (H) · Chesterfield (A) · Rotherham (H),,,,,,,upcoming,1.3399045505798917,1.336128341916821
E3,Walsall,11,41,44,4,2027-04-13 19:45:00,2027-04-27 19:45:00,0,2,5.720589714578277,0.0,0.0,5.81067294963885,0.0,0.0,0.0,0.0,0.0,0,0.0,0.0,-0.05664776221789937,15.75,0,0,Fleetwood (H) · Port Vale (A) · Tranmere (H) · Crawley (A),,,,,,,upcoming,1.4301474286445692,1.4526682374097124
E3,Walsall,12,45,46,2,2027-05-01 15:00:00,2027-05-08 15:00:00,0,1,3.0188765998813683,0.0,0.0,3.0728707130378403,0.0,0.0,0.0,0.0,0.0,0,0.0,0.0,-0.1439859007873121,19.0,0,0,Northampton (A) · Newport (H),,,,,,,upcoming,1.5094382999406841,1.5364353565189202
E3,York,1,1,4,4,2026-08-15 15:00:00,2026-09-01 19:45:00,4,2,5.8216687636867,5.8216687636867,6.618674886118978,0.0,7.0,7.72,5.8,6.717197880088543,6.701645465429336,4,8.0,7.0,-0.012423138068266427,12.5,0,0,Bristol Rovers (H) · Rotherham (A) · Exeter (H) · Cheltenham (A),1.1783312363132996,0.8955291164018426,0.282802119911457,0.45801728298871436,0.44938498867553006,0.6469400245298851,complete,1.455417190921675,
E3,York,2,5,8,4,2026-09-05 15:00:00,2026-09-26 15:00:00,0,2,5.6378971455373765,0.0,0.0,5.7049512533012,0.0,0.0,0.0,0.0,0.0,0,0.0,0.0,0.038234282310548276,10.75,0,0,Crewe (A) · Swindon (H) · Chesterfield (A) · Gillingham (H),,,,,,,upcoming,1.4094742863843441,1.4262378133253
E3,York,3,9,12,4,2026-10-03 15:00:00,2026-10-20 19:45:00,0,2,6.08793513987171,0.0,0.0,6.1772385329402795,0.0,0.0,0.0,0.0,0.0,0,0.0,0.0,-0.08382566186614568,16.0,0,0,Barnet (A) · Northampton (H) · Newport (A) · Accrington (H),,,,,,,upcoming,1.5219837849679274,1.5443096332350699
E3,York,4,13,16,4,2026-10-24 15:00:00,2026-11-21 15:00:00,0,2,5.570164765921113,0.0,0.0,5.660633711546312,0.0,0.0,0.0,0.0,0.0,0,0.0,0.0,0.05649309544335795,9.0,0,0,Port Vale (H) · Grimsby (A) · Rochdale (A) · Walsall (H),,,,,,,upcoming,1.3925411914802783,1.415158427886578
E3,York,5,17,20,4,2026-11-28 15:00:00,2026-12-19 15:00:00,0,2,6.109161468536235,0.0,0.0,6.171335742189989,0.0,0.0,0.0,0.0,0.0,0,0.0,0.0,-0.09054578898888868,18.25,0,0,Colchester (A) · Shrewsbury (H) · Tranmere (A) · Crawley (H),,,,,,,upcoming,1.5272903671340587,1.5428339355474971
E3,York,6,21,24,4,2026-12-26 15:00:00,2027-01-09 15:00:00,0,2,5.6542962338314275,0.0,0.0,5.724261135465661,0.0,0.0,0.0,0.0,0.0,0,0.0,0.0,0.033230128864218944,12.0,0,0,Oldham (A) · Fleetwood (H) · Salford (H) · Crawley (A),,,,,,,upcoming,1.4135740584578569,1.4310652838664153
E3,York,7,25,28,4,2027-01-16 15:00:00,2027-01-30 15:00:00,0,2,5.987712981164579,0.0,0.0,6.078024968833048,0.0,0.0,0.0,0.0,0.0,0,0.0,0.0,-0.05754518628929778,14.0,0,0,Newport (H) · Accrington (A) · Port Vale (A) · Grimsby (H),,,,,,,upcoming,1.4969282452911448,1.519506242208262
E3,York,8,29,32,4,2027-02-06 15:00:00,2027-02-20 15:00:00,0,2,6.020104721474439,0.0,0.0,6.090555425270717,0.0,0.0,0.0,0.0,0.0,0,0.0,0.0,-0.06636536944820798,16.0,0,0,Exeter (A) · Cheltenham (H) · Crewe (H) · Swindon (A),,,,,,,upcoming,1.5050261803686098,1.5226388563176791
E3,York,9,33,36,4,2027-02-27 15:00:00,2027-03-20 15:00:00,0,2,5.597257409489073,0.0,0.0,5.610182811148793,0.0,0.0,0.0,0.0,0.0,0,0.0,0.0,0.05008453402288662,9.5,0,0,Rochdale (H) · Bristol Rovers (A) · Rotherham (H) · Walsall (A),,,,,,,upcoming,1.3993143523722682,1.4025457027871981
E3,York,10,37,40,4,2027-03-26 15:00:00,2027-04-10 15:00:00,0,2,5.637121032306973,0.0,0.0,5.727021292268406,0.0,0.0,0.0,0.0,0.0,0,0.0,0.0,0.041020890453236605,11.5,0,0,Salford (A) · Oldham (H) · Fleetwood (A) · Tranmere (H),,,,,,,upcoming,1.4092802580767432,1.4317553230671014
E3,York,11,41,44,4,2027-04-13 19:45:00,2027-04-27 19:45:00,0,2,5.509302956323241,0.0,0.0,5.572038969521802,0.0,0.0,0.0,0.0,0.0,0,0.0,0.0,0.07230459953411325,8.75,0,0,Northampton (A) · Chesterfield (H) · Gillingham (A) · Barnet (H),,,,,,,upcoming,1.3773257390808102,1.3930097423804506
E3,York,12,45,46,2,2027-05-01 15:00:00,2027-05-08 15:00:00,0,1,2.9915857050125725,0.0,0.0,3.0085858336786764,0.0,0.0,0.0,0.0,0.0,0,0.0,0.0,-0.05656643340828615,16.5,0,0,Colchester (H) · Shrewsbury (A),,,,,,,upcoming,1.4957928525062862,1.5042929168393382
