div,team,block,first_game,last_game,games,start,end,played,home_games,mkt_xP,mkt_xP_played,mkt_var_played,now_xP,pts,xg,xga,xg_xP,cl_xP,cl_n,gf,ga,avg_opp_rating,avg_opp_rank,congested,moved,fixtures,pts_vs_mkt,xgxp_vs_mkt,luck,z,z_xg,p_chance,status,mkt_ppg,now_ppg
E0,Arsenal,1,1,4,4,2026-08-21 20:00:00,2026-09-12 20:00:00,3,2,8.255161635101315,6.120079700025255,4.197996968147203,2.1240395555068563,9.0,5.59,1.0899999999999999,7.124391242526809,6.813768843617489,3,6.0,1.0,-0.05223835178075828,11.75,1,0,Coventry (H) · Aston Villa (A) · Chelsea (H) · Sunderland (A),2.879920299974745,1.0043115425015543,1.8756087574731906,1.405592427578139,0.6328077197336431,0.15984518592231667,in progress,2.0637904087753287,2.1240395555068563
E0,Arsenal,2,5,8,4,2026-09-19 15:00:00,2026-10-24 15:00:00,0,2,8.451913708735944,0.0,0.0,8.458099466511687,0.0,0.0,0.0,0.0,0.0,0,0.0,0.0,-0.0859056726531292,11.25,2,0,Brighton (A) · Leeds (H) · Nott'm Forest (A) · Everton (H),,,,,,,upcoming,2.112978427183986,2.1145248666279217
E0,Arsenal,3,9,12,4,2026-11-01 16:30:00,2026-11-28 15:00:00,0,2,7.644845686509201,0.0,0.0,7.694613570772651,0.0,0.0,0.0,0.0,0.0,0,0.0,0.0,0.07301376184196283,8.5,2,0,Liverpool (A) · Hull (H) · Newcastle (A) · Man City (H),,,,,,,upcoming,1.9112114216273002,1.9236533926931627
E0,Arsenal,4,13,16,4,2026-12-02 20:00:00,2026-12-19 15:00:00,0,2,7.697193804882968,0.0,0.0,7.710428947805518,0.0,0.0,0.0,0.0,0.0,0,0.0,0.0,0.12249639257981262,8.25,1,0,Brentford (A) · Tottenham (A) · Bournemouth (H) · Man Utd (H),,,,,,,upcoming,1.924298451220742,1.9276072369513795
E0,Arsenal,5,17,20,4,2026-12-26 15:00:00,2027-01-06 20:00:00,0,2,8.998128661408149,0.0,0.0,8.986948291524234,0.0,0.0,0.0,0.0,0.0,0,0.0,0.0,-0.2577070676435099,15.5,0,0,Crystal Palace (A) · Fulham (A) · Ipswich (H) · Brentford (H),,,,,,,upcoming,2.2495321653520373,2.2467370728810585
E0,Arsenal,6,21,24,4,2027-01-16 15:00:00,2027-02-06 15:00:00,0,2,7.766186308333978,0.0,0.0,7.81172533408912,0.0,0.0,0.0,0.0,0.0,0,0.0,0.0,0.07301376184196283,8.5,2,0,Hull (A) · Newcastle (H) · Man City (A) · Liverpool (H),,,,,,,upcoming,1.9415465770834945,1.95293133352228
E0,Arsenal,7,25,28,4,2027-02-10 20:00:00,2027-03-03 20:00:00,0,2,8.50741292501897,0.0,0.0,8.514627354743189,0.0,0.0,0.0,0.0,0.0,0,0.0,0.0,-0.1216101268655231,13.5,0,0,Ipswich (A) · Fulham (H) · Man Utd (A) · Crystal Palace (H),,,,,,,upcoming,2.1268532312547426,2.128656838685797
E0,Arsenal,8,29,32,4,2027-03-13 15:00:00,2027-04-17 15:00:00,0,2,8.277555178840286,0.0,0.0,8.292091532322939,0.0,0.0,0.0,0.0,0.0,0,0.0,0.0,-0.05223835178075828,11.75,0,0,Chelsea (A) · Sunderland (H) · Coventry (A) · Aston Villa (H),,,,,,,upcoming,2.0693887947100715,2.0730228830807347
E0,Arsenal,9,33,36,4,2027-04-24 15:00:00,2027-05-15 15:00:00,0,2,8.30467384182543,0.0,0.0,8.325303666246988,0.0,0.0,0.0,0.0,0.0,0,0.0,0.0,-0.03900281658174052,11.0,0,0,Bournemouth (A) · Tottenham (H) · Leeds (A) · Nott'm Forest (H),,,,,,,upcoming,2.0761684604563575,2.081325916561747
E0,Arsenal,10,37,38,2,2027-05-23 15:00:00,2027-05-30 16:00:00,0,1,4.130026705180435,0.0,0.0,4.145278856594327,0.0,0.0,0.0,0.0,0.0,0,0.0,0.0,-0.024499719683897803,9.0,0,0,Everton (A) · Brighton (H),,,,,,,upcoming,2.0650133525902175,2.0726394282971636
E0,Aston Villa,1,1,4,4,2026-08-23 14:00:00,2026-09-12 15:00:00,3,2,6.239996774653907,4.441412785563388,4.610031046566269,1.7506648258518196,1.0,2.12,5.1899999999999995,2.6233785936925544,3.2787931522213607,3,0.0,5.0,-0.048758827641661,10.5,1,0,Brighton (A) · Arsenal (H) · Hull (A) · Nott'm Forest (H),-3.4414127855633883,-1.8180341918708338,-1.6233785936925544,-1.6028203316024332,-1.0931367536502685,0.10897432670481821,in progress,1.5599991936634767,1.7506648258518196
E0,Aston Villa,2,5,8,4,2026-09-19 12:30:00,2026-10-24 12:30:00,0,2,5.335606770823723,0.0,0.0,5.241789453801075,0.0,0.0,0.0,0.0,0.0,0,0.0,0.0,0.18684747630980603,7.25,2,0,Tottenham (A) · Brentford (H) · Newcastle (A) · Man City (H),,,,,,,upcoming,1.3339016927059308,1.3104473634502687
E0,Aston Villa,3,9,12,4,2026-10-31 20:00:00,2026-11-28 15:00:00,0,2,6.625614909991336,0.0,0.0,6.444993545035313,0.0,0.0,0.0,0.0,0.0,0,0.0,0.0,-0.14225208254777583,14.0,2,0,Fulham (H) · Man Utd (A) · Sunderland (H) · Ipswich (A),,,,,,,upcoming,1.656403727497834,1.6112483862588283
E0,Aston Villa,4,13,16,4,2026-12-02 20:00:00,2026-12-19 15:00:00,0,2,6.422177485882857,0.0,0.0,6.3073773671008135,0.0,0.0,0.0,0.0,0.0,0,0.0,0.0,-0.08946848844116086,12.0,1,0,Everton (H) · Crystal Palace (H) · Coventry (A) · Chelsea (A),,,,,,,upcoming,1.6055443714707143,1.5768443417752034
E0,Aston Villa,5,17,20,4,2026-12-26 15:00:00,2027-01-06 20:00:00,0,2,5.9159299618625765,0.0,0.0,5.790213954199927,0.0,0.0,0.0,0.0,0.0,0,0.0,0.0,0.035759829978136315,9.5,0,0,Leeds (H) · Liverpool (H) · Bournemouth (A) · Everton (A),,,,,,,upcoming,1.4789824904656441,1.4475534885499817
E0,Aston Villa,6,21,24,4,2027-01-16 15:00:00,2027-02-06 15:00:00,0,2,6.5890850311221865,0.0,0.0,6.404942573778042,0.0,0.0,0.0,0.0,0.0,0,0.0,0.0,-0.14225208254777583,14.0,2,0,Man Utd (H) · Fulham (A) · Ipswich (H) · Sunderland (A),,,,,,,upcoming,1.6472712577805466,1.6012356434445105
E0,Aston Villa,7,25,28,4,2027-02-10 20:00:00,2027-03-03 20:00:00,0,2,5.455280645037916,0.0,0.0,5.322715362664413,0.0,0.0,0.0,0.0,0.0,0,0.0,0.0,0.15990878370177625,8.25,0,0,Bournemouth (H) · Leeds (A) · Chelsea (H) · Liverpool (A),,,,,,,upcoming,1.363820161259479,1.3306788406661032
E0,Aston Villa,8,29,32,4,2027-03-13 15:00:00,2027-04-17 15:00:00,0,2,6.2287052645509675,0.0,0.0,6.067021411339422,0.0,0.0,0.0,0.0,0.0,0,0.0,0.0,-0.04875882764166101,10.5,0,0,Hull (H) · Nott'm Forest (A) · Brighton (H) · Arsenal (A),,,,,,,upcoming,1.5571763161377419,1.5167553528348554
E0,Aston Villa,9,33,36,4,2027-04-24 15:00:00,2027-05-15 15:00:00,0,2,6.822061872889346,0.0,0.0,6.6857887712613575,0.0,0.0,0.0,0.0,0.0,0,0.0,0.0,-0.2011746616465229,13.5,0,0,Coventry (H) · Crystal Palace (A) · Brentford (A) · Newcastle (H),,,,,,,upcoming,1.7055154682223366,1.6714471928153394
E0,Aston Villa,10,37,38,2,2027-05-23 15:00:00,2027-05-30 16:00:00,0,1,2.23191672441769,0.0,0.0,2.2133652860323707,0.0,0.0,0.0,0.0,0.0,0,0.0,0.0,0.42929559732147893,4.0,0,0,Man City (A) · Tottenham (H),,,,,,,upcoming,1.115958362208845,1.1066826430161854
E0,Bournemouth,1,1,4,4,2026-08-23 14:00:00,2026-09-12 15:00:00,3,2,4.781932237349878,3.244342589580291,4.333041705931966,1.5290557192934455,2.0,4.59,4.029999999999999,4.473923894382098,3.6359862359767785,3,4.0,5.0,0.10915040337165752,8.25,0,0,Man City (A) · Everton (H) · Newcastle (A) · Brentford (H),-1.2443425895802909,1.2295813048018074,-2.4739238943820983,-0.5977829600374871,0.7625796146985452,0.5499847619791982,in progress,1.1954830593374695,1.5290557192934455
E0,Bournemouth,2,5,8,4,2026-09-20 14:00:00,2026-10-25 14:00:00,0,2,4.168570698136393,0.0,0.0,4.228285104838869,0.0,0.0,0.0,0.0,0.0,0,0.0,0.0,0.2704372945315726,7.25,2,0,Liverpool (H) · Chelsea (A) · Sunderland (H) · Man Utd (A),,,,,,,upcoming,1.0421426745340983,1.0570712762097172
E0,Bournemouth,3,9,12,4,2026-10-31 15:00:00,2026-11-28 15:00:00,0,2,6.125732030422364,0.0,0.0,6.158361952510912,0.0,0.0,0.0,0.0,0.0,0,0.0,0.0,-0.25997203749058423,15.5,2,0,Leeds (H) · Ipswich (A) · Nott'm Forest (H) · Fulham (A),,,,,,,upcoming,1.531433007605591,1.539590488127728
E0,Bournemouth,4,13,16,4,2026-12-02 20:00:00,2026-12-19 15:00:00,0,3,6.0914854409488095,0.0,0.0,6.109356073378082,0.0,0.0,0.0,0.0,0.0,0,0.0,0.0,-0.14475512679983638,11.75,1,0,Brighton (H) · Hull (H) · Arsenal (A) · Coventry (H),,,,,,,upcoming,1.5228713602372024,1.5273390183445206
E0,Bournemouth,5,17,20,4,2026-12-26 15:00:00,2027-01-06 20:00:00,0,1,4.5823809961968704,0.0,0.0,4.726361188665579,0.0,0.0,0.0,0.0,0.0,0,0.0,0.0,0.05593368325395023,9.0,0,0,Tottenham (A) · Crystal Palace (A) · Aston Villa (H) · Brighton (A),,,,,,,upcoming,1.1455952490492176,1.1815902971663947
E0,Bournemouth,6,21,24,4,2027-01-16 15:00:00,2027-02-06 15:00:00,0,2,6.120611650524236,0.0,0.0,6.153809066301701,0.0,0.0,0.0,0.0,0.0,0,0.0,0.0,-0.25997203749058423,15.5,2,0,Ipswich (H) · Nott'm Forest (A) · Fulham (H) · Leeds (A),,,,,,,upcoming,1.530152912631059,1.5384522665754252
E0,Bournemouth,7,25,28,4,2027-02-10 20:00:00,2027-03-03 20:00:00,0,2,5.42873897806144,0.0,0.0,5.575268812526642,0.0,0.0,0.0,0.0,0.0,0,0.0,0.0,-0.07804827688399697,11.5,0,0,Aston Villa (A) · Crystal Palace (H) · Coventry (A) · Tottenham (H),,,,,,,upcoming,1.35718474451536,1.3938172031316605
E0,Bournemouth,8,29,32,4,2027-03-13 15:00:00,2027-04-17 15:00:00,0,2,4.7108847514616725,0.0,0.0,4.793844721020937,0.0,0.0,0.0,0.0,0.0,0,0.0,0.0,0.10915040337165752,8.25,0,0,Newcastle (H) · Brentford (A) · Man City (H) · Everton (A),,,,,,,upcoming,1.1777211878654181,1.1984611802552343
E0,Bournemouth,9,33,36,4,2027-04-24 15:00:00,2027-05-15 15:00:00,0,2,5.086373965214614,0.0,0.0,5.117397936629997,0.0,0.0,0.0,0.0,0.0,0,0.0,0.0,0.01754759228442543,10.5,0,0,Arsenal (H) · Hull (A) · Man Utd (H) · Sunderland (A),,,,,,,upcoming,1.2715934913036535,1.2793494841574993
E0,Bournemouth,10,37,38,2,2027-05-23 15:00:00,2027-05-30 16:00:00,0,1,1.7400653651455422,0.0,0.0,1.783761300481271,0.0,0.0,0.0,0.0,0.0,0,0.0,0.0,0.4527463047998891,4.0,0,0,Chelsea (H) · Liverpool (A),,,,,,,upcoming,0.8700326825727711,0.8918806502406355
E0,Brentford,1,1,4,4,2026-08-22 17:30:00,2026-09-12 15:00:00,3,2,5.3913447681434885,4.194637070500407,4.993126014030048,1.2064352259859121,5.0,7.26,4.04,5.450575451552498,4.399802193941236,3,5.0,2.0,-0.0767948736271772,12.0,0,0,Tottenham (H) · Leeds (A) · Sunderland (H) · Bournemouth (A),0.8053629294995934,1.2559383810520917,-0.45057545155249823,0.36041708679384077,0.725615320890216,0.7185352506372951,in progress,1.3478361920358721,1.2064352259859121
E0,Brentford,2,5,8,4,2026-09-18 20:00:00,2026-10-25 14:00:00,0,2,4.8832924900594294,0.0,0.0,5.02210605887425,0.0,0.0,0.0,0.0,0.0,0,0.0,0.0,0.061392978018976585,8.75,0,0,Chelsea (H) · Aston Villa (A) · Liverpool (H) · Hull (A),,,,,,,upcoming,1.2208231225148574,1.2555265147185626
E0,Brentford,3,9,12,4,2026-10-31 15:00:00,2026-11-28 15:00:00,0,2,4.878612032823803,0.0,0.0,4.969412188244492,0.0,0.0,0.0,0.0,0.0,0,0.0,0.0,0.06960633933511587,8.75,0,0,Nott'm Forest (H) · Brighton (A) · Everton (H) · Man Utd (A),,,,,,,upcoming,1.2196530082059507,1.242353047061123
E0,Brentford,4,13,16,4,2026-12-02 20:00:00,2026-12-19 15:00:00,0,3,4.4119244545314595,0.0,0.0,4.513151830429486,0.0,0.0,0.0,0.0,0.0,0,0.0,0.0,0.2756416513599495,7.0,0,0,Arsenal (H) · Man City (H) · Fulham (A) · Newcastle (H),,,,,,,upcoming,1.1029811136328649,1.1282879576073714
E0,Brentford,5,17,20,4,2026-12-26 15:00:00,2027-01-06 20:00:00,0,1,5.387237693847977,0.0,0.0,5.496887137559492,0.0,0.0,0.0,0.0,0.0,0,0.0,0.0,-0.1295051574312428,13.25,0,0,Ipswich (A) · Coventry (A) · Crystal Palace (H) · Arsenal (A),,,,,,,upcoming,1.3468094234619943,1.374221784389873
E0,Brentford,6,21,24,4,2027-01-16 15:00:00,2027-02-06 15:00:00,0,2,4.828006582518272,0.0,0.0,4.9248604870488855,0.0,0.0,0.0,0.0,0.0,0,0.0,0.0,0.06960633933511587,8.75,0,0,Brighton (H) · Everton (A) · Man Utd (H) · Nott'm Forest (A),,,,,,,upcoming,1.207001645629568,1.2312151217622214
E0,Brentford,7,25,28,4,2027-02-10 20:00:00,2027-03-03 20:00:00,0,2,6.294252297048567,0.0,0.0,6.435162772787756,0.0,0.0,0.0,0.0,0.0,0,0.0,0.0,-0.3093928730101842,15.25,0,0,Crystal Palace (A) · Coventry (H) · Newcastle (A) · Ipswich (H),,,,,,,upcoming,1.5735630742621418,1.608790693196939
E0,Brentford,8,29,32,4,2027-03-13 15:00:00,2027-04-17 15:00:00,0,2,5.411284536292661,0.0,0.0,5.529842673638784,0.0,0.0,0.0,0.0,0.0,0,0.0,0.0,-0.0767948736271772,12.0,0,0,Sunderland (A) · Bournemouth (H) · Tottenham (A) · Leeds (H),,,,,,,upcoming,1.3528211340731653,1.382460668409696
E0,Brentford,9,33,36,4,2027-04-24 15:00:00,2027-05-15 15:00:00,0,2,4.223303399709635,0.0,0.0,4.343769423504794,0.0,0.0,0.0,0.0,0.0,0,0.0,0.0,0.2631973270742209,7.0,0,0,Fulham (H) · Man City (A) · Aston Villa (H) · Liverpool (A),,,,,,,upcoming,1.0558258499274087,1.0859423558761985
E0,Brentford,10,37,38,2,2027-05-23 15:00:00,2027-05-30 16:00:00,0,1,2.950419031752596,0.0,0.0,2.9869584719761084,0.0,0.0,0.0,0.0,0.0,0,0.0,0.0,-0.1974066259999667,12.5,0,0,Hull (H) · Chelsea (A),,,,,,,upcoming,1.475209515876298,1.4934792359880542
E0,Brighton,1,1,4,4,2026-08-23 14:00:00,2026-09-13 14:00:00,3,2,5.729160190306621,4.003607376199099,4.74322364701635,1.7270465369795929,4.0,6.95,5.74,4.854946907884353,4.388267198054549,3,8.0,5.0,-0.02787416877227175,11.0,0,0,Aston Villa (H) · Chelsea (A) · Leeds (H) · Coventry (A),-0.0036073761990991215,0.8513395316852534,-0.8549469078843526,-0.0016563596196404635,0.5046501117428857,0.9986784168366516,in progress,1.4322900475766553,1.7270465369795929
E0,Brighton,2,5,8,4,2026-09-19 15:00:00,2026-10-25 14:00:00,0,2,4.936152687159276,0.0,0.0,4.998200139915238,0.0,0.0,0.0,0.0,0.0,0,0.0,0.0,0.18338981836987445,9.0,2,0,Arsenal (H) · Sunderland (A) · Crystal Palace (H) · Liverpool (A),,,,,,,upcoming,1.234038171789819,1.2495500349788096
E0,Brighton,3,9,12,4,2026-10-31 15:00:00,2026-11-28 15:00:00,0,2,5.936939855513908,0.0,0.0,5.984211043606004,0.0,0.0,0.0,0.0,0.0,0,0.0,0.0,-0.07345876048275443,10.75,2,0,Man City (A) · Brentford (H) · Hull (A) · Newcastle (H),,,,,,,upcoming,1.484234963878477,1.496052760901501
E0,Brighton,4,13,16,4,2026-12-02 20:00:00,2026-12-19 15:00:00,0,2,6.379656784474852,0.0,0.0,6.420081903913022,0.0,0.0,0.0,0.0,0.0,0,0.0,0.0,-0.2055030296732921,13.25,2,0,Bournemouth (A) · Nott'm Forest (A) · Everton (H) · Ipswich (H),,,,,,,upcoming,1.594914196118713,1.6050204759782556
E0,Brighton,5,17,20,4,2026-12-26 15:00:00,2027-01-06 20:00:00,0,2,5.2410092045648184,0.0,0.0,5.280126740315858,0.0,0.0,0.0,0.0,0.0,0,0.0,0.0,0.09265192369168401,9.25,0,0,Fulham (A) · Tottenham (A) · Man Utd (H) · Bournemouth (H),,,,,,,upcoming,1.3102523011412046,1.3200316850789644
E0,Brighton,6,21,24,4,2027-01-16 15:00:00,2027-02-06 15:00:00,0,2,5.839730880673514,0.0,0.0,5.880836013311049,0.0,0.0,0.0,0.0,0.0,0,0.0,0.0,-0.07345876048275443,10.75,0,0,Brentford (A) · Man City (H) · Newcastle (A) · Hull (H),,,,,,,upcoming,1.4599327201683785,1.4702090033277622
E0,Brighton,7,25,28,4,2027-02-10 20:00:00,2027-03-03 20:00:00,0,2,5.689676503429231,0.0,0.0,5.7498661791113745,0.0,0.0,0.0,0.0,0.0,0,0.0,0.0,-0.016770534611681202,11.25,0,0,Man Utd (A) · Tottenham (H) · Ipswich (A) · Fulham (H),,,,,,,upcoming,1.4224191258573078,1.4374665447778436
E0,Brighton,8,29,32,4,2027-03-13 15:00:00,2027-04-17 15:00:00,0,2,5.69431910151192,0.0,0.0,5.771174578550686,0.0,0.0,0.0,0.0,0.0,0,0.0,0.0,-0.02787416877227175,11.0,0,0,Leeds (A) · Coventry (H) · Aston Villa (A) · Chelsea (H),,,,,,,upcoming,1.42357977537798,1.4427936446376715
E0,Brighton,9,33,36,4,2027-04-24 15:00:00,2027-05-15 15:00:00,0,2,6.235856729671337,0.0,0.0,6.307229191235699,0.0,0.0,0.0,0.0,0.0,0,0.0,0.0,-0.1654056180045715,13.75,0,0,Everton (A) · Nott'm Forest (H) · Sunderland (H) · Crystal Palace (A),,,,,,,upcoming,1.5589641824178342,1.5768072978089247
E0,Brighton,10,37,38,2,2027-05-23 15:00:00,2027-05-30 16:00:00,0,1,1.7174236360167159,0.0,0.0,1.7424888049676879,0.0,0.0,0.0,0.0,0.0,0,0.0,0.0,0.5971198311054504,2.0,0,0,Liverpool (H) · Arsenal (A),,,,,,,upcoming,0.8587118180083579,0.8712444024838439
E0,Chelsea,1,1,4,4,2026-08-24 20:00:00,2026-09-12 15:00:00,3,2,7.233708994503084,4.661143447697989,4.691802041903364,2.563322074873119,6.0,5.7,5.17,4.299250230458356,5.928711978402437,3,8.0,7.0,-0.07261609935648153,11.25,0,0,Fulham (A) · Brighton (H) · Arsenal (A) · Hull (H),1.338856552302011,-0.36189321723963275,1.7007497695416438,0.6181077776916722,-0.21569246726755348,0.5365042957078159,in progress,1.808427248625771,2.563322074873119
E0,Chelsea,2,5,8,4,2026-09-18 20:00:00,2026-10-24 17:30:00,0,2,7.125946749023353,0.0,0.0,7.130806554019694,0.0,0.0,0.0,0.0,0.0,0,0.0,0.0,-0.009595327418972878,9.75,0,0,Brentford (A) · Bournemouth (H) · Everton (A) · Tottenham (H),,,,,,,upcoming,1.7814866872558381,1.7827016385049235
E0,Chelsea,3,9,12,4,2026-10-31 12:30:00,2026-11-28 15:00:00,0,2,7.193899659109996,0.0,0.0,7.166560599177667,0.0,0.0,0.0,0.0,0.0,0,0.0,0.0,-0.0295916706795522,12.0,0,0,Man Utd (H) · Sunderland (A) · Leeds (H) · Nott'm Forest (A),,,,,,,upcoming,1.798474914777499,1.7916401497944168
E0,Chelsea,4,13,16,4,2026-12-02 20:00:00,2026-12-19 15:00:00,0,3,6.364799949311349,0.0,0.0,6.434598612564832,0.0,0.0,0.0,0.0,0.0,0,0.0,0.0,0.2699044974258575,6.75,0,0,Crystal Palace (H) · Liverpool (H) · Man City (A) · Aston Villa (H),,,,,,,upcoming,1.5911999873278373,1.608649653141208
E0,Chelsea,5,17,20,4,2026-12-26 15:00:00,2027-01-06 20:00:00,0,1,7.936475679626369,0.0,0.0,7.963863327960074,0.0,0.0,0.0,0.0,0.0,0,0.0,0.0,-0.3093928730101842,15.25,0,0,Coventry (A) · Ipswich (A) · Newcastle (H) · Crystal Palace (A),,,,,,,upcoming,1.9841189199065923,1.9909658319900185
E0,Chelsea,6,21,24,4,2027-01-16 15:00:00,2027-02-06 15:00:00,0,2,7.174867123331438,0.0,0.0,7.14813260181023,0.0,0.0,0.0,0.0,0.0,0,0.0,0.0,-0.029591670679552207,12.0,0,0,Sunderland (H) · Leeds (A) · Nott'm Forest (H) · Man Utd (A),,,,,,,upcoming,1.7937167808328596,1.7870331504525574
E0,Chelsea,7,25,28,4,2027-02-10 20:00:00,2027-03-03 20:00:00,0,2,7.8309480883228355,0.0,0.0,7.868278251224528,0.0,0.0,0.0,0.0,0.0,0,0.0,0.0,-0.22437826135183553,13.25,0,0,Newcastle (A) · Ipswich (H) · Aston Villa (A) · Coventry (H),,,,,,,upcoming,1.9577370220807089,1.967069562806132
E0,Chelsea,8,29,32,4,2027-03-13 15:00:00,2027-04-17 15:00:00,0,2,7.2983689172783635,0.0,0.0,7.245247941931946,0.0,0.0,0.0,0.0,0.0,0,0.0,0.0,-0.07261609935648154,11.25,0,0,Arsenal (H) · Hull (A) · Fulham (H) · Brighton (A),,,,,,,upcoming,1.8245922293195909,1.8113119854829864
E0,Chelsea,9,33,36,4,2027-04-24 15:00:00,2027-05-15 15:00:00,0,2,5.847913113727254,0.0,0.0,5.906723835050133,0.0,0.0,0.0,0.0,0.0,0,0.0,0.0,0.3168719973370441,5.25,0,0,Man City (H) · Liverpool (A) · Tottenham (A) · Everton (H),,,,,,,upcoming,1.4619782784318136,1.4766809587625334
E0,Chelsea,10,37,38,2,2027-05-23 15:00:00,2027-05-30 16:00:00,0,1,3.722995649739996,0.0,0.0,3.6828338966752288,0.0,0.0,0.0,0.0,0.0,0,0.0,0.0,-0.09409859497582015,11.5,0,0,Bournemouth (A) · Brentford (H),,,,,,,upcoming,1.861497824869998,1.8414169483376144
E0,Coventry,1,1,4,4,2026-08-21 20:00:00,2026-09-13 14:00:00,3,2,3.504517082902569,2.485829610351351,2.8503210830931445,1.0173518334193288,0.0,2.12,4.37,2.7622524349872437,3.218675357629621,3,0.0,5.0,0.13842741890265067,7.75,0,0,Arsenal (A) · Hull (H) · Man City (A) · Brighton (H),-2.485829610351351,0.2764228246358926,-2.7622524349872437,-1.4723954417519252,0.21137391080671106,0.14091412336580178,in progress,0.8761292707256423,1.0173518334193288
E0,Coventry,2,5,8,4,2026-09-19 17:30:00,2026-10-24 15:00:00,0,2,3.7492206007787554,0.0,0.0,3.812766893962491,0.0,0.0,0.0,0.0,0.0,0,0.0,0.0,-0.03018323912263427,11.0,0,0,Nott'm Forest (A) · Newcastle (H) · Tottenham (A) · Fulham (H),,,,,,,upcoming,0.9373051501946889,0.9531917234906228
E0,Coventry,3,9,12,4,2026-10-31 15:00:00,2026-11-28 15:00:00,0,2,4.249849214171496,0.0,0.0,4.317462922933645,0.0,0.0,0.0,0.0,0.0,0,0.0,0.0,-0.17883349204152166,14.0,0,0,Sunderland (H) · Everton (A) · Crystal Palace (H) · Leeds (A),,,,,,,upcoming,1.062462303542874,1.0793657307334112
E0,Coventry,4,13,16,4,2026-12-02 20:00:00,2026-12-19 15:00:00,0,2,3.7442539983498073,0.0,0.0,3.7970767716683724,0.0,0.0,0.0,0.0,0.0,0,0.0,0.0,-0.005546799379341872,10.25,0,0,Ipswich (H) · Man Utd (A) · Aston Villa (H) · Bournemouth (A),,,,,,,upcoming,0.9360634995874518,0.9492691929170931
E0,Coventry,5,17,20,4,2026-12-26 15:00:00,2027-01-06 20:00:00,0,2,3.477859582418826,0.0,0.0,3.4989025350526206,0.0,0.0,0.0,0.0,0.0,0,0.0,0.0,0.06990139660866923,9.75,0,0,Chelsea (H) · Brentford (H) · Liverpool (A) · Ipswich (A),,,,,,,upcoming,0.8694648956047065,0.8747256337631552
E0,Coventry,6,21,24,4,2027-01-16 15:00:00,2027-02-06 15:00:00,0,2,4.230776696295734,0.0,0.0,4.2994178594312285,0.0,0.0,0.0,0.0,0.0,0,0.0,0.0,-0.17883349204152166,14.0,0,0,Everton (H) · Sunderland (A) · Leeds (H) · Crystal Palace (A),,,,,,,upcoming,1.0576941740739334,1.0748544648578071
E0,Coventry,7,25,28,4,2027-02-10 20:00:00,2027-03-03 20:00:00,0,2,3.0707045402710413,0.0,0.0,3.0847994432633135,0.0,0.0,0.0,0.0,0.0,0,0.0,0.0,0.17932385491203445,7.75,0,0,Liverpool (H) · Brentford (A) · Bournemouth (H) · Chelsea (A),,,,,,,upcoming,0.7676761350677603,0.7711998608158284
E0,Coventry,8,29,32,4,2027-03-13 15:00:00,2027-04-17 15:00:00,0,2,3.269319365942407,0.0,0.0,3.293077417032227,0.0,0.0,0.0,0.0,0.0,0,0.0,0.0,0.13842741890265067,7.75,0,0,Man City (H) · Brighton (A) · Arsenal (H) · Hull (A),,,,,,,upcoming,0.8173298414856017,0.8232693542580567
E0,Coventry,9,33,36,4,2027-04-24 15:00:00,2027-05-15 15:00:00,0,2,2.9245609164858766,0.0,0.0,3.050920447162025,0.0,0.0,0.0,0.0,0.0,0,0.0,0.0,0.20362268083864593,6.5,0,0,Aston Villa (A) · Man Utd (H) · Newcastle (A) · Tottenham (H),,,,,,,upcoming,0.7311402291214691,0.7627301117905062
E0,Coventry,10,37,38,2,2027-05-23 15:00:00,2027-05-30 16:00:00,0,1,2.095676583799756,0.0,0.0,2.085611455288478,0.0,0.0,0.0,0.0,0.0,0,0.0,0.0,-0.1681704209781014,14.5,0,0,Fulham (A) · Nott'm Forest (H),,,,,,,upcoming,1.047838291899878,1.042805727644239
E0,Crystal Palace,1,1,4,4,2026-08-22 15:00:00,2026-09-12 15:00:00,3,2,4.967596244982483,3.1030591182073364,4.476317576323195,1.841011872838434,3.0,3.45,7.33,2.3389766958560014,3.797762955786739,3,4.0,8.0,-0.04936549895681297,11.75,0,0,Everton (A) · Man City (H) · Fulham (A) · Ipswich (H),-0.10305911820733638,-0.7640824223513349,0.6610233041439986,-0.04871088017370451,-0.46623421187874553,0.9611497050453779,in progress,1.2418990612456207,1.841011872838434
E0,Crystal Palace,2,5,8,4,2026-09-20 14:00:00,2026-10-25 14:00:00,0,2,5.010252505241344,0.0,0.0,4.9292504736620435,0.0,0.0,0.0,0.0,0.0,0,0.0,0.0,-0.06945767135564997,11.0,2,0,Leeds (A) · Nott'm Forest (H) · Brighton (A) · Newcastle (H),,,,,,,upcoming,1.252563126310336,1.2323126184155109
E0,Crystal Palace,3,9,12,4,2026-10-31 17:30:00,2026-11-28 15:00:00,0,2,5.348462640796297,0.0,0.0,5.287491239631583,0.0,0.0,0.0,0.0,0.0,0,0.0,0.0,-0.14891971221985495,11.75,2,0,Tottenham (A) · Liverpool (H) · Coventry (A) · Hull (H),,,,,,,upcoming,1.3371156601990744,1.3218728099078958
E0,Crystal Palace,4,13,16,4,2026-12-02 20:00:00,2026-12-19 15:00:00,0,1,3.7785992015718968,0.0,0.0,3.712233088431697,0.0,0.0,0.0,0.0,0.0,0,0.0,0.0,0.18584208532871202,8.25,1,0,Chelsea (A) · Aston Villa (A) · Man Utd (H) · Sunderland (A),,,,,,,upcoming,0.9446498003929742,0.9280582721079242
E0,Crystal Palace,5,17,20,4,2026-12-26 15:00:00,2027-01-06 20:00:00,0,3,4.224052473857398,0.0,0.0,4.093274584380572,0.0,0.0,0.0,0.0,0.0,0,0.0,0.0,0.23319227024293915,7.25,0,0,Arsenal (H) · Bournemouth (H) · Brentford (A) · Chelsea (H),,,,,,,upcoming,1.0560131184643495,1.023318646095143
E0,Crystal Palace,6,21,24,4,2027-01-16 15:00:00,2027-02-06 15:00:00,0,2,5.399228831308248,0.0,0.0,5.337649079799858,0.0,0.0,0.0,0.0,0.0,0,0.0,0.0,-0.14891971221985495,11.75,2,0,Liverpool (A) · Tottenham (H) · Hull (A) · Coventry (H),,,,,,,upcoming,1.349807207827062,1.3344122699499645
E0,Crystal Palace,7,25,28,4,2027-02-10 20:00:00,2027-03-03 20:00:00,0,2,4.644550486676213,0.0,0.0,4.5064364831599635,0.0,0.0,0.0,0.0,0.0,0,0.0,0.0,0.06125884152135312,10.25,0,0,Brentford (H) · Bournemouth (A) · Sunderland (H) · Arsenal (A),,,,,,,upcoming,1.1611376216690532,1.1266091207899909
E0,Crystal Palace,8,29,32,4,2027-03-13 15:00:00,2027-04-17 15:00:00,0,2,5.046510616924792,0.0,0.0,4.956168410098512,0.0,0.0,0.0,0.0,0.0,0,0.0,0.0,-0.04936549895681297,11.75,0,0,Fulham (H) · Ipswich (A) · Everton (H) · Man City (A),,,,,,,upcoming,1.261627654231198,1.239042102524628
E0,Crystal Palace,9,33,36,4,2027-04-24 15:00:00,2027-05-15 15:00:00,0,2,4.307501450200066,0.0,0.0,4.233532550028495,0.0,0.0,0.0,0.0,0.0,0,0.0,0.0,0.12747843167777118,8.0,0,0,Man Utd (A) · Aston Villa (H) · Nott'm Forest (A) · Brighton (H),,,,,,,upcoming,1.0768753625500165,1.0583831375071238
E0,Crystal Palace,10,37,38,2,2027-05-23 15:00:00,2027-05-30 16:00:00,0,1,2.5566109234709296,0.0,0.0,2.541375029746443,0.0,0.0,0.0,0.0,0.0,0,0.0,0.0,-0.0944307871223833,11.5,0,0,Newcastle (A) · Leeds (H),,,,,,,upcoming,1.2783054617354648,1.2706875148732215
E0,Everton,1,1,4,4,2026-08-22 15:00:00,2026-09-12 17:30:00,3,2,4.7942661276274094,3.877355659182412,4.855101980747252,0.93856400389253,5.0,3.66,5.29,3.2495435961300347,3.7201887623120315,3,5.0,3.0,0.0993590940433206,9.0,0,0,Crystal Palace (H) · Bournemouth (A) · Man Utd (H) · Tottenham (A),1.1226443408175881,-0.6278120630523771,1.7504564038699653,0.5094986212823759,-0.36783652631197045,0.6104027644787708,in progress,1.1985665319068524,0.93856400389253
E0,Everton,2,5,8,4,2026-09-19 15:00:00,2026-10-24 15:00:00,0,2,5.482358650118744,0.0,0.0,5.419566140794324,0.0,0.0,0.0,0.0,0.0,0,0.0,0.0,-0.05483413113563668,11.25,0,0,Ipswich (H) · Hull (A) · Chelsea (H) · Arsenal (A),,,,,,,upcoming,1.370589662529686,1.354891535198581
E0,Everton,3,9,12,4,2026-11-02 20:00:00,2026-11-28 15:00:00,0,2,5.287049601921946,0.0,0.0,5.231582388643961,0.0,0.0,0.0,0.0,0.0,0,0.0,0.0,-0.0315648407853136,10.5,0,0,Newcastle (A) · Coventry (H) · Brentford (A) · Liverpool (H),,,,,,,upcoming,1.3217624004804864,1.3078955971609902
E0,Everton,4,13,16,4,2026-12-02 20:00:00,2026-12-19 15:00:00,0,1,4.988457800431279,0.0,0.0,4.925313983481826,0.0,0.0,0.0,0.0,0.0,0,0.0,0.0,-0.0384629779883443,11.0,0,0,Aston Villa (A) · Fulham (H) · Brighton (A) · Nott'm Forest (A),,,,,,,upcoming,1.2471144501078197,1.2313284958704565
E0,Everton,5,17,20,4,2026-12-26 15:00:00,2027-01-06 20:00:00,0,3,5.184623182345801,0.0,0.0,5.16466150511386,0.0,0.0,0.0,0.0,0.0,0,0.0,0.0,0.08337494820862927,10.0,0,0,Sunderland (H) · Man City (H) · Leeds (A) · Aston Villa (H),,,,,,,upcoming,1.2961557955864502,1.291165376278465
E0,Everton,6,21,24,4,2027-01-16 15:00:00,2027-02-06 15:00:00,0,2,5.3367658253351795,0.0,0.0,5.283072143001858,0.0,0.0,0.0,0.0,0.0,0,0.0,0.0,-0.03156484078531361,10.5,0,0,Coventry (A) · Brentford (H) · Liverpool (A) · Newcastle (H),,,,,,,upcoming,1.3341914563337949,1.3207680357504645
E0,Everton,7,25,28,4,2027-02-10 20:00:00,2027-03-03 20:00:00,0,2,5.185841463403515,0.0,0.0,5.123875306360224,0.0,0.0,0.0,0.0,0.0,0,0.0,0.0,0.015510437913464542,11.5,0,0,Leeds (H) · Sunderland (A) · Nott'm Forest (H) · Man City (A),,,,,,,upcoming,1.2964603658508786,1.280968826590056
E0,Everton,8,29,32,4,2027-03-13 15:00:00,2027-04-17 15:00:00,0,2,4.815392231278777,0.0,0.0,4.8044210915098,0.0,0.0,0.0,0.0,0.0,0,0.0,0.0,0.0993590940433206,9.0,0,0,Man Utd (A) · Tottenham (H) · Crystal Palace (A) · Bournemouth (H),,,,,,,upcoming,1.2038480578196942,1.20110527287745
E0,Everton,9,33,36,4,2027-04-24 15:00:00,2027-05-15 15:00:00,0,2,5.730971186414258,0.0,0.0,5.63707881136948,0.0,0.0,0.0,0.0,0.0,0,0.0,0.0,-0.14480286250926222,12.25,0,0,Brighton (H) · Fulham (A) · Hull (H) · Chelsea (A),,,,,,,upcoming,1.4327427966035644,1.40926970284237
E0,Everton,10,37,38,2,2027-05-23 15:00:00,2027-05-30 16:00:00,0,1,2.4434266431120495,0.0,0.0,2.410224600626665,0.0,0.0,0.0,0.0,0.0,0,0.0,0.0,0.08773836372869331,10.0,0,0,Arsenal (H) · Ipswich (A),,,,,,,upcoming,1.2217133215560247,1.2051123003133326
E0,Fulham,1,1,4,4,2026-08-24 20:00:00,2026-09-12 15:00:00,3,2,4.2986421413548,3.69422055858663,4.803565615351458,0.6302443219561927,0.0,6.140000000000001,4.04,4.829971129017053,2.852079574139119,3,4.0,7.0,0.11120305521709377,10.0,0,0,Chelsea (H) · Sunderland (A) · Crystal Palace (H) · Liverpool (A),-3.69422055858663,1.1357505704304227,-4.829971129017053,-1.685547350092792,0.6689990094155711,0.09188301740164162,in progress,1.0746605353387,0.6302443219561927
E0,Fulham,2,5,8,4,2026-09-20 16:30:00,2026-10-24 15:00:00,0,2,5.993324058647112,0.0,0.0,6.0566153738469914,0.0,0.0,0.0,0.0,0.0,0,0.0,0.0,-0.3492157988475965,15.25,0,0,Man Utd (H) · Ipswich (A) · Hull (H) · Coventry (A),,,,,,,upcoming,1.498331014661778,1.5141538434617479
E0,Fulham,3,9,12,4,2026-10-31 20:00:00,2026-11-28 15:00:00,0,2,4.124881522468683,0.0,0.0,4.2549966956585035,0.0,0.0,0.0,0.0,0.0,0,0.0,0.0,0.16822674265401674,7.25,0,0,Aston Villa (A) · Newcastle (H) · Man City (A) · Bournemouth (H),,,,,,,upcoming,1.0312203806171707,1.0637491739146259
E0,Fulham,4,13,16,4,2026-12-02 20:00:00,2026-12-19 15:00:00,0,1,4.45365590341152,0.0,0.0,4.567271321368125,0.0,0.0,0.0,0.0,0.0,0,0.0,0.0,-0.030214645568935026,10.5,0,0,Tottenham (A) · Everton (A) · Brentford (H) · Leeds (A),,,,,,,upcoming,1.11341397585288,1.1418178303420312
E0,Fulham,5,17,20,4,2026-12-26 15:00:00,2027-01-06 20:00:00,0,3,4.1984137498687675,0.0,0.0,4.299086450706975,0.0,0.0,0.0,0.0,0.0,0,0.0,0.0,0.21154740915089948,7.0,0,0,Brighton (H) · Arsenal (H) · Nott'm Forest (A) · Tottenham (H),,,,,,,upcoming,1.0496034374671919,1.0747716126767437
E0,Fulham,6,21,24,4,2027-01-16 15:00:00,2027-02-06 15:00:00,0,2,4.029782946340636,0.0,0.0,4.163798679353548,0.0,0.0,0.0,0.0,0.0,0,0.0,0.0,0.16822674265401674,7.25,0,0,Newcastle (A) · Aston Villa (H) · Bournemouth (A) · Man City (H),,,,,,,upcoming,1.007445736585159,1.040949669838387
E0,Fulham,7,25,28,4,2027-02-10 20:00:00,2027-03-03 20:00:00,0,2,4.365952155664983,0.0,0.0,4.431508759507947,0.0,0.0,0.0,0.0,0.0,0,0.0,0.0,0.11043004422329139,9.0,0,0,Nott'm Forest (H) · Arsenal (A) · Leeds (H) · Brighton (A),,,,,,,upcoming,1.0914880389162458,1.1078771898769868
E0,Fulham,8,29,32,4,2027-03-13 15:00:00,2027-04-17 15:00:00,0,2,4.291022073361207,0.0,0.0,4.399897814251829,0.0,0.0,0.0,0.0,0.0,0,0.0,0.0,0.11120305521709377,10.0,0,0,Crystal Palace (A) · Liverpool (H) · Chelsea (A) · Sunderland (H),,,,,,,upcoming,1.0727555183403017,1.0999744535629572
E0,Fulham,9,33,36,4,2027-04-24 15:00:00,2027-05-15 15:00:00,0,2,6.110350275666917,0.0,0.0,6.179924892334152,0.0,0.0,0.0,0.0,0.0,0,0.0,0.0,-0.37932402251489855,15.25,0,0,Brentford (A) · Everton (H) · Ipswich (H) · Hull (A),,,,,,,upcoming,1.5275875689167293,1.544981223083538
E0,Fulham,10,37,38,2,2027-05-23 15:00:00,2027-05-30 16:00:00,0,1,2.4492258818337835,0.0,0.0,2.4733776227178708,0.0,0.0,0.0,0.0,0.0,0,0.0,0.0,-0.028280199962221197,11.0,0,0,Coventry (H) · Man Utd (A),,,,,,,upcoming,1.2246129409168918,1.2366888113589354
E0,Hull,1,1,4,4,2026-08-22 12:30:00,2026-09-12 15:00:00,3,2,2.3494220399245425,2.0493750654109104,3.379736840309131,0.3068943288775835,7.0,2.25,4.7,2.350613356551385,1.7497198962998652,3,3.0,0.0,0.12763784321597332,8.5,0,0,Man Utd (H) · Coventry (A) · Aston Villa (H) · Chelsea (A),4.95062493458909,0.3012382911404745,4.649386643448615,2.6928898044541887,0.21154029576814373,0.007083567692859782,in progress,0.5873555099811356,0.3068943288775835
E0,Hull,2,5,8,4,2026-09-19 15:00:00,2026-10-25 14:00:00,0,2,2.9379662056961844,0.0,0.0,2.9586110499351594,0.0,0.0,0.0,0.0,0.0,0,0.0,0.0,-0.1018931148874747,11.75,0,0,Newcastle (A) · Everton (H) · Fulham (A) · Brentford (H),,,,,,,upcoming,0.7344915514240461,0.7396527624837899
E0,Hull,3,9,12,4,2026-10-31 15:00:00,2026-11-28 15:00:00,0,2,2.8660034560643988,0.0,0.0,2.8979188843815926,0.0,0.0,0.0,0.0,0.0,0,0.0,0.0,0.0044768027067043845,10.75,0,0,Ipswich (H) · Arsenal (A) · Brighton (H) · Crystal Palace (A),,,,,,,upcoming,0.7165008640160997,0.7244797210953982
E0,Hull,4,13,16,4,2026-12-02 20:00:00,2026-12-19 15:00:00,0,2,2.297509701406068,0.0,0.0,2.3453390441397977,0.0,0.0,0.0,0.0,0.0,0,0.0,0.0,0.16161130399952128,8.0,0,0,Nott'm Forest (H) · Bournemouth (A) · Tottenham (H) · Man City (A),,,,,,,upcoming,0.574377425351517,0.5863347610349494
E0,Hull,5,17,20,4,2026-12-26 15:00:00,2027-01-06 20:00:00,0,2,2.7110964967547297,0.0,0.0,2.7460422044115926,0.0,0.0,0.0,0.0,0.0,0,0.0,0.0,-0.01921608913282178,11.75,0,0,Liverpool (H) · Leeds (H) · Sunderland (A) · Nott'm Forest (A),,,,,,,upcoming,0.6777741241886824,0.6865105511028982
E0,Hull,6,21,24,4,2027-01-16 15:00:00,2027-02-06 15:00:00,0,2,2.720271473525539,0.0,0.0,2.7588598215982283,0.0,0.0,0.0,0.0,0.0,0,0.0,0.0,0.0044768027067043845,10.75,0,0,Arsenal (H) · Ipswich (A) · Crystal Palace (H) · Brighton (A),,,,,,,upcoming,0.6800678683813848,0.6897149553995571
E0,Hull,7,25,28,4,2027-02-10 20:00:00,2027-03-03 20:00:00,0,2,2.299730926796978,0.0,0.0,2.337431394223958,0.0,0.0,0.0,0.0,0.0,0,0.0,0.0,0.1679701574114899,9.0,0,0,Sunderland (H) · Liverpool (A) · Man City (H) · Leeds (A),,,,,,,upcoming,0.5749327316992445,0.5843578485559895
E0,Hull,8,29,32,4,2027-03-13 15:00:00,2027-04-17 15:00:00,0,2,2.440608555530328,0.0,0.0,2.485688684035041,0.0,0.0,0.0,0.0,0.0,0,0.0,0.0,0.12763784321597332,8.5,0,0,Aston Villa (A) · Chelsea (H) · Man Utd (A) · Coventry (H),,,,,,,upcoming,0.610152138882582,0.6214221710087603
E0,Hull,9,33,36,4,2027-04-24 15:00:00,2027-05-15 15:00:00,0,2,2.803932764054486,0.0,0.0,2.834604080778826,0.0,0.0,0.0,0.0,0.0,0,0.0,0.0,-0.039439796307101496,10.75,0,0,Tottenham (A) · Bournemouth (H) · Everton (A) · Fulham (H),,,,,,,upcoming,0.7009831910136215,0.7086510201947065
E0,Hull,10,37,38,2,2027-05-23 15:00:00,2027-05-30 16:00:00,0,1,1.3921613957555392,0.0,0.0,1.4093739945161006,0.0,0.0,0.0,0.0,0.0,0,0.0,0.0,-0.055600644701866854,10.5,0,0,Brentford (A) · Newcastle (H),,,,,,,upcoming,0.6960806978777696,0.7046869972580503
E0,Ipswich,1,1,4,4,2026-08-22 15:00:00,2026-09-12 15:00:00,3,2,3.2241036121888644,2.332705722776037,3.5130184349252076,0.913639770331127,3.0,3.3,5.95,3.4360609683877783,2.796087997414089,3,4.0,8.0,0.11914582149223935,9.75,0,0,Sunderland (H) · Man Utd (A) · Liverpool (H) · Crystal Palace (A),0.667294277223963,1.1033552456117413,-0.4360609683877783,0.35602228720676754,0.759975382273034,0.7218238745171357,in progress,0.8060259030472161,0.913639770331127
E0,Ipswich,2,5,8,4,2026-09-19 15:00:00,2026-10-23 20:00:00,0,2,3.495629522676603,0.0,0.0,3.492912398491918,0.0,0.0,0.0,0.0,0.0,0,0.0,0.0,0.05286551523354025,10.25,0,0,Everton (A) · Fulham (H) · Man City (A) · Nott'm Forest (H),,,,,,,upcoming,0.8739073806691507,0.8732280996229795
E0,Ipswich,3,9,12,4,2026-10-31 15:00:00,2026-11-28 15:00:00,0,2,4.042117094844488,0.0,0.0,4.0886806754922045,0.0,0.0,0.0,0.0,0.0,0,0.0,0.0,-0.1303271781515282,11.0,0,0,Hull (A) · Bournemouth (H) · Tottenham (A) · Aston Villa (H),,,,,,,upcoming,1.010529273711122,1.0221701688730511
E0,Ipswich,4,13,16,4,2026-12-02 20:00:00,2026-12-19 15:00:00,0,1,3.805526035318649,0.0,0.0,3.825108295326934,0.0,0.0,0.0,0.0,0.0,0,0.0,0.0,-0.16545397051382535,12.25,0,0,Coventry (A) · Leeds (A) · Newcastle (H) · Brighton (A),,,,,,,upcoming,0.9513815088296622,0.9562770738317335
E0,Ipswich,5,17,20,4,2026-12-26 15:00:00,2027-01-06 20:00:00,0,3,3.5955947755602438,0.0,0.0,3.570114964648658,0.0,0.0,0.0,0.0,0.0,0,0.0,0.0,0.13000452697175177,9.0,0,0,Brentford (H) · Chelsea (H) · Arsenal (A) · Coventry (H),,,,,,,upcoming,0.8988986938900609,0.8925287411621645
E0,Ipswich,6,21,24,4,2027-01-16 15:00:00,2027-02-06 15:00:00,0,2,4.064247893347666,0.0,0.0,4.112302967296988,0.0,0.0,0.0,0.0,0.0,0,0.0,0.0,-0.1303271781515282,11.0,0,0,Bournemouth (A) · Hull (H) · Aston Villa (A) · Tottenham (H),,,,,,,upcoming,1.0160619733369165,1.028075741824247
E0,Ipswich,7,25,28,4,2027-02-10 20:00:00,2027-03-03 20:00:00,0,2,2.736631682277476,0.0,0.0,2.7101848382704326,0.0,0.0,0.0,0.0,0.0,0,0.0,0.0,0.26398648710969896,6.5,0,0,Arsenal (H) · Chelsea (A) · Brighton (H) · Brentford (A),,,,,,,upcoming,0.684157920569369,0.6775462095676081
E0,Ipswich,8,29,32,4,2027-03-13 15:00:00,2027-04-17 15:00:00,0,2,3.2235185457740663,0.0,0.0,3.2532921334300355,0.0,0.0,0.0,0.0,0.0,0,0.0,0.0,0.11914582149223935,9.75,0,0,Liverpool (A) · Crystal Palace (H) · Sunderland (A) · Man Utd (H),,,,,,,upcoming,0.8058796364435166,0.8133230333575089
E0,Ipswich,9,33,36,4,2027-04-24 15:00:00,2027-05-15 15:00:00,0,2,3.376269080955402,0.0,0.0,3.398792574411372,0.0,0.0,0.0,0.0,0.0,0,0.0,0.0,0.055885642494069326,10.25,0,0,Newcastle (A) · Leeds (H) · Fulham (A) · Man City (H),,,,,,,upcoming,0.8440672702388505,0.849698143602843
E0,Ipswich,10,37,38,2,2027-05-23 15:00:00,2027-05-30 16:00:00,0,1,1.9319004133106712,0.0,0.0,1.9447390947162906,0.0,0.0,0.0,0.0,0.0,0,0.0,0.0,-0.10047104164344145,11.5,0,0,Nott'm Forest (A) · Everton (H),,,,,,,upcoming,0.9659502066553356,0.9723695473581453
E0,Leeds,1,1,4,4,2026-08-22 15:00:00,2026-09-14 20:00:00,3,2,4.992560466107625,3.6167042324434835,4.812305648876896,1.3964269376098954,5.0,3.89,5.08,3.318039795980896,4.01856641953303,3,3.0,2.0,-0.05004260014539175,10.5,0,0,Nott'm Forest (A) · Brentford (H) · Brighton (A) · Newcastle (H),1.3832957675565165,-0.29866443646258745,1.681960204019104,0.6305774652930151,-0.17576454939726902,0.5283168370884594,in progress,1.2481401165269062,1.3964269376098954
E0,Leeds,2,5,8,4,2026-09-20 14:00:00,2026-10-25 16:30:00,0,2,4.272954727842716,0.0,0.0,4.264641968368421,0.0,0.0,0.0,0.0,0.0,0,0.0,0.0,0.173014236823144,9.25,0,0,Crystal Palace (H) · Arsenal (A) · Man Utd (H) · Sunderland (A),,,,,,,upcoming,1.068238681960679,1.0661604920921053
E0,Leeds,3,9,12,4,2026-10-31 15:00:00,2026-11-28 15:00:00,0,2,4.807192294701945,0.0,0.0,4.79558796905562,0.0,0.0,0.0,0.0,0.0,0,0.0,0.0,0.012570129973183602,10.0,0,0,Bournemouth (A) · Tottenham (H) · Chelsea (A) · Coventry (H),,,,,,,upcoming,1.2017980736754863,1.198896992263905
E0,Leeds,4,13,16,4,2026-12-02 20:00:00,2026-12-19 15:00:00,0,2,4.624844073818869,0.0,0.0,4.597267692962959,0.0,0.0,0.0,0.0,0.0,0,0.0,0.0,0.09310180258870296,10.0,0,0,Man City (A) · Ipswich (H) · Liverpool (A) · Fulham (H),,,,,,,upcoming,1.1562110184547172,1.1493169232407396
E0,Leeds,5,17,20,4,2026-12-26 15:00:00,2027-01-06 20:00:00,0,2,4.957154568464601,0.0,0.0,4.979297783234405,0.0,0.0,0.0,0.0,0.0,0,0.0,0.0,-0.028029448658377032,9.75,0,0,Aston Villa (A) · Hull (A) · Everton (H) · Man City (H),,,,,,,upcoming,1.2392886421161502,1.2448244458086013
E0,Leeds,6,21,24,4,2027-01-16 15:00:00,2027-02-06 15:00:00,0,2,4.781932035898239,0.0,0.0,4.768687153640311,0.0,0.0,0.0,0.0,0.0,0,0.0,0.0,0.012570129973183599,10.0,0,0,Tottenham (A) · Chelsea (H) · Coventry (A) · Bournemouth (H),,,,,,,upcoming,1.1954830089745598,1.1921717884100778
E0,Leeds,7,25,28,4,2027-02-10 20:00:00,2027-03-03 20:00:00,0,2,5.704550870028103,0.0,0.0,5.6968536638796525,0.0,0.0,0.0,0.0,0.0,0,0.0,0.0,-0.23907296691750923,13.25,0,0,Everton (A) · Aston Villa (H) · Fulham (A) · Hull (H),,,,,,,upcoming,1.4261377175070258,1.4242134159699131
E0,Leeds,8,29,32,4,2027-03-13 15:00:00,2027-04-17 15:00:00,0,2,4.9905304311354834,0.0,0.0,4.948381462862086,0.0,0.0,0.0,0.0,0.0,0,0.0,0.0,-0.05004260014539175,10.5,0,0,Brighton (H) · Newcastle (A) · Nott'm Forest (H) · Brentford (A),,,,,,,upcoming,1.2476326077838709,1.2370953657155215
E0,Leeds,9,33,36,4,2027-04-24 15:00:00,2027-05-15 15:00:00,0,2,3.84671875331566,0.0,0.0,3.832723648427178,0.0,0.0,0.0,0.0,0.0,0,0.0,0.0,0.2781851005394368,6.75,0,0,Liverpool (H) · Ipswich (A) · Arsenal (H) · Man Utd (A),,,,,,,upcoming,0.961679688328915,0.9581809121067945
E0,Leeds,10,37,38,2,2027-05-23 15:00:00,2027-05-30 16:00:00,0,1,2.844409520823257,0.0,0.0,2.844271031881421,0.0,0.0,0.0,0.0,0.0,0,0.0,0.0,-0.23034019436570155,16.0,0,0,Sunderland (H) · Crystal Palace (A),,,,,,,upcoming,1.4222047604116286,1.4221355159407105
E0,Liverpool,1,1,4,4,2026-08-23 16:30:00,2026-09-12 15:00:00,3,2,8.171248170682691,5.977553357640503,4.532113981600224,2.1647446396367727,5.0,6.09,4.65,4.660946417985922,6.027974622020087,3,6.0,4.0,-0.22010374420364542,14.25,0,0,Newcastle (A) · Nott'm Forest (H) · Ipswich (A) · Fulham (H),-0.9775533576405033,-1.316606939654581,0.33905358201407765,-0.4591875028411769,-0.7984176018584533,0.6460995241178034,in progress,2.042812042670673,2.1647446396367727
E0,Liverpool,2,5,8,4,2026-09-20 14:00:00,2026-10-25 14:00:00,0,2,6.91432190186225,0.0,0.0,6.8180864324334145,0.0,0.0,0.0,0.0,0.0,0,0.0,0.0,0.11789467126194328,8.25,2,0,Bournemouth (A) · Man City (H) · Brentford (A) · Brighton (H),,,,,,,upcoming,1.7285804754655625,1.7045216081083536
E0,Liverpool,3,9,12,4,2026-11-01 16:30:00,2026-11-28 15:00:00,0,2,6.516440506093637,0.0,0.0,6.486228175131426,0.0,0.0,0.0,0.0,0.0,0,0.0,0.0,0.22079871182109012,7.5,2,0,Arsenal (H) · Crystal Palace (A) · Man Utd (H) · Everton (A),,,,,,,upcoming,1.6291101265234091,1.6215570437828566
E0,Liverpool,4,13,16,4,2026-12-02 20:00:00,2026-12-19 15:00:00,0,3,7.4565417412585,0.0,0.0,7.439636011765138,0.0,0.0,0.0,0.0,0.0,0,0.0,0.0,0.05015505393596015,10.5,1,0,Sunderland (H) · Chelsea (A) · Leeds (H) · Tottenham (H),,,,,,,upcoming,1.864135435314625,1.8599090029412846
E0,Liverpool,5,17,20,4,2026-12-26 15:00:00,2027-01-06 20:00:00,0,1,8.286170465030553,0.0,0.0,8.234413465378681,0.0,0.0,0.0,0.0,0.0,0,0.0,0.0,-0.35899646935881013,15.5,0,0,Hull (A) · Aston Villa (A) · Coventry (H) · Sunderland (A),,,,,,,upcoming,2.0715426162576382,2.0586033663446703
E0,Liverpool,6,21,24,4,2027-01-16 15:00:00,2027-02-06 15:00:00,0,2,6.489606403163382,0.0,0.0,6.4634482697240525,0.0,0.0,0.0,0.0,0.0,0,0.0,0.0,0.22079871182109012,7.5,2,0,Crystal Palace (H) · Man Utd (A) · Everton (H) · Arsenal (A),,,,,,,upcoming,1.6224016007908455,1.6158620674310131
E0,Liverpool,7,25,28,4,2027-02-10 20:00:00,2027-03-03 20:00:00,0,2,8.08111062061961,0.0,0.0,8.078224181319111,0.0,0.0,0.0,0.0,0.0,0,0.0,0.0,-0.23351492142271557,12.75,0,0,Coventry (A) · Hull (H) · Tottenham (A) · Aston Villa (H),,,,,,,upcoming,2.0202776551549024,2.019556045329778
E0,Liverpool,8,29,32,4,2027-03-13 15:00:00,2027-04-17 15:00:00,0,2,8.13949232719648,0.0,0.0,8.080396571066697,0.0,0.0,0.0,0.0,0.0,0,0.0,0.0,-0.22010374420364542,14.25,0,0,Ipswich (H) · Fulham (A) · Newcastle (H) · Nott'm Forest (A),,,,,,,upcoming,2.03487308179912,2.020099142766674
E0,Liverpool,9,33,36,4,2027-04-24 15:00:00,2027-05-15 15:00:00,0,2,6.615390364106652,0.0,0.0,6.556608096086476,0.0,0.0,0.0,0.0,0.0,0,0.0,0.0,0.19343106380835864,8.25,0,0,Leeds (A) · Chelsea (H) · Man City (A) · Brentford (H),,,,,,,upcoming,1.653847591026663,1.639152024021619
E0,Liverpool,10,37,38,2,2027-05-23 15:00:00,2027-05-30 16:00:00,0,1,3.735504220398932,0.0,0.0,3.6857765930650586,0.0,0.0,0.0,0.0,0.0,0,0.0,0.0,-0.030101667362892652,9.5,0,0,Brighton (A) · Bournemouth (H),,,,,,,upcoming,1.867752110199466,1.8428882965325293
E0,Man City,1,1,4,4,2026-08-23 14:00:00,2026-09-13 16:30:00,3,2,8.088625209824235,6.712687155040827,3.8392016087641685,1.3678348386709147,9.0,5.859999999999999,1.94,6.713250673123653,5.723680437006438,3,7.0,2.0,-0.08432669600551268,12.0,1,0,Bournemouth (H) · Crystal Palace (A) · Coventry (H) · Man Utd (A),2.287312844959173,0.0005635180828260644,2.286749326876347,1.1673608102488964,0.00037128873439533296,0.24306469051001356,in progress,2.0221563024560587,1.3678348386709147
E0,Man City,2,5,8,4,2026-09-20 14:00:00,2026-10-24 12:30:00,0,2,7.883092369975403,0.0,0.0,7.887721076038997,0.0,0.0,0.0,0.0,0.0,0,0.0,0.0,-0.04015471899106013,11.5,2,0,Sunderland (H) · Liverpool (A) · Ipswich (H) · Aston Villa (A),,,,,,,upcoming,1.9707730924938507,1.9719302690097493
E0,Man City,3,9,12,4,2026-10-31 15:00:00,2026-11-28 15:00:00,0,2,7.4651345086934615,0.0,0.0,7.397467215894013,0.0,0.0,0.0,0.0,0.0,0,0.0,0.0,0.10000064654542101,9.5,2,0,Brighton (H) · Nott'm Forest (A) · Fulham (H) · Arsenal (A),,,,,,,upcoming,1.8662836271733654,1.8493668039735032
E0,Man City,4,13,16,4,2026-12-02 20:00:00,2026-12-19 15:00:00,0,3,8.609825434705375,0.0,0.0,8.557472016513165,0.0,0.0,0.0,0.0,0.0,0,0.0,0.0,-0.16637192863785558,12.75,1,0,Leeds (H) · Brentford (A) · Chelsea (H) · Hull (H),,,,,,,upcoming,2.1524563586763437,2.139368004128291
E0,Man City,5,17,20,4,2026-12-26 15:00:00,2027-01-06 20:00:00,0,1,7.618997648287196,0.0,0.0,7.664547236414613,0.0,0.0,0.0,0.0,0.0,0,0.0,0.0,-0.00976142349225445,9.75,0,0,Newcastle (A) · Everton (A) · Tottenham (H) · Leeds (A),,,,,,,upcoming,1.904749412071799,1.9161368091036532
E0,Man City,6,21,24,4,2027-01-16 15:00:00,2027-02-06 15:00:00,0,2,7.489290933598498,0.0,0.0,7.4109576217194,0.0,0.0,0.0,0.0,0.0,0,0.0,0.0,0.10000064654542101,9.5,2,0,Nott'm Forest (H) · Brighton (A) · Arsenal (H) · Fulham (A),,,,,,,upcoming,1.8723227333996244,1.85273940542985
E0,Man City,7,25,28,4,2027-02-10 20:00:00,2027-03-03 20:00:00,0,2,8.41932638032931,0.0,0.0,8.447282389997106,0.0,0.0,0.0,0.0,0.0,0,0.0,0.0,-0.16895029535720685,11.25,0,0,Tottenham (A) · Newcastle (H) · Hull (A) · Everton (H),,,,,,,upcoming,2.1048315950823273,2.1118205974992765
E0,Man City,8,29,32,4,2027-03-13 15:00:00,2027-04-17 15:00:00,0,2,8.16396509552869,0.0,0.0,8.11823908788756,0.0,0.0,0.0,0.0,0.0,0,0.0,0.0,-0.0843266960055127,12.0,0,0,Coventry (A) · Man Utd (H) · Bournemouth (A) · Crystal Palace (H),,,,,,,upcoming,2.0409912738821725,2.02955977197189
E0,Man City,9,33,36,4,2027-04-24 15:00:00,2027-05-15 15:00:00,0,2,7.572696449177082,0.0,0.0,7.542960916621757,0.0,0.0,0.0,0.0,0.0,0,0.0,0.0,0.06990139660866923,9.75,0,0,Chelsea (A) · Brentford (H) · Liverpool (H) · Ipswich (A),,,,,,,upcoming,1.8931741122942705,1.8857402291554393
E0,Man City,10,37,38,2,2027-05-23 15:00:00,2027-05-30 16:00:00,0,1,4.060325139821751,0.0,0.0,4.059508101949117,0.0,0.0,0.0,0.0,0.0,0,0.0,0.0,-0.06031097104900421,12.0,0,0,Aston Villa (H) · Sunderland (A),,,,,,,upcoming,2.0301625699108756,2.0297540509745584
E0,Man Utd,1,1,4,4,2026-08-22 12:30:00,2026-09-13 16:30:00,3,2,7.844849300202627,6.489477789619847,3.949308871987952,1.3622865033514286,4.0,7.35,2.94,6.0581249968487585,5.7425596484531525,3,7.0,6.0,-0.19812497314389496,12.75,1,0,Hull (A) · Ipswich (H) · Everton (A) · Man City (H),-2.489477789619847,-0.4313527927710883,-2.0581249968487585,-1.2527018118136757,-0.28021826423514107,0.21031424636778828,in progress,1.9612123250506568,1.3622865033514286
E0,Man Utd,2,5,8,4,2026-09-20 16:30:00,2026-10-25 14:00:00,0,2,7.453618564699191,0.0,0.0,7.4710824177158806,0.0,0.0,0.0,0.0,0.0,0,0.0,0.0,-0.06286008829656108,11.75,2,0,Fulham (A) · Tottenham (H) · Leeds (A) · Bournemouth (H),,,,,,,upcoming,1.8634046411747978,1.8677706044289701
E0,Man Utd,3,9,12,4,2026-10-31 12:30:00,2026-11-28 15:00:00,0,2,6.270207895662887,0.0,0.0,6.312351703625166,0.0,0.0,0.0,0.0,0.0,0,0.0,0.0,0.2399969210941872,6.75,2,0,Chelsea (A) · Aston Villa (H) · Liverpool (A) · Brentford (H),,,,,,,upcoming,1.5675519739157218,1.5780879259062914
E0,Man Utd,4,13,16,4,2026-12-02 20:00:00,2026-12-19 15:00:00,0,1,6.830143495443616,0.0,0.0,6.870539717691472,0.0,0.0,0.0,0.0,0.0,0,0.0,0.0,-0.0008337239909009253,10.75,1,0,Newcastle (A) · Coventry (H) · Crystal Palace (A) · Arsenal (A),,,,,,,upcoming,1.707535873860904,1.717634929422868
E0,Man Utd,5,17,20,4,2026-12-26 15:00:00,2027-01-06 20:00:00,0,3,7.868123066249743,0.0,0.0,7.87438901530798,0.0,0.0,0.0,0.0,0.0,0,0.0,0.0,-0.09382185436413651,11.75,0,0,Nott'm Forest (H) · Sunderland (H) · Brighton (A) · Newcastle (H),,,,,,,upcoming,1.9670307665624358,1.968597253826995
E0,Man Utd,6,21,24,4,2027-01-16 15:00:00,2027-02-06 15:00:00,0,2,6.280358373323743,0.0,0.0,6.325452504087107,0.0,0.0,0.0,0.0,0.0,0,0.0,0.0,0.2399969210941872,6.75,2,0,Aston Villa (A) · Liverpool (H) · Brentford (A) · Chelsea (H),,,,,,,upcoming,1.5700895933309358,1.5813631260217766
E0,Man Utd,7,25,28,4,2027-02-10 20:00:00,2027-03-03 20:00:00,0,2,6.876041799594042,0.0,0.0,6.851166772542394,0.0,0.0,0.0,0.0,0.0,0,0.0,0.0,0.08606586121480489,9.75,0,0,Brighton (H) · Nott'm Forest (A) · Arsenal (H) · Sunderland (A),,,,,,,upcoming,1.7190104498985106,1.7127916931355984
E0,Man Utd,8,29,32,4,2027-03-13 15:00:00,2027-04-17 15:00:00,0,2,7.799233239657259,0.0,0.0,7.814340102096347,0.0,0.0,0.0,0.0,0.0,0,0.0,0.0,-0.19812497314389496,12.75,0,0,Everton (H) · Man City (A) · Hull (H) · Ipswich (A),,,,,,,upcoming,1.9498083099143146,1.9535850255240867
E0,Man Utd,9,33,36,4,2027-04-24 15:00:00,2027-05-15 15:00:00,0,2,8.100787611030174,0.0,0.0,8.108719614862125,0.0,0.0,0.0,0.0,0.0,0,0.0,0.0,-0.23983870799375778,14.5,0,0,Crystal Palace (H) · Coventry (A) · Bournemouth (A) · Leeds (H),,,,,,,upcoming,2.0251969027575436,2.027179903715531
E0,Man Utd,10,37,38,2,2027-05-23 15:00:00,2027-05-30 16:00:00,0,1,3.5708401680659447,0.0,0.0,3.59656565451055,0.0,0.0,0.0,0.0,0.0,0,0.0,0.0,0.007208560803214456,11.0,0,0,Tottenham (A) · Fulham (H),,,,,,,upcoming,1.7854200840329724,1.798282827255275
E0,Newcastle,1,1,4,4,2026-08-23 16:30:00,2026-09-14 20:00:00,3,2,4.986682510682788,3.6312293516242162,4.7121496761249215,1.3350549634612054,5.0,2.91,6.15,2.3598799207958447,3.474886239795011,3,6.0,4.0,0.11345690291628482,8.5,0,0,Liverpool (H) · Tottenham (A) · Bournemouth (H) · Leeds (A),1.3687706483757838,-1.2713494308283715,2.6401200792041553,0.6305523451818591,-0.756100924912729,0.5283332664712292,in progress,1.246670627670697,1.3350549634612054
E0,Newcastle,2,5,8,4,2026-09-19 15:00:00,2026-10-25 14:00:00,0,2,6.688816677911348,0.0,0.0,6.623475398433214,0.0,0.0,0.0,0.0,0.0,0,0.0,0.0,-0.33835451367655744,15.0,0,0,Hull (H) · Coventry (A) · Aston Villa (H) · Crystal Palace (A),,,,,,,upcoming,1.672204169477837,1.6558688496083036
E0,Newcastle,3,9,12,4,2026-11-02 20:00:00,2026-11-28 15:00:00,0,2,5.0093385977378,0.0,0.0,4.885935932310995,0.0,0.0,0.0,0.0,0.0,0,0.0,0.0,0.10999306449793042,8.75,0,0,Everton (H) · Fulham (A) · Arsenal (H) · Brighton (A),,,,,,,upcoming,1.25233464943445,1.2214839830777489
E0,Newcastle,4,13,16,4,2026-12-02 20:00:00,2026-12-19 15:00:00,0,2,5.8551554665348435,0.0,0.0,5.709960901857888,0.0,0.0,0.0,0.0,0.0,0,0.0,0.0,-0.1124076136596472,13.0,0,0,Man Utd (H) · Sunderland (H) · Ipswich (A) · Brentford (A),,,,,,,upcoming,1.4637888666337109,1.427490225464472
E0,Newcastle,5,17,20,4,2026-12-26 15:00:00,2027-01-06 20:00:00,0,2,4.164990008203637,0.0,0.0,4.068754264521502,0.0,0.0,0.0,0.0,0.0,0,0.0,0.0,0.3429558786232957,6.0,0,0,Man City (H) · Nott'm Forest (H) · Chelsea (A) · Man Utd (A),,,,,,,upcoming,1.0412475020509093,1.0171885661303754
E0,Newcastle,6,21,24,4,2027-01-16 15:00:00,2027-02-06 15:00:00,0,2,5.076545495209253,0.0,0.0,4.962441788987026,0.0,0.0,0.0,0.0,0.0,0,0.0,0.0,0.10999306449793042,8.75,0,0,Fulham (H) · Arsenal (A) · Brighton (H) · Everton (A),,,,,,,upcoming,1.2691363738023131,1.2406104472467565
E0,Newcastle,7,25,28,4,2027-02-10 20:00:00,2027-03-03 20:00:00,0,2,4.681401343933515,0.0,0.0,4.5627285375956665,0.0,0.0,0.0,0.0,0.0,0,0.0,0.0,0.20685893784530882,8.0,0,0,Chelsea (H) · Man City (A) · Brentford (H) · Nott'm Forest (A),,,,,,,upcoming,1.1703503359833787,1.1406821343989166
E0,Newcastle,8,29,32,4,2027-03-13 15:00:00,2027-04-17 15:00:00,0,2,5.0133053418267846,0.0,0.0,4.954372990959278,0.0,0.0,0.0,0.0,0.0,0,0.0,0.0,0.11345690291628482,8.5,0,0,Bournemouth (A) · Leeds (H) · Liverpool (A) · Tottenham (H),,,,,,,upcoming,1.2533263354566961,1.2385932477398196
E0,Newcastle,9,33,36,4,2027-04-24 15:00:00,2027-05-15 15:00:00,0,2,6.528339386440102,0.0,0.0,6.433365242650975,0.0,0.0,0.0,0.0,0.0,0,0.0,0.0,-0.28861073764726086,15.25,0,0,Ipswich (H) · Sunderland (A) · Coventry (H) · Aston Villa (A),,,,,,,upcoming,1.6320848466100255,1.6083413106627438
E0,Newcastle,10,37,38,2,2027-05-23 15:00:00,2027-05-30 16:00:00,0,1,3.677755150190864,0.0,0.0,3.6414270949257617,0.0,0.0,0.0,0.0,0.0,0,0.0,0.0,-0.49998957207863326,17.5,0,0,Crystal Palace (H) · Hull (A),,,,,,,upcoming,1.838877575095432,1.8207135474628808
E0,Nott'm Forest,1,1,4,4,2026-08-22 15:00:00,2026-09-12 15:00:00,3,2,4.402043344714281,3.4506970538535198,4.477636802224152,0.9933702016747867,2.0,4.03,3.88,4.0578005090318925,3.283262361970959,3,2.0,3.0,0.17412996909843753,7.5,0,0,Leeds (H) · Liverpool (A) · Tottenham (H) · Aston Villa (A),-1.4506970538535198,0.6071034551783727,-2.0578005090318925,-0.685570777293852,0.37039289529300773,0.49298381451140605,in progress,1.1005108361785703,0.9933702016747867
E0,Nott'm Forest,2,5,8,4,2026-09-19 17:30:00,2026-10-23 20:00:00,0,2,5.544664265663066,0.0,0.0,5.5775934676031955,0.0,0.0,0.0,0.0,0.0,0,0.0,0.0,-0.12950515743124283,13.25,0,0,Coventry (H) · Crystal Palace (A) · Arsenal (H) · Ipswich (A),,,,,,,upcoming,1.3861660664157665,1.3943983669007989
E0,Nott'm Forest,3,9,12,4,2026-10-31 15:00:00,2026-11-28 15:00:00,0,2,4.203916213281168,0.0,0.0,4.2074827464980205,0.0,0.0,0.0,0.0,0.0,0,0.0,0.0,0.21405038195832082,7.5,0,0,Brentford (A) · Man City (H) · Bournemouth (A) · Chelsea (H),,,,,,,upcoming,1.050979053320292,1.0518706866245051
E0,Nott'm Forest,4,13,16,4,2026-12-02 20:00:00,2026-12-19 15:00:00,0,2,6.098342231661119,0.0,0.0,6.112420024126084,0.0,0.0,0.0,0.0,0.0,0,0.0,0.0,-0.2828866015635183,13.75,0,0,Hull (A) · Brighton (H) · Sunderland (A) · Everton (H),,,,,,,upcoming,1.5245855579152798,1.528105006031521
E0,Nott'm Forest,5,17,20,4,2026-12-26 15:00:00,2027-01-06 20:00:00,0,2,5.615293098258636,0.0,0.0,5.633595835123436,0.0,0.0,0.0,0.0,0.0,0,0.0,0.0,-0.14840533796389982,12.25,0,0,Man Utd (A) · Newcastle (A) · Fulham (H) · Hull (H),,,,,,,upcoming,1.403823274564659,1.408398958780859
E0,Nott'm Forest,6,21,24,4,2027-01-16 15:00:00,2027-02-06 15:00:00,0,2,4.317938389832819,0.0,0.0,4.317431557384888,0.0,0.0,0.0,0.0,0.0,0,0.0,0.0,0.2140503819583208,7.5,0,0,Man City (A) · Bournemouth (H) · Chelsea (A) · Brentford (H),,,,,,,upcoming,1.0794845974582048,1.079357889346222
E0,Nott'm Forest,7,25,28,4,2027-02-10 20:00:00,2027-03-03 20:00:00,0,2,4.874528128805438,0.0,0.0,4.923697520556732,0.0,0.0,0.0,0.0,0.0,0,0.0,0.0,0.03420382589051215,9.75,0,0,Fulham (A) · Man Utd (H) · Everton (A) · Newcastle (H),,,,,,,upcoming,1.2186320322013595,1.230924380139183
E0,Nott'm Forest,8,29,32,4,2027-03-13 15:00:00,2027-04-17 15:00:00,0,2,4.354717261309506,0.0,0.0,4.4774642998514,0.0,0.0,0.0,0.0,0.0,0,0.0,0.0,0.17412996909843753,7.5,0,0,Tottenham (A) · Aston Villa (H) · Leeds (A) · Liverpool (H),,,,,,,upcoming,1.0886793153273766,1.11936607496285
E0,Nott'm Forest,9,33,36,4,2027-04-24 15:00:00,2027-05-15 15:00:00,0,2,4.863904114739411,0.0,0.0,4.895871429256321,0.0,0.0,0.0,0.0,0.0,0,0.0,0.0,0.06891575985162093,10.25,0,0,Sunderland (H) · Brighton (A) · Crystal Palace (H) · Arsenal (A),,,,,,,upcoming,1.2159760286848527,1.2239678573140802
E0,Nott'm Forest,10,37,38,2,2027-05-23 15:00:00,2027-05-30 16:00:00,0,1,3.505698513997031,0.0,0.0,3.503913311003071,0.0,0.0,0.0,0.0,0.0,0,0.0,0.0,-0.5169105042455175,18.5,0,0,Ipswich (H) · Coventry (A),,,,,,,upcoming,1.7528492569985155,1.7519566555015356
E0,Sunderland,1,1,4,4,2026-08-22 15:00:00,2026-09-12 20:00:00,3,2,4.621590272798727,3.9675599072907284,4.948483424672787,0.6612275148705724,4.0,4.45,3.3499999999999996,4.740188900627146,3.58923515128493,3,3.0,3.0,-0.034228831451395964,12.0,0,0,Ipswich (A) · Fulham (H) · Brentford (A) · Arsenal (H),0.03244009270927162,0.7726289933364177,-0.740188900627146,0.014582971490105748,0.44839350801797156,0.9883648845920807,in progress,1.1553975681996818,0.6612275148705724
E0,Sunderland,2,5,8,4,2026-09-20 14:00:00,2026-10-25 16:30:00,0,2,4.182105706836697,0.0,0.0,4.209597950627192,0.0,0.0,0.0,0.0,0.0,0,0.0,0.0,0.09847960005168505,8.75,2,0,Man City (A) · Brighton (H) · Bournemouth (A) · Leeds (H),,,,,,,upcoming,1.0455264267091742,1.052399487656798
E0,Sunderland,3,9,12,4,2026-10-31 15:00:00,2026-11-28 15:00:00,0,2,4.183865397006066,0.0,0.0,4.285519958594511,0.0,0.0,0.0,0.0,0.0,0,0.0,0.0,0.07324319615533632,9.0,2,0,Coventry (A) · Chelsea (H) · Aston Villa (A) · Tottenham (H),,,,,,,upcoming,1.0459663492515165,1.0713799896486278
E0,Sunderland,4,13,16,4,2026-12-02 20:00:00,2026-12-19 15:00:00,0,2,4.365296338101001,0.0,0.0,4.454791715125998,0.0,0.0,0.0,0.0,0.0,0,0.0,0.0,0.04129415983636975,10.0,1,0,Liverpool (A) · Newcastle (A) · Nott'm Forest (H) · Crystal Palace (H),,,,,,,upcoming,1.0913240845252503,1.1136979287814994
E0,Sunderland,5,17,20,4,2026-12-26 15:00:00,2027-01-06 20:00:00,0,2,4.489761327308785,0.0,0.0,4.540086733778003,0.0,0.0,0.0,0.0,0.0,0,0.0,0.0,0.011463651951466855,9.25,0,0,Everton (A) · Man Utd (A) · Hull (H) · Liverpool (H),,,,,,,upcoming,1.1224403318271963,1.1350216834445008
E0,Sunderland,6,21,24,4,2027-01-16 15:00:00,2027-02-06 15:00:00,0,2,4.25869705917754,0.0,0.0,4.35157822897318,0.0,0.0,0.0,0.0,0.0,0,0.0,0.0,0.07324319615533632,9.0,2,0,Chelsea (A) · Coventry (H) · Tottenham (A) · Aston Villa (H),,,,,,,upcoming,1.064674264794385,1.087894557243295
E0,Sunderland,7,25,28,4,2027-02-10 20:00:00,2027-03-03 20:00:00,0,2,5.054873650345998,0.0,0.0,5.119468815648203,0.0,0.0,0.0,0.0,0.0,0,0.0,0.0,-0.15814616890974245,12.25,0,0,Hull (A) · Everton (H) · Crystal Palace (A) · Man Utd (H),,,,,,,upcoming,1.2637184125864995,1.2798672039120507
E0,Sunderland,8,29,32,4,2027-03-13 15:00:00,2027-04-17 15:00:00,0,2,4.724209765017687,0.0,0.0,4.710852179850988,0.0,0.0,0.0,0.0,0.0,0,0.0,0.0,-0.03422883145139596,12.0,0,0,Brentford (H) · Arsenal (A) · Ipswich (H) · Fulham (A),,,,,,,upcoming,1.1810524412544217,1.177713044962747
E0,Sunderland,9,33,36,4,2027-04-24 15:00:00,2027-05-15 15:00:00,0,2,4.620040776337454,0.0,0.0,4.6521054825189285,0.0,0.0,0.0,0.0,0.0,0,0.0,0.0,-0.04883835320568783,10.25,0,0,Nott'm Forest (A) · Newcastle (H) · Brighton (A) · Bournemouth (H),,,,,,,upcoming,1.1550101940843636,1.1630263706297321
E0,Sunderland,10,37,38,2,2027-05-23 15:00:00,2027-05-30 16:00:00,0,1,1.8212653455992367,0.0,0.0,1.8540276571015328,0.0,0.0,0.0,0.0,0.0,0,0.0,0.0,0.22706086746626275,8.0,0,0,Leeds (A) · Man City (H),,,,,,,upcoming,0.9106326727996183,0.9270138285507664
E0,Tottenham,1,1,4,4,2026-08-22 17:30:00,2026-09-12 17:30:00,3,2,6.673052829934768,4.8366940413703325,5.105260538848487,1.8125736357870879,1.0,3.06,5.84,3.429648799374593,4.3171859685425815,3,0.0,5.0,-0.07803584317265415,11.0,0,0,Brentford (A) · Newcastle (H) · Nott'm Forest (A) · Everton (H),-3.8366940413703325,-1.4070452419957395,-2.429648799374593,-1.698041156639538,-0.8039397111641369,0.08949999426745014,in progress,1.668263207483692,1.8125736357870879
E0,Tottenham,2,5,8,4,2026-09-19 12:30:00,2026-10-24 17:30:00,0,2,5.856744136428456,0.0,0.0,5.733980132729717,0.0,0.0,0.0,0.0,0.0,0,0.0,0.0,0.12763784321597332,8.5,0,0,Aston Villa (H) · Man Utd (A) · Coventry (H) · Chelsea (A),,,,,,,upcoming,1.464186034107114,1.4334950331824292
E0,Tottenham,3,9,12,4,2026-10-31 17:30:00,2026-11-28 15:00:00,0,2,7.466902257610847,0.0,0.0,7.335846158134995,0.0,0.0,0.0,0.0,0.0,0,0.0,0.0,-0.2910569241843843,16.25,0,0,Crystal Palace (H) · Leeds (A) · Ipswich (H) · Sunderland (A),,,,,,,upcoming,1.8667255644027116,1.8339615395337487
E0,Tottenham,4,13,16,4,2026-12-02 20:00:00,2026-12-19 15:00:00,0,2,6.191508009203849,0.0,0.0,6.026139306821625,0.0,0.0,0.0,0.0,0.0,0,0.0,0.0,0.04185795916177197,10.0,0,0,Fulham (H) · Arsenal (H) · Hull (A) · Liverpool (A),,,,,,,upcoming,1.5478770023009623,1.5065348267054062
E0,Tottenham,5,17,20,4,2026-12-26 15:00:00,2027-01-06 20:00:00,0,2,6.0554034169197894,0.0,0.0,5.869629484098491,0.0,0.0,0.0,0.0,0.0,0,0.0,0.0,0.08805020237381464,9.25,0,0,Bournemouth (H) · Brighton (H) · Man City (A) · Fulham (A),,,,,,,upcoming,1.5138508542299474,1.4674073710246227
E0,Tottenham,6,21,24,4,2027-01-16 15:00:00,2027-02-06 15:00:00,0,2,7.4910784398668895,0.0,0.0,7.3573089765707245,0.0,0.0,0.0,0.0,0.0,0,0.0,0.0,-0.2910569241843843,16.25,0,0,Leeds (H) · Crystal Palace (A) · Sunderland (H) · Ipswich (A),,,,,,,upcoming,1.8727696099667224,1.8393272441426811
E0,Tottenham,7,25,28,4,2027-02-10 20:00:00,2027-03-03 20:00:00,0,2,5.334259437852376,0.0,0.0,5.178750941281405,0.0,0.0,0.0,0.0,0.0,0,0.0,0.0,0.26436719358666055,6.0,0,0,Man City (H) · Brighton (A) · Liverpool (H) · Bournemouth (A),,,,,,,upcoming,1.333564859463094,1.2946877353203512
E0,Tottenham,8,29,32,4,2027-03-13 15:00:00,2027-04-17 15:00:00,0,2,6.669697156064206,0.0,0.0,6.524936836112202,0.0,0.0,0.0,0.0,0.0,0,0.0,0.0,-0.07803584317265415,11.0,0,0,Nott'm Forest (H) · Everton (A) · Brentford (H) · Newcastle (A),,,,,,,upcoming,1.6674242890160516,1.6312342090280505
E0,Tottenham,9,33,36,4,2027-04-24 15:00:00,2027-05-15 15:00:00,0,2,6.498186013205704,0.0,0.0,6.3393133998508695,0.0,0.0,0.0,0.0,0.0,0,0.0,0.0,-0.048599416103458845,11.0,0,0,Hull (H) · Arsenal (A) · Chelsea (H) · Coventry (A),,,,,,,upcoming,1.624546503301426,1.5848283499627174
E0,Tottenham,10,37,38,2,2027-05-23 15:00:00,2027-05-30 16:00:00,0,1,2.596593428836239,0.0,0.0,2.5535236695273795,0.0,0.0,0.0,0.0,0.0,0,0.0,0.0,0.29944141894445897,5.5,0,0,Man Utd (H) · Aston Villa (A),,,,,,,upcoming,1.2982967144181194,1.2767618347636898
E1,Birmingham,1,1,4,4,2026-08-15 17:30:00,2026-09-01 20:00:00,4,2,5.667796588805977,5.667796588805977,6.569421257699853,0.0,6.0,5.82,4.96,6.105717152930294,5.4980644986970955,4,5.0,4.0,0.06949925191267545,9.0,0,0,Sheffield United (A) · Bristol City (H) · Wrexham (A) · Southampton (H),0.33220341119402264,0.43792056412431624,-0.1057171529302936,0.12961060323135548,0.22057493432679182,0.8968745138501497,complete,1.4169491472014943,
E1,Birmingham,2,5,8,4,2026-09-06 12:00:00,2026-09-19 15:00:00,2,2,5.363579989752555,2.5851166172128854,3.260340991899469,2.8412149378858667,1.0,3.71,2.7699999999999996,3.3543220487137866,1.5828837849925395,1,3.0,4.0,0.15118596613390548,6.0,0,0,Wolves (H) · Norwich (A) · Derby (A) · Middlesbrough (H),-1.5851166172128854,0.7692054315009011,-2.3543220487137866,-0.8778689868655996,0.5499651939413145,0.38001482116428953,in progress,1.3408949974381388,1.4206074689429333
E1,Birmingham,3,9,12,4,2026-10-10 12:30:00,2026-10-24 15:00:00,0,2,6.417522495976676,0.0,0.0,6.419057951587226,0.0,0.0,0.0,0.0,0.0,0,0.0,0.0,-0.1341287240250802,17.75,0,0,West Brom (A) · Preston (H) · QPR (H) · Cardiff (A),,,,,,,upcoming,1.604380623994169,1.6047644878968066
E1,Birmingham,4,13,16,4,2026-10-31 12:30:00,2026-11-21 15:00:00,0,2,6.22518661304327,0.0,0.0,6.243633074300632,0.0,0.0,0.0,0.0,0.0,0,0.0,0.0,-0.0814759557514683,15.0,0,0,Lincoln (A) · Millwall (H) · Swansea (H) · Stoke (A),,,,,,,upcoming,1.5562966532608176,1.560908268575158
E1,Birmingham,5,17,20,4,2026-11-25 19:45:00,2026-12-08 20:00:00,0,2,6.329549430877024,0.0,0.0,6.45688852453909,0.0,0.0,0.0,0.0,0.0,0,0.0,0.0,-0.10948742353380114,16.25,0,0,Burnley (A) · Bolton (H) · Charlton (A) · Watford (H),,,,,,,upcoming,1.582387357719256,1.6142221311347724
E1,Birmingham,6,21,24,4,2026-12-12 15:00:00,2026-12-29 20:00:00,0,2,5.878281715401607,0.0,0.0,5.90959026874131,0.0,0.0,0.0,0.0,0.0,0,0.0,0.0,0.01176500119717111,14.75,0,0,Portsmouth (A) · West Ham (H) · Blackburn (A) · Cardiff (H),,,,,,,upcoming,1.4695704288504017,1.4773975671853274
E1,Birmingham,7,25,28,4,2027-01-01 15:00:00,2027-01-26 19:45:00,0,2,6.392184860152869,0.0,0.0,6.375416083665836,0.0,0.0,0.0,0.0,0.0,0,0.0,0.0,-0.12878437400667153,17.25,0,0,Portsmouth (H) · QPR (A) · Lincoln (H) · Millwall (A),,,,,,,upcoming,1.5980462150382173,1.593854020916459
E1,Birmingham,8,29,32,4,2027-01-30 15:00:00,2027-02-16 19:45:00,0,2,6.11873195787059,0.0,0.0,6.231937180320883,0.0,0.0,0.0,0.0,0.0,0,0.0,0.0,-0.05308773798118877,14.5,0,0,Swansea (A) · Stoke (H) · Derby (H) · Preston (A),,,,,,,upcoming,1.5296829894676476,1.5579842950802207
E1,Birmingham,9,33,36,4,2027-02-20 15:00:00,2027-03-06 15:00:00,0,2,5.693119820286647,0.0,0.0,5.794086061102469,0.0,0.0,0.0,0.0,0.0,0,0.0,0.0,0.06324568773334135,9.5,0,0,Middlesbrough (A) · West Brom (H) · Bristol City (A) · Sheffield United (H),,,,,,,upcoming,1.4232799550716617,1.4485215152756172
E1,Birmingham,10,37,40,4,2027-03-13 15:00:00,2027-04-03 15:00:00,0,2,6.06984799306302,0.0,0.0,6.138630290501029,0.0,0.0,0.0,0.0,0.0,0,0.0,0.0,-0.03223669942593832,16.25,0,0,Bolton (A) · Charlton (H) · Blackburn (H) · West Ham (A),,,,,,,upcoming,1.517461998265755,1.5346575726252571
E1,Birmingham,11,41,44,4,2027-04-07 20:00:00,2027-04-20 19:45:00,0,2,5.365323307234182,0.0,0.0,5.401094036593473,0.0,0.0,0.0,0.0,0.0,0,0.0,0.0,0.15425061096461593,5.75,0,0,Norwich (H) · Wolves (A) · Wrexham (H) · Southampton (A),,,,,,,upcoming,1.3413308268085455,1.3502735091483682
E1,Birmingham,12,45,46,2,2027-04-24 15:00:00,2027-05-01 12:30:00,0,1,2.8767820012006267,0.0,0.0,2.9430768985252858,0.0,0.0,0.0,0.0,0.0,0,0.0,0.0,0.045130402820690196,10.0,0,0,Watford (A) · Burnley (H),,,,,,,upcoming,1.4383910006003133,1.4715384492626429
E1,Blackburn,1,1,4,4,2026-08-14 20:00:00,2026-09-01 19:45:00,4,2,4.986375253697705,4.986375253697705,6.249005812312495,0.0,5.0,3.23,6.71,3.081501267823952,4.209292996553381,4,5.0,5.0,0.00708248699775188,11.5,0,0,Wolves (A) · Middlesbrough (H) · QPR (H) · Lincoln (A),0.01362474630229471,-1.9048739858737531,1.9184987321760478,0.005450332030397956,-0.9837509422794185,0.9956512857522775,complete,1.2465938134244263,
E1,Blackburn,2,5,8,4,2026-09-05 12:30:00,2026-09-19 15:00:00,2,2,5.113765654153321,2.5807450163618704,3.2640564261615403,2.477090998839852,0.0,2.6100000000000003,2.04,3.098002389734543,1.3191300961321664,1,2.0,4.0,-0.03682534832102967,14.0,0,0,Preston (A) · Sheffield United (H) · Millwall (H) · Portsmouth (A),-2.5807450163618704,0.5172573733726726,-3.098002389734543,-1.4284540293269565,0.3696172538479371,0.15316121737193122,in progress,1.2784414135383302,1.238545499419926
E1,Blackburn,3,9,12,4,2026-10-10 15:00:00,2026-10-24 15:00:00,0,2,5.157497466915077,0.0,0.0,5.090128739875894,0.0,0.0,0.0,0.0,0.0,0,0.0,0.0,-0.045544534037946394,14.25,0,0,Cardiff (H) · Bristol City (A) · West Brom (A) · Wrexham (H),,,,,,,upcoming,1.2893743667287692,1.2725321849689735
E1,Blackburn,4,13,16,4,2026-10-31 15:00:00,2026-11-22 12:00:00,0,2,4.397989911958639,0.0,0.0,4.338677207271655,0.0,0.0,0.0,0.0,0.0,0,0.0,0.0,0.16784503332336126,7.75,0,0,Swansea (A) · Stoke (H) · West Ham (H) · Burnley (A),,,,,,,upcoming,1.0994974779896598,1.0846693018179137
E1,Blackburn,5,17,20,4,2026-11-25 19:45:00,2026-12-08 19:45:00,0,2,5.463447899366853,0.0,0.0,5.43607388318628,0.0,0.0,0.0,0.0,0.0,0,0.0,0.0,-0.13112948622637993,17.0,0,0,Watford (A) · Charlton (H) · Bolton (A) · Norwich (H),,,,,,,upcoming,1.3658619748417133,1.35901847079657
E1,Blackburn,6,21,24,4,2026-12-12 15:00:00,2026-12-29 18:00:00,0,2,4.678608842743814,0.0,0.0,4.646923933426694,0.0,0.0,0.0,0.0,0.0,0,0.0,0.0,0.08795893808757899,8.0,0,0,Derby (H) · Southampton (A) · Birmingham (H) · Wrexham (A),,,,,,,upcoming,1.1696522106859535,1.1617309833566736
E1,Blackburn,7,25,28,4,2027-01-01 15:00:00,2027-01-26 19:45:00,0,2,5.020402073507699,0.0,0.0,5.0198369778333,0.0,0.0,0.0,0.0,0.0,0,0.0,0.0,-0.007731767452444473,12.75,0,0,Derby (A) · West Brom (H) · Swansea (H) · Stoke (A),,,,,,,upcoming,1.2551005183769248,1.254959244458325
E1,Blackburn,8,29,32,4,2027-01-30 15:00:00,2027-02-16 19:45:00,0,2,4.3610949645112225,0.0,0.0,4.294253368927434,0.0,0.0,0.0,0.0,0.0,0,0.0,0.0,0.18990673905998262,7.25,0,0,West Ham (A) · Burnley (H) · Millwall (A) · Bristol City (H),,,,,,,upcoming,1.0902737411278056,1.0735633422318585
E1,Blackburn,9,33,36,4,2027-02-20 15:00:00,2027-03-06 15:00:00,0,2,4.868193415309023,0.0,0.0,4.755890806578874,0.0,0.0,0.0,0.0,0.0,0,0.0,0.0,0.036081458286030606,11.0,0,0,Portsmouth (H) · Cardiff (A) · Middlesbrough (A) · Wolves (H),,,,,,,upcoming,1.2170483538272558,1.1889727016447185
E1,Blackburn,10,37,40,4,2027-03-13 15:00:00,2027-04-03 15:00:00,0,2,5.232986815334546,0.0,0.0,5.186663407080324,0.0,0.0,0.0,0.0,0.0,0,0.0,0.0,-0.06507006372423543,14.0,0,0,Charlton (A) · Bolton (H) · Birmingham (A) · Southampton (H),,,,,,,upcoming,1.3082467038336365,1.296665851770081
E1,Blackburn,11,41,44,4,2027-04-07 19:45:00,2027-04-21 19:45:00,0,2,5.517196311322707,0.0,0.0,5.4116018592936275,0.0,0.0,0.0,0.0,0.0,0,0.0,0.0,-0.1421407655329892,17.25,0,0,Sheffield United (A) · Preston (H) · QPR (A) · Lincoln (H),,,,,,,upcoming,1.3792990778306768,1.3529004648234069
E1,Blackburn,12,45,46,2,2027-04-24 15:00:00,2027-05-01 12:30:00,0,1,2.49812047789114,0.0,0.0,2.4788702387118544,0.0,0.0,0.0,0.0,0.0,0,0.0,0.0,0.0018462774355325964,11.5,0,0,Norwich (A) · Watford (H),,,,,,,upcoming,1.24906023894557,1.2394351193559272
E1,Bolton,1,1,4,4,2026-08-15 12:30:00,2026-09-01 19:45:00,4,2,5.066924739081702,5.066924739081702,6.22512414144925,0.0,4.0,4.89,6.470000000000001,4.497386047466051,4.739567576002803,4,4.0,5.0,-0.1421407655329892,17.25,0,0,Preston (H) · QPR (A) · Lincoln (H) · Sheffield United (A),-1.0669247390817018,-0.5695386916156506,-0.4973860474660512,-0.42762174072773873,-0.29469556481773784,0.6689265349444011,complete,1.2667311847704255,
E1,Bolton,2,5,8,4,2026-09-05 15:00:00,2026-09-20 13:30:00,2,2,4.171458462950852,1.7634554958824609,2.695045389473684,2.360811787408542,0.0,2.7199999999999998,4.68,1.642515829226691,1.3707865168539328,1,2.0,7.0,0.11300209516329339,9.75,0,0,Millwall (A) · West Ham (H) · Cardiff (H) · Norwich (A),-1.7634554958824609,-0.12093966665576983,-1.642515829226691,-1.0741908827440672,-0.09510647821704445,0.2827371378404848,in progress,1.042864615737713,1.180405893704271
E1,Bolton,3,9,12,4,2026-10-10 15:00:00,2026-10-23 20:00:00,0,2,3.9858881266685997,0.0,0.0,3.9461766460687615,0.0,0.0,0.0,0.0,0.0,0,0.0,0.0,0.16654127507062072,5.25,0,0,Stoke (H) · Wolves (A) · Southampton (A) · Middlesbrough (H),,,,,,,upcoming,0.9964720316671499,0.9865441615171904
E1,Bolton,4,13,16,4,2026-10-31 15:00:00,2026-11-21 15:00:00,0,2,4.896687327587699,0.0,0.0,4.947654978991672,0.0,0.0,0.0,0.0,0.0,0,0.0,0.0,-0.10030655672486152,16.75,0,0,Bristol City (H) · Charlton (A) · Derby (A) · Portsmouth (H),,,,,,,upcoming,1.2241718318969248,1.236913744747918
E1,Bolton,5,17,20,4,2026-11-25 19:45:00,2026-12-08 19:45:00,0,2,4.608236159780982,0.0,0.0,4.546142499682917,0.0,0.0,0.0,0.0,0.0,0,0.0,0.0,-0.016103214917865594,13.25,0,0,West Brom (H) · Birmingham (A) · Blackburn (H) · Swansea (A),,,,,,,upcoming,1.1520590399452455,1.1365356249207292
E1,Bolton,6,21,24,4,2026-12-11 20:00:00,2026-12-29 19:45:00,0,2,4.234099982626438,0.0,0.0,4.190762113439676,0.0,0.0,0.0,0.0,0.0,0,0.0,0.0,0.08828966894966891,8.0,0,0,Wrexham (H) · Watford (A) · Burnley (H) · Middlesbrough (A),,,,,,,upcoming,1.0585249956566094,1.047690528359919
E1,Bolton,7,25,28,4,2027-01-01 15:00:00,2027-01-26 19:45:00,0,2,4.628711654494158,0.0,0.0,4.615600664959812,0.0,0.0,0.0,0.0,0.0,0,0.0,0.0,-0.021472981648953983,12.75,0,0,Wrexham (A) · Southampton (H) · Bristol City (A) · Charlton (H),,,,,,,upcoming,1.1571779136235394,1.153900166239953
E1,Bolton,8,29,32,4,2027-01-30 15:00:00,2027-02-17 19:45:00,0,2,4.561594106286926,0.0,0.0,4.539370715402132,0.0,0.0,0.0,0.0,0.0,0,0.0,0.0,-0.00866663238562504,13.25,0,0,Derby (H) · Portsmouth (A) · Cardiff (A) · Wolves (H),,,,,,,upcoming,1.1403985265717316,1.134842678850533
E1,Bolton,9,33,36,4,2027-02-20 15:00:00,2027-03-06 15:00:00,0,2,4.682286902543172,0.0,0.0,4.630294563490974,0.0,0.0,0.0,0.0,0.0,0,0.0,0.0,-0.040352409105489026,13.75,0,0,Norwich (H) · Stoke (A) · QPR (H) · Preston (A),,,,,,,upcoming,1.170571725635793,1.1575736408727435
E1,Bolton,10,37,40,4,2027-03-13 15:00:00,2027-04-03 15:00:00,0,2,4.461941896096869,0.0,0.0,4.452396775692685,0.0,0.0,0.0,0.0,0.0,0,0.0,0.0,0.025231884507668723,11.25,0,0,Birmingham (H) · Blackburn (A) · Burnley (A) · Watford (H),,,,,,,upcoming,1.1154854740242173,1.1130991939231714
E1,Bolton,11,41,44,4,2027-04-06 19:45:00,2027-04-20 19:45:00,0,2,4.324426830248597,0.0,0.0,4.228529536186884,0.0,0.0,0.0,0.0,0.0,0,0.0,0.0,0.0792819540460333,10.75,0,0,West Ham (A) · Millwall (H) · Lincoln (A) · Sheffield United (H),,,,,,,upcoming,1.0811067075621492,1.057132384046721
E1,Bolton,12,45,46,2,2027-04-24 15:00:00,2027-05-01 12:30:00,0,1,2.338870276487584,0.0,0.0,2.2936138655869835,0.0,0.0,0.0,0.0,0.0,0,0.0,0.0,-0.03753979603037845,14.0,0,0,Swansea (H) · West Brom (A),,,,,,,upcoming,1.169435138243792,1.1468069327934918
E1,Bristol City,1,1,4,4,2026-08-15 15:00:00,2026-09-01 19:45:00,4,2,5.469147298622989,5.469147298622989,6.503011688285511,0.0,7.0,4.1,8.18,3.3033462716490303,5.240858369998985,4,7.0,6.0,-0.024667568955621715,13.5,0,0,Millwall (H) · Birmingham (A) · Portsmouth (H) · Preston (A),1.530852701377011,-2.1658010269739587,3.6966537283509697,0.6003107736312883,-1.096441999173194,0.5482991399722792,complete,1.3672868246557472,
E1,Bristol City,2,5,8,4,2026-09-05 15:00:00,2026-09-18 20:00:00,1,2,5.512977517566956,1.00822727043938,1.4633202398913054,4.418962971009908,3.0,0.95,0.34,1.8597583835050642,0.8393382664615907,1,2.0,1.0,-0.03321469898045796,12.25,0,0,Burnley (A) · Southampton (A) · Lincoln (H) · Watford (H),1.99177272956062,0.8515311130656842,1.1402416164949358,1.6465316837148631,0.9087725611330306,0.09965434249864091,in progress,1.378244379391739,1.4729876570033025
E1,Bristol City,3,9,12,4,2026-10-10 12:30:00,2026-10-24 15:00:00,0,2,5.6336013916041985,0.0,0.0,5.634521999778465,0.0,0.0,0.0,0.0,0.0,0,0.0,0.0,-0.07050558257938538,15.25,0,0,Charlton (A) · Blackburn (H) · Sheffield United (H) · Stoke (A),,,,,,,upcoming,1.4084003479010496,1.4086304999446162
E1,Bristol City,4,13,16,4,2026-10-31 15:00:00,2026-11-21 15:00:00,0,2,5.061441392924321,0.0,0.0,4.944873085652208,0.0,0.0,0.0,0.0,0.0,0,0.0,0.0,0.0866515547976944,8.5,0,0,Bolton (A) · Wolves (H) · Norwich (H) · Middlesbrough (A),,,,,,,upcoming,1.2653603482310802,1.236218271413052
E1,Bristol City,5,17,20,4,2026-11-24 19:45:00,2026-12-09 19:45:00,0,2,5.366806550152612,0.0,0.0,5.284468893677634,0.0,0.0,0.0,0.0,0.0,0,0.0,0.0,0.0022064788524789516,12.25,0,0,Wrexham (H) · West Brom (A) · Swansea (H) · Derby (A),,,,,,,upcoming,1.341701637538153,1.3211172234194084
E1,Bristol City,6,21,24,4,2026-12-12 15:00:00,2026-12-29 19:45:00,0,2,5.230939145136549,0.0,0.0,5.096674286060401,0.0,0.0,0.0,0.0,0.0,0,0.0,0.0,0.052335450971421366,12.5,0,0,West Ham (A) · Cardiff (H) · QPR (A) · Stoke (H),,,,,,,upcoming,1.3077347862841373,1.2741685715151003
E1,Bristol City,7,25,28,4,2027-01-01 15:00:00,2027-01-27 19:45:00,0,2,4.793567993121094,0.0,0.0,4.705081138047893,0.0,0.0,0.0,0.0,0.0,0,0.0,0.0,0.1665305390267708,8.25,0,0,West Ham (H) · Sheffield United (A) · Bolton (H) · Wolves (A),,,,,,,upcoming,1.1983919982802735,1.1762702845119732
E1,Bristol City,8,29,32,4,2027-01-30 15:00:00,2027-02-16 19:45:00,0,2,5.09892772454838,0.0,0.0,4.992826412292429,0.0,0.0,0.0,0.0,0.0,0,0.0,0.0,0.07476172314363434,8.5,0,0,Norwich (A) · Middlesbrough (H) · Southampton (H) · Blackburn (A),,,,,,,upcoming,1.274731931137095,1.2482066030731072
E1,Bristol City,9,33,36,4,2027-02-20 15:00:00,2027-03-06 15:00:00,0,2,5.534877326340904,0.0,0.0,5.423854756528391,0.0,0.0,0.0,0.0,0.0,0,0.0,0.0,-0.043284901187829905,13.75,0,0,Watford (A) · Charlton (H) · Birmingham (H) · Millwall (A),,,,,,,upcoming,1.383719331585226,1.3559636891320979
E1,Bristol City,10,37,40,4,2027-03-13 15:00:00,2027-04-03 15:00:00,0,2,5.760964911694237,0.0,0.0,5.585705045513763,0.0,0.0,0.0,0.0,0.0,0,0.0,0.0,-0.10569921608038847,16.5,0,0,West Brom (H) · Swansea (A) · QPR (H) · Cardiff (A),,,,,,,upcoming,1.4402412279235592,1.3964262613784408
E1,Bristol City,11,41,44,4,2027-04-06 19:45:00,2027-04-21 19:45:00,0,2,5.8058872395344245,0.0,0.0,5.6854136815728875,0.0,0.0,0.0,0.0,0.0,0,0.0,0.0,-0.11802074552310415,16.5,0,0,Lincoln (A) · Burnley (H) · Portsmouth (A) · Preston (H),,,,,,,upcoming,1.4514718098836061,1.4213534203932219
E1,Bristol City,12,45,46,2,2027-04-24 15:00:00,2027-05-01 12:30:00,0,1,2.612738937135334,0.0,0.0,2.6094114480854778,0.0,0.0,0.0,0.0,0.0,0,0.0,0.0,0.04195275373533636,10.5,0,0,Derby (H) · Wrexham (A),,,,,,,upcoming,1.306369468567667,1.3047057240427389
E1,Burnley,1,1,4,4,2026-08-16 16:00:00,2026-09-02 20:00:00,4,2,5.372153813414908,5.372153813414908,6.565490917095914,0.0,2.0,5.48,6.87,4.605874742665317,4.726798777297141,4,5.0,10.0,0.20137379658985657,6.0,0,0,West Ham (H) · West Brom (A) · Norwich (A) · Middlesbrough (H),-3.372153813414908,-0.766279070749591,-2.605874742665317,-1.3160541935279586,-0.3860803837952415,0.18815585386085854,complete,1.343038453353727,
E1,Burnley,2,5,8,4,2026-09-05 15:00:00,2026-09-19 15:00:00,2,2,6.119759209548551,3.0042099000573455,3.288799990967601,3.1043142644259083,1.0,1.9100000000000001,2.71,2.0074867167329318,1.1426245101992085,1,2.0,3.0,-0.0009065086083929735,12.5,0,0,Bristol City (H) · Wrexham (A) · Swansea (A) · Derby (H),-2.0042099000573455,-0.9967231833244137,-1.0074867167329318,-1.1051582543900023,-0.7095454237439871,0.2690910220505538,in progress,1.5299398023871378,1.5521571322129541
E1,Burnley,3,9,12,4,2026-10-10 15:00:00,2026-10-24 15:00:00,0,2,6.501733118917967,0.0,0.0,6.414157277116516,0.0,0.0,0.0,0.0,0.0,0,0.0,0.0,-0.10594943203931746,16.25,0,0,Watford (A) · Charlton (H) · Wolves (H) · Lincoln (A),,,,,,,upcoming,1.6254332797294917,1.603539319279129
E1,Burnley,4,13,16,4,2026-10-31 15:00:00,2026-11-22 12:00:00,0,2,6.65586624972721,0.0,0.0,6.543793502557975,0.0,0.0,0.0,0.0,0.0,0,0.0,0.0,-0.14636087059440864,18.75,0,0,Portsmouth (H) · QPR (A) · Cardiff (A) · Blackburn (H),,,,,,,upcoming,1.6639665624318025,1.6359483756394937
E1,Burnley,5,17,20,4,2026-11-25 19:45:00,2026-12-09 20:00:00,0,2,5.975630953171633,0.0,0.0,5.841759295344496,0.0,0.0,0.0,0.0,0.0,0,0.0,0.0,0.03772403251872831,10.25,0,0,Birmingham (H) · Millwall (A) · Preston (H) · Southampton (A),,,,,,,upcoming,1.4939077382929082,1.460439823836124
E1,Burnley,6,21,24,4,2026-12-12 15:00:00,2026-12-29 19:45:00,0,2,6.557236626783062,0.0,0.0,6.538098813895434,0.0,0.0,0.0,0.0,0.0,0,0.0,0.0,-0.12172732637749434,16.25,0,0,Sheffield United (A) · Stoke (H) · Bolton (A) · Lincoln (H),,,,,,,upcoming,1.6393091566957656,1.6345247034738586
E1,Burnley,7,25,28,4,2027-01-01 17:30:00,2027-01-26 19:45:00,0,2,5.967939591053782,0.0,0.0,5.887134606387197,0.0,0.0,0.0,0.0,0.0,0,0.0,0.0,0.041918238997860686,11.25,0,0,Sheffield United (H) · Wolves (A) · Portsmouth (A) · QPR (H),,,,,,,upcoming,1.4919848977634456,1.4717836515967992
E1,Burnley,8,29,32,4,2027-01-30 15:00:00,2027-02-16 19:45:00,0,2,6.769161557424365,0.0,0.0,6.678040709688606,0.0,0.0,0.0,0.0,0.0,0,0.0,0.0,-0.1776087965098853,19.5,0,0,Cardiff (H) · Blackburn (A) · Swansea (H) · Charlton (A),,,,,,,upcoming,1.6922903893560912,1.6695101774221515
E1,Burnley,9,33,36,4,2027-02-20 15:00:00,2027-03-06 15:00:00,0,2,5.741549784170301,0.0,0.0,5.71128034438161,0.0,0.0,0.0,0.0,0.0,0,0.0,0.0,0.10797608084840174,10.5,0,0,Derby (A) · Watford (H) · West Brom (H) · West Ham (A),,,,,,,upcoming,1.4353874460425753,1.4278200860954025
E1,Burnley,10,37,40,4,2027-03-13 15:00:00,2027-04-03 15:00:00,0,2,6.4178901487167535,0.0,0.0,6.353551972759585,0.0,0.0,0.0,0.0,0.0,0,0.0,0.0,-0.08275480947464882,15.75,0,0,Millwall (H) · Preston (A) · Bolton (H) · Stoke (A),,,,,,,upcoming,1.6044725371791884,1.5883879931898963
E1,Burnley,11,41,44,4,2027-04-06 19:45:00,2027-04-20 19:45:00,0,2,5.798804281361762,0.0,0.0,5.711596470274404,0.0,0.0,0.0,0.0,0.0,0,0.0,0.0,0.08647614425666632,8.25,0,0,Wrexham (H) · Bristol City (A) · Norwich (H) · Middlesbrough (A),,,,,,,upcoming,1.4497010703404405,1.427899117568601
E1,Burnley,12,45,46,2,2027-04-24 15:00:00,2027-05-01 12:30:00,0,1,2.8114776869849782,0.0,0.0,2.76037225411846,0.0,0.0,0.0,0.0,0.0,0,0.0,0.0,0.13396512243982162,5.5,0,0,Southampton (H) · Birmingham (A),,,,,,,upcoming,1.4057388434924891,1.38018612705923
E1,Cardiff,1,1,4,4,2026-08-17 20:00:00,2026-09-02 19:45:00,4,2,4.5235637646738365,4.5235637646738365,6.169342774000555,0.0,3.0,6.9,7.12,5.281993917205029,4.922057757238532,4,6.0,7.0,0.014531163503658552,11.5,0,0,Wrexham (H) · Derby (A) · Sheffield United (H) · QPR (A),-1.5235637646738365,0.7584301525311927,-2.281993917205029,-0.6133963463687351,0.3942035356283191,0.5396143012998404,complete,1.1308909411684591,
E1,Cardiff,2,5,8,4,2026-09-05 15:00:00,2026-09-19 12:30:00,2,2,5.123828602341405,2.357348009775795,3.145861490634525,2.848644651209641,1.0,3.96,2.58,3.4815427409600916,1.3707865168539328,1,1.0,3.0,-0.15203533395494293,18.5,0,0,Portsmouth (A) · Stoke (H) · Bolton (A) · Charlton (H),-1.3573480097757948,1.1241947311842968,-2.4815427409600916,-0.7652818473949349,0.8182690442278004,0.44410373098075473,in progress,1.2809571505853512,1.4243223256048205
E1,Cardiff,3,9,12,4,2026-10-10 15:00:00,2026-10-24 15:00:00,0,2,4.50134128855682,0.0,0.0,4.591923916715741,0.0,0.0,0.0,0.0,0.0,0,0.0,0.0,0.025818732226018146,11.0,0,0,Blackburn (A) · Watford (H) · Middlesbrough (A) · Birmingham (H),,,,,,,upcoming,1.125335322139205,1.1479809791789353
E1,Cardiff,4,13,16,4,2026-10-31 15:00:00,2026-11-21 12:30:00,0,2,3.636272114729927,0.0,0.0,3.6916414911715445,0.0,0.0,0.0,0.0,0.0,0,0.0,0.0,0.2788257568894319,3.5,0,0,Wolves (A) · West Ham (H) · Burnley (H) · Norwich (A),,,,,,,upcoming,0.9090680286824817,0.9229103727928861
E1,Cardiff,5,17,20,4,2026-11-24 19:45:00,2026-12-08 19:45:00,0,2,5.148425490005052,0.0,0.0,5.185737798301393,0.0,0.0,0.0,0.0,0.0,0,0.0,0.0,-0.1544654501841688,18.0,0,0,Preston (H) · Swansea (A) · Lincoln (H) · West Brom (A),,,,,,,upcoming,1.287106372501263,1.2964344495753481
E1,Cardiff,6,21,24,4,2026-12-12 15:00:00,2026-12-29 20:00:00,0,2,4.30208998097967,0.0,0.0,4.375258660392685,0.0,0.0,0.0,0.0,0.0,0,0.0,0.0,0.07996701558660067,8.75,0,0,Southampton (H) · Bristol City (A) · Millwall (H) · Birmingham (A),,,,,,,upcoming,1.0755224952449176,1.0938146650981713
E1,Cardiff,7,25,28,4,2027-01-01 15:00:00,2027-01-27 19:45:00,0,2,3.633579878013532,0.0,0.0,3.6488105235647392,0.0,0.0,0.0,0.0,0.0,0,0.0,0.0,0.2882641862478625,2.75,0,0,Southampton (A) · Middlesbrough (H) · Wolves (H) · West Ham (A),,,,,,,upcoming,0.908394969503383,0.9122026308911848
E1,Cardiff,8,29,32,4,2027-01-30 15:00:00,2027-02-16 19:45:00,0,2,4.652969936020412,0.0,0.0,4.789631433350286,0.0,0.0,0.0,0.0,0.0,0,0.0,0.0,-0.014915626399027902,12.25,0,0,Burnley (A) · Norwich (H) · Bolton (H) · Watford (A),,,,,,,upcoming,1.163242484005103,1.1974078583375716
E1,Cardiff,9,33,36,4,2027-02-20 15:00:00,2027-03-06 15:00:00,0,2,4.86877846810184,0.0,0.0,5.047093430307276,0.0,0.0,0.0,0.0,0.0,0,0.0,0.0,-0.07948695296204558,15.75,0,0,Charlton (A) · Blackburn (H) · Derby (H) · Wrexham (A),,,,,,,upcoming,1.21719461702546,1.261773357576819
E1,Cardiff,10,37,40,4,2027-03-13 15:00:00,2027-04-03 15:00:00,0,2,4.921257868361824,0.0,0.0,4.960565823220925,0.0,0.0,0.0,0.0,0.0,0,0.0,0.0,-0.09428158985759798,15.75,0,0,Swansea (H) · Lincoln (A) · Millwall (A) · Bristol City (H),,,,,,,upcoming,1.230314467090456,1.2401414558052313
E1,Cardiff,11,41,44,4,2027-04-06 19:45:00,2027-04-21 19:45:00,0,2,4.690467083497988,0.0,0.0,4.824854553682161,0.0,0.0,0.0,0.0,0.0,0,0.0,0.0,-0.026427922374806324,13.5,0,0,Stoke (A) · Portsmouth (H) · Sheffield United (A) · QPR (H),,,,,,,upcoming,1.172616770874497,1.2062136384205402
E1,Cardiff,12,45,46,2,2027-04-24 15:00:00,2027-05-01 12:30:00,0,1,2.4543004612170654,0.0,0.0,2.4973706171221512,0.0,0.0,0.0,0.0,0.0,0,0.0,0.0,-0.09439881191976189,16.5,0,0,West Brom (H) · Preston (A),,,,,,,upcoming,1.2271502306085327,1.2486853085610756
E1,Charlton,1,1,4,4,2026-08-15 15:00:00,2026-09-02 19:45:00,4,2,4.214953219291738,4.214953219291738,5.659555617158108,0.0,10.0,3.6,6.71,3.873790458066317,4.413635802209159,4,6.0,3.0,0.08556163578010556,11.5,0,0,Derby (H) · West Ham (A) · Preston (H) · West Brom (A),5.785046780708262,-0.3411627612254211,6.126209541933683,2.4317319960384007,-0.18513768524017918,0.015026821522667433,complete,1.0537383048229345,
E1,Charlton,2,5,8,4,2026-09-05 12:30:00,2026-09-19 12:30:00,2,2,4.817333384371807,2.2902221493799244,3.041761644290249,2.469567226394023,1.0,1.35,2.97,1.7087965453489966,1.329046533681601,1,0.0,4.0,-0.10691202707599595,16.75,0,0,Stoke (A) · QPR (H) · Portsmouth (H) · Cardiff (A),-1.2902221493799244,-0.5814256040309278,-0.7087965453489966,-0.7397788376107145,-0.430383821936012,0.4594342019081634,in progress,1.2043333460929517,1.2347836131970116
E1,Charlton,3,9,12,4,2026-10-10 12:30:00,2026-10-24 12:30:00,0,2,4.29244947005218,0.0,0.0,4.279192944772097,0.0,0.0,0.0,0.0,0.0,0,0.0,0.0,0.0433168781276876,10.25,0,0,Bristol City (H) · Burnley (A) · Watford (A) · Norwich (H),,,,,,,upcoming,1.073112367513045,1.0697982361930243
E1,Charlton,4,13,16,4,2026-10-31 15:00:00,2026-11-21 15:00:00,0,2,4.198264403907398,0.0,0.0,4.152893560325076,0.0,0.0,0.0,0.0,0.0,0,0.0,0.0,0.08305199122455059,8.75,0,0,Middlesbrough (A) · Bolton (H) · Sheffield United (H) · Wolves (A),,,,,,,upcoming,1.0495661009768495,1.038223390081269
E1,Charlton,5,17,20,4,2026-11-24 19:45:00,2026-12-08 19:45:00,0,2,4.688785258731102,0.0,0.0,4.586608267903737,0.0,0.0,0.0,0.0,0.0,0,0.0,0.0,-0.06804200559273048,14.5,0,0,Lincoln (H) · Blackburn (A) · Birmingham (H) · Wrexham (A),,,,,,,upcoming,1.1721963146827754,1.1466520669759344
E1,Charlton,6,21,24,4,2026-12-12 15:00:00,2026-12-29 19:45:00,0,2,4.243277328585586,0.0,0.0,4.1198958233909355,0.0,0.0,0.0,0.0,0.0,0,0.0,0.0,0.05759532467115587,9.25,0,0,Swansea (H) · Millwall (A) · Southampton (H) · Norwich (A),,,,,,,upcoming,1.0608193321463966,1.0299739558477339
E1,Charlton,7,25,28,4,2027-01-01 15:00:00,2027-01-26 19:45:00,0,2,4.62880486578446,0.0,0.0,4.538884915308371,0.0,0.0,0.0,0.0,0.0,0,0.0,0.0,-0.056963340874082134,14.0,0,0,Swansea (A) · Watford (H) · Middlesbrough (H) · Bolton (A),,,,,,,upcoming,1.157201216446115,1.1347212288270927
E1,Charlton,8,29,32,4,2027-01-30 15:00:00,2027-02-16 19:45:00,0,2,4.024793123435907,0.0,0.0,4.002871263657619,0.0,0.0,0.0,0.0,0.0,0,0.0,0.0,0.11597871526887081,8.0,0,0,Sheffield United (A) · Wolves (H) · Portsmouth (A) · Burnley (H),,,,,,,upcoming,1.0061982808589767,1.0007178159144048
E1,Charlton,9,33,36,4,2027-02-20 15:00:00,2027-03-06 15:00:00,0,2,4.213461206654385,0.0,0.0,4.168433556708957,0.0,0.0,0.0,0.0,0.0,0,0.0,0.0,0.0694290501829956,12.0,0,0,Cardiff (H) · Bristol City (A) · West Ham (H) · Derby (A),,,,,,,upcoming,1.0533653016635962,1.0421083891772394
E1,Charlton,10,37,40,4,2027-03-13 15:00:00,2027-04-03 12:30:00,0,2,4.269947161683873,0.0,0.0,4.178894285510955,0.0,0.0,0.0,0.0,0.0,0,0.0,0.0,0.053323806174317645,10.0,0,0,Blackburn (H) · Birmingham (A) · Southampton (A) · Millwall (H),,,,,,,upcoming,1.0674867904209682,1.0447235713777387
E1,Charlton,11,41,44,4,2027-04-06 19:45:00,2027-04-20 19:45:00,0,2,4.658106535706301,0.0,0.0,4.593332142903761,0.0,0.0,0.0,0.0,0.0,0,0.0,0.0,-0.0660605087148401,15.25,0,0,QPR (A) · Stoke (H) · Preston (A) · West Brom (H),,,,,,,upcoming,1.1645266339265752,1.1483330357259403
E1,Charlton,12,45,46,2,2027-04-24 15:00:00,2027-05-01 12:30:00,0,1,2.4620094117455906,0.0,0.0,2.3857854302183807,0.0,0.0,0.0,0.0,0.0,0,0.0,0.0,-0.1414173773801082,16.5,0,0,Wrexham (H) · Lincoln (A),,,,,,,upcoming,1.2310047058727953,1.1928927151091904
E1,Derby,1,1,4,4,2026-08-15 15:00:00,2026-09-01 19:45:00,4,2,6.112344557588045,6.112344557588045,6.6356258293978465,0.0,4.0,5.01,7.99,3.963091182370836,5.463831117343618,4,5.0,7.0,-0.17568451986164818,19.25,0,0,Charlton (A) · Cardiff (H) · Swansea (H) · Portsmouth (A),-2.1123445575880453,-2.149253375217209,0.03690881762916387,-0.8200188119753502,-1.0771372565716963,0.4122053830604415,complete,1.5280861393970113,
E1,Derby,2,5,8,4,2026-09-05 15:00:00,2026-09-19 15:00:00,2,2,4.748889052515393,2.302440932321428,2.896290914962613,2.348893973854902,0.0,1.52,4.609999999999999,1.8404664174883516,1.1311163970695914,1,0.0,4.0,0.20934516466377132,6.0,0,0,West Ham (A) · West Brom (H) · Birmingham (H) · Burnley (A),-2.302440932321428,-0.4619745148330763,-1.8404664174883516,-1.3529053259802901,-0.35044615699615805,0.17608587770610473,in progress,1.1872222631288483,1.174446986927451
E1,Derby,3,9,12,4,2026-10-10 15:00:00,2026-10-24 12:30:00,0,2,5.389279281706463,0.0,0.0,5.210167654445739,0.0,0.0,0.0,0.0,0.0,0,0.0,0.0,0.021034890800292652,11.25,0,0,Wrexham (H) · QPR (A) · Stoke (H) · Sheffield United (A),,,,,,,upcoming,1.3473198204266157,1.3025419136114347
E1,Derby,4,13,16,4,2026-10-31 15:00:00,2026-11-21 12:30:00,0,2,5.425454170314383,0.0,0.0,5.205509371846823,0.0,0.0,0.0,0.0,0.0,0,0.0,0.0,0.01317629526762102,11.0,0,0,Millwall (A) · Norwich (H) · Bolton (H) · Southampton (A),,,,,,,upcoming,1.3563635425785958,1.3013773429617057
E1,Derby,5,17,20,4,2026-11-24 20:00:00,2026-12-09 19:45:00,0,2,5.139374617792811,0.0,0.0,4.949177601666134,0.0,0.0,0.0,0.0,0.0,0,0.0,0.0,0.0962344342546107,8.75,0,0,Wolves (A) · Watford (H) · Middlesbrough (A) · Bristol City (H),,,,,,,upcoming,1.2848436544482027,1.2372944004165336
E1,Derby,6,21,24,4,2026-12-12 15:00:00,2026-12-29 19:45:00,0,2,5.996487380373448,0.0,0.0,5.800477113623186,0.0,0.0,0.0,0.0,0.0,0,0.0,0.0,-0.14518664843706391,17.75,0,0,Blackburn (A) · Lincoln (H) · Preston (A) · Sheffield United (H),,,,,,,upcoming,1.499121845093362,1.4501192784057966
E1,Derby,7,25,28,4,2027-01-01 15:00:00,2027-01-26 19:45:00,0,2,5.3981173971324035,0.0,0.0,5.215214096274565,0.0,0.0,0.0,0.0,0.0,0,0.0,0.0,0.019898555777879027,11.75,0,0,Blackburn (H) · Stoke (A) · Millwall (H) · Norwich (A),,,,,,,upcoming,1.3495293492831009,1.3038035240686412
E1,Derby,8,29,32,4,2027-01-30 15:00:00,2027-02-16 19:45:00,0,2,5.554248365753184,0.0,0.0,5.31864749352267,0.0,0.0,0.0,0.0,0.0,0,0.0,0.0,-0.022916680167893527,12.5,0,0,Bolton (A) · Southampton (H) · Birmingham (A) · QPR (H),,,,,,,upcoming,1.388562091438296,1.3296618733806675
E1,Derby,9,33,36,4,2027-02-20 15:00:00,2027-03-06 15:00:00,0,2,5.702304675138883,0.0,0.0,5.499682139652612,0.0,0.0,0.0,0.0,0.0,0,0.0,0.0,-0.06394508180056675,14.25,0,0,Burnley (H) · Wrexham (A) · Cardiff (A) · Charlton (H),,,,,,,upcoming,1.4255761687847208,1.374920534913153
E1,Derby,10,37,40,4,2027-03-13 15:00:00,2027-04-03 15:00:00,0,2,5.878789226625443,0.0,0.0,5.620651683951478,0.0,0.0,0.0,0.0,0.0,0,0.0,0.0,-0.11254350304028506,15.75,0,0,Watford (A) · Middlesbrough (H) · Preston (H) · Lincoln (A),,,,,,,upcoming,1.4696973066563608,1.4051629209878695
E1,Derby,11,41,44,4,2027-04-07 19:45:00,2027-04-20 19:45:00,0,2,5.166822184117686,0.0,0.0,4.912432288434801,0.0,0.0,0.0,0.0,0.0,0,0.0,0.0,0.08297030415125585,11.75,0,0,West Brom (A) · West Ham (H) · Swansea (A) · Portsmouth (H),,,,,,,upcoming,1.2917055460294216,1.2281080721087003
E1,Derby,12,45,46,2,2027-04-24 15:00:00,2027-05-01 12:30:00,0,1,2.4631443359574083,0.0,0.0,2.374169243452058,0.0,0.0,0.0,0.0,0.0,0,0.0,0.0,0.14616477025183236,8.0,0,0,Bristol City (A) · Wolves (H),,,,,,,upcoming,1.2315721679787042,1.187084621726029
E1,Lincoln,1,1,4,4,2026-08-15 15:00:00,2026-09-01 19:45:00,4,2,4.44484026919409,4.44484026919409,5.991984234260026,0.0,4.0,6.22,6.6499999999999995,5.630343832185359,4.928609927827209,4,3.0,5.0,-0.07468346992765418,15.5,0,0,Middlesbrough (A) · Portsmouth (H) · Bolton (A) · Blackburn (H),-0.44484026919409025,1.1855035629912685,-1.6303438321853587,-0.1817267098927162,0.6252330219180239,0.8557972035214017,complete,1.1112100672985226,
E1,Lincoln,2,5,8,4,2026-09-05 12:30:00,2026-09-19 15:00:00,1,2,4.277425661012712,1.084090746789168,1.5210232015864702,3.2609811244527345,1.0,2.88,0.79,2.520389176695799,1.2328475394883291,1,1.0,1.0,-0.03452261018650987,13.5,0,0,Southampton (H) · Preston (A) · Bristol City (A) · Swansea (H),-0.08409074678916806,1.436298429906631,-1.520389176695799,-0.06818365688220454,1.5034920676703656,0.9456394366110683,in progress,1.069356415253178,1.0869937081509116
E1,Lincoln,3,9,12,4,2026-10-10 15:00:00,2026-10-24 15:00:00,0,2,3.4444877983765543,0.0,0.0,3.5345963094677715,0.0,0.0,0.0,0.0,0.0,0,0.0,0.0,0.2151282625570618,5.75,0,0,Sheffield United (A) · West Ham (H) · Millwall (A) · Burnley (H),,,,,,,upcoming,0.8611219495941386,0.8836490773669429
E1,Lincoln,4,13,16,4,2026-10-31 12:30:00,2026-11-21 15:00:00,0,2,4.149078925261449,0.0,0.0,4.221456959329933,0.0,0.0,0.0,0.0,0.0,0,0.0,0.0,0.000558498059994729,12.0,0,0,Birmingham (H) · Watford (A) · QPR (A) · Wrexham (H),,,,,,,upcoming,1.0372697313153623,1.0553642398324832
E1,Lincoln,5,17,20,4,2026-11-24 19:45:00,2026-12-09 19:45:00,0,2,4.301308160046395,0.0,0.0,4.437227543753326,0.0,0.0,0.0,0.0,0.0,0,0.0,0.0,-0.043194682389495295,14.25,0,0,Charlton (A) · Wolves (H) · Cardiff (A) · Stoke (H),,,,,,,upcoming,1.0753270400115988,1.1093068859383315
E1,Lincoln,6,21,24,4,2026-12-12 15:00:00,2026-12-29 19:45:00,0,2,3.9292674837721018,0.0,0.0,4.102419290517751,0.0,0.0,0.0,0.0,0.0,0,0.0,0.0,0.0725603103976313,9.0,0,0,Norwich (H) · Derby (A) · West Brom (H) · Burnley (A),,,,,,,upcoming,0.9823168709430254,1.0256048226294376
E1,Lincoln,7,25,28,4,2027-01-01 15:00:00,2027-01-26 19:45:00,0,2,4.0082674034467685,0.0,0.0,4.086976649990144,0.0,0.0,0.0,0.0,0.0,0,0.0,0.0,0.05128689594694333,9.75,0,0,Norwich (A) · Millwall (H) · Birmingham (A) · Watford (H),,,,,,,upcoming,1.0020668508616921,1.021744162497536
E1,Lincoln,8,29,32,4,2027-01-30 15:00:00,2027-02-16 19:45:00,0,2,4.004390099844623,0.0,0.0,4.0322276343136085,0.0,0.0,0.0,0.0,0.0,0,0.0,0.0,0.07529329541258284,11.75,0,0,QPR (H) · Wrexham (A) · Preston (H) · West Ham (A),,,,,,,upcoming,1.0010975249611558,1.0080569085784021
E1,Lincoln,9,33,36,4,2027-02-20 15:00:00,2027-03-06 15:00:00,0,2,4.076795059653813,0.0,0.0,4.1739794950782105,0.0,0.0,0.0,0.0,0.0,0,0.0,0.0,0.021600292385242897,11.0,0,0,Swansea (A) · Sheffield United (H) · Portsmouth (A) · Middlesbrough (H),,,,,,,upcoming,1.0191987649134533,1.0434948737695526
E1,Lincoln,10,37,40,4,2027-03-13 15:00:00,2027-04-03 15:00:00,0,2,4.145190246494396,0.0,0.0,4.281235881187134,0.0,0.0,0.0,0.0,0.0,0,0.0,0.0,0.01916528783929276,12.0,0,0,Wolves (A) · Cardiff (H) · West Brom (A) · Derby (H),,,,,,,upcoming,1.036297561623599,1.0703089702967834
E1,Lincoln,11,41,44,4,2027-04-06 19:45:00,2027-04-21 19:45:00,0,2,4.403305235832411,0.0,0.0,4.568265735816366,0.0,0.0,0.0,0.0,0.0,0,0.0,0.0,-0.06334186593445539,15.0,0,0,Bristol City (H) · Southampton (A) · Bolton (H) · Blackburn (A),,,,,,,upcoming,1.1008263089581027,1.1420664339540916
E1,Lincoln,12,45,46,2,2027-04-24 15:00:00,2027-05-01 12:30:00,0,1,2.31039096648281,0.0,0.0,2.4199653274998125,0.0,0.0,0.0,0.0,0.0,0,0.0,0.0,-0.12202897262260211,17.0,0,0,Stoke (A) · Charlton (H),,,,,,,upcoming,1.155195483241405,1.2099826637499063
E1,Middlesbrough,1,1,4,4,2026-08-15 15:00:00,2026-09-02 20:00:00,4,2,6.392769391735282,6.392769391735282,6.417512183031914,0.0,7.0,7.529999999999999,4.05,7.516594556905886,7.293408426514809,4,7.0,5.0,-0.074589051642597,15.0,0,0,Lincoln (H) · Blackburn (A) · West Brom (H) · Burnley (A),0.6072306082647181,1.1238251651706044,-0.5165945569058863,0.23970125271242146,0.5727166072535401,0.810561863728682,complete,1.5981923479338205,
E1,Middlesbrough,2,5,8,4,2026-09-05 15:00:00,2026-09-19 15:00:00,1,2,5.950298685492998,1.4579140980364458,1.6773667503644676,4.525723599164641,3.0,2.07,1.53,1.7101012673704385,1.7626087290261574,1,1.0,0.0,0.047518107438311204,10.0,0,0,QPR (A) · Norwich (H) · Millwall (H) · Birmingham (A),1.5420859019635542,0.25218716933399277,1.2898987326295615,1.1906786100282363,0.2513815193544015,0.23377977817008588,in progress,1.4875746713732494,1.5085745330548803
E1,Middlesbrough,3,9,12,4,2026-10-10 15:00:00,2026-10-23 20:00:00,0,2,6.252086143880224,0.0,0.0,6.370524696354283,0.0,0.0,0.0,0.0,0.0,0,0.0,0.0,-0.03567647685166057,14.0,0,0,Wolves (H) · Stoke (A) · Cardiff (H) · Bolton (A),,,,,,,upcoming,1.563021535970056,1.5926311740885708
E1,Middlesbrough,4,13,16,4,2026-10-31 15:00:00,2026-11-21 15:00:00,0,2,6.411054564844611,0.0,0.0,6.546292626634216,0.0,0.0,0.0,0.0,0.0,0,0.0,0.0,-0.07897418835883432,15.5,0,0,Charlton (H) · Wrexham (A) · Watford (A) · Bristol City (H),,,,,,,upcoming,1.6027636412111528,1.636573156658554
E1,Middlesbrough,5,17,20,4,2026-11-24 19:45:00,2026-12-08 20:00:00,0,2,5.601663786573468,0.0,0.0,5.689931736749031,0.0,0.0,0.0,0.0,0.0,0,0.0,0.0,0.1485508249742295,8.25,0,0,Swansea (H) · Southampton (A) · Derby (H) · West Ham (A),,,,,,,upcoming,1.400415946643367,1.4224829341872578
E1,Middlesbrough,6,21,24,4,2026-12-12 12:30:00,2026-12-29 19:45:00,0,2,6.549302529248353,0.0,0.0,6.679200625461498,0.0,0.0,0.0,0.0,0.0,0,0.0,0.0,-0.11611171756731556,17.0,0,0,Preston (A) · Portsmouth (H) · Sheffield United (A) · Bolton (H),,,,,,,upcoming,1.6373256323120882,1.6698001563653746
E1,Middlesbrough,7,25,28,4,2027-01-01 15:00:00,2027-01-27 19:45:00,0,2,6.703030222478543,0.0,0.0,6.766420736358859,0.0,0.0,0.0,0.0,0.0,0,0.0,0.0,-0.15665121463124093,18.25,0,0,Preston (H) · Cardiff (A) · Charlton (A) · Wrexham (H),,,,,,,upcoming,1.6757575556196358,1.6916051840897148
E1,Middlesbrough,8,29,32,4,2027-01-30 15:00:00,2027-02-17 19:45:00,0,2,6.103767737284633,0.0,0.0,6.274831887340525,0.0,0.0,0.0,0.0,0.0,0,0.0,0.0,0.0056593624710154725,12.0,0,0,Watford (H) · Bristol City (A) · Norwich (A) · Stoke (H),,,,,,,upcoming,1.5259419343211582,1.5687079718351313
E1,Middlesbrough,9,33,36,4,2027-02-20 15:00:00,2027-03-06 15:00:00,0,2,6.167719695763198,0.0,0.0,6.222189795270145,0.0,0.0,0.0,0.0,0.0,0,0.0,0.0,-0.009634090524986899,12.75,0,0,Birmingham (H) · Wolves (A) · Blackburn (H) · Lincoln (A),,,,,,,upcoming,1.5419299239407995,1.5555474488175363
E1,Middlesbrough,10,37,40,4,2027-03-13 15:00:00,2027-04-03 15:00:00,0,2,6.019578719892504,0.0,0.0,6.207018643469718,0.0,0.0,0.0,0.0,0.0,0,0.0,0.0,0.02833834554707205,10.75,0,0,Southampton (H) · Derby (A) · Sheffield United (H) · Portsmouth (A),,,,,,,upcoming,1.504894679973126,1.5517546608674295
E1,Middlesbrough,11,41,44,4,2027-04-06 19:45:00,2027-04-20 19:45:00,0,2,5.994453072560438,0.0,0.0,6.058946420547213,0.0,0.0,0.0,0.0,0.0,0,0.0,0.0,0.034893854729274774,11.0,0,0,Millwall (A) · QPR (H) · West Brom (A) · Burnley (H),,,,,,,upcoming,1.4986132681401094,1.5147366051368032
E1,Middlesbrough,12,45,46,2,2027-04-24 15:00:00,2027-05-01 12:30:00,0,1,2.6462783122019076,0.0,0.0,2.6343854904546946,0.0,0.0,0.0,0.0,0.0,0,0.0,0.0,0.22529131961462057,8.0,0,0,West Ham (H) · Swansea (A),,,,,,,upcoming,1.3231391561009538,1.3171927452273473
E1,Millwall,1,1,4,4,2026-08-15 15:00:00,2026-09-02 19:45:00,4,2,5.415322098764066,5.415322098764066,6.53459914799172,0.0,6.0,8.41,5.78,6.497756005321138,5.179797082420295,4,6.0,8.0,0.07309881548581926,8.75,0,0,Bristol City (A) · Norwich (H) · Southampton (A) · Wrexham (H),0.584677901235934,1.082433906557072,-0.49775600532113806,0.22872161212361414,0.5466587282909003,0.8190852959672987,complete,1.3538305246910165,
E1,Millwall,2,5,8,4,2026-09-05 15:00:00,2026-09-19 12:30:00,1,2,5.379160249479401,1.8247042383892003,1.6181587909936335,3.6003023845933946,3.0,2.22,0.99,2.1397607317566765,1.4020210301924694,1,4.0,0.0,0.08456400811976313,11.25,0,0,Bolton (H) · Blackburn (A) · Middlesbrough (A) · West Ham (H),1.1752957616107997,0.3150564933674762,0.8602392682433235,0.9239247508547492,0.31974388040692553,0.3555254955453,in progress,1.3447900623698503,1.2001007948644649
E1,Millwall,3,9,12,4,2026-10-10 15:00:00,2026-10-24 12:30:00,0,2,6.3506775031071765,0.0,0.0,6.412858535450603,0.0,0.0,0.0,0.0,0.0,0,0.0,0.0,-0.1822973704090866,19.25,0,0,Preston (A) · Swansea (H) · Lincoln (H) · Portsmouth (A),,,,,,,upcoming,1.5876693757767941,1.6032146338626507
E1,Millwall,4,13,16,4,2026-10-31 15:00:00,2026-11-21 12:30:00,0,2,5.6608586565068,0.0,0.0,5.799784263712224,0.0,0.0,0.0,0.0,0.0,0,0.0,0.0,0.007058049918885329,12.0,0,0,Derby (H) · Birmingham (A) · West Brom (A) · QPR (H),,,,,,,upcoming,1.4152146641267,1.449946065928056
E1,Millwall,5,17,20,4,2026-11-25 20:00:00,2026-12-08 19:45:00,0,2,5.486886710797196,0.0,0.0,5.712533294716298,0.0,0.0,0.0,0.0,0.0,0,0.0,0.0,0.052522948660673474,9.75,0,0,Stoke (A) · Burnley (H) · Watford (A) · Sheffield United (H),,,,,,,upcoming,1.371721677699299,1.4281333236790745
E1,Millwall,6,21,24,4,2026-12-12 15:00:00,2026-12-29 19:45:00,0,2,5.993728843583022,0.0,0.0,6.100240669722671,0.0,0.0,0.0,0.0,0.0,0,0.0,0.0,-0.08071924925967085,16.0,0,0,Wolves (A) · Charlton (H) · Cardiff (A) · Portsmouth (H),,,,,,,upcoming,1.4984322108957555,1.5250601674306679
E1,Millwall,7,25,28,4,2027-01-01 12:30:00,2027-01-26 19:45:00,0,2,5.595092320920076,0.0,0.0,5.7166987236699045,0.0,0.0,0.0,0.0,0.0,0,0.0,0.0,0.023311025696791707,11.0,0,0,Wolves (H) · Lincoln (A) · Derby (A) · Birmingham (H),,,,,,,upcoming,1.398773080230019,1.4291746809174761
E1,Millwall,8,29,32,4,2027-01-30 15:00:00,2027-02-17 19:45:00,0,2,5.966025736350939,0.0,0.0,6.051234084453244,0.0,0.0,0.0,0.0,0.0,0,0.0,0.0,-0.07707984428856107,16.0,0,0,West Brom (H) · QPR (A) · Blackburn (H) · Swansea (A),,,,,,,upcoming,1.4915064340877346,1.512808521113311
E1,Millwall,9,33,36,4,2027-02-21 12:00:00,2027-03-06 15:00:00,0,2,5.3372119981290735,0.0,0.0,5.428885874473597,0.0,0.0,0.0,0.0,0.0,0,0.0,0.0,0.10496782857996106,10.5,0,0,West Ham (A) · Preston (H) · Norwich (A) · Bristol City (H),,,,,,,upcoming,1.3343029995322684,1.3572214686183992
E1,Millwall,10,37,40,4,2027-03-13 15:00:00,2027-04-03 12:30:00,0,2,6.081746802454217,0.0,0.0,6.239264237797046,0.0,0.0,0.0,0.0,0.0,0,0.0,0.0,-0.10651750021119605,16.0,0,0,Burnley (A) · Watford (H) · Cardiff (H) · Charlton (A),,,,,,,upcoming,1.5204367006135542,1.5598160594492616
E1,Millwall,11,41,44,4,2027-04-06 19:45:00,2027-04-20 19:45:00,0,2,5.544817467587322,0.0,0.0,5.647081541877406,0.0,0.0,0.0,0.0,0.0,0,0.0,0.0,0.03709522137003197,9.75,0,0,Middlesbrough (H) · Bolton (A) · Southampton (H) · Wrexham (A),,,,,,,upcoming,1.3862043668968305,1.4117703854693515
E1,Millwall,12,45,46,2,2027-04-24 15:00:00,2027-05-01 12:30:00,0,1,2.7326076396063117,0.0,0.0,2.861078465913346,0.0,0.0,0.0,0.0,0.0,0,0.0,0.0,0.05991549450065675,9.5,0,0,Sheffield United (A) · Stoke (H),,,,,,,upcoming,1.3663038198031559,1.430539232956673
E1,Norwich,1,1,4,4,2026-08-15 15:00:00,2026-09-01 20:00:00,4,2,5.534306702903478,5.534306702903478,6.565379964007542,0.0,3.0,6.91,6.549999999999999,6.315310590245556,6.405217097096918,4,5.0,7.0,0.07129681534361278,9.5,0,0,West Brom (H) · Millwall (A) · Burnley (H) · Stoke (A),-2.5343067029034776,0.7810038873420782,-3.3153105902455557,-0.9890750336912467,0.39350262842707223,0.3226264317022449,complete,1.3835766757258694,
E1,Norwich,2,5,8,4,2026-09-05 15:00:00,2026-09-20 13:30:00,2,2,5.656435492266976,2.6978670906468567,3.272543367651112,2.9598447933905074,6.0,2.8499999999999996,2.82,2.807454317153583,0.9972715251197632,1,5.0,2.0,0.03927949860824107,9.75,0,0,Sheffield United (A) · Birmingham (H) · Middlesbrough (A) · Bolton (H),3.3021329093531433,0.10958722650672614,3.192545682846417,1.8253739322394125,0.07820627581366439,0.0679446202937839,in progress,1.414108873066744,1.4799223966952537
E1,Norwich,3,9,12,4,2026-10-10 12:30:00,2026-10-24 12:30:00,0,2,6.101461983967377,0.0,0.0,6.114115529975191,0.0,0.0,0.0,0.0,0.0,0,0.0,0.0,-0.08274926994723361,15.25,0,0,Swansea (A) · Southampton (H) · Portsmouth (H) · Charlton (A),,,,,,,upcoming,1.5253654959918443,1.5285288824937977
E1,Norwich,4,13,16,4,2026-10-31 12:30:00,2026-11-21 12:30:00,0,2,6.109518478807887,0.0,0.0,6.205280021175334,0.0,0.0,0.0,0.0,0.0,0,0.0,0.0,-0.08492803309995205,15.75,0,0,Watford (H) · Derby (A) · Bristol City (A) · Cardiff (H),,,,,,,upcoming,1.5273796197019718,1.5513200052938334
E1,Norwich,5,17,20,4,2026-11-24 19:45:00,2026-12-08 19:45:00,0,2,6.112787759115269,0.0,0.0,6.0920845706577635,0.0,0.0,0.0,0.0,0.0,0,0.0,0.0,-0.08587845928307163,16.25,0,0,QPR (H) · Preston (A) · Wrexham (H) · Blackburn (A),,,,,,,upcoming,1.5281969397788173,1.5230211426644409
E1,Norwich,6,21,24,4,2026-12-12 15:00:00,2026-12-29 19:45:00,0,2,5.650577368760884,0.0,0.0,5.611209697268096,0.0,0.0,0.0,0.0,0.0,0,0.0,0.0,0.04840765124363018,12.5,0,0,Lincoln (A) · Wolves (H) · West Ham (A) · Charlton (H),,,,,,,upcoming,1.412644342190221,1.402802424317024
E1,Norwich,7,25,28,4,2027-01-01 15:00:00,2027-01-26 19:45:00,0,2,6.3068128709666365,0.0,0.0,6.376083206959402,0.0,0.0,0.0,0.0,0.0,0,0.0,0.0,-0.1397675434081142,17.5,0,0,Lincoln (H) · Portsmouth (A) · Watford (A) · Derby (H),,,,,,,upcoming,1.5767032177416591,1.5940208017398505
E1,Norwich,8,29,32,4,2027-01-30 15:00:00,2027-02-17 19:45:00,0,2,5.734910738937233,0.0,0.0,5.731095861124333,0.0,0.0,0.0,0.0,0.0,0,0.0,0.0,0.017321264281583947,10.75,0,0,Bristol City (H) · Cardiff (A) · Middlesbrough (H) · Southampton (A),,,,,,,upcoming,1.4337276847343083,1.4327739652810831
E1,Norwich,9,33,36,4,2027-02-20 15:00:00,2027-03-06 15:00:00,0,2,6.0331463060656185,0.0,0.0,6.0166695230785034,0.0,0.0,0.0,0.0,0.0,0,0.0,0.0,-0.06401794817521485,15.0,0,0,Bolton (A) · Swansea (H) · Millwall (H) · West Brom (A),,,,,,,upcoming,1.5082865765164046,1.5041673807696259
E1,Norwich,10,37,40,4,2027-03-13 15:00:00,2027-04-03 15:00:00,0,2,5.1482353728696095,0.0,0.0,5.095073599741778,0.0,0.0,0.0,0.0,0.0,0,0.0,0.0,0.18004241739958785,8.0,0,0,Preston (H) · Wrexham (A) · West Ham (H) · Wolves (A),,,,,,,upcoming,1.2870588432174024,1.2737683999354446
E1,Norwich,11,41,44,4,2027-04-07 20:00:00,2027-04-20 19:45:00,0,2,5.399315393474069,0.0,0.0,5.489065836153946,0.0,0.0,0.0,0.0,0.0,0,0.0,0.0,0.10973078952273682,7.25,0,0,Birmingham (A) · Sheffield United (H) · Burnley (A) · Stoke (H),,,,,,,upcoming,1.3498288483685172,1.3722664590384865
E1,Norwich,12,45,46,2,2027-04-24 15:00:00,2027-05-01 12:30:00,0,1,3.1133099333989813,0.0,0.0,3.107461182408618,0.0,0.0,0.0,0.0,0.0,0,0.0,0.0,-0.11661989254674371,18.0,0,0,Blackburn (H) · QPR (A),,,,,,,upcoming,1.5566549666994907,1.553730591204309
E1,Portsmouth,1,1,4,4,2026-08-15 15:00:00,2026-09-01 19:45:00,4,2,5.448071944457114,5.448071944457113,6.551926115711444,0.0,3.0,5.71,6.0,5.418118173824624,5.50998471336361,4,5.0,8.0,-0.11881739915270045,16.75,0,0,QPR (H) · Lincoln (A) · Bristol City (A) · Derby (H),-2.448071944457113,-0.029953770632489274,-2.418118173824624,-0.9564002503364224,-0.015107457425647446,0.3388700583071267,complete,1.3620179861142785,
E1,Portsmouth,2,5,8,4,2026-09-05 15:00:00,2026-10-11 12:00:00,1,2,5.486692497835225,1.6457316490157963,1.6737191493443806,3.8637864535715347,3.0,1.63,1.23,1.6342709011778698,1.3768113530869948,1,2.0,0.0,-0.12612265267640055,17.0,0,0,Cardiff (H) · Charlton (A) · Blackburn (H) · Southampton (A),1.3542683509842037,-0.0114607478379265,1.3657290988221302,1.0467993316751778,-0.0114365765038152,0.29519213870289307,in progress,1.3716731244588063,1.2879288178571782
E1,Portsmouth,3,9,12,4,2026-10-14 19:45:00,2026-10-24 12:30:00,0,2,4.534206995962253,0.0,0.0,4.517539480412987,0.0,0.0,0.0,0.0,0.0,0,0.0,0.0,0.14010945005990824,6.75,0,0,Sheffield United (H) · Norwich (A) · Wolves (A) · Millwall (H),,,,,,,upcoming,1.1335517489905633,1.1293848701032467
E1,Portsmouth,4,13,16,4,2026-10-31 15:00:00,2026-11-21 15:00:00,0,2,5.116054485030564,0.0,0.0,5.146918336840329,0.0,0.0,0.0,0.0,0.0,0,0.0,0.0,-0.02491601648672568,13.0,0,0,Burnley (A) · Swansea (H) · Stoke (H) · Bolton (A),,,,,,,upcoming,1.279013621257641,1.2867295842100823
E1,Portsmouth,5,17,20,4,2026-11-24 19:45:00,2026-12-09 19:45:00,0,2,4.655470782254799,0.0,0.0,4.598424927205511,0.0,0.0,0.0,0.0,0.0,0,0.0,0.0,0.10200360938166309,10.75,0,0,West Ham (H) · Wrexham (A) · West Brom (H) · Preston (A),,,,,,,upcoming,1.1638676955636997,1.1496062318013778
E1,Portsmouth,6,21,24,4,2026-12-12 15:00:00,2026-12-29 19:45:00,0,2,4.764246441505736,0.0,0.0,4.70857220108487,0.0,0.0,0.0,0.0,0.0,0,0.0,0.0,0.07351580635787155,8.75,0,0,Birmingham (H) · Middlesbrough (A) · Watford (H) · Millwall (A),,,,,,,upcoming,1.191061610376434,1.1771430502712175
E1,Portsmouth,7,25,28,4,2027-01-01 15:00:00,2027-01-27 19:45:00,0,2,4.703220700959813,0.0,0.0,4.671961260129684,0.0,0.0,0.0,0.0,0.0,0,0.0,0.0,0.0867112438665703,8.0,0,0,Birmingham (A) · Norwich (H) · Burnley (H) · Swansea (A),,,,,,,upcoming,1.1758051752399532,1.167990315032421
E1,Portsmouth,8,29,32,4,2027-01-30 15:00:00,2027-02-16 19:45:00,0,2,5.403856447375792,0.0,0.0,5.4909244960413615,0.0,0.0,0.0,0.0,0.0,0,0.0,0.0,-0.10209487769381786,16.0,0,0,Stoke (A) · Bolton (H) · Charlton (H) · Sheffield United (A),,,,,,,upcoming,1.350964111843948,1.3727311240103404
E1,Portsmouth,9,33,36,4,2027-02-20 15:00:00,2027-03-06 15:00:00,0,2,5.430262209510876,0.0,0.0,5.38233080237435,0.0,0.0,0.0,0.0,0.0,0,0.0,0.0,-0.1140898466641749,16.25,0,0,Blackburn (A) · Southampton (H) · Lincoln (H) · QPR (A),,,,,,,upcoming,1.357565552377719,1.3455827005935874
E1,Portsmouth,10,37,40,4,2027-03-13 15:00:00,2027-04-03 15:00:00,0,2,4.862070702425947,0.0,0.0,4.8374079011673405,0.0,0.0,0.0,0.0,0.0,0,0.0,0.0,0.04093950664773904,10.25,0,0,Wrexham (H) · West Brom (A) · Watford (A) · Middlesbrough (H),,,,,,,upcoming,1.2155176756064867,1.2093519752918351
E1,Portsmouth,11,41,44,4,2027-04-06 19:45:00,2027-04-20 19:45:00,0,2,4.955079288237751,0.0,0.0,4.987436600244903,0.0,0.0,0.0,0.0,0.0,0,0.0,0.0,0.016052300378420835,12.25,0,0,Wolves (H) · Cardiff (A) · Bristol City (H) · Derby (A),,,,,,,upcoming,1.2387698220594376,1.2468591500612258
E1,Portsmouth,12,45,46,2,2027-04-24 15:00:00,2027-05-01 12:30:00,0,1,2.2653700333276183,0.0,0.0,2.218479104116824,0.0,0.0,0.0,0.0,0.0,0,0.0,0.0,0.16843230372523713,10.5,0,0,Preston (H) · West Ham (A),,,,,,,upcoming,1.1326850166638092,1.109239552058412
E1,Preston,1,1,4,4,2026-08-15 12:30:00,2026-09-01 19:45:00,4,2,4.970029867792395,4.970029867792395,6.420475926348607,0.0,0.0,4.66,4.53,5.471742066024102,4.691517657777414,4,3.0,9.0,-0.058970239818230054,15.25,0,0,Bolton (A) · Wolves (H) · Charlton (A) · Bristol City (H),-4.970029867792395,0.501712198231707,-5.471742066024102,-1.961441625936337,0.2556203493761444,0.049827528224072326,complete,1.2425074669480987,
E1,Preston,2,5,8,4,2026-09-05 12:30:00,2026-09-19 15:00:00,2,2,5.390052165976676,2.5793133264648542,3.21475801297364,2.780392111452823,3.0,3.44,2.8,3.222712473294699,1.4963696051367976,1,3.0,3.0,-0.17159105337405525,19.0,0,0,Blackburn (H) · Watford (A) · Lincoln (H) · QPR (A),0.42068667353514577,0.6433991468298448,-0.222712473294699,0.23463057826148206,0.46326630303764343,0.8144954739560435,in progress,1.347513041494169,1.3901960557264115
E1,Preston,3,9,12,4,2026-10-10 15:00:00,2026-10-24 15:00:00,0,2,4.53225828700538,0.0,0.0,4.53939546908947,0.0,0.0,0.0,0.0,0.0,0,0.0,0.0,0.06815121474822156,9.5,0,0,Millwall (H) · Birmingham (A) · Wrexham (A) · West Brom (H),,,,,,,upcoming,1.133064571751345,1.1348488672723676
E1,Preston,4,13,16,4,2026-10-31 12:30:00,2026-11-21 15:00:00,0,2,4.1325740737230285,0.0,0.0,4.221791050629051,0.0,0.0,0.0,0.0,0.0,0,0.0,0.0,0.19408955089112345,6.25,0,0,Stoke (A) · Sheffield United (H) · Southampton (H) · West Ham (A),,,,,,,upcoming,1.0331435184307571,1.0554477626572627
E1,Preston,5,17,20,4,2026-11-24 19:45:00,2026-12-09 19:45:00,0,2,4.836835030542603,0.0,0.0,4.883386339072215,0.0,0.0,0.0,0.0,0.0,0,0.0,0.0,-0.016836097840892496,12.5,0,0,Cardiff (A) · Norwich (H) · Burnley (A) · Portsmouth (H),,,,,,,upcoming,1.2092087576356507,1.2208465847680539
E1,Preston,6,21,24,4,2026-12-12 12:30:00,2026-12-29 19:45:00,0,2,4.651290313110567,0.0,0.0,4.714107605259587,0.0,0.0,0.0,0.0,0.0,0,0.0,0.0,0.030512595922577074,10.75,0,0,Middlesbrough (H) · Swansea (A) · Derby (H) · West Brom (A),,,,,,,upcoming,1.1628225782776418,1.1785269013148967
E1,Preston,7,25,28,4,2027-01-01 15:00:00,2027-01-26 19:45:00,0,2,4.437968012410951,0.0,0.0,4.524427333971729,0.0,0.0,0.0,0.0,0.0,0,0.0,0.0,0.09568221478965219,7.75,0,0,Middlesbrough (A) · Wrexham (H) · Stoke (H) · Sheffield United (A),,,,,,,upcoming,1.1094920031027378,1.1311068334929322
E1,Preston,8,29,32,4,2027-01-30 15:00:00,2027-02-16 19:45:00,0,2,4.392767595397055,0.0,0.0,4.3675380127944825,0.0,0.0,0.0,0.0,0.0,0,0.0,0.0,0.10805853740217503,9.0,0,0,Southampton (A) · West Ham (H) · Lincoln (A) · Birmingham (H),,,,,,,upcoming,1.0981918988492638,1.0918845031986206
E1,Preston,9,33,36,4,2027-02-20 15:00:00,2027-03-06 15:00:00,0,2,4.792458244428987,0.0,0.0,4.790772136690345,0.0,0.0,0.0,0.0,0.0,0,0.0,0.0,0.004237008457682233,12.75,0,0,QPR (H) · Millwall (A) · Wolves (A) · Bolton (H),,,,,,,upcoming,1.1981145611072468,1.1976930341725862
E1,Preston,10,37,40,4,2027-03-13 15:00:00,2027-04-03 15:00:00,0,2,4.571880804019877,0.0,0.0,4.6605886748476815,0.0,0.0,0.0,0.0,0.0,0,0.0,0.0,0.055633847813578725,9.5,0,0,Norwich (A) · Burnley (H) · Derby (A) · Swansea (H),,,,,,,upcoming,1.1429702010049692,1.1651471687119204
E1,Preston,11,41,44,4,2027-04-07 19:45:00,2027-04-21 19:45:00,0,2,5.23391681526394,0.0,0.0,5.356068148799668,0.0,0.0,0.0,0.0,0.0,0,0.0,0.0,-0.12836127818217044,18.0,0,0,Watford (H) · Blackburn (A) · Charlton (H) · Bristol City (A),,,,,,,upcoming,1.308479203815985,1.339017037199917
E1,Preston,12,45,46,2,2027-04-24 15:00:00,2027-05-01 12:30:00,0,1,2.702986691798217,0.0,0.0,2.709910830224953,0.0,0.0,0.0,0.0,0.0,0,0.0,0.0,-0.1761018486420736,19.5,0,0,Portsmouth (A) · Cardiff (H),,,,,,,upcoming,1.3514933458991085,1.3549554151124765
E1,QPR,1,1,4,4,2026-08-15 15:00:00,2026-09-02 19:45:00,4,2,5.694932795869818,5.694932795869818,6.520420110625433,0.0,10.0,7.9,3.74,8.169440704412727,6.072464943670077,4,7.0,3.0,-0.18099604861291582,20.0,0,0,Portsmouth (A) · Bolton (H) · Blackburn (A) · Cardiff (H),4.305067204130182,2.4745079085429094,1.830559295587273,1.6859401225874617,1.2510522025864104,0.09180733291274468,complete,1.4237331989674544,
E1,QPR,2,5,8,4,2026-09-05 15:00:00,2026-09-19 15:00:00,2,2,5.286062682536774,2.594392700611637,3.270554595815282,2.7407121687645395,1.0,2.34,2.87,2.380290426146944,1.090088986230874,1,0.0,1.0,-0.06996952889616045,14.75,0,0,Middlesbrough (H) · Charlton (A) · West Brom (A) · Preston (H),-1.5943927006116372,-0.2141022744646932,-1.380290426146944,-0.8816264188627697,-0.1528392697889842,0.37797886361457866,in progress,1.3215156706341935,1.3703560843822697
E1,QPR,3,9,12,4,2026-10-09 20:00:00,2026-10-24 15:00:00,0,2,4.56074563269219,0.0,0.0,4.655609021387573,0.0,0.0,0.0,0.0,0.0,0,0.0,0.0,0.14825745912641253,8.5,0,0,West Ham (A) · Derby (H) · Birmingham (A) · Swansea (H),,,,,,,upcoming,1.1401864081730475,1.1639022553468932
E1,QPR,4,13,16,4,2026-10-31 15:00:00,2026-11-21 12:30:00,0,2,5.019520766071098,0.0,0.0,5.096713398749799,0.0,0.0,0.0,0.0,0.0,0,0.0,0.0,0.007667703738688619,10.75,0,0,Southampton (A) · Burnley (H) · Lincoln (H) · Millwall (A),,,,,,,upcoming,1.2548801915177745,1.2741783496874497
E1,QPR,5,17,20,4,2026-11-24 19:45:00,2026-12-08 19:45:00,0,2,4.557685351521378,0.0,0.0,4.726459805738868,0.0,0.0,0.0,0.0,0.0,0,0.0,0.0,0.13186121944646756,7.0,0,0,Norwich (A) · Sheffield United (H) · Stoke (A) · Wolves (H),,,,,,,upcoming,1.1394213378803446,1.181614951434717
E1,QPR,6,21,24,4,2026-12-12 12:30:00,2026-12-29 19:45:00,0,2,5.134632730596983,0.0,0.0,5.254242465761909,0.0,0.0,0.0,0.0,0.0,0,0.0,0.0,-0.02703695341746475,13.5,0,0,Watford (H) · Wrexham (A) · Bristol City (H) · Swansea (A),,,,,,,upcoming,1.2836581826492457,1.3135606164404772
E1,QPR,7,25,28,4,2027-01-01 15:00:00,2027-01-26 19:45:00,0,2,4.712331706510662,0.0,0.0,4.844728163597605,0.0,0.0,0.0,0.0,0.0,0,0.0,0.0,0.0895477626302559,7.75,0,0,Watford (A) · Birmingham (H) · Southampton (H) · Burnley (A),,,,,,,upcoming,1.1780829266276656,1.2111820408994012
E1,QPR,8,29,32,4,2027-01-30 15:00:00,2027-02-16 19:45:00,0,2,5.288624233507159,0.0,0.0,5.406572013816174,0.0,0.0,0.0,0.0,0.0,0,0.0,0.0,-0.07105322046404983,14.75,0,0,Lincoln (A) · Millwall (H) · West Brom (H) · Derby (A),,,,,,,upcoming,1.3221560583767897,1.3516430034540434
E1,QPR,9,33,36,4,2027-02-20 15:00:00,2027-03-06 15:00:00,0,2,5.062612933579629,0.0,0.0,5.151064655630064,0.0,0.0,0.0,0.0,0.0,0,0.0,0.0,-0.006804695781023315,15.25,0,0,Preston (A) · West Ham (H) · Bolton (A) · Portsmouth (H),,,,,,,upcoming,1.2656532333949073,1.287766163907516
E1,QPR,10,37,40,4,2027-03-13 15:00:00,2027-04-03 15:00:00,0,2,4.872111294908904,0.0,0.0,5.067807945430242,0.0,0.0,0.0,0.0,0.0,0,0.0,0.0,0.04463221730850098,10.5,0,0,Sheffield United (A) · Stoke (H) · Bristol City (A) · Wrexham (H),,,,,,,upcoming,1.218027823727226,1.2669519863575605
E1,QPR,11,41,44,4,2027-04-06 19:45:00,2027-04-21 19:45:00,0,2,5.458816428125685,0.0,0.0,5.560578991912695,0.0,0.0,0.0,0.0,0.0,0,0.0,0.0,-0.11274532390555346,16.5,0,0,Charlton (H) · Middlesbrough (A) · Blackburn (H) · Cardiff (A),,,,,,,upcoming,1.3647041070314212,1.3901447479781737
E1,QPR,12,45,46,2,2027-04-24 15:00:00,2027-05-01 12:30:00,0,1,2.1684302358323997,0.0,0.0,2.212953881691538,0.0,0.0,0.0,0.0,0.0,0,0.0,0.0,0.20380694439227837,4.5,0,0,Wolves (A) · Norwich (H),,,,,,,upcoming,1.0842151179161998,1.106476940845769
E1,Sheffield United,1,1,4,4,2026-08-15 17:30:00,2026-09-01 19:45:00,4,2,6.132636133680376,6.132636133680376,6.618276465649857,0.0,6.0,5.6,6.02,5.212715219820231,6.341631331961647,4,5.0,4.0,-0.10606807869728042,16.0,0,0,Birmingham (H) · Swansea (A) · Cardiff (A) · Bolton (H),-0.13263613368037586,-0.9199209138601452,0.7872847801797693,-0.05155720924637342,-0.46163891827170445,0.9588815160384561,complete,1.533159033420094,
E1,Sheffield United,2,5,8,4,2026-09-05 15:00:00,2026-09-19 12:30:00,2,2,5.446610177385628,2.8923218900531125,3.3432277604383787,2.519415278231679,3.0,1.4100000000000001,3.55,1.2989704116809764,1.150351199139404,1,3.0,4.0,0.07999648653710532,9.75,0,0,Norwich (H) · Blackburn (A) · Wolves (H) · Stoke (A),0.10767810994688753,-1.593351478372136,1.7010295883190236,0.05889039152861971,-1.1250011860449751,0.9530394112196832,in progress,1.361652544346407,1.2597076391158395
E1,Sheffield United,3,9,12,4,2026-10-10 15:00:00,2026-10-24 12:30:00,0,2,6.181557098351172,0.0,0.0,6.115587625483707,0.0,0.0,0.0,0.0,0.0,0,0.0,0.0,-0.11993900540853801,17.0,0,0,Lincoln (H) · Portsmouth (A) · Bristol City (A) · Derby (H),,,,,,,upcoming,1.545389274587793,1.5288969063709268
E1,Sheffield United,4,13,16,4,2026-10-30 20:00:00,2026-11-21 15:00:00,0,2,6.190691240665857,0.0,0.0,6.0711755280838045,0.0,0.0,0.0,0.0,0.0,0,0.0,0.0,-0.12121717142670671,17.0,0,0,Wrexham (H) · Preston (A) · Charlton (A) · Watford (H),,,,,,,upcoming,1.5476728101664643,1.5177938820209511
E1,Sheffield United,5,17,20,4,2026-11-24 19:45:00,2026-12-08 19:45:00,0,2,5.180067676405929,0.0,0.0,4.971392909109779,0.0,0.0,0.0,0.0,0.0,0,0.0,0.0,0.15351893149927665,8.25,0,0,Southampton (H) · QPR (A) · West Ham (H) · Millwall (A),,,,,,,upcoming,1.2950169191014822,1.2428482272774448
E1,Sheffield United,6,21,24,4,2026-12-12 15:00:00,2026-12-29 19:45:00,0,2,5.3917752393622385,0.0,0.0,5.323568721034091,0.0,0.0,0.0,0.0,0.0,0,0.0,0.0,0.09478922080855952,8.0,0,0,Burnley (H) · West Brom (A) · Middlesbrough (H) · Derby (A),,,,,,,upcoming,1.3479438098405596,1.3308921802585227
E1,Sheffield United,7,25,28,4,2027-01-01 17:30:00,2027-01-26 19:45:00,0,2,5.696417827942918,0.0,0.0,5.592345617297674,0.0,0.0,0.0,0.0,0.0,0,0.0,0.0,0.014825226400221526,11.75,0,0,Burnley (A) · Bristol City (H) · Wrexham (A) · Preston (H),,,,,,,upcoming,1.4241044569857295,1.3980864043244186
E1,Sheffield United,8,29,32,4,2027-01-30 15:00:00,2027-02-16 19:45:00,0,2,5.9223997605099195,0.0,0.0,5.82268097647181,0.0,0.0,0.0,0.0,0.0,0,0.0,0.0,-0.04528520605513663,14.75,0,0,Charlton (H) · Watford (A) · Wolves (A) · Portsmouth (H),,,,,,,upcoming,1.4805999401274799,1.4556702441179525
E1,Sheffield United,9,33,36,4,2027-02-20 15:00:00,2027-03-06 15:00:00,0,2,5.988546910260086,0.0,0.0,5.830337766051369,0.0,0.0,0.0,0.0,0.0,0,0.0,0.0,-0.06515051760855153,14.0,0,0,Stoke (H) · Lincoln (A) · Swansea (H) · Birmingham (A),,,,,,,upcoming,1.4971367275650216,1.4575844415128423
E1,Sheffield United,10,37,40,4,2027-03-13 15:00:00,2027-04-03 15:00:00,0,2,5.237181284897102,0.0,0.0,5.043447978667805,0.0,0.0,0.0,0.0,0.0,0,0.0,0.0,0.14895538301142525,8.5,0,0,QPR (H) · West Ham (A) · Middlesbrough (A) · West Brom (H),,,,,,,upcoming,1.3092953212242755,1.2608619946669513
E1,Sheffield United,11,41,44,4,2027-04-07 19:45:00,2027-04-20 19:45:00,0,2,6.215945858352352,0.0,0.0,6.096748160070414,0.0,0.0,0.0,0.0,0.0,0,0.0,0.0,-0.12745602877864695,17.25,0,0,Blackburn (H) · Norwich (A) · Cardiff (H) · Bolton (A),,,,,,,upcoming,1.553986464588088,1.5241870400176034
E1,Sheffield United,12,45,46,2,2027-04-24 15:00:00,2027-05-01 12:30:00,0,1,2.687977037347479,0.0,0.0,2.599045491289858,0.0,0.0,0.0,0.0,0.0,0,0.0,0.0,0.10131424615398804,7.5,0,0,Millwall (H) · Southampton (A),,,,,,,upcoming,1.3439885186737395,1.299522745644929
E1,Southampton,1,1,4,4,2026-08-16 13:30:00,2026-09-01 20:00:00,4,2,5.798702465452249,5.798702465452248,6.607943854524572,0.0,7.0,8.14,5.0,7.21967621607816,6.758430648336697,4,10.0,5.0,0.03527144298285,10.75,0,0,Watford (A) · Stoke (H) · Millwall (H) · Birmingham (A),1.2012975345477521,1.4209737506259117,-0.21967621607815957,0.46732327721470523,0.7136368343295351,0.6402686050670492,complete,1.4496756163630622,
E1,Southampton,2,5,8,4,2026-09-05 12:30:00,2026-09-19 15:00:00,2,2,6.2715274463694595,3.3610302740054796,3.3309442266676665,2.9307444533906226,4.0,2.51,4.22,1.9603992215469777,1.9274563708808177,1,4.0,2.0,-0.09259157416611526,15.5,0,0,Lincoln (A) · Swansea (H) · Bristol City (H) · Wrexham (A),0.6389697259945204,-1.400631052458502,2.039600778453022,0.3501036202132999,-0.9907508301877064,0.7262609340894655,in progress,1.5678818615923649,1.4653722266953113
E1,Southampton,3,9,12,4,2026-10-11 12:00:00,2026-10-24 15:00:00,0,2,5.719561249052981,0.0,0.0,5.717196033394075,0.0,0.0,0.0,0.0,0.0,0,0.0,0.0,0.06425937435707206,12.0,0,0,Portsmouth (H) · Norwich (A) · Bolton (H) · West Ham (A),,,,,,,upcoming,1.4298903122632451,1.4292990083485186
E1,Southampton,4,13,16,4,2026-10-31 15:00:00,2026-11-21 12:30:00,0,2,6.195206503822133,0.0,0.0,6.230327787327702,0.0,0.0,0.0,0.0,0.0,0,0.0,0.0,-0.0725642360114742,15.5,0,0,QPR (H) · West Brom (A) · Preston (A) · Derby (H),,,,,,,upcoming,1.5488016259555333,1.5575819468319254
E1,Southampton,5,17,20,4,2026-11-24 19:45:00,2026-12-09 20:00:00,0,2,5.228511962545037,0.0,0.0,5.257587655434111,0.0,0.0,0.0,0.0,0.0,0,0.0,0.0,0.1917476455140679,4.25,0,0,Sheffield United (A) · Middlesbrough (H) · Wolves (A) · Burnley (H),,,,,,,upcoming,1.3071279906362592,1.3143969138585279
E1,Southampton,6,21,24,4,2026-12-12 15:00:00,2026-12-29 20:15:00,0,2,6.037693384850672,0.0,0.0,6.030307426841241,0.0,0.0,0.0,0.0,0.0,0,0.0,0.0,-0.029266776103333225,16.0,0,0,Cardiff (A) · Blackburn (H) · Charlton (A) · West Ham (H),,,,,,,upcoming,1.509423346212668,1.5075768567103103
E1,Southampton,7,25,28,4,2027-01-01 15:00:00,2027-01-26 19:45:00,0,2,6.479802662155174,0.0,0.0,6.469168893757637,0.0,0.0,0.0,0.0,0.0,0,0.0,0.0,-0.15011824548392333,18.25,0,0,Cardiff (H) · Bolton (A) · QPR (A) · West Brom (H),,,,,,,upcoming,1.6199506655387934,1.6172922234394091
E1,Southampton,8,29,32,4,2027-01-30 15:00:00,2027-02-17 19:45:00,0,2,6.0116004992523315,0.0,0.0,6.0913561643661565,0.0,0.0,0.0,0.0,0.0,0,0.0,0.0,-0.023258809893914798,13.25,0,0,Preston (H) · Derby (A) · Bristol City (A) · Norwich (H),,,,,,,upcoming,1.5029001248130829,1.5228390410915391
E1,Southampton,9,33,36,4,2027-02-20 15:00:00,2027-03-06 15:00:00,0,2,6.019875690238511,0.0,0.0,6.0794178293577446,0.0,0.0,0.0,0.0,0.0,0,0.0,0.0,-0.025136776952200297,13.5,0,0,Wrexham (H) · Portsmouth (A) · Stoke (A) · Watford (H),,,,,,,upcoming,1.5049689225596277,1.5198544573394361
E1,Southampton,10,37,40,4,2027-03-13 15:00:00,2027-04-03 15:00:00,0,2,5.8387851486404685,0.0,0.0,5.848828938056731,0.0,0.0,0.0,0.0,0.0,0,0.0,0.0,0.02366905277735364,11.75,0,0,Middlesbrough (A) · Wolves (H) · Charlton (H) · Blackburn (A),,,,,,,upcoming,1.4596962871601171,1.4622072345141828
E1,Southampton,11,41,44,4,2027-04-06 19:45:00,2027-04-20 19:45:00,0,2,6.1303944878456,0.0,0.0,6.050789010823195,0.0,0.0,0.0,0.0,0.0,0,0.0,0.0,-0.05690228699511082,13.75,0,0,Swansea (A) · Lincoln (H) · Millwall (A) · Birmingham (H),,,,,,,upcoming,1.5325986219614,1.5126972527057987
E1,Southampton,12,45,46,2,2027-04-24 15:00:00,2027-05-01 12:30:00,0,1,2.7175950793317387,0.0,0.0,2.774580090202475,0.0,0.0,0.0,0.0,0.0,0,0.0,0.0,0.135230525814001,6.0,0,0,Burnley (A) · Sheffield United (H),,,,,,,upcoming,1.3587975396658694,1.3872900451012375
E1,Stoke,1,1,4,4,2026-08-15 15:00:00,2026-09-01 20:00:00,4,2,5.148482419504909,5.148482419504909,6.296309677043998,0.0,3.0,2.67,6.75,2.8074472196287403,4.276202659364721,4,4.0,9.0,0.11769325543038218,7.25,0,0,Swansea (H) · Southampton (A) · Wolves (A) · Norwich (H),-2.1484824195049086,-2.3410351998761683,0.19255278037125967,-0.8562266955992326,-1.2044513938068528,0.39187239911514693,complete,1.2871206048762271,
E1,Stoke,2,5,8,4,2026-09-05 12:30:00,2026-09-19 12:30:00,2,2,6.0443728546103195,3.255548933695695,3.2931127222311103,2.7585597363615526,4.0,3.1100000000000003,3.2800000000000002,2.861929800294541,1.2378548895899053,1,5.0,1.0,-0.13175912647691865,17.0,0,0,Charlton (H) · Cardiff (A) · Watford (A) · Sheffield United (H),0.7444510663043049,-0.3936191334011543,1.1380701997054592,0.4102351394688003,-0.28002530394760333,0.6816334661700476,in progress,1.5110932136525799,1.3792798681807763
E1,Stoke,3,9,12,4,2026-10-10 15:00:00,2026-10-24 15:00:00,0,2,5.622497905975804,0.0,0.0,5.538228093683849,0.0,0.0,0.0,0.0,0.0,0,0.0,0.0,-0.017019420941829705,12.75,0,0,Bolton (A) · Middlesbrough (H) · Derby (A) · Bristol City (H),,,,,,,upcoming,1.405624476493951,1.3845570234209623
E1,Stoke,4,13,16,4,2026-10-31 12:30:00,2026-11-21 15:00:00,0,2,5.825592564377317,0.0,0.0,5.663308644714028,0.0,0.0,0.0,0.0,0.0,0,0.0,0.0,-0.07236464308747512,15.75,0,0,Preston (H) · Blackburn (A) · Portsmouth (A) · Birmingham (H),,,,,,,upcoming,1.4563981410943292,1.415827161178507
E1,Stoke,5,17,20,4,2026-11-25 20:00:00,2026-12-09 19:45:00,0,2,5.492469460008448,0.0,0.0,5.232863446156088,0.0,0.0,0.0,0.0,0.0,0,0.0,0.0,0.030463104040745786,13.0,0,0,Millwall (H) · West Ham (A) · QPR (H) · Lincoln (A),,,,,,,upcoming,1.373117365002112,1.308215861539022
E1,Stoke,6,21,24,4,2026-12-12 12:30:00,2026-12-29 19:45:00,0,2,5.346265210792316,0.0,0.0,5.2335744047722565,0.0,0.0,0.0,0.0,0.0,0,0.0,0.0,0.06018119692896583,10.0,0,0,West Brom (H) · Burnley (A) · Wrexham (H) · Bristol City (A),,,,,,,upcoming,1.336566302698079,1.3083936011930641
E1,Stoke,7,25,28,4,2027-01-01 15:00:00,2027-01-26 19:45:00,0,2,5.839826769529674,0.0,0.0,5.748847620064949,0.0,0.0,0.0,0.0,0.0,0,0.0,0.0,-0.0756101189155489,16.0,0,0,West Brom (A) · Derby (H) · Preston (A) · Blackburn (H),,,,,,,upcoming,1.4599566923824185,1.4372119050162373
E1,Stoke,8,29,32,4,2027-01-30 15:00:00,2027-02-17 19:45:00,0,2,5.472719605903442,0.0,0.0,5.309675351508839,0.0,0.0,0.0,0.0,0.0,0,0.0,0.0,0.0277430088742553,10.75,0,0,Portsmouth (H) · Birmingham (A) · Watford (H) · Middlesbrough (A),,,,,,,upcoming,1.3681799014758604,1.3274188378772098
E1,Stoke,9,33,36,4,2027-02-20 15:00:00,2027-03-06 15:00:00,0,2,5.65571506274264,0.0,0.0,5.52285515226037,0.0,0.0,0.0,0.0,0.0,0,0.0,0.0,-0.025290608148273806,12.5,0,0,Sheffield United (A) · Bolton (H) · Southampton (H) · Swansea (A),,,,,,,upcoming,1.41392876568566,1.3807137880650926
E1,Stoke,10,37,40,4,2027-03-13 15:00:00,2027-04-03 15:00:00,0,2,4.946898671465589,0.0,0.0,4.751314879554821,0.0,0.0,0.0,0.0,0.0,0,0.0,0.0,0.167999428243257,7.75,0,0,West Ham (H) · QPR (A) · Wrexham (A) · Burnley (H),,,,,,,upcoming,1.2367246678663972,1.1878287198887052
E1,Stoke,11,41,44,4,2027-04-06 19:45:00,2027-04-20 19:45:00,0,2,5.663596930083859,0.0,0.0,5.497960519577292,0.0,0.0,0.0,0.0,0.0,0,0.0,0.0,-0.02717922942540198,13.25,0,0,Cardiff (H) · Charlton (A) · Wolves (H) · Norwich (A),,,,,,,upcoming,1.4158992325209647,1.374490129894323
E1,Stoke,12,45,46,2,2027-04-24 15:00:00,2027-05-01 12:30:00,0,1,3.0479003639554136,0.0,0.0,2.9201061645211808,0.0,0.0,0.0,0.0,0.0,0,0.0,0.0,-0.14479740876307365,17.0,0,0,Lincoln (H) · Millwall (A),,,,,,,upcoming,1.5239501819777068,1.4600530822605904
E1,Swansea,1,1,4,4,2026-08-15 15:00:00,2026-09-01 19:45:00,4,2,5.145495746707503,5.145495746707502,6.4131656410099716,0.0,10.0,7.68,4.640000000000001,6.9432166256525365,5.559329316123985,4,7.0,1.0,0.008361705707367252,11.75,0,0,Stoke (A) · Sheffield United (H) · Derby (A) · Watford (H),4.854504253292498,1.797720878945034,3.0567833743474635,1.9169406075266175,0.9164534461484822,0.05524547743007613,complete,1.2863739366768758,
E1,Swansea,2,5,8,4,2026-09-05 20:00:00,2026-09-19 15:00:00,2,2,5.1421070288376,2.4011778434363436,3.1269755262542898,2.79039448180623,1.0,2.21,2.66,2.38986813413434,1.5867979848196008,1,1.0,3.0,0.009357719430171343,10.5,0,0,Wrexham (H) · Southampton (A) · Burnley (H) · Lincoln (A),-1.4011778434363436,-0.01130970930200359,-1.38986813413434,-0.7923754659982329,-0.008256834428803832,0.4281417804238883,in progress,1.2855267572094,1.395197240903115
E1,Swansea,3,9,12,4,2026-10-10 12:30:00,2026-10-24 15:00:00,0,2,4.652652060646343,0.0,0.0,4.67646563994343,0.0,0.0,0.0,0.0,0.0,0,0.0,0.0,0.1446673498591955,8.75,0,0,Norwich (H) · Millwall (A) · West Ham (H) · QPR (A),,,,,,,upcoming,1.1631630151615857,1.1691164099858575
E1,Swansea,4,13,16,4,2026-10-31 15:00:00,2026-11-21 15:00:00,0,2,5.2787382012269966,0.0,0.0,5.401819038031619,0.0,0.0,0.0,0.0,0.0,0,0.0,0.0,-0.02700867255873082,14.0,0,0,Blackburn (H) · Portsmouth (A) · Birmingham (A) · West Brom (H),,,,,,,upcoming,1.3196845503067491,1.3504547595079048
E1,Swansea,5,17,20,4,2026-11-24 19:45:00,2026-12-08 19:45:00,0,2,5.4783387956431255,0.0,0.0,5.589099943146625,0.0,0.0,0.0,0.0,0.0,0,0.0,0.0,-0.07858390895543571,15.0,0,0,Middlesbrough (A) · Cardiff (H) · Bristol City (A) · Bolton (H),,,,,,,upcoming,1.3695846989107814,1.3972749857866562
E1,Swansea,6,21,24,4,2026-12-12 15:00:00,2026-12-29 19:45:00,0,2,5.441746948369633,0.0,0.0,5.519570545791241,0.0,0.0,0.0,0.0,0.0,0,0.0,0.0,-0.06657804486759525,15.5,0,0,Charlton (A) · Preston (H) · Wolves (A) · QPR (H),,,,,,,upcoming,1.3604367370924082,1.3798926364478104
E1,Swansea,7,25,28,4,2027-01-01 15:00:00,2027-01-27 19:45:00,0,2,5.227420242587791,0.0,0.0,5.342781246571194,0.0,0.0,0.0,0.0,0.0,0,0.0,0.0,0.0012768723367313044,15.25,0,0,Charlton (H) · West Ham (A) · Blackburn (A) · Portsmouth (H),,,,,,,upcoming,1.3068550606469478,1.3356953116427985
E1,Swansea,8,29,32,4,2027-01-30 15:00:00,2027-02-17 19:45:00,0,2,4.8312384449915005,0.0,0.0,4.926601649370063,0.0,0.0,0.0,0.0,0.0,0,0.0,0.0,0.09587048409997026,8.25,0,0,Birmingham (H) · West Brom (A) · Burnley (A) · Millwall (H),,,,,,,upcoming,1.2078096112478751,1.2316504123425158
E1,Swansea,9,33,36,4,2027-02-20 15:00:00,2027-03-06 15:00:00,0,2,5.312228308193948,0.0,0.0,5.4633404670274714,0.0,0.0,0.0,0.0,0.0,0,0.0,0.0,-0.03467373478055583,12.5,0,0,Lincoln (H) · Norwich (A) · Sheffield United (A) · Stoke (H),,,,,,,upcoming,1.328057077048487,1.3658351167568679
E1,Swansea,10,37,40,4,2027-03-13 15:00:00,2027-04-03 15:00:00,0,2,5.286782422100857,0.0,0.0,5.3808644525956595,0.0,0.0,0.0,0.0,0.0,0,0.0,0.0,-0.03249258949894711,14.25,0,0,Cardiff (A) · Bristol City (H) · Wolves (H) · Preston (A),,,,,,,upcoming,1.3216956055252143,1.3452161131489149
E1,Swansea,11,41,44,4,2027-04-06 19:45:00,2027-04-21 19:45:00,0,2,5.06082405025799,0.0,0.0,5.234610913908876,0.0,0.0,0.0,0.0,0.0,0,0.0,0.0,0.030751097225515625,10.5,0,0,Southampton (H) · Wrexham (A) · Derby (H) · Watford (A),,,,,,,upcoming,1.2652060125644975,1.308652728477219
E1,Swansea,12,45,46,2,2027-04-24 15:00:00,2027-05-01 12:30:00,0,1,2.6383718830139804,0.0,0.0,2.6870251815654265,0.0,0.0,0.0,0.0,0.0,0,0.0,0.0,-0.030503834796889562,12.5,0,0,Bolton (A) · Middlesbrough (H),,,,,,,upcoming,1.3191859415069902,1.3435125907827132
E1,Watford,1,1,4,4,2026-08-16 13:30:00,2026-09-01 19:45:00,4,2,4.494450112501476,4.494450112501476,6.138259593150469,0.0,5.0,4.5,7.5600000000000005,3.813653132676114,3.822466947682105,4,4.0,5.0,0.16499279857578703,7.5,0,0,Southampton (H) · Wrexham (A) · West Ham (H) · Swansea (A),0.5055498874985238,-0.6807969798253621,1.186346867323886,0.2040522521338409,-0.35474752131041903,0.8383126665035794,complete,1.123612528125369,
E1,Watford,2,5,8,4,2026-09-05 15:00:00,2026-09-18 20:00:00,2,2,5.244038051626478,2.718861201219025,3.212328810009235,2.5620450510032544,3.0,3.2800000000000002,3.36,2.6821032525980106,1.4839116719242906,1,2.0,2.0,-0.04246318220663177,14.5,0,0,West Brom (A) · Preston (H) · Stoke (H) · Bristol City (A),0.28113879878097503,-0.036757948621014336,0.31789674740198937,0.15685948634610014,-0.026476809141721912,0.8753555897326313,in progress,1.3110095129066195,1.2810225255016272
E1,Watford,3,9,12,4,2026-10-10 15:00:00,2026-10-24 15:00:00,0,2,5.130559691581146,0.0,0.0,5.083808261416097,0.0,0.0,0.0,0.0,0.0,0,0.0,0.0,-0.005537166732823173,12.5,0,0,Burnley (H) · Cardiff (A) · Charlton (H) · Wolves (A),,,,,,,upcoming,1.2826399228952865,1.2709520653540243
E1,Watford,4,13,16,4,2026-10-31 12:30:00,2026-11-21 15:00:00,0,2,5.086174859361927,0.0,0.0,5.013792145082608,0.0,0.0,0.0,0.0,0.0,0,0.0,0.0,0.003570628594465719,10.5,0,0,Norwich (A) · Lincoln (H) · Middlesbrough (H) · Sheffield United (A),,,,,,,upcoming,1.2715437148404818,1.253448036270652
E1,Watford,5,17,20,4,2026-11-25 19:45:00,2026-12-08 20:00:00,0,2,5.015528466004248,0.0,0.0,4.990112512620202,0.0,0.0,0.0,0.0,0.0,0,0.0,0.0,0.02195304427350908,11.75,0,0,Blackburn (H) · Derby (A) · Millwall (H) · Birmingham (A),,,,,,,upcoming,1.253882116501062,1.2475281281550505
E1,Watford,6,21,24,4,2026-12-12 12:30:00,2026-12-29 19:45:00,0,2,5.237013741517429,0.0,0.0,5.164902621068575,0.0,0.0,0.0,0.0,0.0,0,0.0,0.0,-0.04153578902593402,14.75,0,0,QPR (A) · Bolton (H) · Portsmouth (A) · Wolves (H),,,,,,,upcoming,1.3092534353793572,1.2912256552671437
E1,Watford,7,25,28,4,2027-01-01 15:00:00,2027-01-26 19:45:00,0,2,5.673788004836467,0.0,0.0,5.581884245939201,0.0,0.0,0.0,0.0,0.0,0,0.0,0.0,-0.16204892895652326,17.75,0,0,QPR (H) · Charlton (A) · Norwich (H) · Lincoln (A),,,,,,,upcoming,1.4184470012091168,1.3954710614848003
E1,Watford,8,29,32,4,2027-01-30 15:00:00,2027-02-16 19:45:00,0,2,5.038127499837906,0.0,0.0,5.0152834391606875,0.0,0.0,0.0,0.0,0.0,0,0.0,0.0,0.017675753174488676,10.75,0,0,Middlesbrough (A) · Sheffield United (H) · Stoke (A) · Cardiff (H),,,,,,,upcoming,1.2595318749594766,1.2538208597901719
E1,Watford,9,33,36,4,2027-02-20 15:00:00,2027-03-06 15:00:00,0,2,4.758739781679833,0.0,0.0,4.736786314029061,0.0,0.0,0.0,0.0,0.0,0,0.0,0.0,0.09474087817839805,8.0,0,0,Bristol City (H) · Burnley (A) · Wrexham (H) · Southampton (A),,,,,,,upcoming,1.1896849454199583,1.1841965785072652
E1,Watford,10,37,40,4,2027-03-13 15:00:00,2027-04-03 15:00:00,0,2,5.3504075770786415,0.0,0.0,5.344054427869754,0.0,0.0,0.0,0.0,0.0,0,0.0,0.0,-0.07173448646745642,15.5,0,0,Derby (H) · Millwall (A) · Portsmouth (H) · Bolton (A),,,,,,,upcoming,1.3376018942696604,1.3360136069674384
E1,Watford,11,41,44,4,2027-04-07 19:45:00,2027-04-21 19:45:00,0,2,4.904076268515747,0.0,0.0,4.78991467172829,0.0,0.0,0.0,0.0,0.0,0,0.0,0.0,0.06544625384742933,12.25,0,0,Preston (A) · West Brom (H) · West Ham (A) · Swansea (H),,,,,,,upcoming,1.2260190671289368,1.1974786679320726
E1,Watford,12,45,46,2,2027-04-24 15:00:00,2027-05-01 12:30:00,0,1,2.529399005907631,0.0,0.0,2.505754283647538,0.0,0.0,0.0,0.0,0.0,0,0.0,0.0,0.005333366194647256,12.5,0,0,Birmingham (H) · Blackburn (A),,,,,,,upcoming,1.2646995029538155,1.252877141823769
E1,West Brom,1,1,4,4,2026-08-15 15:00:00,2026-09-02 19:45:00,4,2,5.25382107253091,5.25382107253091,6.288447794226453,0.0,7.0,5.8,6.069999999999999,5.468036756586487,5.283602493667659,4,7.0,6.0,0.04844470354386479,9.25,0,0,Norwich (A) · Burnley (H) · Middlesbrough (A) · Charlton (H),1.7461789274690904,0.21421568405557778,1.5319632434135126,0.6963330571830759,0.11028181624556019,0.4862202755556375,complete,1.3134552681327274,
E1,West Brom,2,5,8,4,2026-09-05 15:00:00,2026-09-20 12:00:00,2,2,5.338413631961663,2.790728192392182,3.255580807505355,2.5001508044973444,6.0,2.2,2.63,2.374195774012175,1.6385719318129603,1,2.0,0.0,0.02788901707474673,11.75,0,0,Watford (H) · Derby (A) · QPR (H) · Wolves (A),3.209271807607818,-0.41653241838000676,3.625804225987825,1.7786572266592158,-0.2980292863720403,0.07529597577152702,in progress,1.3346034079904157,1.2500754022486722
E1,West Brom,3,9,12,4,2026-10-10 12:30:00,2026-10-24 15:00:00,0,2,5.512161412251413,0.0,0.0,5.4699487301304615,0.0,0.0,0.0,0.0,0.0,0,0.0,0.0,-0.024901829912376144,13.5,0,0,Birmingham (H) · Wrexham (A) · Blackburn (H) · Preston (A),,,,,,,upcoming,1.3780403530628533,1.3674871825326154
E1,West Brom,4,13,16,4,2026-10-31 15:00:00,2026-11-21 15:00:00,0,2,4.863698639792512,0.0,0.0,4.763569893994444,0.0,0.0,0.0,0.0,0.0,0,0.0,0.0,0.1633027828843043,7.75,0,0,West Ham (A) · Southampton (H) · Millwall (H) · Swansea (A),,,,,,,upcoming,1.215924659948128,1.190892473498611
E1,West Brom,5,17,20,4,2026-11-25 19:45:00,2026-12-08 19:45:00,0,2,5.986062528898594,0.0,0.0,5.9883579849967745,0.0,0.0,0.0,0.0,0.0,0,0.0,0.0,-0.1543528392006328,18.75,0,0,Bolton (A) · Bristol City (H) · Portsmouth (A) · Cardiff (H),,,,,,,upcoming,1.4965156322246485,1.4970894962491936
E1,West Brom,6,21,24,4,2026-12-12 12:30:00,2026-12-29 19:45:00,0,2,5.809968948151421,0.0,0.0,5.816802612333291,0.0,0.0,0.0,0.0,0.0,0,0.0,0.0,-0.1057378049186512,15.75,0,0,Stoke (A) · Sheffield United (H) · Lincoln (A) · Preston (H),,,,,,,upcoming,1.4524922370378552,1.4542006530833227
E1,West Brom,7,25,28,4,2027-01-01 15:00:00,2027-01-26 19:45:00,0,2,4.906312144632029,0.0,0.0,4.909619016023798,0.0,0.0,0.0,0.0,0.0,0,0.0,0.0,0.14222481798176123,9.0,0,0,Stoke (H) · Blackburn (A) · West Ham (H) · Southampton (A),,,,,,,upcoming,1.2265780361580072,1.2274047540059494
E1,West Brom,8,29,32,4,2027-01-30 15:00:00,2027-02-16 19:45:00,0,2,5.456408214033778,0.0,0.0,5.341225280708597,0.0,0.0,0.0,0.0,0.0,0,0.0,0.0,-0.009751877206526496,12.75,0,0,Millwall (A) · Swansea (H) · QPR (A) · Wrexham (H),,,,,,,upcoming,1.3641020535084445,1.3353063201771493
E1,West Brom,9,33,36,4,2027-02-20 15:00:00,2027-03-06 15:00:00,0,2,4.763627116379919,0.0,0.0,4.7397578969693575,0.0,0.0,0.0,0.0,0.0,0,0.0,0.0,0.18167651446854763,4.75,0,0,Wolves (H) · Birmingham (A) · Burnley (A) · Norwich (H),,,,,,,upcoming,1.1909067790949797,1.1849394742423394
E1,West Brom,10,37,40,4,2027-03-13 15:00:00,2027-04-03 15:00:00,0,2,5.795626752345466,0.0,0.0,5.809631439551653,0.0,0.0,0.0,0.0,0.0,0,0.0,0.0,-0.1010193887209544,16.0,0,0,Bristol City (A) · Portsmouth (H) · Lincoln (H) · Sheffield United (A),,,,,,,upcoming,1.4489066880863666,1.4524078598879133
E1,West Brom,11,41,44,4,2027-04-07 19:45:00,2027-04-20 19:45:00,0,2,5.57863155932959,0.0,0.0,5.62504296057799,0.0,0.0,0.0,0.0,0.0,0,0.0,0.0,-0.04436616447924063,13.5,0,0,Derby (H) · Watford (A) · Middlesbrough (H) · Charlton (A),,,,,,,upcoming,1.3946578898323976,1.4062607401444975
E1,West Brom,12,45,46,2,2027-04-24 15:00:00,2027-05-01 12:30:00,0,1,3.156904137851411,0.0,0.0,3.138337587594255,0.0,0.0,0.0,0.0,0.0,0,0.0,0.0,-0.24312899216741285,21.5,0,0,Cardiff (A) · Bolton (H),,,,,,,upcoming,1.5784520689257056,1.5691687937971275
E1,West Ham,1,1,4,4,2026-08-16 16:00:00,2026-09-01 19:45:00,4,2,7.212770030002623,7.212770030002623,6.277013521394355,0.0,5.0,8.129999999999999,5.75,6.643774540628573,7.130616413978013,4,8.0,7.0,0.029896876471711048,11.25,0,0,Burnley (A) · Charlton (H) · Watford (A) · Wolves (H),-2.2127700300026234,-0.5689954893740508,-1.6437745406285726,-0.8832013995601814,-0.29319507192228117,0.3771274655616672,complete,1.8031925075006559,
E1,West Ham,2,5,8,4,2026-09-05 15:00:00,2026-09-19 12:30:00,3,2,7.434330631590667,5.831996035538591,4.653581762775497,1.6127306918092985,9.0,8.82,2.31,7.336772640487065,2.0247668958912493,1,12.0,2.0,-0.024271673292357448,13.25,0,0,Derby (H) · Bolton (A) · Wrexham (H) · Millwall (A),3.168003964461409,1.504776604948474,1.663227359512935,1.4685611736602766,0.9005394255217712,0.14195185239479535,in progress,1.8585826578976667,1.6127306918092985
E1,West Ham,3,9,12,4,2026-10-09 20:00:00,2026-10-24 15:00:00,0,2,7.707802524300387,0.0,0.0,7.783675989934075,0.0,0.0,0.0,0.0,0.0,0,0.0,0.0,-0.10126011237507253,15.25,0,0,QPR (H) · Lincoln (A) · Swansea (A) · Southampton (H),,,,,,,upcoming,1.9269506310750968,1.9459189974835187
E1,West Ham,4,13,16,4,2026-10-31 15:00:00,2026-11-21 15:00:00,0,2,7.831376772903735,0.0,0.0,7.967105481038267,0.0,0.0,0.0,0.0,0.0,0,0.0,0.0,-0.1371746069291549,18.25,0,0,West Brom (H) · Cardiff (A) · Blackburn (A) · Preston (H),,,,,,,upcoming,1.9578441932259338,1.9917763702595668
E1,West Ham,5,17,20,4,2026-11-24 19:45:00,2026-12-08 20:00:00,0,2,7.173896817954289,0.0,0.0,7.371685055591167,0.0,0.0,0.0,0.0,0.0,0,0.0,0.0,0.04821940161455322,10.0,0,0,Portsmouth (A) · Stoke (H) · Sheffield United (A) · Middlesbrough (H),,,,,,,upcoming,1.7934742044885723,1.8429212638977917
E1,West Ham,6,21,24,4,2026-12-12 15:00:00,2026-12-29 20:15:00,0,2,7.021843784310106,0.0,0.0,7.1804736679458285,0.0,0.0,0.0,0.0,0.0,0,0.0,0.0,0.0877342379372533,8.0,0,0,Bristol City (H) · Birmingham (A) · Norwich (H) · Southampton (A),,,,,,,upcoming,1.7554609460775266,1.7951184169864571
E1,West Ham,7,25,28,4,2027-01-01 15:00:00,2027-01-27 19:45:00,0,2,7.620010754365316,0.0,0.0,7.759218925911657,0.0,0.0,0.0,0.0,0.0,0,0.0,0.0,-0.08210188957218015,15.75,0,0,Bristol City (A) · Swansea (H) · West Brom (A) · Cardiff (H),,,,,,,upcoming,1.905002688591329,1.9398047314779143
E1,West Ham,8,29,32,4,2027-01-30 15:00:00,2027-02-16 19:45:00,0,2,7.837864367728621,0.0,0.0,7.947115157525548,0.0,0.0,0.0,0.0,0.0,0,0.0,0.0,-0.14766429152309002,18.0,0,0,Blackburn (H) · Preston (A) · Wrexham (A) · Lincoln (H),,,,,,,upcoming,1.9594660919321552,1.986778789381387
E1,West Ham,9,33,36,4,2027-02-21 12:00:00,2027-03-06 15:00:00,0,2,7.475460366268909,0.0,0.0,7.609835827116026,0.0,0.0,0.0,0.0,0.0,0,0.0,0.0,-0.03396984279614738,13.5,0,0,Millwall (H) · QPR (A) · Charlton (A) · Burnley (H),,,,,,,upcoming,1.8688650915672274,1.9024589567790064
E1,West Ham,10,37,40,4,2027-03-13 15:00:00,2027-04-03 15:00:00,0,2,7.027652944983674,0.0,0.0,7.229823424701036,0.0,0.0,0.0,0.0,0.0,0,0.0,0.0,0.08808872683015803,8.0,0,0,Stoke (A) · Sheffield United (H) · Norwich (A) · Birmingham (H),,,,,,,upcoming,1.7569132362459186,1.807455856175259
E1,West Ham,11,41,44,4,2027-04-06 19:45:00,2027-04-20 19:45:00,0,2,7.336560425368033,0.0,0.0,7.556122626909703,0.0,0.0,0.0,0.0,0.0,0,0.0,0.0,-0.006746160943760446,13.0,0,0,Bolton (H) · Derby (A) · Watford (H) · Wolves (A),,,,,,,upcoming,1.8341401063420082,1.8890306567274258
E1,West Ham,12,45,46,2,2027-04-24 15:00:00,2027-05-01 12:30:00,0,1,3.5947037936128527,0.0,0.0,3.6483326354321983,0.0,0.0,0.0,0.0,0.0,0,0.0,0.0,0.036523308728449694,10.5,0,0,Middlesbrough (A) · Portsmouth (H),,,,,,,upcoming,1.7973518968064264,1.8241663177160992
E1,Wolves,1,1,4,4,2026-08-14 20:00:00,2026-09-01 19:45:00,4,2,6.3493076747586725,6.3493076747586725,6.328375289234484,0.0,7.0,6.82,4.34,7.139692713904428,6.91886949523793,4,11.0,8.0,0.062309166203584704,12.75,0,0,Blackburn (H) · Preston (A) · Stoke (H) · West Ham (A),0.6506923252413275,0.7903850391457556,-0.13969271390442817,0.25866017754513204,0.4056177698195035,0.7958974477960028,complete,1.5873269186896681,
E1,Wolves,2,5,8,4,2026-09-06 12:00:00,2026-10-10 15:00:00,1,1,5.845968881454326,1.3436929669386,1.652488026288757,4.550312283508485,1.0,1.64,1.77,1.296717296620439,1.5846991077643486,1,2.0,2.0,0.1006249905958285,7.5,0,0,Birmingham (A) · Sheffield United (A) · West Brom (H) · Middlesbrough (A),-0.34369296693859996,-0.04697567031816097,-0.296717296620439,-0.2673631100986132,-0.047176769664350936,0.7891895997478369,in progress,1.4614922203635814,1.516770761169495
E1,Wolves,3,9,12,4,2026-10-13 19:45:00,2026-10-24 15:00:00,0,3,7.15533371332944,0.0,0.0,7.255447554893547,0.0,0.0,0.0,0.0,0.0,0,0.0,0.0,-0.06845564623329678,15.0,0,0,Bolton (H) · Burnley (A) · Portsmouth (H) · Watford (H),,,,,,,upcoming,1.78883342833236,1.8138618887233868
E1,Wolves,4,13,16,4,2026-10-31 15:00:00,2026-11-21 15:00:00,0,2,6.968993962891961,0.0,0.0,7.022803393143438,0.0,0.0,0.0,0.0,0.0,0,0.0,0.0,-0.11440823156336855,16.75,0,0,Cardiff (H) · Bristol City (A) · Wrexham (A) · Charlton (H),,,,,,,upcoming,1.7422484907229903,1.7557008482858596
E1,Wolves,5,17,20,4,2026-11-24 20:00:00,2026-12-08 19:45:00,0,2,6.870016327098826,0.0,0.0,6.918700753090433,0.0,0.0,0.0,0.0,0.0,0,0.0,0.0,-0.08114473044239631,14.5,0,0,Derby (H) · Lincoln (A) · Southampton (H) · QPR (A),,,,,,,upcoming,1.7175040817747065,1.7296751882726082
E1,Wolves,6,21,24,4,2026-12-12 15:00:00,2026-12-29 19:45:00,0,2,6.56704877367423,0.0,0.0,6.576963776151237,0.0,0.0,0.0,0.0,0.0,0,0.0,0.0,9.411796127552566e-05,12.0,0,0,Millwall (H) · Norwich (A) · Swansea (H) · Watford (A),,,,,,,upcoming,1.6417621934185576,1.6442409440378092
E1,Wolves,7,25,28,4,2027-01-01 12:30:00,2027-01-27 19:45:00,0,2,6.569055030616921,0.0,0.0,6.612747389940058,0.0,0.0,0.0,0.0,0.0,0,0.0,0.0,0.00011561257250075705,12.25,0,0,Millwall (A) · Burnley (H) · Cardiff (A) · Bristol City (H),,,,,,,upcoming,1.6422637576542303,1.6531868474850144
E1,Wolves,8,29,32,4,2027-01-30 15:00:00,2027-02-17 19:45:00,0,2,6.912401165690699,0.0,0.0,7.005797028422606,0.0,0.0,0.0,0.0,0.0,0,0.0,0.0,-0.09215663138889443,15.5,0,0,Wrexham (H) · Charlton (A) · Sheffield United (H) · Bolton (A),,,,,,,upcoming,1.7281002914226749,1.7514492571056515
E1,Wolves,9,33,36,4,2027-02-20 15:00:00,2027-03-06 15:00:00,0,2,6.67750924994667,0.0,0.0,6.706863408789488,0.0,0.0,0.0,0.0,0.0,0,0.0,0.0,-0.03086202824389325,13.75,0,0,West Brom (A) · Middlesbrough (H) · Preston (H) · Blackburn (A),,,,,,,upcoming,1.6693773124866675,1.676715852197372
E1,Wolves,10,37,40,4,2027-03-13 15:00:00,2027-04-03 15:00:00,0,2,6.730429920728138,0.0,0.0,6.725747737962028,0.0,0.0,0.0,0.0,0.0,0,0.0,0.0,-0.04884169879664121,12.75,0,0,Lincoln (H) · Southampton (A) · Swansea (A) · Norwich (H),,,,,,,upcoming,1.6826074801820345,1.681436934490507
E1,Wolves,11,41,44,4,2027-04-06 19:45:00,2027-04-20 19:45:00,0,2,6.037660816183921,0.0,0.0,6.081922444494112,0.0,0.0,0.0,0.0,0.0,0,0.0,0.0,0.1438557287821814,9.0,0,0,Portsmouth (A) · Birmingham (H) · Stoke (A) · West Ham (H),,,,,,,upcoming,1.5094152040459803,1.520480611123528
E1,Wolves,12,45,46,2,2027-04-24 15:00:00,2027-05-01 12:30:00,0,1,3.3747465024762233,0.0,0.0,3.4251204950326155,0.0,0.0,0.0,0.0,0.0,0,0.0,0.0,-0.0507296601031865,14.5,0,0,QPR (H) · Derby (A),,,,,,,upcoming,1.6873732512381117,1.7125602475163078
E1,Wrexham,1,1,4,4,2026-08-17 20:00:00,2026-09-02 19:45:00,4,2,5.829061218551857,5.829061218551857,6.61057888077362,0.0,5.0,6.48,3.75,7.481700565944784,5.9226484034070985,4,6.0,4.0,-0.03279677232739009,13.25,0,0,Cardiff (A) · Watford (H) · Birmingham (H) · Millwall (A),-0.8290612185518569,1.6526393473929275,-2.4817005659447844,-0.3224533212335595,0.8298177447010873,0.7471092949679434,complete,1.4572653046379642,
E1,Wrexham,2,5,8,4,2026-09-05 20:00:00,2026-09-19 15:00:00,3,2,5.0315878080476,3.554925828634002,4.58786025456664,1.4897319786233176,2.0,3.13,4.960000000000001,3.1312622012450926,0.7513680318165494,1,1.0,7.0,0.19271206792753573,6.25,0,0,Swansea (A) · Burnley (H) · West Ham (A) · Southampton (H),-1.5549258286340022,-0.4236636273889096,-1.1312622012450926,-0.7259464522668934,-0.2553527061078464,0.4678715979534518,in progress,1.2578969520119,1.4897319786233176
E1,Wrexham,3,9,12,4,2026-10-10 15:00:00,2026-10-24 15:00:00,0,2,5.9860902137708685,0.0,0.0,6.088825986616678,0.0,0.0,0.0,0.0,0.0,0,0.0,0.0,-0.0756101189155489,16.0,0,0,Derby (A) · West Brom (H) · Preston (H) · Blackburn (A),,,,,,,upcoming,1.4965225534427171,1.5222064966541695
E1,Wrexham,4,13,16,4,2026-10-30 20:00:00,2026-11-21 15:00:00,0,2,5.50111546896257,0.0,0.0,5.516490225318411,0.0,0.0,0.0,0.0,0.0,0,0.0,0.0,0.0559013370030394,9.25,0,0,Sheffield United (A) · Middlesbrough (H) · Wolves (H) · Lincoln (A),,,,,,,upcoming,1.3752788672406424,1.3791225563296028
E1,Wrexham,5,17,20,4,2026-11-24 19:45:00,2026-12-08 19:45:00,0,2,5.995891589192542,0.0,0.0,6.078753156931585,0.0,0.0,0.0,0.0,0.0,0,0.0,0.0,-0.07778737646413411,15.5,0,0,Bristol City (A) · Portsmouth (H) · Norwich (A) · Charlton (H),,,,,,,upcoming,1.4989728972981355,1.5196882892328962
E1,Wrexham,6,21,24,4,2026-12-11 20:00:00,2026-12-29 18:00:00,0,2,6.121313601679168,0.0,0.0,6.199369862509521,0.0,0.0,0.0,0.0,0.0,0,0.0,0.0,-0.11180622704683818,17.25,0,0,Bolton (A) · QPR (H) · Stoke (A) · Blackburn (H),,,,,,,upcoming,1.530328400419792,1.5498424656273802
E1,Wrexham,7,25,28,4,2027-01-01 15:00:00,2027-01-27 19:45:00,0,2,5.8604075277880465,0.0,0.0,5.9149498664103595,0.0,0.0,0.0,0.0,0.0,0,0.0,0.0,-0.040342787322118455,13.25,0,0,Bolton (H) · Preston (A) · Sheffield United (H) · Middlesbrough (A),,,,,,,upcoming,1.4651018819470116,1.4787374666025899
E1,Wrexham,8,29,32,4,2027-01-30 15:00:00,2027-02-16 19:45:00,0,2,5.288432251373331,0.0,0.0,5.272507871149132,0.0,0.0,0.0,0.0,0.0,0,0.0,0.0,0.11727134876905233,10.0,0,0,Wolves (A) · Lincoln (H) · West Ham (H) · West Brom (A),,,,,,,upcoming,1.3221080628433328,1.318126967787283
E1,Wrexham,9,33,36,4,2027-02-20 15:00:00,2027-03-06 15:00:00,0,2,5.884215130070526,0.0,0.0,5.978435760349347,0.0,0.0,0.0,0.0,0.0,0,0.0,0.0,-0.0472553643896479,13.5,0,0,Southampton (A) · Derby (H) · Watford (A) · Cardiff (H),,,,,,,upcoming,1.4710537825176315,1.4946089400873368
E1,Wrexham,10,37,40,4,2027-03-13 15:00:00,2027-04-03 15:00:00,0,2,5.78919803110848,0.0,0.0,5.844829932879638,0.0,0.0,0.0,0.0,0.0,0,0.0,0.0,-0.022828358801662528,13.25,0,0,Portsmouth (A) · Norwich (H) · Stoke (H) · QPR (A),,,,,,,upcoming,1.44729950777712,1.4612074832199096
E1,Wrexham,11,41,44,4,2027-04-06 19:45:00,2027-04-20 19:45:00,0,2,5.425623830642109,0.0,0.0,5.42231540065235,0.0,0.0,0.0,0.0,0.0,0,0.0,0.0,0.07894402151591769,8.75,0,0,Burnley (A) · Swansea (H) · Birmingham (A) · Millwall (H),,,,,,,upcoming,1.3564059576605272,1.3555788501630874
E1,Wrexham,12,45,46,2,2027-04-24 15:00:00,2027-05-01 12:30:00,0,1,3.1261892612901487,0.0,0.0,3.1892548224835995,0.0,0.0,0.0,0.0,0.0,0,0.0,0.0,-0.14764024083486146,18.5,0,0,Charlton (A) · Bristol City (H),,,,,,,upcoming,1.5630946306450744,1.5946274112417997
E2,AFC Wimbledon,1,1,4,4,2026-08-15 15:00:00,2026-09-02 19:45:00,4,2,4.654080465140479,4.654080465140479,6.195313653998137,0.0,4.0,3.11,5.51,3.7282982647126555,4.550018865577392,4,2.0,7.0,-0.029055234750297573,13.0,0,0,Huddersfield (A) · Reading (H) · Wigan (H) · Burton (A),-0.6540804651404786,-0.9257822004278231,0.27170173528734454,-0.26278436929670096,-0.4801772190663439,0.7927167837437037,complete,1.1635201162851196,
E2,AFC Wimbledon,2,5,8,4,2026-09-07 20:00:00,2026-09-26 15:00:00,1,2,4.8955490314255234,1.2369520652230206,1.6137235292604066,3.648159195469046,3.0,1.32,0.78,1.7549401094889263,1.3532412701205034,1,2.0,0.0,-0.10086154205923475,16.5,0,0,Bromley (A) · Doncaster (H) · MK Dons (H) · Cambridge (A),1.7630479347769794,0.5179880442659057,1.2450598905110737,1.3878724491969725,0.5264165625935755,0.16517588858054166,in progress,1.2238872578563809,1.2160530651563486
E2,AFC Wimbledon,3,9,12,4,2026-10-03 15:00:00,2026-10-20 19:45:00,0,2,4.380166358805329,0.0,0.0,4.354421003961882,0.0,0.0,0.0,0.0,0.0,0,0.0,0.0,0.054852099315878075,10.0,0,0,Stevenage (H) · Plymouth (A) · Sheffield Wed (A) · Mansfield (H),,,,,,,upcoming,1.0950415897013321,1.0886052509904705
E2,AFC Wimbledon,4,13,16,4,2026-10-24 15:00:00,2026-11-21 15:00:00,0,2,4.485450487079747,0.0,0.0,4.491296851184321,0.0,0.0,0.0,0.0,0.0,0,0.0,0.0,0.01661166082699505,11.5,0,0,Wycombe (H) · Stockport (A) · Blackpool (H) · Leyton Orient (A),,,,,,,upcoming,1.1213626217699368,1.1228242127960804
E2,AFC Wimbledon,5,17,20,4,2026-11-28 15:00:00,2026-12-19 15:00:00,0,2,4.603979018463308,0.0,0.0,4.586312480066613,0.0,0.0,0.0,0.0,0.0,0,0.0,0.0,-0.016341868660982826,12.5,0,0,Barnsley (H) · Notts County (A) · Bradford (A) · Oxford (H),,,,,,,upcoming,1.150994754615827,1.1465781200166532
E2,AFC Wimbledon,6,21,24,4,2026-12-26 15:00:00,2027-01-09 12:30:00,0,2,4.111597504857185,0.0,0.0,4.1139657588555,0.0,0.0,0.0,0.0,0.0,0,0.0,0.0,0.13592179376069513,8.5,0,0,Leicester (A) · Luton (H) · Peterborough (H) · Oxford (A),,,,,,,upcoming,1.0278993762142963,1.028491439713875
E2,AFC Wimbledon,7,25,28,4,2027-01-16 15:00:00,2027-01-30 15:00:00,0,2,4.261277059858659,0.0,0.0,4.2212759827543165,0.0,0.0,0.0,0.0,0.0,0,0.0,0.0,0.07811852844359768,8.5,0,0,Sheffield Wed (H) · Mansfield (A) · Wycombe (A) · Stockport (H),,,,,,,upcoming,1.0653192649646648,1.0553189956885791
E2,AFC Wimbledon,8,29,32,4,2027-02-06 15:00:00,2027-02-20 15:00:00,0,2,5.084228840909121,0.0,0.0,5.099663730443286,0.0,0.0,0.0,0.0,0.0,0,0.0,0.0,-0.14801466240098404,18.75,0,0,Wigan (A) · Burton (H) · Bromley (H) · Doncaster (A),,,,,,,upcoming,1.2710572102272804,1.2749159326108215
E2,AFC Wimbledon,9,33,36,4,2027-02-27 15:00:00,2027-03-20 15:00:00,0,2,4.504540043608148,0.0,0.0,4.44883418338795,0.0,0.0,0.0,0.0,0.0,0,0.0,0.0,0.011278085472249646,11.5,0,0,Blackpool (A) · Huddersfield (H) · Reading (A) · Leyton Orient (H),,,,,,,upcoming,1.126135010902037,1.1122085458469875
E2,AFC Wimbledon,10,37,40,4,2027-03-26 15:00:00,2027-04-10 15:00:00,0,2,4.012050136367321,0.0,0.0,4.005204627147969,0.0,0.0,0.0,0.0,0.0,0,0.0,0.0,0.15405411728376328,7.75,0,0,Peterborough (A) · Leicester (H) · Luton (A) · Bradford (H),,,,,,,upcoming,1.0030125340918303,1.0013011567869923
E2,AFC Wimbledon,11,41,44,4,2027-04-13 19:45:00,2027-04-27 19:45:00,0,2,4.549610734914952,0.0,0.0,4.5571967344625595,0.0,0.0,0.0,0.0,0.0,0,0.0,0.0,0.00016503181847752138,12.25,0,0,Cambridge (H) · MK Dons (A) · Plymouth (H) · Stevenage (A),,,,,,,upcoming,1.137402683728738,1.1392991836156399
E2,AFC Wimbledon,12,45,46,2,2027-05-01 15:00:00,2027-05-08 12:30:00,0,1,2.3905035795661593,0.0,0.0,2.362941915633038,0.0,0.0,0.0,0.0,0.0,0,0.0,0.0,-0.06626581907788105,15.5,0,0,Barnsley (A) · Notts County (H),,,,,,,upcoming,1.1952517897830797,1.181470957816519
E2,Barnsley,1,1,4,4,2026-08-15 15:00:00,2026-09-02 19:45:00,4,2,5.656145786126892,5.656145786126892,6.5518961020897795,0.0,7.0,5.87,5.6899999999999995,5.6998107502044855,5.159122239405169,4,5.0,3.0,-0.10768134217843682,17.25,0,0,Bromley (H) · Doncaster (A) · Leyton Orient (A) · Blackpool (H),1.343854213873108,0.04366496407759346,1.3001892497955145,0.5250113066750814,0.022022873341121758,0.5995753309386544,complete,1.414036446531723,
E2,Barnsley,2,5,8,4,2026-09-05 15:00:00,2026-09-26 15:00:00,1,2,4.7507954015183245,1.5462730284071222,1.6852634077808086,3.220122572035545,0.0,2.03,1.95,1.4352735537982433,0.8441205834368227,1,1.0,5.0,0.1419617742788106,7.75,0,0,Stevenage (H) · Plymouth (A) · Leicester (H) · Bradford (A),-1.5462730284071222,-0.11099947460887893,-1.4352735537982433,-1.1911111361673774,-0.11038534070873637,0.2336099586692666,in progress,1.1876988503795811,1.073374190678515
E2,Barnsley,3,9,12,4,2026-10-03 15:00:00,2026-10-20 19:45:00,0,2,5.0499605603251565,0.0,0.0,5.024525054652582,0.0,0.0,0.0,0.0,0.0,0,0.0,0.0,0.0610191313655489,9.25,0,0,MK Dons (H) · Stockport (A) · Cambridge (H) · Luton (A),,,,,,,upcoming,1.2624901400812891,1.2561312636631454
E2,Barnsley,4,13,16,4,2026-10-24 15:00:00,2026-11-20 20:00:00,0,2,5.106058406507501,0.0,0.0,5.029749533569163,0.0,0.0,0.0,0.0,0.0,0,0.0,0.0,0.04108656699103898,9.75,0,0,Reading (A) · Oxford (H) · Wigan (A) · Sheffield Wed (H),,,,,,,upcoming,1.2765146016268754,1.2574373833922907
E2,Barnsley,5,17,20,4,2026-11-28 15:00:00,2026-12-19 12:30:00,0,2,5.395335143105257,0.0,0.0,5.373429028709475,0.0,0.0,0.0,0.0,0.0,0,0.0,0.0,-0.03825440915808768,13.75,0,0,AFC Wimbledon (A) · Wycombe (H) · Peterborough (A) · Huddersfield (H),,,,,,,upcoming,1.3488337857763142,1.3433572571773686
E2,Barnsley,6,21,24,4,2026-12-26 15:00:00,2027-01-09 15:00:00,0,2,5.455822977962001,0.0,0.0,5.419675973198658,0.0,0.0,0.0,0.0,0.0,0,0.0,0.0,-0.050980566358084047,15.0,0,0,Mansfield (A) · Burton (H) · Notts County (H) · Huddersfield (A),,,,,,,upcoming,1.3639557444905002,1.3549189932996646
E2,Barnsley,7,25,28,4,2027-01-16 15:00:00,2027-01-30 15:00:00,0,2,5.23686846066304,0.0,0.0,5.209604071736943,0.0,0.0,0.0,0.0,0.0,0,0.0,0.0,0.005359758154872048,11.75,0,0,Cambridge (A) · Luton (H) · Reading (H) · Oxford (A),,,,,,,upcoming,1.30921711516576,1.3024010179342358
E2,Barnsley,8,29,32,4,2027-02-06 15:00:00,2027-02-20 15:00:00,0,2,5.283625867579918,0.0,0.0,5.305705915027835,0.0,0.0,0.0,0.0,0.0,0,0.0,0.0,-0.006654768300724555,13.0,0,0,Leyton Orient (H) · Blackpool (A) · Stevenage (A) · Plymouth (H),,,,,,,upcoming,1.3209064668949795,1.3264264787569588
E2,Barnsley,9,33,36,4,2027-02-27 15:00:00,2027-03-20 15:00:00,0,2,5.427538020984658,0.0,0.0,5.410127460519029,0.0,0.0,0.0,0.0,0.0,0,0.0,0.0,-0.04201632680829361,13.75,0,0,Wigan (H) · Bromley (A) · Doncaster (H) · Sheffield Wed (A),,,,,,,upcoming,1.3568845052461644,1.3525318651297573
E2,Barnsley,10,37,40,4,2027-03-26 15:00:00,2027-04-10 15:00:00,0,2,5.661048950827302,0.0,0.0,5.646716220287144,0.0,0.0,0.0,0.0,0.0,0,0.0,0.0,-0.10935536494090255,18.75,0,0,Notts County (A) · Mansfield (H) · Burton (A) · Peterborough (H),,,,,,,upcoming,1.4152622377068256,1.411679055071786
E2,Barnsley,11,41,44,4,2027-04-13 19:45:00,2027-04-27 19:45:00,0,2,4.637598340216796,0.0,0.0,4.6162239988507014,0.0,0.0,0.0,0.0,0.0,0,0.0,0.0,0.17969746741110776,5.5,0,0,Bradford (H) · Leicester (A) · Stockport (H) · MK Dons (A),,,,,,,upcoming,1.159399585054199,1.1540559997126754
E2,Barnsley,12,45,46,2,2027-05-01 15:00:00,2027-05-08 12:30:00,0,1,2.8194384379941146,0.0,0.0,2.829472904188009,0.0,0.0,0.0,0.0,0.0,0,0.0,0.0,-0.10050279126573294,16.0,0,0,AFC Wimbledon (H) · Wycombe (A),,,,,,,upcoming,1.4097192189970573,1.4147364520940044
E2,Blackpool,1,1,4,4,2026-08-15 15:00:00,2026-09-02 19:45:00,4,2,5.503218067719248,5.503218067719249,6.539577701379551,0.0,7.0,11.25,7.77,7.300225562515891,4.901350451374602,4,8.0,4.0,0.0019648361448295747,12.0,0,0,Wycombe (H) · Stockport (A) · Peterborough (H) · Barnsley (A),1.4967819322807507,1.7970074947966417,-0.30022556251589094,0.5853069486219137,0.9071924163355828,0.5583413434507578,complete,1.375804516929812,
E2,Blackpool,2,5,8,4,2026-09-05 15:00:00,2026-09-26 15:00:00,1,2,5.740822759449011,1.2295710849900352,1.6102007263710338,4.592433272134511,0.0,0.61,2.94,0.2533502701186168,1.8514018226183953,1,1.0,3.0,-0.0634223492621091,14.75,0,0,Reading (A) · Bromley (H) · Plymouth (H) · Notts County (A),-1.2295710849900352,-0.9762208148714184,-0.2533502701186168,-0.9689773656614378,-0.9931902079137055,0.332556482451275,in progress,1.4352056898622527,1.5308110907115038
E2,Blackpool,3,9,12,4,2026-10-03 15:00:00,2026-10-20 19:45:00,0,2,5.242672015763929,0.0,0.0,5.362275478512476,0.0,0.0,0.0,0.0,0.0,0,0.0,0.0,0.07151525492655417,12.0,0,0,Leicester (H) · Cambridge (A) · Leyton Orient (A) · MK Dons (H),,,,,,,upcoming,1.3106680039409822,1.340568869628119
E2,Blackpool,4,13,16,4,2026-10-24 15:00:00,2026-11-21 12:30:00,0,2,5.646191022173946,0.0,0.0,5.690395123961759,0.0,0.0,0.0,0.0,0.0,0,0.0,0.0,-0.03455091303535492,13.75,0,0,Mansfield (H) · Sheffield Wed (A) · AFC Wimbledon (A) · Wigan (H),,,,,,,upcoming,1.4115477555434865,1.4225987809904397
E2,Blackpool,5,17,20,4,2026-11-28 15:00:00,2026-12-19 15:00:00,0,2,5.57366922897077,0.0,0.0,5.651603131346114,0.0,0.0,0.0,0.0,0.0,0,0.0,0.0,-0.018084670031806173,13.25,0,0,Stevenage (A) · Luton (H) · Oxford (A) · Burton (H),,,,,,,upcoming,1.3934173072426925,1.4129007828365285
E2,Blackpool,6,21,24,4,2026-12-26 15:00:00,2027-01-08 20:00:00,0,2,5.546141511784839,0.0,0.0,5.585069695877742,0.0,0.0,0.0,0.0,0.0,0,0.0,0.0,-0.009447309856135948,12.25,0,0,Huddersfield (A) · Bradford (H) · Doncaster (H) · Burton (A),,,,,,,upcoming,1.3865353779462097,1.3962674239694355
E2,Blackpool,7,25,28,4,2027-01-16 15:00:00,2027-01-30 15:00:00,0,2,5.3558029760378645,0.0,0.0,5.411664734187015,0.0,0.0,0.0,0.0,0.0,0,0.0,0.0,0.04157022395609743,11.0,0,0,Leyton Orient (H) · MK Dons (A) · Mansfield (A) · Sheffield Wed (H),,,,,,,upcoming,1.3389507440094661,1.3529161835467538
E2,Blackpool,8,29,32,4,2027-02-06 15:00:00,2027-02-20 15:00:00,0,2,5.916419036939148,0.0,0.0,5.990814158442746,0.0,0.0,0.0,0.0,0.0,0,0.0,0.0,-0.11072152244174727,17.0,0,0,Peterborough (A) · Barnsley (H) · Reading (H) · Bromley (A),,,,,,,upcoming,1.479104759234787,1.4977035396106866
E2,Blackpool,9,33,36,4,2027-02-27 15:00:00,2027-03-20 15:00:00,0,2,5.6505241751116,0.0,0.0,5.713645150733682,0.0,0.0,0.0,0.0,0.0,0,0.0,0.0,-0.03843143225727135,13.25,0,0,AFC Wimbledon (H) · Wycombe (A) · Stockport (H) · Wigan (A),,,,,,,upcoming,1.4126310437779,1.4284112876834205
E2,Blackpool,10,37,40,4,2027-03-26 15:00:00,2027-04-10 15:00:00,0,2,5.3709233317563285,0.0,0.0,5.416399726470452,0.0,0.0,0.0,0.0,0.0,0,0.0,0.0,0.0369698257151979,9.5,0,0,Doncaster (A) · Oxford (H) · Bradford (A) · Huddersfield (H),,,,,,,upcoming,1.3427308329390821,1.354099931617613
E2,Blackpool,11,41,44,4,2027-04-13 19:45:00,2027-04-27 19:45:00,0,2,5.237753368939458,0.0,0.0,5.315770896640952,0.0,0.0,0.0,0.0,0.0,0,0.0,0.0,0.08308955951684091,11.25,0,0,Notts County (H) · Plymouth (A) · Cambridge (H) · Leicester (A),,,,,,,upcoming,1.3094383422348645,1.328942724160238
E2,Blackpool,12,45,46,2,2027-05-01 15:00:00,2027-05-08 12:30:00,0,1,2.6524879712626555,0.0,0.0,2.674834613826595,0.0,0.0,0.0,0.0,0.0,0,0.0,0.0,0.05934749636927625,10.0,0,0,Stevenage (H) · Luton (A),,,,,,,upcoming,1.3262439856313277,1.3374173069132975
E2,Bradford,1,1,4,4,2026-08-15 15:00:00,2026-09-01 19:45:00,4,2,5.5962862374506965,5.5962862374506965,6.391052283915555,0.0,6.0,5.37,5.08,5.281722300766556,6.373824672422988,4,4.0,4.0,0.029331342693395095,11.75,0,0,Peterborough (H) · Sheffield Wed (A) · Plymouth (A) · Cambridge (H),0.40371376254930347,-0.3145639366841406,0.7182776992334441,0.15969354782516565,-0.16063756815383112,0.8731224837637481,complete,1.3990715593626741,
E2,Bradford,2,5,8,4,2026-09-05 15:00:00,2026-09-26 15:00:00,1,2,5.705774911502726,1.6503328495203418,1.6755152227569923,4.03174448289961,3.0,0.95,0.53,1.677459248310483,1.468881784368119,1,1.0,0.0,-0.0019101198628912793,12.5,0,0,Mansfield (H) · Notts County (A) · Luton (A) · Barnsley (H),1.3496671504796582,0.027126398790141337,1.322540751689517,1.0426834704263104,0.02705467541748367,0.2970949159379952,in progress,1.4264437278756814,1.3439148276332034
E2,Bradford,3,9,12,4,2026-10-03 15:00:00,2026-10-20 19:45:00,0,2,6.046510657198134,0.0,0.0,6.04827594072066,0.0,0.0,0.0,0.0,0.0,0,0.0,0.0,-0.0953930345280269,17.75,0,0,Reading (A) · Leyton Orient (H) · Stevenage (H) · Burton (A),,,,,,,upcoming,1.5116276642995334,1.512068985180165
E2,Bradford,4,13,16,4,2026-10-24 15:00:00,2026-11-21 15:00:00,0,2,5.235818197754632,0.0,0.0,5.242241611594932,0.0,0.0,0.0,0.0,0.0,0,0.0,0.0,0.13015566010986163,7.75,0,0,Oxford (A) · Huddersfield (H) · Leicester (A) · Doncaster (H),,,,,,,upcoming,1.308954549438658,1.310560402898733
E2,Bradford,5,17,20,4,2026-11-28 15:00:00,2026-12-19 15:00:00,0,2,6.049856899550868,0.0,0.0,6.094777374314126,0.0,0.0,0.0,0.0,0.0,0,0.0,0.0,-0.09640286820857992,15.5,0,0,Wycombe (A) · MK Dons (H) · AFC Wimbledon (H) · Bromley (A),,,,,,,upcoming,1.512464224887717,1.5236943435785315
E2,Bradford,6,21,24,4,2026-12-26 15:00:00,2027-01-09 15:00:00,0,2,5.895964567742014,0.0,0.0,5.905066867475451,0.0,0.0,0.0,0.0,0.0,0,0.0,0.0,-0.05540955310730427,13.75,0,0,Stockport (H) · Blackpool (A) · Wigan (A) · Bromley (H),,,,,,,upcoming,1.4739911419355034,1.4762667168688628
E2,Bradford,7,25,28,4,2027-01-16 15:00:00,2027-01-30 12:30:00,0,2,5.814611527595081,0.0,0.0,5.815388839535606,0.0,0.0,0.0,0.0,0.0,0,0.0,0.0,-0.032032602045101076,13.5,0,0,Stevenage (A) · Burton (H) · Oxford (H) · Huddersfield (A),,,,,,,upcoming,1.4536528818987702,1.4538472098839015
E2,Bradford,8,29,32,4,2027-02-06 15:00:00,2027-02-20 15:00:00,0,2,5.859388210412652,0.0,0.0,5.879403529494623,0.0,0.0,0.0,0.0,0.0,0,0.0,0.0,-0.04546899194438003,15.0,0,0,Plymouth (H) · Cambridge (A) · Mansfield (A) · Notts County (H),,,,,,,upcoming,1.464847052603163,1.4698508823736558
E2,Bradford,9,33,36,4,2027-02-27 15:00:00,2027-03-20 15:00:00,0,2,5.204559346359438,0.0,0.0,5.179319729554866,0.0,0.0,0.0,0.0,0.0,0,0.0,0.0,0.1313620615483997,9.25,0,0,Leicester (H) · Peterborough (A) · Sheffield Wed (H) · Doncaster (A),,,,,,,upcoming,1.3011398365898594,1.2948299323887165
E2,Bradford,10,37,40,4,2027-03-26 15:00:00,2027-04-10 15:00:00,0,2,5.861866836728019,0.0,0.0,5.84692698359644,0.0,0.0,0.0,0.0,0.0,0,0.0,0.0,-0.045040212159879724,13.5,0,0,Wigan (H) · Stockport (A) · Blackpool (H) · AFC Wimbledon (A),,,,,,,upcoming,1.4654667091820048,1.46173174589911
E2,Bradford,11,41,44,4,2027-04-13 19:45:00,2027-04-27 19:45:00,0,2,5.659398396215307,0.0,0.0,5.651105645181855,0.0,0.0,0.0,0.0,0.0,0,0.0,0.0,0.008323380853419948,12.0,0,0,Barnsley (A) · Luton (H) · Leyton Orient (A) · Reading (H),,,,,,,upcoming,1.4148495990538268,1.4127764112954637
E2,Bradford,12,45,46,2,2027-05-01 15:00:00,2027-05-08 12:30:00,0,1,2.709002417777965,0.0,0.0,2.7181665286578736,0.0,0.0,0.0,0.0,0.0,0,0.0,0.0,0.07512314450012225,7.5,0,0,Wycombe (H) · MK Dons (A),,,,,,,upcoming,1.3545012088889825,1.3590832643289368
E2,Bromley,1,1,4,4,2026-08-15 15:00:00,2026-09-01 19:45:00,4,2,4.490127523656111,4.49012752365611,5.992827780469853,0.0,4.0,3.53,8.57,2.880084345702288,4.899700305398021,4,4.0,13.0,-0.018202383509131677,14.0,0,0,Barnsley (A) · Cambridge (H) · Sheffield Wed (A) · Leyton Orient (H),-0.4901275236561098,-1.6100431779538216,1.1199156542977118,-0.200213423976605,-0.8490748932997505,0.8413136689118521,complete,1.1225318809140277,
E2,Bromley,2,5,8,4,2026-09-07 20:00:00,2026-09-26 15:00:00,1,2,4.398339019815065,1.4795068074024,1.6824977743079979,2.7670200104908376,0.0,0.78,1.32,0.9348910694633938,0.8958717195358796,1,0.0,2.0,0.004341135120643148,10.75,0,0,AFC Wimbledon (H) · Blackpool (A) · Huddersfield (H) · MK Dons (A),-1.4795068074024,-0.5446157379390062,-0.9348910694633938,-1.1406166807286222,-0.5420474588299765,0.25402947263024256,in progress,1.0995847549537663,0.9223400034969459
E2,Bromley,3,9,12,4,2026-10-03 15:00:00,2026-10-20 19:45:00,0,2,3.9502217414954965,0.0,0.0,3.848526812991704,0.0,0.0,0.0,0.0,0.0,0,0.0,0.0,0.12985548633997296,8.25,0,0,Wycombe (H) · Mansfield (A) · Stockport (A) · Leicester (H),,,,,,,upcoming,0.9875554353738741,0.962131703247926
E2,Bromley,4,13,16,4,2026-10-24 15:00:00,2026-11-21 12:30:00,0,2,4.618218235371303,0.0,0.0,4.409060449050276,0.0,0.0,0.0,0.0,0.0,0,0.0,0.0,-0.06150990356617632,15.75,0,0,Peterborough (H) · Wigan (A) · Notts County (H) · Reading (A),,,,,,,upcoming,1.1545545588428257,1.102265112262569
E2,Bromley,5,17,20,4,2026-11-28 15:00:00,2026-12-19 15:00:00,0,2,4.450494701392029,0.0,0.0,4.31898102673618,0.0,0.0,0.0,0.0,0.0,0,0.0,0.0,-0.011320550544358148,12.5,0,0,Burton (H) · Plymouth (A) · Doncaster (A) · Bradford (H),,,,,,,upcoming,1.1126236753480072,1.079745256684045
E2,Bromley,6,21,24,4,2026-12-26 15:00:00,2027-01-09 15:00:00,0,2,4.256276346124356,0.0,0.0,4.130779188094544,0.0,0.0,0.0,0.0,0.0,0,0.0,0.0,0.046464789062595824,9.75,0,0,Luton (A) · Oxford (H) · Stevenage (H) · Bradford (A),,,,,,,upcoming,1.064069086531089,1.032694797023636
E2,Bromley,7,25,28,4,2027-01-16 15:00:00,2027-01-30 15:00:00,0,2,4.0983996645530825,0.0,0.0,3.9548430845945997,0.0,0.0,0.0,0.0,0.0,0,0.0,0.0,0.09927857391675192,10.25,0,0,Stockport (H) · Leicester (A) · Peterborough (A) · Wigan (H),,,,,,,upcoming,1.0245999161382706,0.9887107711486499
E2,Bromley,8,29,32,4,2027-02-06 15:00:00,2027-02-20 15:00:00,0,2,4.470629441764744,0.0,0.0,4.311408351557538,0.0,0.0,0.0,0.0,0.0,0,0.0,0.0,-0.023394334840652474,13.75,0,0,Sheffield Wed (H) · Leyton Orient (A) · AFC Wimbledon (A) · Blackpool (H),,,,,,,upcoming,1.117657360441186,1.0778520878893845
E2,Bromley,9,33,36,4,2027-02-27 15:00:00,2027-03-20 15:00:00,0,2,4.661448546975698,0.0,0.0,4.482089850568428,0.0,0.0,0.0,0.0,0.0,0,0.0,0.0,-0.0762363346036068,16.0,0,0,Notts County (A) · Barnsley (H) · Cambridge (A) · Reading (H),,,,,,,upcoming,1.1653621367439244,1.120522462642107
E2,Bromley,10,37,40,4,2027-03-26 15:00:00,2027-04-10 15:00:00,0,2,4.345105007691421,0.0,0.0,4.210561966433684,0.0,0.0,0.0,0.0,0.0,0,0.0,0.0,0.01399599917052445,11.5,0,0,Stevenage (A) · Doncaster (H) · Oxford (A) · Luton (H),,,,,,,upcoming,1.0862762519228553,1.052640491608421
E2,Bromley,11,41,44,4,2027-04-13 19:45:00,2027-04-27 19:45:00,0,2,4.217006107545043,0.0,0.0,4.076535863035572,0.0,0.0,0.0,0.0,0.0,0,0.0,0.0,0.05483642991281547,8.75,0,0,MK Dons (H) · Huddersfield (A) · Mansfield (H) · Wycombe (A),,,,,,,upcoming,1.0542515268862607,1.019133965758893
E2,Bromley,12,45,46,2,2027-05-01 15:00:00,2027-05-08 12:30:00,0,1,2.2407963543103184,0.0,0.0,2.185656735222583,0.0,0.0,0.0,0.0,0.0,0,0.0,0.0,-0.02755025010662525,13.5,0,0,Burton (A) · Plymouth (H),,,,,,,upcoming,1.1203981771551592,1.0928283676112915
E2,Burton,1,1,4,4,2026-08-15 15:00:00,2026-09-02 19:45:00,4,2,4.777187656525789,4.777187656525789,6.018971913409638,0.0,7.0,3.05,5.55,4.16697558927169,4.635098884075869,4,8.0,5.0,0.008222243355163653,14.75,0,0,Stevenage (H) · Leicester (A) · Notts County (A) · AFC Wimbledon (H),2.222812343474211,-0.6102120672540989,2.83302441072831,0.9060280459815767,-0.32110273760042285,0.3649210080311469,complete,1.1942969141314472,
E2,Burton,2,5,8,4,2026-09-05 15:00:00,2026-09-26 15:00:00,1,2,4.856173985330445,1.4906556499839665,1.6834482771303914,3.3781783832300754,1.0,1.7,0.9,1.9161009056482456,0.9618591701350909,1,2.0,2.0,-0.024971986139985927,13.25,0,0,Cambridge (H) · Oxford (A) · Mansfield (H) · Plymouth (A),-0.4906556499839665,0.42544525566427915,-0.9161009056482456,-0.378161154728248,0.4233193991778681,0.7053108805061419,in progress,1.2140434963326112,1.1260594610766919
E2,Burton,3,9,12,4,2026-10-03 15:00:00,2026-10-20 19:45:00,0,2,4.692104323948219,0.0,0.0,4.628767813305066,0.0,0.0,0.0,0.0,0.0,0,0.0,0.0,0.01445156098373327,11.5,0,0,Huddersfield (H) · Doncaster (A) · Peterborough (A) · Bradford (H),,,,,,,upcoming,1.1730260809870547,1.1571919533262665
E2,Burton,4,13,16,4,2026-10-24 15:00:00,2026-11-21 15:00:00,0,2,4.539877390060589,0.0,0.0,4.538432700393226,0.0,0.0,0.0,0.0,0.0,0,0.0,0.0,0.0612506787881757,9.5,0,0,Leyton Orient (H) · Wycombe (A) · MK Dons (A) · Luton (H),,,,,,,upcoming,1.1349693475151472,1.1346081750983066
E2,Burton,5,17,20,4,2026-11-28 15:00:00,2026-12-19 15:00:00,0,2,5.05627412777389,0.0,0.0,5.010914842241118,0.0,0.0,0.0,0.0,0.0,0,0.0,0.0,-0.08438286686810655,15.0,0,0,Bromley (A) · Wigan (H) · Reading (H) · Blackpool (A),,,,,,,upcoming,1.2640685319434726,1.2527287105602796
E2,Burton,6,21,24,4,2026-12-26 15:00:00,2027-01-08 20:00:00,0,2,4.474808651059841,0.0,0.0,4.388537556343656,0.0,0.0,0.0,0.0,0.0,0,0.0,0.0,0.07745552099504241,8.0,0,0,Sheffield Wed (H) · Barnsley (A) · Stockport (A) · Blackpool (H),,,,,,,upcoming,1.1187021627649603,1.097134389085914
E2,Burton,7,25,28,4,2027-01-16 15:00:00,2027-01-30 15:00:00,0,2,4.825008413094814,0.0,0.0,4.836254196635056,0.0,0.0,0.0,0.0,0.0,0,0.0,0.0,-0.019625787734744125,14.0,0,0,Peterborough (H) · Bradford (A) · Leyton Orient (A) · Wycombe (H),,,,,,,upcoming,1.2062521032737035,1.209063549158764
E2,Burton,8,29,32,4,2027-02-06 15:00:00,2027-02-20 15:00:00,0,2,5.192516775660624,0.0,0.0,5.172409122305213,0.0,0.0,0.0,0.0,0.0,0,0.0,0.0,-0.12333879999707564,18.25,0,0,Notts County (H) · AFC Wimbledon (A) · Cambridge (A) · Oxford (H),,,,,,,upcoming,1.298129193915156,1.2931022805763033
E2,Burton,9,33,36,4,2027-02-27 15:00:00,2027-03-20 15:00:00,0,2,4.168197151624412,0.0,0.0,4.155399766294293,0.0,0.0,0.0,0.0,0.0,0,0.0,0.0,0.16633668290713413,6.75,0,0,MK Dons (H) · Stevenage (A) · Leicester (H) · Luton (A),,,,,,,upcoming,1.042049287906103,1.0388499415735732
E2,Burton,10,37,40,4,2027-03-26 15:00:00,2027-04-10 15:00:00,0,2,4.51918856574488,0.0,0.0,4.410465371255664,0.0,0.0,0.0,0.0,0.0,0,0.0,0.0,0.06911768350220557,8.5,0,0,Stockport (H) · Sheffield Wed (A) · Barnsley (H) · Reading (A),,,,,,,upcoming,1.12979714143622,1.102616342813916
E2,Burton,11,41,44,4,2027-04-13 19:45:00,2027-04-27 19:45:00,0,2,4.629511604859694,0.0,0.0,4.599094354133776,0.0,0.0,0.0,0.0,0.0,0,0.0,0.0,0.03558040181177234,10.0,0,0,Plymouth (H) · Mansfield (A) · Doncaster (H) · Huddersfield (A),,,,,,,upcoming,1.1573779012149235,1.149773588533444
E2,Burton,12,45,46,2,2027-05-01 15:00:00,2027-05-08 12:30:00,0,1,2.692810685975374,0.0,0.0,2.7090445054111534,0.0,0.0,0.0,0.0,0.0,0,0.0,0.0,-0.17183955563107303,19.0,0,0,Bromley (H) · Wigan (A),,,,,,,upcoming,1.346405342987687,1.3545222527055767
E2,Cambridge,1,1,4,4,2026-08-15 15:00:00,2026-09-01 19:45:00,4,2,4.9787668180110405,4.9787668180110405,6.39488887945077,0.0,7.0,5.04,6.96,4.603278432677796,5.262067127139684,4,7.0,6.0,-0.033272203086224944,12.5,0,0,Wigan (H) · Bromley (A) · Huddersfield (H) · Bradford (A),2.0212331819889595,-0.37548838533324425,2.3967215673222038,0.7992817891689696,-0.19169217343115297,0.4241270359201379,complete,1.2446917045027601,
E2,Cambridge,2,5,8,4,2026-09-05 15:00:00,2026-09-26 15:00:00,1,2,5.270812522539347,1.2261121470198404,1.6085210379975314,3.9750682872919025,1.0,0.9,1.7,0.8216508968180332,1.3652268976375295,1,2.0,2.0,-0.11295643124475596,17.0,0,0,Burton (A) · Reading (H) · Oxford (A) · AFC Wimbledon (H),-0.2261121470198404,-0.40446125020180723,0.17834910318196684,-0.1782832412361703,-0.41170668803726956,0.8585005395255811,in progress,1.3177031306348368,1.325022762430634
E2,Cambridge,3,9,12,4,2026-10-03 15:00:00,2026-10-20 19:45:00,0,2,4.641612498105168,0.0,0.0,4.550205601231758,0.0,0.0,0.0,0.0,0.0,0,0.0,0.0,0.06342882462968533,8.5,0,0,Sheffield Wed (A) · Blackpool (H) · Barnsley (A) · Wycombe (H),,,,,,,upcoming,1.160403124526292,1.1375514003079394
E2,Cambridge,4,13,16,4,2026-10-24 15:00:00,2026-11-21 15:00:00,0,2,4.565147025426205,0.0,0.0,4.518229097504889,0.0,0.0,0.0,0.0,0.0,0,0.0,0.0,0.08257460886678987,8.75,0,0,Plymouth (H) · Leyton Orient (A) · Luton (A) · Stockport (H),,,,,,,upcoming,1.1412867563565512,1.1295572743762223
E2,Cambridge,5,17,20,4,2026-11-28 12:30:00,2026-12-18 19:45:00,0,2,4.527952280371698,0.0,0.0,4.472236401068919,0.0,0.0,0.0,0.0,0.0,0,0.0,0.0,0.09401395231102072,10.75,0,0,Peterborough (A) · Leicester (H) · MK Dons (A) · Stevenage (H),,,,,,,upcoming,1.1319880700929246,1.1180591002672298
E2,Cambridge,6,21,24,4,2026-12-26 15:00:00,2027-01-09 12:30:00,0,2,5.1229381129901785,0.0,0.0,5.056002870455027,0.0,0.0,0.0,0.0,0.0,0,0.0,0.0,-0.0735458660420075,16.5,0,0,Notts County (A) · Doncaster (H) · Mansfield (H) · Stevenage (A),,,,,,,upcoming,1.2807345282475446,1.2640007176137567
E2,Cambridge,7,25,28,4,2027-01-16 15:00:00,2027-01-30 15:00:00,0,2,4.8437177951305825,0.0,0.0,4.836391212734067,0.0,0.0,0.0,0.0,0.0,0,0.0,0.0,0.007448825547348048,11.75,0,0,Barnsley (H) · Wycombe (A) · Plymouth (A) · Leyton Orient (H),,,,,,,upcoming,1.2109294487826456,1.2090978031835167
E2,Cambridge,8,29,32,4,2027-02-06 15:00:00,2027-02-20 15:00:00,0,2,4.861113479879623,0.0,0.0,4.746612011530927,0.0,0.0,0.0,0.0,0.0,0,0.0,0.0,0.002159334562719075,11.5,0,0,Huddersfield (A) · Bradford (H) · Burton (H) · Reading (A),,,,,,,upcoming,1.2152783699699057,1.1866530028827318
E2,Cambridge,9,33,36,4,2027-02-27 12:30:00,2027-03-20 15:00:00,0,2,5.173980685366745,0.0,0.0,5.124363394947345,0.0,0.0,0.0,0.0,0.0,0,0.0,0.0,-0.08353583338145752,16.0,0,0,Peterborough (H) · Wigan (A) · Bromley (H) · Stockport (A),,,,,,,upcoming,1.2934951713416862,1.2810908487368362
E2,Cambridge,10,37,40,4,2027-03-26 15:00:00,2027-04-10 15:00:00,0,2,4.956129783097699,0.0,0.0,4.872903873497202,0.0,0.0,0.0,0.0,0.0,0,0.0,0.0,-0.028070371557232722,13.75,0,0,Mansfield (A) · MK Dons (H) · Doncaster (A) · Notts County (H),,,,,,,upcoming,1.2390324457744248,1.2182259683743004
E2,Cambridge,11,41,44,4,2027-04-13 19:45:00,2027-04-27 19:45:00,0,2,4.849442364257864,0.0,0.0,4.749157220890504,0.0,0.0,0.0,0.0,0.0,0,0.0,0.0,0.0013797418407712758,11.5,0,0,AFC Wimbledon (A) · Oxford (H) · Blackpool (A) · Sheffield Wed (H),,,,,,,upcoming,1.212360591064466,1.187289305222626
E2,Cambridge,12,45,46,2,2027-05-01 15:00:00,2027-05-08 12:30:00,0,1,1.893668291217086,0.0,0.0,1.8731900209075236,0.0,0.0,0.0,0.0,0.0,0,0.0,0.0,0.3195626822745404,2.0,0,0,Luton (H) · Leicester (A),,,,,,,upcoming,0.946834145608543,0.9365950104537618
E2,Doncaster,1,1,4,4,2026-08-15 15:00:00,2026-09-01 19:45:00,4,2,5.473537103871308,5.473537103871308,6.573421921449782,0.0,3.0,4.21,3.67,5.717218549617618,5.777272587248874,4,4.0,5.0,-0.07050402076244025,16.0,0,0,Mansfield (A) · Barnsley (H) · Stevenage (A) · Notts County (H),-2.4735371038713083,0.24368144574630968,-2.717218549617618,-0.9647675219844601,0.12270184218394094,0.3346612666712887,complete,1.368384275967827,
E2,Doncaster,2,5,8,4,2026-09-05 15:00:00,2026-09-26 15:00:00,1,2,5.402897426700497,1.338401268095602,1.6536258381879454,4.087549666049341,0.0,2.52,2.53,1.3994310599640547,1.3701292989708862,1,2.0,3.0,-0.052344445291606874,14.5,0,0,Plymouth (H) · AFC Wimbledon (A) · Peterborough (A) · Oxford (H),-1.338401268095602,0.06102979186845281,-1.3994310599640547,-1.0408010331043098,0.06126996593639912,0.2979679004935192,in progress,1.3507243566751244,1.3625165553497804
E2,Doncaster,3,9,12,4,2026-10-03 15:00:00,2026-10-20 19:45:00,0,2,4.756937137151427,0.0,0.0,4.774022589739095,0.0,0.0,0.0,0.0,0.0,0,0.0,0.0,0.13826641473148,8.25,0,0,Luton (A) · Burton (H) · Leicester (A) · Stockport (H),,,,,,,upcoming,1.1892342842878567,1.1935056474347738
E2,Doncaster,4,13,16,4,2026-10-24 15:00:00,2026-11-21 15:00:00,0,2,4.939694324503287,0.0,0.0,4.93773037932723,0.0,0.0,0.0,0.0,0.0,0,0.0,0.0,0.07694294102265466,9.0,0,0,Sheffield Wed (H) · MK Dons (A) · Leyton Orient (H) · Bradford (A),,,,,,,upcoming,1.2349235811258217,1.2344325948318076
E2,Doncaster,5,17,20,4,2026-11-26 20:00:00,2026-12-19 15:00:00,0,2,5.325003977341681,0.0,0.0,5.334483569074816,0.0,0.0,0.0,0.0,0.0,0,0.0,0.0,-0.028835307324195803,12.25,0,0,Huddersfield (H) · Reading (A) · Bromley (H) · Wycombe (A),,,,,,,upcoming,1.3312509943354203,1.333620892268704
E2,Doncaster,6,21,24,4,2026-12-26 15:00:00,2027-01-09 15:00:00,0,2,5.35002131265902,0.0,0.0,5.386910550898743,0.0,0.0,0.0,0.0,0.0,0,0.0,0.0,-0.0369723205615914,13.5,0,0,Wigan (H) · Cambridge (A) · Blackpool (A) · Wycombe (H),,,,,,,upcoming,1.337505328164755,1.3467276377246857
E2,Doncaster,7,25,28,4,2027-01-16 15:00:00,2027-01-30 15:00:00,0,2,4.4232455623295905,0.0,0.0,4.399207191932637,0.0,0.0,0.0,0.0,0.0,0,0.0,0.0,0.2211463439093962,4.0,0,0,Leicester (H) · Stockport (A) · Sheffield Wed (A) · MK Dons (H),,,,,,,upcoming,1.1058113905823976,1.0998017979831594
E2,Doncaster,8,29,32,4,2027-02-06 15:00:00,2027-02-20 15:00:00,0,2,5.478188807318237,0.0,0.0,5.483507192982043,0.0,0.0,0.0,0.0,0.0,0,0.0,0.0,-0.06911262139943655,15.75,0,0,Stevenage (H) · Notts County (A) · Plymouth (A) · AFC Wimbledon (H),,,,,,,upcoming,1.3695472018295594,1.3708767982455108
E2,Doncaster,9,33,36,4,2027-02-27 15:00:00,2027-03-20 15:00:00,0,2,5.351881840557066,0.0,0.0,5.415515214314313,0.0,0.0,0.0,0.0,0.0,0,0.0,0.0,-0.03785933308150155,14.25,0,0,Leyton Orient (A) · Mansfield (H) · Barnsley (A) · Bradford (H),,,,,,,upcoming,1.3379704601392666,1.3538788035785783
E2,Doncaster,10,37,40,4,2027-03-26 15:00:00,2027-04-10 15:00:00,0,2,5.6584823060882385,0.0,0.0,5.719779828210816,0.0,0.0,0.0,0.0,0.0,0,0.0,0.0,-0.12068536538736596,17.25,0,0,Blackpool (H) · Bromley (A) · Cambridge (H) · Wigan (A),,,,,,,upcoming,1.4146205765220596,1.429944957052704
E2,Doncaster,11,41,44,4,2027-04-13 19:45:00,2027-04-27 19:45:00,0,2,5.293428317538895,0.0,0.0,5.31548024496947,0.0,0.0,0.0,0.0,0.0,0,0.0,0.0,-0.021813499728370593,13.75,0,0,Oxford (A) · Peterborough (H) · Burton (A) · Luton (H),,,,,,,upcoming,1.3233570793847238,1.3288700612423674
E2,Doncaster,12,45,46,2,2027-05-01 15:00:00,2027-05-08 12:30:00,0,1,2.4972975459461133,0.0,0.0,2.4476577364018137,0.0,0.0,0.0,0.0,0.0,0,0.0,0.0,0.06357085851219044,8.0,0,0,Huddersfield (A) · Reading (H),,,,,,,upcoming,1.2486487729730567,1.2238288682009069
E2,Huddersfield,1,1,4,4,2026-08-15 15:00:00,2026-09-01 19:45:00,4,2,6.236679174873345,6.236679174873345,6.563773694910941,0.0,10.0,7.73,4.06,7.511192479656923,6.604929274492562,4,9.0,3.0,-0.07615573474280697,15.25,0,0,AFC Wimbledon (H) · MK Dons (A) · Cambridge (A) · Oxford (H),3.7633208251266552,1.2745133047835786,2.4888075203430766,1.468907486215178,0.6422320114128566,0.14185788385038567,complete,1.5591697937183362,
E2,Huddersfield,2,5,8,4,2026-09-05 15:00:00,2026-09-26 15:00:00,1,2,6.18524407598095,1.7281717425594978,1.6569722968895682,4.576762365419675,1.0,1.85,1.08,1.877449421284465,1.643114815275532,1,1.0,1.0,-0.06211174815393287,15.25,0,0,Notts County (H) · Mansfield (A) · Bromley (A) · Luton (H),-0.7281717425594978,0.14927767872496722,-0.877449421284465,-0.5656869994581439,0.14971372780427927,0.5716065744257222,in progress,1.5463110189952376,1.5255874551398918
E2,Huddersfield,3,9,12,4,2026-10-03 15:00:00,2026-10-20 19:45:00,0,2,5.874468023534429,0.0,0.0,5.946671551952814,0.0,0.0,0.0,0.0,0.0,0,0.0,0.0,0.021946527591468878,12.0,0,0,Burton (A) · Sheffield Wed (H) · Plymouth (A) · Peterborough (H),,,,,,,upcoming,1.4686170058836072,1.4866678879882036
E2,Huddersfield,4,13,16,4,2026-10-24 12:30:00,2026-11-21 15:00:00,0,2,5.488764414727638,0.0,0.0,5.624879603210435,0.0,0.0,0.0,0.0,0.0,0,0.0,0.0,0.12590246580592762,8.0,0,0,Wigan (H) · Bradford (A) · Wycombe (A) · Leicester (H),,,,,,,upcoming,1.3721911036819094,1.4062199008026088
E2,Huddersfield,5,17,20,4,2026-11-26 20:00:00,2026-12-19 12:30:00,0,2,6.221373397111922,0.0,0.0,6.352818946015788,0.0,0.0,0.0,0.0,0.0,0,0.0,0.0,-0.07187716446498404,16.25,0,0,Doncaster (A) · Stevenage (H) · Leyton Orient (H) · Barnsley (A),,,,,,,upcoming,1.5553433492779805,1.588204736503947
E2,Huddersfield,6,21,24,4,2026-12-26 15:00:00,2027-01-09 15:00:00,0,2,5.674192496476889,0.0,0.0,5.721506655979463,0.0,0.0,0.0,0.0,0.0,0,0.0,0.0,0.07745552099504241,8.0,0,0,Blackpool (H) · Stockport (A) · Sheffield Wed (A) · Barnsley (H),,,,,,,upcoming,1.4185481241192222,1.4303766639948658
E2,Huddersfield,7,25,28,4,2027-01-16 15:00:00,2027-01-30 12:30:00,0,2,5.902355644655531,0.0,0.0,6.003515470570761,0.0,0.0,0.0,0.0,0.0,0,0.0,0.0,0.013832540874565797,11.5,0,0,Plymouth (H) · Peterborough (A) · Wigan (A) · Bradford (H),,,,,,,upcoming,1.4755889111638827,1.5008788676426903
E2,Huddersfield,8,29,32,4,2027-02-06 15:00:00,2027-02-20 15:00:00,0,2,6.249125727959552,0.0,0.0,6.373563552439679,0.0,0.0,0.0,0.0,0.0,0,0.0,0.0,-0.0794522851075117,16.5,0,0,Cambridge (H) · Oxford (A) · Notts County (A) · Mansfield (H),,,,,,,upcoming,1.562281431989888,1.5933908881099197
E2,Huddersfield,9,33,36,4,2027-02-27 15:00:00,2027-03-20 15:00:00,0,2,5.654180798983848,0.0,0.0,5.785261058392457,0.0,0.0,0.0,0.0,0.0,0,0.0,0.0,0.08641153908962952,9.75,0,0,Wycombe (H) · AFC Wimbledon (A) · MK Dons (H) · Leicester (A),,,,,,,upcoming,1.413545199745962,1.4463152645981143
E2,Huddersfield,10,37,40,4,2027-03-26 15:00:00,2027-04-10 15:00:00,0,2,5.948397648977158,0.0,0.0,6.0220320537564,0.0,0.0,0.0,0.0,0.0,0,0.0,0.0,0.0016650434315498503,12.25,0,0,Reading (H) · Leyton Orient (A) · Stockport (H) · Blackpool (A),,,,,,,upcoming,1.4870994122442895,1.5055080134391
E2,Huddersfield,11,41,44,4,2027-04-13 19:45:00,2027-04-27 19:45:00,0,2,6.226776735639822,0.0,0.0,6.319747284066624,0.0,0.0,0.0,0.0,0.0,0,0.0,0.0,-0.07352130632753175,15.25,0,0,Luton (A) · Bromley (H) · Reading (A) · Burton (H),,,,,,,upcoming,1.5566941839099555,1.579936821016656
E2,Huddersfield,12,45,46,2,2027-05-01 15:00:00,2027-05-08 12:30:00,0,1,3.105340863027376,0.0,0.0,3.154630351673316,0.0,0.0,0.0,0.0,0.0,0,0.0,0.0,-0.06893436809802775,16.0,0,0,Doncaster (H) · Stevenage (A),,,,,,,upcoming,1.552670431513688,1.577315175836658
E2,Leicester,1,1,4,4,2026-08-15 12:30:00,2026-09-01 19:45:00,4,2,7.093607725419071,7.09360772541907,6.4262244637092145,0.0,5.0,5.6899999999999995,4.65,6.251998781434241,6.688359044366312,4,4.0,3.0,-0.008927354052942593,12.75,0,0,Notts County (A) · Burton (H) · MK Dons (A) · Plymouth (H),-2.09360772541907,-0.8416089439848289,-1.2519987814342413,-0.8258807939954603,-0.42860454438952245,0.4088717164874902,complete,1.7734019313547678,
E2,Leicester,2,5,8,4,2026-09-05 15:00:00,2026-09-26 15:00:00,1,2,7.068957759480636,1.9278343631366492,1.5651409275011385,5.071688782188708,0.0,1.36,1.69,1.1552909274243222,1.0027044569450456,1,0.0,4.0,-0.0008159403589513003,11.25,0,0,Oxford (H) · Stockport (A) · Barnsley (A) · Wigan (H),-1.9278343631366492,-0.7725434357123271,-1.1552909274243222,-1.540965775068893,-0.7972059977290009,0.12332511586378025,in progress,1.767239439870159,1.690562927396236
E2,Leicester,3,9,12,4,2026-10-03 15:00:00,2026-10-20 19:45:00,0,2,7.45064089469682,0.0,0.0,7.3896637581121265,0.0,0.0,0.0,0.0,0.0,0,0.0,0.0,-0.1054255302284777,17.0,0,0,Blackpool (A) · Peterborough (H) · Doncaster (H) · Bromley (A),,,,,,,upcoming,1.862660223674205,1.8474159395280316
E2,Leicester,4,13,16,4,2026-10-24 12:30:00,2026-11-21 15:00:00,0,2,6.7599074966045105,0.0,0.0,6.635237621800697,0.0,0.0,0.0,0.0,0.0,0,0.0,0.0,0.0823213229139497,8.0,0,0,Luton (A) · Stevenage (H) · Bradford (H) · Huddersfield (A),,,,,,,upcoming,1.6899768741511276,1.6588094054501743
E2,Leicester,5,17,20,4,2026-11-28 15:00:00,2026-12-19 15:00:00,0,2,7.077747481725564,0.0,0.0,6.951914672168794,0.0,0.0,0.0,0.0,0.0,0,0.0,0.0,-0.0021039012319092228,12.75,0,0,Mansfield (H) · Cambridge (A) · Sheffield Wed (H) · Reading (A),,,,,,,upcoming,1.769436870431391,1.7379786680421985
E2,Leicester,6,21,24,4,2026-12-26 15:00:00,2027-01-09 15:00:00,0,2,7.344807180330324,0.0,0.0,7.270596183948513,0.0,0.0,0.0,0.0,0.0,0,0.0,0.0,-0.07909657690954888,16.0,0,0,AFC Wimbledon (H) · Leyton Orient (A) · Wycombe (A) · Reading (H),,,,,,,upcoming,1.836201795082581,1.8176490459871282
E2,Leicester,7,25,28,4,2027-01-16 15:00:00,2027-01-30 15:00:00,0,2,7.265224583351658,0.0,0.0,7.200163075208543,0.0,0.0,0.0,0.0,0.0,0,0.0,0.0,-0.05750025020995313,14.75,0,0,Doncaster (A) · Bromley (H) · Luton (H) · Stevenage (A),,,,,,,upcoming,1.8163061458379146,1.8000407688021358
E2,Leicester,8,29,32,4,2027-02-06 15:00:00,2027-02-20 15:00:00,0,2,6.761396478525947,0.0,0.0,6.6828476196544795,0.0,0.0,0.0,0.0,0.0,0,0.0,0.0,0.08423027913343942,7.25,0,0,MK Dons (H) · Plymouth (A) · Oxford (A) · Stockport (H),,,,,,,upcoming,1.6903491196314868,1.6707119049136199
E2,Leicester,9,33,36,4,2027-02-27 15:00:00,2027-03-20 15:00:00,0,2,7.125632351052283,0.0,0.0,6.995696974321443,0.0,0.0,0.0,0.0,0.0,0,0.0,0.0,-0.015607849291526824,13.0,0,0,Bradford (A) · Notts County (H) · Burton (A) · Huddersfield (H),,,,,,,upcoming,1.7814080877630707,1.7489242435803607
E2,Leicester,10,37,40,4,2027-03-26 15:00:00,2027-04-10 15:00:00,0,2,7.125251922837154,0.0,0.0,7.04552162690812,0.0,0.0,0.0,0.0,0.0,0,0.0,0.0,-0.016785554938044095,13.5,0,0,Wycombe (H) · AFC Wimbledon (A) · Leyton Orient (H) · Sheffield Wed (A),,,,,,,upcoming,1.7813129807092885,1.76138040672703
E2,Leicester,11,41,44,4,2027-04-13 19:45:00,2027-04-27 19:45:00,0,2,7.231205866412695,0.0,0.0,7.151022354667602,0.0,0.0,0.0,0.0,0.0,0,0.0,0.0,-0.04396968135838138,14.0,0,0,Wigan (A) · Barnsley (H) · Peterborough (A) · Blackpool (H),,,,,,,upcoming,1.8078014666031736,1.7877555886669005
E2,Leicester,12,45,46,2,2027-05-01 15:00:00,2027-05-08 12:30:00,0,1,3.739445932440577,0.0,0.0,3.728312656105136,0.0,0.0,0.0,0.0,0.0,0,0.0,0.0,-0.1152279933160143,18.5,0,0,Mansfield (A) · Cambridge (H),,,,,,,upcoming,1.8697229662202886,1.864156328052568
E2,Leyton Orient,1,1,4,4,2026-08-15 15:00:00,2026-09-01 19:45:00,4,2,5.202459182070113,5.202459182070112,6.514309137503215,0.0,6.0,3.91,7.03,3.74802444414467,5.366846416033888,4,9.0,5.0,-0.038974481528726374,13.25,0,0,Sheffield Wed (H) · Wigan (A) · Barnsley (H) · Bromley (A),0.797540817929888,-1.454434737925442,2.25197555585533,0.3124774898626564,-0.735672346462389,0.7546776677000981,complete,1.3006147955175282,
E2,Leyton Orient,2,5,8,4,2026-09-05 15:00:00,2026-09-26 15:00:00,1,2,4.988529579157209,0.9400039200584689,1.4068053796818598,3.9917551133822835,1.0,0.58,2.01,0.47181121646409774,1.3946895637413423,1,1.0,1.0,0.023308867441335597,11.25,0,0,Luton (A) · Wycombe (H) · Stevenage (H) · Mansfield (A),0.05999607994153111,-0.46819270359437115,0.5281887835359023,0.05058314929507517,-0.5096030350728774,0.9596576905490677,in progress,1.2471323947893023,1.3305850377940944
E2,Leyton Orient,3,9,12,4,2026-10-03 15:00:00,2026-10-21 20:00:00,0,2,4.872959245958089,0.0,0.0,4.721077905049439,0.0,0.0,0.0,0.0,0.0,0,0.0,0.0,0.05231124498851935,8.75,0,0,Plymouth (H) · Bradford (A) · Blackpool (H) · Reading (A),,,,,,,upcoming,1.2182398114895223,1.1802694762623598
E2,Leyton Orient,4,13,16,4,2026-10-24 15:00:00,2026-11-21 15:00:00,0,2,5.665516395251094,0.0,0.0,5.56540789009968,0.0,0.0,0.0,0.0,0.0,0,0.0,0.0,-0.16359539613301863,20.25,0,0,Burton (A) · Cambridge (H) · Doncaster (A) · AFC Wimbledon (H),,,,,,,upcoming,1.4163790988127736,1.39135197252492
E2,Leyton Orient,5,17,20,4,2026-11-28 15:00:00,2026-12-19 15:00:00,0,2,5.018489788724352,0.0,0.0,4.836070044179884,0.0,0.0,0.0,0.0,0.0,0,0.0,0.0,0.016402189835928324,12.0,0,0,Stockport (A) · Peterborough (H) · Huddersfield (A) · Notts County (H),,,,,,,upcoming,1.254622447181088,1.209017511044971
E2,Leyton Orient,6,21,24,4,2026-12-26 15:00:00,2027-01-09 15:00:00,0,2,4.651803630128385,0.0,0.0,4.53787813147405,0.0,0.0,0.0,0.0,0.0,0,0.0,0.0,0.11482464627299144,9.0,0,0,MK Dons (A) · Leicester (H) · Oxford (H) · Notts County (A),,,,,,,upcoming,1.1629509075320963,1.1344695328685126
E2,Leyton Orient,7,25,28,4,2027-01-16 15:00:00,2027-01-30 15:00:00,0,2,5.377386776091765,0.0,0.0,5.227954416080986,0.0,0.0,0.0,0.0,0.0,0,0.0,0.0,-0.08525382773842194,16.25,0,0,Blackpool (A) · Reading (H) · Burton (H) · Cambridge (A),,,,,,,upcoming,1.3443466940229412,1.3069886040202465
E2,Leyton Orient,8,29,32,4,2027-02-06 15:00:00,2027-02-20 15:00:00,0,2,5.153690379978844,0.0,0.0,5.080413498182469,0.0,0.0,0.0,0.0,0.0,0,0.0,0.0,-0.023452174450188667,12.25,0,0,Barnsley (A) · Bromley (H) · Luton (H) · Wycombe (A),,,,,,,upcoming,1.288422594994711,1.2701033745456172
E2,Leyton Orient,9,33,36,4,2027-02-27 15:00:00,2027-03-20 15:00:00,0,2,5.193740393966527,0.0,0.0,5.033261099630116,0.0,0.0,0.0,0.0,0.0,0,0.0,0.0,-0.03164698586086907,13.5,0,0,Doncaster (H) · Sheffield Wed (A) · Wigan (H) · AFC Wimbledon (A),,,,,,,upcoming,1.2984350984916317,1.258315274907529
E2,Leyton Orient,10,37,40,4,2027-03-26 15:00:00,2027-04-10 15:00:00,0,2,4.476111500442323,0.0,0.0,4.360080904358426,0.0,0.0,0.0,0.0,0.0,0,0.0,0.0,0.17117818592873943,5.5,0,0,Oxford (A) · Huddersfield (H) · Leicester (A) · MK Dons (H),,,,,,,upcoming,1.1190278751105807,1.0900202260896066
E2,Leyton Orient,11,41,44,4,2027-04-13 19:45:00,2027-04-27 19:45:00,0,2,5.019539023730489,0.0,0.0,4.927222904452166,0.0,0.0,0.0,0.0,0.0,0,0.0,0.0,0.013403222817589645,11.5,0,0,Mansfield (H) · Stevenage (A) · Bradford (H) · Plymouth (A),,,,,,,upcoming,1.2548847559326222,1.2318057261130415
E2,Leyton Orient,12,45,46,2,2027-05-01 15:00:00,2027-05-08 12:30:00,0,1,2.519701205341188,0.0,0.0,2.437599631653435,0.0,0.0,0.0,0.0,0.0,0,0.0,0.0,0.004767888868158002,13.0,0,0,Stockport (H) · Peterborough (A),,,,,,,upcoming,1.259850602670594,1.2187998158267175
E2,Luton,1,1,4,4,2026-08-15 12:30:00,2026-09-02 19:45:00,4,2,6.2240709425181375,6.224070942518138,6.667952732736696,0.0,7.0,6.890000000000001,5.08,6.66552463175829,6.48714455426003,4,10.0,10.0,-0.0169062947775982,13.25,0,0,Reading (A) · Notts County (H) · Mansfield (A) · Stockport (H),0.7759290574818616,0.44145368924015127,0.3344753682417103,0.3004870496793007,0.2207055575019774,0.7638056731505876,complete,1.5560177356295344,
E2,Luton,2,5,8,4,2026-09-05 15:00:00,2026-09-26 15:00:00,2,2,6.133634630745898,3.247106222868555,3.3125641329460493,2.8783930244216624,1.0,3.04,1.9699999999999998,3.4120486597989705,0.0,0,2.0,3.0,0.007742780367877171,12.25,0,0,Leyton Orient (H) · Stevenage (A) · Bradford (H) · Huddersfield (A),-2.247106222868555,0.16494243693041533,-2.4120486597989705,-1.2346431602663615,0.1169969752406738,0.21696333853943717,in progress,1.5334086576864745,1.4391965122108312
E2,Luton,3,9,12,4,2026-10-03 15:00:00,2026-10-20 19:45:00,0,2,6.122818752391405,0.0,0.0,6.169764701380067,0.0,0.0,0.0,0.0,0.0,0,0.0,0.0,0.010589202146511474,10.75,0,0,Doncaster (H) · Wycombe (A) · MK Dons (A) · Barnsley (H),,,,,,,upcoming,1.5307046880978512,1.5424411753450167
E2,Luton,4,13,16,4,2026-10-24 12:30:00,2026-11-21 15:00:00,0,2,6.157900438870587,0.0,0.0,6.234710134703532,0.0,0.0,0.0,0.0,0.0,0,0.0,0.0,0.000667871855304869,15.75,0,0,Leicester (H) · Peterborough (A) · Cambridge (H) · Burton (A),,,,,,,upcoming,1.5394751097176467,1.558677533675883
E2,Luton,5,17,20,4,2026-11-28 15:00:00,2026-12-19 12:30:00,0,2,5.98165166893138,0.0,0.0,5.9902767571315705,0.0,0.0,0.0,0.0,0.0,0,0.0,0.0,0.049424404483875806,9.25,0,0,Oxford (H) · Blackpool (A) · Wigan (H) · Sheffield Wed (A),,,,,,,upcoming,1.495412917232845,1.4975691892828926
E2,Luton,6,21,24,4,2026-12-26 15:00:00,2027-01-09 15:00:00,0,2,6.311758861796142,0.0,0.0,6.358186314570021,0.0,0.0,0.0,0.0,0.0,0,0.0,0.0,-0.04174122991926325,13.5,0,0,Bromley (H) · AFC Wimbledon (A) · Plymouth (A) · Sheffield Wed (H),,,,,,,upcoming,1.5779397154490356,1.5895465786425051
E2,Luton,7,25,28,4,2027-01-16 15:00:00,2027-01-30 15:00:00,0,2,5.799381942519833,0.0,0.0,5.853134898361061,0.0,0.0,0.0,0.0,0.0,0,0.0,0.0,0.10150876625648494,9.75,0,0,MK Dons (H) · Barnsley (A) · Leicester (A) · Peterborough (H),,,,,,,upcoming,1.4498454856299583,1.4632837245902652
E2,Luton,8,29,32,4,2027-02-06 15:00:00,2027-02-20 15:00:00,0,2,6.300199914652981,0.0,0.0,6.3707325658893765,0.0,0.0,0.0,0.0,0.0,0,0.0,0.0,-0.03724297873937985,15.0,0,0,Mansfield (H) · Stockport (A) · Leyton Orient (A) · Stevenage (H),,,,,,,upcoming,1.5750499786632453,1.5926831414723441
E2,Luton,9,33,36,4,2027-02-27 15:00:00,2027-03-20 15:00:00,0,2,6.428107971170381,0.0,0.0,6.426901994818305,0.0,0.0,0.0,0.0,0.0,0,0.0,0.0,-0.07232652861609705,15.75,0,0,Oxford (A) · Reading (H) · Notts County (A) · Burton (H),,,,,,,upcoming,1.6070269927925953,1.6067254987045763
E2,Luton,10,37,40,4,2027-03-26 15:00:00,2027-04-10 15:00:00,0,2,6.583221775532527,0.0,0.0,6.668802903704086,0.0,0.0,0.0,0.0,0.0,0,0.0,0.0,-0.11440467573056833,16.5,0,0,Plymouth (H) · Wigan (A) · AFC Wimbledon (H) · Bromley (A),,,,,,,upcoming,1.6458054438831318,1.6672007259260215
E2,Luton,11,41,44,4,2027-04-13 19:45:00,2027-04-27 19:45:00,0,2,5.979202285289208,0.0,0.0,6.005374976986272,0.0,0.0,0.0,0.0,0.0,0,0.0,0.0,0.049186621160494895,9.0,0,0,Huddersfield (H) · Bradford (A) · Wycombe (H) · Doncaster (A),,,,,,,upcoming,1.494800571322302,1.501343744246568
E2,Luton,12,45,46,2,2027-05-01 15:00:00,2027-05-08 12:30:00,0,1,3.2106673393088294,0.0,0.0,3.2467734340959273,0.0,0.0,0.0,0.0,0.0,0,0.0,0.0,-0.0695311751436589,15.5,0,0,Cambridge (A) · Blackpool (H),,,,,,,upcoming,1.6053336696544147,1.6233867170479637
E2,MK Dons,1,1,4,4,2026-08-15 12:30:00,2026-09-02 19:45:00,4,2,5.330991805471995,5.330991805471995,6.575811731854988,0.0,3.0,7.58,7.16,5.601494265047583,5.304856171563575,4,4.0,6.0,0.13140988068891635,7.5,0,0,Oxford (A) · Huddersfield (H) · Leicester (H) · Wigan (A),-2.330991805471995,0.27050245957558783,-2.6014942650475827,-0.9090045591155635,0.13618237621115376,0.363347719257493,complete,1.3327479513679987,
E2,MK Dons,2,5,8,4,2026-09-05 15:00:00,2026-09-26 15:00:00,1,2,6.358154445148908,1.2518794521979353,1.6205920228822852,5.182459599132697,1.0,1.45,1.15,1.5674694734231693,1.6482787981997322,1,3.0,3.0,-0.14560719238991912,18.75,0,0,Wycombe (A) · Peterborough (H) · AFC Wimbledon (A) · Bromley (H),-0.2518794521979353,0.31559002122523405,-0.5674694734231693,-0.19785903731755494,0.32004481010743596,0.8431553540096071,in progress,1.589538611287227,1.7274865330442324
E2,MK Dons,3,9,12,4,2026-10-03 15:00:00,2026-10-20 19:45:00,0,2,5.674299644114179,0.0,0.0,5.669300269334954,0.0,0.0,0.0,0.0,0.0,0,0.0,0.0,0.038705473077532325,9.5,0,0,Barnsley (A) · Reading (H) · Luton (H) · Blackpool (A),,,,,,,upcoming,1.4185749110285448,1.4173250673337385
E2,MK Dons,4,13,16,4,2026-10-24 15:00:00,2026-11-21 15:00:00,0,2,6.1872549742143015,0.0,0.0,6.254973887474996,0.0,0.0,0.0,0.0,0.0,0,0.0,0.0,-0.09946599580894724,17.5,0,0,Stevenage (A) · Doncaster (H) · Burton (H) · Mansfield (A),,,,,,,upcoming,1.5468137435535754,1.563743471868749
E2,MK Dons,5,17,20,4,2026-11-28 12:30:00,2026-12-19 15:00:00,0,2,5.888260378995401,0.0,0.0,5.913752759243,0.0,0.0,0.0,0.0,0.0,0,0.0,0.0,-0.0178360762303004,13.5,0,0,Notts County (H) · Bradford (A) · Cambridge (H) · Stockport (A),,,,,,,upcoming,1.4720650947488503,1.47843818981075
E2,MK Dons,6,21,24,4,2026-12-26 15:00:00,2027-01-09 15:00:00,0,2,5.7097428591940895,0.0,0.0,5.743344774456951,0.0,0.0,0.0,0.0,0.0,0,0.0,0.0,0.030040321051992898,11.0,0,0,Leyton Orient (H) · Plymouth (A) · Reading (A) · Stockport (H),,,,,,,upcoming,1.4274357147985224,1.4358361936142376
E2,MK Dons,7,25,28,4,2027-01-16 15:00:00,2027-01-30 15:00:00,0,2,5.751138744435258,0.0,0.0,5.781858790357742,0.0,0.0,0.0,0.0,0.0,0,0.0,0.0,0.019604014713213075,11.25,0,0,Luton (A) · Blackpool (H) · Stevenage (H) · Doncaster (A),,,,,,,upcoming,1.4377846861088146,1.4454646975894354
E2,MK Dons,8,29,32,4,2027-02-06 15:00:00,2027-02-20 15:00:00,0,2,5.525608513015268,0.0,0.0,5.601609938758317,0.0,0.0,0.0,0.0,0.0,0,0.0,0.0,0.08525187755139485,10.75,0,0,Leicester (A) · Wigan (H) · Wycombe (H) · Peterborough (A),,,,,,,upcoming,1.381402128253817,1.4004024846895793
E2,MK Dons,9,33,36,4,2027-02-27 15:00:00,2027-03-20 15:00:00,0,2,5.935258645457479,0.0,0.0,5.995486784323719,0.0,0.0,0.0,0.0,0.0,0,0.0,0.0,-0.03048356055368995,13.25,0,0,Burton (A) · Oxford (H) · Huddersfield (A) · Mansfield (H),,,,,,,upcoming,1.4838146613643697,1.4988716960809298
E2,MK Dons,10,37,40,4,2027-03-26 15:00:00,2027-04-10 15:00:00,0,2,5.715850727025764,0.0,0.0,5.781450735512427,0.0,0.0,0.0,0.0,0.0,0,0.0,0.0,0.027075530743435973,12.0,0,0,Sheffield Wed (H) · Cambridge (A) · Plymouth (H) · Leyton Orient (A),,,,,,,upcoming,1.428962681756441,1.4453626838781068
E2,MK Dons,11,41,44,4,2027-04-13 19:45:00,2027-04-27 19:45:00,0,2,6.148295701581138,0.0,0.0,6.199706976544628,0.0,0.0,0.0,0.0,0.0,0,0.0,0.0,-0.08701914417183089,15.5,0,0,Bromley (A) · AFC Wimbledon (H) · Sheffield Wed (A) · Barnsley (H),,,,,,,upcoming,1.5370739253952845,1.549926744136157
E2,MK Dons,12,45,46,2,2027-05-01 15:00:00,2027-05-08 12:30:00,0,1,2.922484620340831,0.0,0.0,2.9204666372427375,0.0,0.0,0.0,0.0,0.0,0,0.0,0.0,-0.007411929852872798,13.0,0,0,Notts County (A) · Bradford (H),,,,,,,upcoming,1.4612423101704155,1.4602333186213687
E2,Mansfield,1,1,4,4,2026-08-15 15:00:00,2026-09-02 20:00:00,4,2,5.142779286153235,5.142779286153235,6.482852325391508,0.0,6.0,5.11,7.35,4.258560263560049,5.301812900440369,4,8.0,10.0,0.0075373475238118305,12.25,0,0,Doncaster (H) · Peterborough (A) · Luton (H) · Reading (A),0.8572207138467647,-0.8842190225931867,1.7414397364399514,0.3366740104870646,-0.4483334723100581,0.7363626573558371,complete,1.2856948215383088,
E2,Mansfield,2,5,8,4,2026-09-05 15:00:00,2026-09-26 15:00:00,1,2,5.246661638028559,1.0737247446806064,1.516404595104283,4.1432430319995195,0.0,0.53,0.95,0.9421040924373423,1.0930463988058217,1,0.0,1.0,-0.019884920168556475,13.5,0,0,Bradford (A) · Huddersfield (H) · Burton (A) · Leyton Orient (H),-1.0737247446806064,-0.13162065224326414,-0.9421040924373423,-0.8719376202052017,-0.13798785622805748,0.38324240900669815,in progress,1.3116654095071398,1.3810810106665066
E2,Mansfield,3,9,12,4,2026-10-03 15:00:00,2026-10-20 19:45:00,0,2,5.718725024574581,0.0,0.0,5.711722873051964,0.0,0.0,0.0,0.0,0.0,0,0.0,0.0,-0.14838796889369998,18.0,0,0,Wigan (A) · Bromley (H) · Oxford (H) · AFC Wimbledon (A),,,,,,,upcoming,1.4296812561436452,1.427930718262991
E2,Mansfield,4,13,16,4,2026-10-24 15:00:00,2026-11-21 15:00:00,0,2,5.207797372109491,0.0,0.0,5.112611217588416,0.0,0.0,0.0,0.0,0.0,0,0.0,0.0,-0.009674931136952,12.75,0,0,Blackpool (A) · Notts County (H) · Stevenage (A) · MK Dons (H),,,,,,,upcoming,1.3019493430273728,1.278152804397104
E2,Mansfield,5,17,20,4,2026-11-28 15:00:00,2026-12-19 15:00:00,0,2,4.551527256428513,0.0,0.0,4.523149648233628,0.0,0.0,0.0,0.0,0.0,0,0.0,0.0,0.1810791730465937,5.5,0,0,Leicester (A) · Stockport (H) · Wycombe (H) · Plymouth (A),,,,,,,upcoming,1.1378818141071283,1.130787412058407
E2,Mansfield,6,21,24,4,2026-12-26 15:00:00,2027-01-09 15:00:00,0,2,5.034913578686993,0.0,0.0,4.96868984047568,0.0,0.0,0.0,0.0,0.0,0,0.0,0.0,0.040554986335423746,10.25,0,0,Barnsley (H) · Sheffield Wed (A) · Cambridge (A) · Plymouth (H),,,,,,,upcoming,1.2587283946717482,1.24217246011892
E2,Mansfield,7,25,28,4,2027-01-16 15:00:00,2027-01-30 15:00:00,0,2,5.463718605164431,0.0,0.0,5.3899231830738845,0.0,0.0,0.0,0.0,0.0,0,0.0,0.0,-0.0786984639849794,15.5,0,0,Oxford (A) · AFC Wimbledon (H) · Blackpool (H) · Notts County (A),,,,,,,upcoming,1.3659296512911077,1.3474807957684711
E2,Mansfield,8,29,32,4,2027-02-06 15:00:00,2027-02-20 15:00:00,0,2,4.828038787537909,0.0,0.0,4.703019992103057,0.0,0.0,0.0,0.0,0.0,0,0.0,0.0,0.0983809359987017,6.75,0,0,Luton (A) · Reading (H) · Bradford (H) · Huddersfield (A),,,,,,,upcoming,1.2070096968844772,1.1757549980257642
E2,Mansfield,9,33,36,4,2027-02-27 15:00:00,2027-03-20 15:00:00,0,2,5.2949578697672415,0.0,0.0,5.221728753508666,0.0,0.0,0.0,0.0,0.0,0,0.0,0.0,-0.03164067197571438,14.25,0,0,Stevenage (H) · Doncaster (A) · Peterborough (H) · MK Dons (A),,,,,,,upcoming,1.3237394674418104,1.3054321883771665
E2,Mansfield,10,37,40,4,2027-03-26 15:00:00,2027-04-10 15:00:00,0,2,5.106043651391535,0.0,0.0,5.043476207992137,0.0,0.0,0.0,0.0,0.0,0,0.0,0.0,0.018788488617589073,11.25,0,0,Cambridge (H) · Barnsley (A) · Sheffield Wed (H) · Wycombe (A),,,,,,,upcoming,1.2765109128478838,1.2608690519980343
E2,Mansfield,11,41,44,4,2027-04-13 19:45:00,2027-04-27 19:45:00,0,2,5.755124088874071,0.0,0.0,5.769053688165577,0.0,0.0,0.0,0.0,0.0,0,0.0,0.0,-0.15845227271340456,20.0,0,0,Leyton Orient (A) · Burton (H) · Bromley (A) · Wigan (H),,,,,,,upcoming,1.4387810222185178,1.4422634220413943
E2,Mansfield,12,45,46,2,2027-05-01 15:00:00,2027-05-08 12:30:00,0,1,2.0955030239028494,0.0,0.0,2.073246074097754,0.0,0.0,0.0,0.0,0.0,0,0.0,0.0,0.272440734166551,4.0,0,0,Leicester (H) · Stockport (A),,,,,,,upcoming,1.0477515119514247,1.036623037048877
E2,Notts County,1,1,4,4,2026-08-15 12:30:00,2026-09-01 19:45:00,4,2,4.785289780163304,4.785289780163304,6.173584579080009,0.0,6.0,6.49,4.6899999999999995,6.524120667177854,4.449072250012605,4,6.0,5.0,0.09768645655182268,10.25,0,0,Leicester (H) · Luton (A) · Burton (H) · Doncaster (A),1.2147102198366957,1.73883088701455,-0.5241206671778542,0.4888819288365202,0.9034685091264001,0.624925290251418,complete,1.196322445040826,
E2,Notts County,2,5,8,4,2026-09-05 15:00:00,2026-09-26 15:00:00,1,2,4.9321852908716455,1.0013455779366047,1.460378408348827,3.9549074035830447,1.0,1.08,1.85,0.8744048280497086,1.243173647480314,1,1.0,1.0,0.05418448567674155,8.5,0,0,Huddersfield (A) · Bradford (H) · Reading (A) · Blackpool (H),-0.001345577936604725,-0.12694074988689608,0.12559517195029135,-0.0011134639373485352,-0.1356103174751665,0.9991115844989553,in progress,1.2330463227179114,1.318302467861015
E2,Notts County,3,9,12,4,2026-10-03 15:00:00,2026-10-20 19:45:00,0,2,4.953521110362886,0.0,0.0,5.0239181771669665,0.0,0.0,0.0,0.0,0.0,0,0.0,0.0,0.04659716544496805,10.25,0,0,Peterborough (A) · Oxford (H) · Wycombe (A) · Sheffield Wed (H),,,,,,,upcoming,1.2383802775907216,1.2559795442917416
E2,Notts County,4,13,16,4,2026-10-24 15:00:00,2026-11-21 15:00:00,0,2,5.430177514133534,0.0,0.0,5.561617534622979,0.0,0.0,0.0,0.0,0.0,0,0.0,0.0,-0.08396515143843367,16.0,0,0,Stockport (H) · Mansfield (A) · Bromley (A) · Stevenage (H),,,,,,,upcoming,1.3575443785333834,1.3904043836557447
E2,Notts County,5,17,20,4,2026-11-28 12:30:00,2026-12-19 15:00:00,0,2,5.233179487222687,0.0,0.0,5.3523826823298375,0.0,0.0,0.0,0.0,0.0,0,0.0,0.0,-0.02791419779169143,13.5,0,0,MK Dons (A) · AFC Wimbledon (H) · Plymouth (H) · Leyton Orient (A),,,,,,,upcoming,1.3082948718056717,1.3380956705824594
E2,Notts County,6,21,24,4,2026-12-26 15:00:00,2027-01-09 15:00:00,0,2,5.460802229299334,0.0,0.0,5.598414016635014,0.0,0.0,0.0,0.0,0.0,0,0.0,0.0,-0.09086582932043676,17.0,0,0,Cambridge (H) · Wigan (A) · Barnsley (A) · Leyton Orient (H),,,,,,,upcoming,1.3652005573248336,1.3996035041587536
E2,Notts County,7,25,28,4,2027-01-16 15:00:00,2027-01-30 15:00:00,0,2,4.858396371200496,0.0,0.0,4.922207401442304,0.0,0.0,0.0,0.0,0.0,0,0.0,0.0,0.07811852844359768,8.5,0,0,Wycombe (H) · Sheffield Wed (A) · Stockport (A) · Mansfield (H),,,,,,,upcoming,1.214599092800124,1.230551850360576
E2,Notts County,8,29,32,4,2027-02-06 15:00:00,2027-02-20 15:00:00,0,2,5.1601646507228125,0.0,0.0,5.227077917450152,0.0,0.0,0.0,0.0,0.0,0,0.0,0.0,-0.009447309856135948,12.25,0,0,Burton (A) · Doncaster (H) · Huddersfield (H) · Bradford (A),,,,,,,upcoming,1.2900411626807031,1.306769479362538
E2,Notts County,9,33,36,4,2027-02-27 15:00:00,2027-03-20 15:00:00,0,2,4.917427117719785,0.0,0.0,5.056198769031868,0.0,0.0,0.0,0.0,0.0,0,0.0,0.0,0.06815437407678197,11.25,0,0,Bromley (H) · Leicester (A) · Luton (H) · Stevenage (A),,,,,,,upcoming,1.2293567794299463,1.264049692257967
E2,Notts County,10,37,40,4,2027-03-26 15:00:00,2027-04-10 15:00:00,0,2,5.248866612876707,0.0,0.0,5.366557368570248,0.0,0.0,0.0,0.0,0.0,0,0.0,0.0,-0.03210845947588133,13.25,0,0,Barnsley (H) · Plymouth (A) · Wigan (H) · Cambridge (A),,,,,,,upcoming,1.3122166532191768,1.341639342142562
E2,Notts County,11,41,44,4,2027-04-13 19:45:00,2027-04-27 19:45:00,0,2,5.210007763192492,0.0,0.0,5.257541372603537,0.0,0.0,0.0,0.0,0.0,0,0.0,0.0,-0.0223226364291451,13.0,0,0,Blackpool (A) · Reading (H) · Oxford (A) · Peterborough (H),,,,,,,upcoming,1.302501940798123,1.3143853431508843
E2,Notts County,12,45,46,2,2027-05-01 15:00:00,2027-05-08 12:30:00,0,1,2.690587229244675,0.0,0.0,2.731580496695692,0.0,0.0,0.0,0.0,0.0,0,0.0,0.0,-0.0715642632565778,14.5,0,0,MK Dons (H) · AFC Wimbledon (A),,,,,,,upcoming,1.3452936146223375,1.365790248347846
E2,Oxford,1,1,4,4,2026-08-15 12:30:00,2026-09-05 15:00:00,4,1,4.579598036032146,4.579598036032146,6.104021893941635,0.0,7.0,5.29,8.08,4.3290708300066285,3.737333200000782,3,9.0,6.0,0.15238875089383924,7.0,0,0,MK Dons (H) · Stevenage (A) · Huddersfield (A) · Leicester (A),2.420401963967854,-0.2505272060255175,2.6709291699933715,0.9796692020694596,-0.1309095194053553,0.32724943326023603,complete,1.1448995090080365,
E2,Oxford,2,5,8,4,2026-09-12 15:00:00,2026-10-03 15:00:00,0,3,6.027027584997261,0.0,0.0,5.987404375381748,0.0,0.0,0.0,0.0,1.778072929244144,1,0.0,0.0,-0.07622499588931153,16.25,0,1,Burton (H) · Cambridge (H) · Doncaster (A) · Stockport (H),,,,,,,upcoming,1.5067568962493152,1.496851093845437
E2,Oxford,3,9,12,4,2026-10-10 12:30:00,2026-10-24 15:00:00,0,2,5.553577713709506,0.0,0.0,5.498515496206478,0.0,0.0,0.0,0.0,0.0,0,0.0,0.0,-0.035369886904984424,14.0,0,1,Notts County (A) · Mansfield (A) · Wigan (H) · Bradford (H),,,,,,,upcoming,1.3883944284273766,1.3746288740516195
E2,Oxford,4,13,16,4,2026-10-31 15:00:00,2026-11-21 15:00:00,0,2,5.5226844767813095,0.0,0.0,5.454572592483767,0.0,0.0,0.0,0.0,0.0,0,0.0,0.0,-0.0270084776159727,13.25,0,1,Barnsley (A) · Reading (H) · Peterborough (A) · Wycombe (H),,,,,,,upcoming,1.3806711191953274,1.3636431481209417
E2,Oxford,5,17,20,4,2026-11-28 15:00:00,2026-12-19 15:00:00,0,2,5.242033399416173,0.0,0.0,5.14399572692732,0.0,0.0,0.0,0.0,0.0,0,0.0,0.0,0.05118420770542005,9.5,0,0,Luton (A) · Sheffield Wed (H) · Blackpool (H) · AFC Wimbledon (A),,,,,,,upcoming,1.3105083498540433,1.28599893173183
E2,Oxford,6,21,24,4,2026-12-26 15:00:00,2027-01-09 12:30:00,0,2,5.889613908228591,0.0,0.0,5.924234483956992,0.0,0.0,0.0,0.0,0.0,0,0.0,0.0,-0.12609650662204358,18.0,0,0,Plymouth (H) · Bromley (A) · Leyton Orient (A) · AFC Wimbledon (H),,,,,,,upcoming,1.4724034770571477,1.481058620989248
E2,Oxford,7,25,28,4,2027-01-16 15:00:00,2027-01-30 15:00:00,0,2,5.524452848103204,0.0,0.0,5.4951942293053895,0.0,0.0,0.0,0.0,0.0,0,0.0,0.0,-0.026167502190026302,12.75,0,0,Mansfield (H) · Wigan (A) · Bradford (A) · Barnsley (H),,,,,,,upcoming,1.381113212025801,1.3737985573263474
E2,Oxford,8,29,32,4,2027-02-06 15:00:00,2027-02-20 15:00:00,0,2,5.073496420173532,0.0,0.0,4.993362295897372,0.0,0.0,0.0,0.0,0.0,0,0.0,0.0,0.0953451689573828,9.75,0,0,Reading (A) · Huddersfield (H) · Leicester (H) · Burton (A),,,,,,,upcoming,1.268374105043383,1.248340573974343
E2,Oxford,9,33,36,4,2027-02-27 15:00:00,2027-03-20 15:00:00,0,2,5.181121612786852,0.0,0.0,5.1326129175584025,0.0,0.0,0.0,0.0,0.0,0,0.0,0.0,0.06723532043469925,8.75,0,0,Luton (H) · MK Dons (A) · Stevenage (H) · Wycombe (A),,,,,,,upcoming,1.295280403196713,1.2831532293896006
E2,Oxford,10,37,40,4,2027-03-26 15:00:00,2027-04-10 15:00:00,0,2,5.652514354814324,0.0,0.0,5.671214600048033,0.0,0.0,0.0,0.0,0.0,0,0.0,0.0,-0.05936158264630193,14.75,0,0,Leyton Orient (H) · Blackpool (A) · Bromley (H) · Plymouth (A),,,,,,,upcoming,1.413128588703581,1.4178036500120081
E2,Oxford,11,41,44,4,2027-04-13 19:45:00,2027-04-27 19:45:00,0,2,5.61453596644431,0.0,0.0,5.543580658288365,0.0,0.0,0.0,0.0,0.0,0,0.0,0.0,-0.05030486612237177,15.25,0,0,Doncaster (H) · Cambridge (A) · Notts County (H) · Stockport (A),,,,,,,upcoming,1.4036339916110776,1.3858951645720912
E2,Oxford,12,45,46,2,2027-05-01 15:00:00,2027-05-08 12:30:00,0,1,2.592778938785497,0.0,0.0,2.5248194951726344,0.0,0.0,0.0,0.0,0.0,0,0.0,0.0,0.071443305289563,10.5,0,0,Peterborough (H) · Sheffield Wed (A),,,,,,,upcoming,1.2963894693927485,1.2624097475863172
E2,Peterborough,1,1,4,4,2026-08-15 15:00:00,2026-09-01 19:45:00,4,2,5.157319008063576,5.157319008063576,6.405474472071752,0.0,4.0,5.6899999999999995,6.8999999999999995,5.403728017438388,4.901148581808393,4,2.0,7.0,-0.014972054802853404,12.75,0,0,Bradford (A) · Mansfield (H) · Blackpool (A) · Stevenage (H),-1.1573190080635758,0.24640900937481192,-1.4037280174383877,-0.45727497405057466,0.12569132521473356,0.647473415218496,complete,1.289329752015894,
E2,Peterborough,2,5,8,4,2026-09-05 12:30:00,2026-09-26 15:00:00,1,2,4.755589994914334,1.21477622416433,1.6028875033907735,3.5314947139600976,0.0,2.64,1.31,2.1393018914163826,1.1023598102420629,1,1.0,2.0,0.0954917196226611,7.5,0,0,Sheffield Wed (H) · MK Dons (A) · Doncaster (H) · Stockport (A),-1.21477622416433,0.9245256672520525,-2.1393018914163826,-0.959499519805834,0.9427397649860333,0.337307161460938,in progress,1.1888974987285834,1.1771649046533659
E2,Peterborough,3,9,12,4,2026-10-03 15:00:00,2026-10-20 19:45:00,0,2,4.864800213709977,0.0,0.0,4.871645896666173,0.0,0.0,0.0,0.0,0.0,0,0.0,0.0,0.0775779851031369,11.25,0,0,Notts County (H) · Leicester (A) · Burton (H) · Huddersfield (A),,,,,,,upcoming,1.2162000534274942,1.2179114741665433
E2,Peterborough,4,13,16,4,2026-10-24 15:00:00,2026-11-21 15:00:00,0,2,5.064220328877485,0.0,0.0,5.1455097008852695,0.0,0.0,0.0,0.0,0.0,0,0.0,0.0,0.009608944357081976,10.75,0,0,Bromley (A) · Luton (H) · Oxford (H) · Plymouth (A),,,,,,,upcoming,1.2660550822193712,1.2863774252213174
E2,Peterborough,5,17,20,4,2026-11-28 12:30:00,2026-12-19 15:00:00,0,2,5.429308812869856,0.0,0.0,5.511770866513863,0.0,0.0,0.0,0.0,0.0,0,0.0,0.0,-0.09086582932043676,17.0,0,0,Cambridge (H) · Leyton Orient (A) · Barnsley (H) · Wigan (A),,,,,,,upcoming,1.357327203217464,1.3779427166284657
E2,Peterborough,6,21,24,4,2026-12-26 15:00:00,2027-01-09 15:00:00,0,2,5.340807480670159,0.0,0.0,5.358521864832964,0.0,0.0,0.0,0.0,0.0,0,0.0,0.0,-0.06740474601807363,14.5,0,0,Wycombe (H) · Reading (A) · AFC Wimbledon (A) · Wigan (H),,,,,,,upcoming,1.3352018701675397,1.339630466208241
E2,Peterborough,7,25,28,4,2027-01-16 15:00:00,2027-01-30 15:00:00,0,2,5.2361017485221195,0.0,0.0,5.280387265498916,0.0,0.0,0.0,0.0,0.0,0,0.0,0.0,-0.03493495052602968,13.25,0,0,Burton (A) · Huddersfield (H) · Bromley (H) · Luton (A),,,,,,,upcoming,1.3090254371305299,1.320096816374729
E2,Peterborough,8,29,32,4,2027-02-06 15:00:00,2027-02-20 15:00:00,0,2,4.849523544838328,0.0,0.0,4.830041164744496,0.0,0.0,0.0,0.0,0.0,0,0.0,0.0,0.07040327468879867,8.75,0,0,Blackpool (H) · Stevenage (A) · Sheffield Wed (A) · MK Dons (H),,,,,,,upcoming,1.212380886209582,1.207510291186124
E2,Peterborough,9,33,36,4,2027-02-27 12:30:00,2027-03-20 15:00:00,0,2,5.114741719286818,0.0,0.0,5.184801178261681,0.0,0.0,0.0,0.0,0.0,0,0.0,0.0,-0.006839662616917777,12.5,0,0,Cambridge (A) · Bradford (H) · Mansfield (A) · Plymouth (H),,,,,,,upcoming,1.2786854298217045,1.2962002945654203
E2,Peterborough,10,37,40,4,2027-03-26 15:00:00,2027-04-10 15:00:00,0,2,5.34175714534643,0.0,0.0,5.356896876347937,0.0,0.0,0.0,0.0,0.0,0,0.0,0.0,-0.0656171213175611,14.25,0,0,AFC Wimbledon (H) · Wycombe (A) · Reading (H) · Barnsley (A),,,,,,,upcoming,1.3354392863366076,1.3392242190869843
E2,Peterborough,11,41,44,4,2027-04-13 19:45:00,2027-04-27 19:45:00,0,2,4.730577695573622,0.0,0.0,4.7385306374056695,0.0,0.0,0.0,0.0,0.0,0,0.0,0.0,0.10004561226476773,10.25,0,0,Stockport (H) · Doncaster (A) · Leicester (H) · Notts County (A),,,,,,,upcoming,1.1826444238934055,1.1846326593514174
E2,Peterborough,12,45,46,2,2027-05-01 15:00:00,2027-05-08 12:30:00,0,1,2.645594623747783,0.0,0.0,2.704763957314266,0.0,0.0,0.0,0.0,0.0,0,0.0,0.0,-0.0522307186530684,15.5,0,0,Oxford (A) · Leyton Orient (H),,,,,,,upcoming,1.3227973118738916,1.352381978657133
E2,Plymouth,1,1,4,4,2026-08-15 15:00:00,2026-09-01 19:45:00,4,2,5.334099078700749,5.33409907870075,6.399745661609802,0.0,4.0,4.92,6.09,4.893619348840895,5.341286408375555,4,4.0,6.0,0.1652282034065302,6.25,0,0,Stockport (H) · Wycombe (A) · Bradford (H) · Leicester (A),-1.33409907870075,-0.44047972985985506,-0.893619348840895,-0.5273594429630417,-0.22478583745502934,0.5979440021321138,complete,1.3335247696751873,
E2,Plymouth,2,5,8,4,2026-09-05 15:00:00,2026-09-26 15:00:00,1,2,6.182878138259321,1.376468726074926,1.6644800127035027,4.788037413460373,3.0,2.53,2.52,1.409801997319323,1.9302481311028317,1,3.0,2.0,-0.06912277277730533,15.0,0,0,Doncaster (A) · Barnsley (H) · Blackpool (A) · Burton (H),1.623531273925074,0.033333271244397,1.590198002680677,1.258407698789984,0.033355159283360074,0.20824434904767264,in progress,1.5457195345648302,1.5960124711534576
E2,Plymouth,3,9,12,4,2026-10-03 15:00:00,2026-10-20 19:45:00,0,2,6.189302199347252,0.0,0.0,6.174628708367209,0.0,0.0,0.0,0.0,0.0,0,0.0,0.0,-0.071516451588244,16.0,0,0,Leyton Orient (A) · AFC Wimbledon (H) · Huddersfield (H) · Stevenage (A),,,,,,,upcoming,1.547325549836813,1.5436571770918022
E2,Plymouth,4,13,16,4,2026-10-24 15:00:00,2026-11-21 15:00:00,0,2,5.96048040383928,0.0,0.0,5.871841785040634,0.0,0.0,0.0,0.0,0.0,0,0.0,0.0,-0.007381772419884771,13.5,0,0,Cambridge (A) · Reading (H) · Sheffield Wed (A) · Peterborough (H),,,,,,,upcoming,1.49012010095982,1.4679604462601585
E2,Plymouth,5,17,20,4,2026-11-28 15:00:00,2026-12-19 15:00:00,0,2,6.387382554354564,0.0,0.0,6.390608446875547,0.0,0.0,0.0,0.0,0.0,0,0.0,0.0,-0.12499845980853014,18.0,0,0,Wigan (A) · Bromley (H) · Notts County (A) · Mansfield (H),,,,,,,upcoming,1.596845638588641,1.5976521117188867
E2,Plymouth,6,21,24,4,2026-12-26 15:00:00,2027-01-09 15:00:00,0,2,5.7153766505378325,0.0,0.0,5.70072962143286,0.0,0.0,0.0,0.0,0.0,0,0.0,0.0,0.056567566480813375,9.0,0,0,Oxford (A) · MK Dons (H) · Luton (H) · Mansfield (A),,,,,,,upcoming,1.4288441626344581,1.425182405358215
E2,Plymouth,7,25,28,4,2027-01-16 15:00:00,2027-01-30 15:00:00,0,2,6.030557748794491,0.0,0.0,5.964077213713804,0.0,0.0,0.0,0.0,0.0,0,0.0,0.0,-0.027377608893323056,13.5,0,0,Huddersfield (A) · Stevenage (H) · Cambridge (H) · Reading (A),,,,,,,upcoming,1.5076394371986228,1.491019303428451
E2,Plymouth,8,29,32,4,2027-02-06 15:00:00,2027-02-20 15:00:00,0,2,5.552602272659881,0.0,0.0,5.542401535143835,0.0,0.0,0.0,0.0,0.0,0,0.0,0.0,0.10113682869213991,9.25,0,0,Bradford (A) · Leicester (H) · Doncaster (H) · Barnsley (A),,,,,,,upcoming,1.3881505681649702,1.3856003837859587
E2,Plymouth,9,33,36,4,2027-02-27 15:00:00,2027-03-20 15:00:00,0,2,5.656564492119773,0.0,0.0,5.585749184886575,0.0,0.0,0.0,0.0,0.0,0,0.0,0.0,0.07284065725562212,9.25,0,0,Sheffield Wed (H) · Stockport (A) · Wycombe (H) · Peterborough (A),,,,,,,upcoming,1.4141411230299432,1.3964372962216438
E2,Plymouth,10,37,40,4,2027-03-26 15:00:00,2027-04-10 15:00:00,0,2,5.734876871488618,0.0,0.0,5.682933965562323,0.0,0.0,0.0,0.0,0.0,0,0.0,0.0,0.053310954219908356,9.5,0,0,Luton (A) · Notts County (H) · MK Dons (A) · Oxford (H),,,,,,,upcoming,1.4337192178721545,1.4207334913905807
E2,Plymouth,11,41,44,4,2027-04-13 19:45:00,2027-04-27 19:45:00,0,2,6.408281778505765,0.0,0.0,6.419115666303782,0.0,0.0,0.0,0.0,0.0,0,0.0,0.0,-0.1293926704333429,18.75,0,0,Burton (A) · Blackpool (H) · AFC Wimbledon (A) · Leyton Orient (H),,,,,,,upcoming,1.6020704446264413,1.6047789165759454
E2,Plymouth,12,45,46,2,2027-05-01 15:00:00,2027-05-08 12:30:00,0,1,3.283514896491482,0.0,0.0,3.3119708131343613,0.0,0.0,0.0,0.0,0.0,0,0.0,0.0,-0.17183955563107303,19.0,0,0,Wigan (H) · Bromley (A),,,,,,,upcoming,1.641757448245741,1.6559854065671806
E2,Reading,1,1,4,4,2026-08-15 12:30:00,2026-09-05 15:00:00,4,3,5.796353050404998,5.796353050404997,6.689084339943147,0.0,7.0,8.49,3.87,8.147933221602024,4.330422968017154,3,11.0,5.0,-0.025637385859425602,13.0,0,0,Luton (H) · AFC Wimbledon (A) · Mansfield (H) · Blackpool (H),1.2036469495950026,2.3515801711970266,-1.147933221602024,0.4653886459431931,1.1738181715028888,0.6416531635927749,complete,1.4490882626012496,
E2,Reading,2,5,8,4,2026-09-12 15:00:00,2026-10-03 15:00:00,0,2,5.502801616005364,0.0,0.0,5.657153281908563,0.0,0.0,0.0,0.0,1.352728638783013,1,0.0,0.0,-0.03186277259565748,14.0,0,1,Cambridge (A) · Notts County (H) · Wycombe (A) · Bradford (H),,,,,,,upcoming,1.375700404001341,1.4142883204771408
E2,Reading,3,9,12,4,2026-10-10 15:00:00,2026-10-24 15:00:00,0,2,5.482387441301578,0.0,0.0,5.652331681531976,0.0,0.0,0.0,0.0,0.0,0,0.0,0.0,-0.02514744940115455,13.25,0,1,MK Dons (A) · Wigan (A) · Leyton Orient (H) · Barnsley (H),,,,,,,upcoming,1.3705968603253944,1.413082920382994
E2,Reading,4,13,16,4,2026-10-31 12:30:00,2026-11-21 12:30:00,0,1,5.12863809184838,0.0,0.0,5.31250337432569,0.0,0.0,0.0,0.0,0.0,0,0.0,0.0,-0.013952029696912727,11.75,0,1,Plymouth (A) · Oxford (A) · Stockport (A) · Bromley (H),,,,,,,upcoming,1.282159522962095,1.3281258435814225
E2,Reading,5,17,20,4,2026-11-28 15:00:00,2026-12-19 15:00:00,0,2,5.002723980826469,0.0,0.0,5.126788205725389,0.0,0.0,0.0,0.0,0.0,0,0.0,0.0,0.10746319070853047,10.0,0,0,Sheffield Wed (A) · Doncaster (H) · Burton (A) · Leicester (H),,,,,,,upcoming,1.2506809952066174,1.2816970514313473
E2,Reading,6,21,24,4,2026-12-26 15:00:00,2027-01-09 15:00:00,0,2,5.071104910661419,0.0,0.0,5.225757234484028,0.0,0.0,0.0,0.0,0.0,0,0.0,0.0,0.09401395231102072,10.75,0,0,Stevenage (A) · Peterborough (H) · MK Dons (H) · Leicester (A),,,,,,,upcoming,1.2677762276653548,1.306439308621007
E2,Reading,7,25,28,4,2027-01-16 15:00:00,2027-01-30 15:00:00,0,2,5.4482928093667935,0.0,0.0,5.641297815596215,0.0,0.0,0.0,0.0,0.0,0,0.0,0.0,-0.017850215687897457,13.0,0,0,Wigan (H) · Leyton Orient (A) · Barnsley (A) · Plymouth (H),,,,,,,upcoming,1.3620732023416984,1.4103244538990538
E2,Reading,8,29,32,4,2027-02-06 15:00:00,2027-02-20 15:00:00,0,2,5.583282011615401,0.0,0.0,5.766555827225301,0.0,0.0,0.0,0.0,0.0,0,0.0,0.0,-0.053347263760428976,14.5,0,0,Oxford (H) · Mansfield (A) · Blackpool (A) · Cambridge (H),,,,,,,upcoming,1.3958205029038502,1.4416389568063253
E2,Reading,9,33,36,4,2027-02-27 15:00:00,2027-03-20 15:00:00,0,2,5.612798671425449,0.0,0.0,5.774007052704488,0.0,0.0,0.0,0.0,0.0,0,0.0,0.0,-0.05925776542844865,14.25,0,0,Stockport (H) · Luton (A) · AFC Wimbledon (H) · Bromley (A),,,,,,,upcoming,1.4031996678563623,1.443501763176122
E2,Reading,10,37,40,4,2027-03-26 15:00:00,2027-04-10 15:00:00,0,2,5.593363287172559,0.0,0.0,5.716584056947048,0.0,0.0,0.0,0.0,0.0,0,0.0,0.0,-0.054550866776565704,15.5,0,0,Huddersfield (A) · Stevenage (H) · Peterborough (A) · Burton (H),,,,,,,upcoming,1.3983408217931397,1.429146014236762
E2,Reading,11,41,44,4,2027-04-13 20:00:00,2027-04-27 19:45:00,0,2,5.225533109350555,0.0,0.0,5.341556949360892,0.0,0.0,0.0,0.0,0.0,0,0.0,0.0,0.043026081725104026,9.75,0,0,Wycombe (H) · Notts County (A) · Huddersfield (H) · Bradford (A),,,,,,,upcoming,1.3063832773376387,1.335389237340223
E2,Reading,12,45,46,2,2027-05-01 15:00:00,2027-05-08 12:30:00,0,1,2.528350401920922,0.0,0.0,2.5571720131147093,0.0,0.0,0.0,0.0,0.0,0,0.0,0.0,0.08780690201448581,8.5,0,0,Sheffield Wed (H) · Doncaster (A),,,,,,,upcoming,1.264175200960461,1.2785860065573547
E2,Sheffield Wed,1,1,4,4,2026-08-15 15:00:00,2026-09-01 19:45:00,4,2,6.55400815642342,6.55400815642342,6.537510988750647,0.0,9.0,11.49,3.54,9.704477204761243,5.689525352321043,4,11.0,5.0,-0.06860377238375706,15.25,0,0,Leyton Orient (A) · Bradford (H) · Bromley (H) · Wycombe (A),2.4459918435765804,3.1504690483378237,-0.7044772047612433,0.9566405561692994,1.590718661904121,0.33874871116005356,complete,1.638502039105855,
E2,Sheffield Wed,2,5,8,4,2026-09-05 12:30:00,2026-09-26 15:00:00,1,2,6.421694709017707,1.5023438286820352,1.6842346121598393,5.053471288771011,3.0,1.31,2.64,0.6763067738381412,1.921965068729369,1,2.0,1.0,-0.030829019035880152,14.25,0,0,Peterborough (A) · Wigan (H) · Stockport (H) · Stevenage (A),1.4976561713179648,-0.826037054843894,2.3236932261618586,1.1540133325377038,-0.8217176402773108,0.24849470290822273,in progress,1.6054236772544268,1.684490429590337
E2,Sheffield Wed,3,9,12,4,2026-10-03 15:00:00,2026-10-20 19:45:00,0,2,6.623981426357779,0.0,0.0,6.776704373489192,0.0,0.0,0.0,0.0,0.0,0,0.0,0.0,-0.08748226614572177,16.5,0,0,Cambridge (H) · Huddersfield (A) · AFC Wimbledon (H) · Notts County (A),,,,,,,upcoming,1.6559953565894447,1.694176093372298
E2,Sheffield Wed,4,13,16,4,2026-10-24 15:00:00,2026-11-20 20:00:00,0,2,6.2654747044711385,0.0,0.0,6.462110580488446,0.0,0.0,0.0,0.0,0.0,0,0.0,0.0,0.011277655957160198,10.75,0,0,Doncaster (A) · Blackpool (H) · Plymouth (H) · Barnsley (A),,,,,,,upcoming,1.5663686761177846,1.6155276451221114
E2,Sheffield Wed,5,17,20,4,2026-11-28 15:00:00,2026-12-19 12:30:00,0,2,5.740393098148347,0.0,0.0,5.906852469221634,0.0,0.0,0.0,0.0,0.0,0,0.0,0.0,0.15571023654201155,6.75,0,0,Reading (H) · Oxford (A) · Leicester (A) · Luton (H),,,,,,,upcoming,1.4350982745370868,1.4767131173054084
E2,Sheffield Wed,6,21,24,4,2026-12-26 15:00:00,2027-01-09 15:00:00,0,2,6.236769762951149,0.0,0.0,6.406377442499885,0.0,0.0,0.0,0.0,0.0,0,0.0,0.0,0.01932090531095882,11.25,0,0,Burton (A) · Mansfield (H) · Huddersfield (H) · Luton (A),,,,,,,upcoming,1.5591924407377873,1.6015943606249712
E2,Sheffield Wed,7,25,28,4,2027-01-16 15:00:00,2027-01-30 15:00:00,0,2,6.652053533709568,0.0,0.0,6.806183267730656,0.0,0.0,0.0,0.0,0.0,0,0.0,0.0,-0.09303493035398262,16.5,0,0,AFC Wimbledon (A) · Notts County (H) · Doncaster (H) · Blackpool (A),,,,,,,upcoming,1.663013383427392,1.701545816932664
E2,Sheffield Wed,8,29,32,4,2027-02-06 15:00:00,2027-02-20 15:00:00,0,2,6.6697273301688424,0.0,0.0,6.910931970786511,0.0,0.0,0.0,0.0,0.0,0,0.0,0.0,-0.09756252974681459,16.5,0,0,Bromley (A) · Wycombe (H) · Peterborough (H) · Wigan (A),,,,,,,upcoming,1.6674318325422106,1.7277329926966278
E2,Sheffield Wed,9,33,36,4,2027-02-27 15:00:00,2027-03-20 15:00:00,0,2,6.256097870040457,0.0,0.0,6.480712967388898,0.0,0.0,0.0,0.0,0.0,0,0.0,0.0,0.013364353625119197,11.5,0,0,Plymouth (A) · Leyton Orient (H) · Bradford (A) · Barnsley (H),,,,,,,upcoming,1.5640244675101143,1.6201782418472246
E2,Sheffield Wed,10,37,40,4,2027-03-26 15:00:00,2027-04-10 15:00:00,0,2,6.0367216981317044,0.0,0.0,6.247160941695624,0.0,0.0,0.0,0.0,0.0,0,0.0,0.0,0.07166412296256262,11.25,0,0,MK Dons (A) · Burton (H) · Mansfield (A) · Leicester (H),,,,,,,upcoming,1.5091804245329261,1.561790235423906
E2,Sheffield Wed,11,41,44,4,2027-04-13 19:45:00,2027-04-27 19:45:00,0,2,6.335298213276504,0.0,0.0,6.517643145821142,0.0,0.0,0.0,0.0,0.0,0,0.0,0.0,-0.007574769534000075,12.75,0,0,Stevenage (H) · Stockport (A) · MK Dons (H) · Cambridge (A),,,,,,,upcoming,1.583824553319126,1.6294107864552856
E2,Sheffield Wed,12,45,46,2,2027-05-01 15:00:00,2027-05-08 12:30:00,0,1,3.16857510652292,0.0,0.0,3.2408488521705903,0.0,0.0,0.0,0.0,0.0,0,0.0,0.0,-0.0081422091905173,11.5,0,0,Reading (A) · Oxford (H),,,,,,,upcoming,1.58428755326146,1.6204244260852951
E2,Stevenage,1,1,4,4,2026-08-15 15:00:00,2026-09-01 19:45:00,4,2,5.46260402135963,5.46260402135963,6.605288956977683,0.0,3.0,2.46,3.83,4.095550865541632,5.345263442190092,4,4.0,5.0,-0.0859544319620226,16.75,0,0,Burton (A) · Oxford (H) · Doncaster (H) · Peterborough (A),-2.4626040213596303,-1.367053155817998,-1.0955508655416324,-0.9581834685710017,-0.6866949696824648,0.3379702517605483,complete,1.3656510053399076,
E2,Stevenage,2,5,8,4,2026-09-05 15:00:00,2026-09-26 15:00:00,2,2,4.885655433201087,2.436328045386257,3.2059750731694896,2.4277960819755613,6.0,3.34,3.0599999999999996,2.9544329283131954,0.0,0,7.0,2.0,0.07063440282492472,9.5,0,0,Barnsley (A) · Luton (H) · Leyton Orient (A) · Sheffield Wed (H),3.563671954613743,0.5181048829269383,3.0455670716868046,1.9902959010187506,0.37356139582741804,0.04655834928927516,in progress,1.2214138583002718,1.2138980409877806
E2,Stevenage,3,9,12,4,2026-10-03 15:00:00,2026-10-20 19:45:00,0,2,5.241518063783264,0.0,0.0,5.22603807519986,0.0,0.0,0.0,0.0,0.0,0,0.0,0.0,-0.024776102827022604,12.5,0,0,AFC Wimbledon (A) · Wigan (H) · Bradford (A) · Plymouth (H),,,,,,,upcoming,1.310379515945816,1.306509518799965
E2,Stevenage,4,13,16,4,2026-10-24 15:00:00,2026-11-21 15:00:00,0,2,4.830263636183104,0.0,0.0,4.811408257152177,0.0,0.0,0.0,0.0,0.0,0,0.0,0.0,0.09758425272950237,10.25,0,0,MK Dons (H) · Leicester (A) · Mansfield (H) · Notts County (A),,,,,,,upcoming,1.207565909045776,1.2028520642880443
E2,Stevenage,5,17,20,4,2026-11-28 15:00:00,2026-12-18 19:45:00,0,2,5.057863164263214,0.0,0.0,5.0048648493852985,0.0,0.0,0.0,0.0,0.0,0,0.0,0.0,0.025993155445068042,10.5,0,0,Blackpool (H) · Huddersfield (A) · Stockport (H) · Cambridge (A),,,,,,,upcoming,1.2644657910658035,1.2512162123463246
E2,Stevenage,6,21,24,4,2026-12-26 15:00:00,2027-01-09 12:30:00,0,2,5.5339328614225956,0.0,0.0,5.536679280919867,0.0,0.0,0.0,0.0,0.0,0,0.0,0.0,-0.10372416164495729,16.5,0,0,Reading (H) · Wycombe (A) · Bromley (A) · Cambridge (H),,,,,,,upcoming,1.3834832153556489,1.3841698202299668
E2,Stevenage,7,25,28,4,2027-01-16 15:00:00,2027-01-30 15:00:00,0,2,4.477433478243612,0.0,0.0,4.473136896691285,0.0,0.0,0.0,0.0,0.0,0,0.0,0.0,0.18743726876358535,5.0,0,0,Bradford (H) · Plymouth (A) · MK Dons (A) · Leicester (H),,,,,,,upcoming,1.119358369560903,1.1182842241728213
E2,Stevenage,8,29,32,4,2027-02-06 15:00:00,2027-02-20 15:00:00,0,2,5.1657716354234715,0.0,0.0,5.126837840666358,0.0,0.0,0.0,0.0,0.0,0,0.0,0.0,-0.0010274516154759467,12.5,0,0,Doncaster (A) · Peterborough (H) · Barnsley (H) · Luton (A),,,,,,,upcoming,1.2914429088558679,1.2817094601665895
E2,Stevenage,9,33,36,4,2027-02-27 15:00:00,2027-03-20 15:00:00,0,2,5.472037169535771,0.0,0.0,5.451299855266733,0.0,0.0,0.0,0.0,0.0,0,0.0,0.0,-0.08683710020943791,16.75,0,0,Mansfield (A) · Burton (H) · Oxford (A) · Notts County (H),,,,,,,upcoming,1.3680092923839426,1.3628249638166832
E2,Stevenage,10,37,40,4,2027-03-26 15:00:00,2027-04-10 15:00:00,0,2,5.29927121648684,0.0,0.0,5.275817235728652,0.0,0.0,0.0,0.0,0.0,0,0.0,0.0,-0.03844834936489559,13.0,0,0,Bromley (H) · Reading (A) · Wycombe (H) · Stockport (A),,,,,,,upcoming,1.32481780412171,1.318954308932163
E2,Stevenage,11,41,44,4,2027-04-13 19:45:00,2027-04-27 19:45:00,0,2,5.323141997561283,0.0,0.0,5.283004870954166,0.0,0.0,0.0,0.0,0.0,0,0.0,0.0,-0.0420845961732896,14.75,0,0,Sheffield Wed (A) · Leyton Orient (H) · Wigan (A) · AFC Wimbledon (H),,,,,,,upcoming,1.3307854993903208,1.3207512177385414
E2,Stevenage,12,45,46,2,2027-05-01 15:00:00,2027-05-08 12:30:00,0,1,2.4273330928163244,0.0,0.0,2.378726259877503,0.0,0.0,0.0,0.0,0.0,0,0.0,0.0,0.08024653349786409,7.0,0,0,Blackpool (A) · Huddersfield (H),,,,,,,upcoming,1.2136665464081622,1.1893631299387515
E2,Stockport,1,1,4,4,2026-08-15 15:00:00,2026-09-02 19:45:00,4,2,5.4528339360575675,5.4528339360575675,6.491900024853313,0.0,6.0,6.76,6.14,5.70040844337858,6.429774900932843,4,9.0,6.0,0.09893000472554517,6.75,0,0,Plymouth (A) · Blackpool (H) · Wycombe (H) · Luton (A),0.5471660639424325,0.24757450732101294,0.29959155662141956,0.21475003456992525,0.1254424093207341,0.8299622105748032,complete,1.3632084840143919,
E2,Stockport,2,5,8,4,2026-09-05 12:30:00,2026-09-26 15:00:00,1,2,5.328096280393135,1.3431645641817513,1.655107456691212,4.00922616615252,3.0,1.91,0.8,2.110868473075183,1.7491345737775859,1,4.0,0.0,0.13261628212745444,9.0,0,0,Wigan (A) · Leicester (H) · Sheffield Wed (A) · Peterborough (H),1.6568354358182487,0.7677039088934317,0.889131526924817,1.2878529492937085,0.7703800525191693,0.1977971564898604,in progress,1.3320240700982837,1.33640872205084
E2,Stockport,3,9,12,4,2026-10-03 15:00:00,2026-10-20 19:45:00,0,2,6.180424417509423,0.0,0.0,6.298931135967519,0.0,0.0,0.0,0.0,0.0,0,0.0,0.0,-0.09980990212913768,15.75,0,0,Oxford (A) · Barnsley (H) · Bromley (H) · Doncaster (A),,,,,,,upcoming,1.5451061043773557,1.5747327839918797
E2,Stockport,4,13,16,4,2026-10-24 15:00:00,2026-11-21 15:00:00,0,2,6.278440378668244,0.0,0.0,6.305828784134596,0.0,0.0,0.0,0.0,0.0,0,0.0,0.0,-0.12606862194722385,18.5,0,0,Notts County (A) · AFC Wimbledon (H) · Reading (H) · Cambridge (A),,,,,,,upcoming,1.569610094667061,1.576457196033649
E2,Stockport,5,17,20,4,2026-11-28 15:00:00,2026-12-19 15:00:00,0,2,5.9478648268409975,0.0,0.0,6.058968245243272,0.0,0.0,0.0,0.0,0.0,0,0.0,0.0,-0.03680041110015935,14.75,0,0,Leyton Orient (H) · Mansfield (A) · Stevenage (A) · MK Dons (H),,,,,,,upcoming,1.4869662067102494,1.514742061310818
E2,Stockport,6,21,24,4,2026-12-26 15:00:00,2027-01-09 15:00:00,0,2,5.697049745744795,0.0,0.0,5.731809342274602,0.0,0.0,0.0,0.0,0.0,0,0.0,0.0,0.03157521596274185,10.0,0,0,Bradford (A) · Huddersfield (H) · Burton (H) · MK Dons (A),,,,,,,upcoming,1.4242624364361987,1.4329523355686504
E2,Stockport,7,25,28,4,2027-01-16 15:00:00,2027-01-30 15:00:00,0,2,6.445139906972455,0.0,0.0,6.527377141477488,0.0,0.0,0.0,0.0,0.0,0,0.0,0.0,-0.17013919527714882,20.0,0,0,Bromley (A) · Doncaster (H) · Notts County (H) · AFC Wimbledon (A),,,,,,,upcoming,1.6112849767431137,1.631844285369372
E2,Stockport,8,29,32,4,2027-02-06 15:00:00,2027-02-20 15:00:00,0,2,5.250979715236104,0.0,0.0,5.341750596969346,0.0,0.0,0.0,0.0,0.0,0,0.0,0.0,0.15757460814750823,6.75,0,0,Wycombe (A) · Luton (H) · Wigan (H) · Leicester (A),,,,,,,upcoming,1.312744928809026,1.3354376492423365
E2,Stockport,9,33,36,4,2027-02-27 15:00:00,2027-03-20 15:00:00,0,2,5.829796304199222,0.0,0.0,5.878668421115382,0.0,0.0,0.0,0.0,0.0,0,0.0,0.0,-0.004853399003956427,12.0,0,0,Reading (A) · Plymouth (H) · Blackpool (A) · Cambridge (H),,,,,,,upcoming,1.4574490760498056,1.4696671052788455
E2,Stockport,10,37,40,4,2027-03-26 15:00:00,2027-04-10 15:00:00,0,2,5.8667477323920725,0.0,0.0,5.914052100898048,0.0,0.0,0.0,0.0,0.0,0,0.0,0.0,-0.013900278522032926,12.75,0,0,Burton (A) · Bradford (H) · Huddersfield (A) · Stevenage (H),,,,,,,upcoming,1.4666869330980181,1.478513025224512
E2,Stockport,11,41,44,4,2027-04-13 19:45:00,2027-04-27 19:45:00,0,2,5.724889844358518,0.0,0.0,5.766301171289488,0.0,0.0,0.0,0.0,0.0,0,0.0,0.0,0.023085748910235074,11.25,0,0,Peterborough (A) · Sheffield Wed (H) · Barnsley (A) · Oxford (H),,,,,,,upcoming,1.4312224610896296,1.441575292822372
E2,Stockport,12,45,46,2,2027-05-01 15:00:00,2027-05-08 12:30:00,0,1,3.0669750202457875,0.0,0.0,3.1471332666022915,0.0,0.0,0.0,0.0,0.0,0,0.0,0.0,-0.08671150574004655,18.0,0,0,Leyton Orient (A) · Mansfield (H),,,,,,,upcoming,1.5334875101228937,1.5735666333011458
E2,Wigan,1,1,4,4,2026-08-15 15:00:00,2026-09-02 19:45:00,4,2,5.601343827980791,5.60134382798079,6.649995114301406,0.0,3.0,8.83,6.98,6.82382788601133,5.698463162038461,4,5.0,7.0,-0.10092981142423073,17.5,0,0,Cambridge (A) · Leyton Orient (H) · AFC Wimbledon (A) · MK Dons (H),-2.6013438279807897,1.22248405803054,-3.8238278860113297,-1.0087582393307355,0.6120077419596581,0.31309059338266865,complete,1.4003359569951976,
E2,Wigan,2,5,8,4,2026-09-05 12:30:00,2026-09-26 15:00:00,1,2,4.522595092046533,1.3716878411280042,1.6632408005051202,3.151812109256065,0.0,0.8,1.91,0.6544907121258543,0.8418793417746465,1,0.0,4.0,0.20667707990481862,4.75,0,0,Stockport (H) · Sheffield Wed (A) · Wycombe (H) · Leicester (A),-1.3716878411280042,-0.7171971290021499,-0.6544907121258543,-1.0635985191421267,-0.7179353737173376,0.28751061354800367,in progress,1.1306487730116332,1.0506040364186884
E2,Wigan,3,9,12,4,2026-10-03 15:00:00,2026-10-20 19:45:00,0,2,5.385837130426767,0.0,0.0,5.406791989373106,0.0,0.0,0.0,0.0,0.0,0,0.0,0.0,-0.04144221581875838,14.0,0,0,Mansfield (H) · Stevenage (A) · Reading (H) · Oxford (A),,,,,,,upcoming,1.3464592826066917,1.3516979973432766
E2,Wigan,4,13,16,4,2026-10-24 12:30:00,2026-11-21 12:30:00,0,2,5.406548148217261,0.0,0.0,5.436528630925043,0.0,0.0,0.0,0.0,0.0,0,0.0,0.0,-0.04400888636609195,12.75,0,0,Huddersfield (A) · Bromley (H) · Barnsley (H) · Blackpool (A),,,,,,,upcoming,1.3516370370543151,1.3591321577312607
E2,Wigan,5,17,20,4,2026-11-28 15:00:00,2026-12-19 15:00:00,0,2,5.196802214655098,0.0,0.0,5.220549283918743,0.0,0.0,0.0,0.0,0.0,0,0.0,0.0,0.012169793434761076,12.25,0,0,Plymouth (H) · Burton (A) · Luton (A) · Peterborough (H),,,,,,,upcoming,1.2992005536637745,1.3051373209796857
E2,Wigan,6,21,24,4,2026-12-26 15:00:00,2027-01-09 15:00:00,0,2,5.3852570879996,0.0,0.0,5.372649901167923,0.0,0.0,0.0,0.0,0.0,0,0.0,0.0,-0.0419019786720147,15.0,0,0,Doncaster (A) · Notts County (H) · Bradford (H) · Peterborough (A),,,,,,,upcoming,1.3463142719999,1.3431624752919809
E2,Wigan,7,25,28,4,2027-01-16 15:00:00,2027-01-30 15:00:00,0,2,5.38166115400331,0.0,0.0,5.398295486388485,0.0,0.0,0.0,0.0,0.0,0,0.0,0.0,-0.041052102769492796,12.75,0,0,Reading (A) · Oxford (H) · Huddersfield (H) · Bromley (A),,,,,,,upcoming,1.3454152885008275,1.3495738715971213
E2,Wigan,8,29,32,4,2027-02-06 15:00:00,2027-02-20 15:00:00,0,2,5.06483588061403,0.0,0.0,5.01890838024965,0.0,0.0,0.0,0.0,0.0,0,0.0,0.0,0.048701277558611304,9.5,0,0,AFC Wimbledon (H) · MK Dons (A) · Stockport (A) · Sheffield Wed (H),,,,,,,upcoming,1.2662089701535075,1.2547270950624125
E2,Wigan,9,33,36,4,2027-02-27 15:00:00,2027-03-20 15:00:00,0,2,5.498370193151452,0.0,0.0,5.56855900445725,0.0,0.0,0.0,0.0,0.0,0,0.0,0.0,-0.07217556798779963,16.0,0,0,Barnsley (A) · Cambridge (H) · Leyton Orient (A) · Blackpool (H),,,,,,,upcoming,1.374592548287863,1.3921397511143125
E2,Wigan,10,37,40,4,2027-03-26 15:00:00,2027-04-10 15:00:00,0,2,5.122225586887731,0.0,0.0,5.105615908691736,0.0,0.0,0.0,0.0,0.0,0,0.0,0.0,0.030420751924098703,11.0,0,0,Bradford (A) · Luton (H) · Notts County (A) · Doncaster (H),,,,,,,upcoming,1.2805563967219327,1.276403977172934
E2,Wigan,11,41,44,4,2027-04-13 19:45:00,2027-04-27 19:45:00,0,2,4.927503573731404,0.0,0.0,4.997685755066674,0.0,0.0,0.0,0.0,0.0,0,0.0,0.0,0.08482255949441869,10.75,0,0,Leicester (H) · Wycombe (A) · Stevenage (H) · Mansfield (A),,,,,,,upcoming,1.231875893432851,1.2494214387666684
E2,Wigan,12,45,46,2,2027-05-01 15:00:00,2027-05-08 12:30:00,0,1,2.6759108233406605,0.0,0.0,2.6989933958382712,0.0,0.0,0.0,0.0,0.0,0,0.0,0.0,-0.02755025010662525,13.5,0,0,Plymouth (A) · Burton (H),,,,,,,upcoming,1.3379554116703303,1.3494966979191356
E2,Wycombe,1,1,4,4,2026-08-15 15:00:00,2026-09-01 19:45:00,4,2,5.151276477811725,5.151276477811725,6.50530695361468,0.0,2.0,5.739999999999999,7.59,4.618431375502816,5.258617313833256,4,4.0,9.0,0.12273343524761005,6.0,0,0,Blackpool (A) · Plymouth (H) · Stockport (A) · Sheffield Wed (H),-3.1512764778117246,-0.5328451023089089,-2.6184313755028157,-1.235528053909274,-0.2697065267564863,0.21663404225820648,complete,1.2878191194529311,
E2,Wycombe,2,5,8,4,2026-09-05 15:00:00,2026-09-26 15:00:00,1,2,5.664360221279125,1.4641984623640054,1.6808740790267795,4.149908635713793,1.0,1.15,1.45,1.1473723110759662,1.3348449367480704,1,3.0,3.0,-0.016582650261866776,13.0,0,0,MK Dons (H) · Leyton Orient (A) · Wigan (A) · Reading (H),-0.4641984623640054,-0.31682615128803926,-0.14737231107596616,-0.3580437586394466,-0.3154843399367395,0.7203105666621652,in progress,1.4160900553197813,1.3833028785712642
E2,Wycombe,3,9,12,4,2026-10-03 15:00:00,2026-10-20 19:45:00,0,2,5.914279751632032,0.0,0.0,5.883243714675904,0.0,0.0,0.0,0.0,0.0,0,0.0,0.0,-0.08390367507985141,16.5,0,0,Bromley (A) · Luton (H) · Notts County (H) · Cambridge (A),,,,,,,upcoming,1.478569937908008,1.470810928668976
E2,Wycombe,4,13,16,4,2026-10-24 15:00:00,2026-11-21 15:00:00,0,2,5.879900240196665,0.0,0.0,5.820582270540237,0.0,0.0,0.0,0.0,0.0,0,0.0,0.0,-0.0743700754432539,15.0,0,0,AFC Wimbledon (A) · Burton (H) · Huddersfield (H) · Oxford (A),,,,,,,upcoming,1.4699750600491663,1.4551455676350593
E2,Wycombe,5,17,20,4,2026-11-28 15:00:00,2026-12-19 15:00:00,0,2,5.705324285248508,0.0,0.0,5.66078357680995,0.0,0.0,0.0,0.0,0.0,0,0.0,0.0,-0.027421722769081027,13.0,0,0,Bradford (H) · Barnsley (A) · Mansfield (A) · Doncaster (H),,,,,,,upcoming,1.426331071312127,1.4151958942024876
E2,Wycombe,6,21,24,4,2026-12-26 15:00:00,2027-01-09 15:00:00,0,2,5.4100274276132305,0.0,0.0,5.3657422162241595,0.0,0.0,0.0,0.0,0.0,0,0.0,0.0,0.052991426492142925,13.0,0,0,Peterborough (A) · Stevenage (H) · Leicester (H) · Doncaster (A),,,,,,,upcoming,1.3525068569033076,1.3414355540560399
E2,Wycombe,7,25,28,4,2027-01-16 15:00:00,2027-01-30 15:00:00,0,2,6.23352720520143,0.0,0.0,6.182280297128597,0.0,0.0,0.0,0.0,0.0,0,0.0,0.0,-0.1697559355684095,21.0,0,0,Notts County (A) · Cambridge (H) · AFC Wimbledon (H) · Burton (A),,,,,,,upcoming,1.5583818013003574,1.5455700742821492
E2,Wycombe,8,29,32,4,2027-02-06 15:00:00,2027-02-20 15:00:00,0,2,5.301834964918649,0.0,0.0,5.211980514357483,0.0,0.0,0.0,0.0,0.0,0,0.0,0.0,0.08505410931024057,8.75,0,0,Stockport (H) · Sheffield Wed (A) · MK Dons (A) · Leyton Orient (H),,,,,,,upcoming,1.3254587412296623,1.3029951285893708
E2,Wycombe,9,33,36,4,2027-02-27 15:00:00,2027-03-20 15:00:00,0,2,5.343393468858948,0.0,0.0,5.281800558356855,0.0,0.0,0.0,0.0,0.0,0,0.0,0.0,0.07276527726695327,7.5,0,0,Huddersfield (A) · Blackpool (H) · Plymouth (A) · Oxford (H),,,,,,,upcoming,1.335848367214737,1.3204501395892136
E2,Wycombe,10,37,40,4,2027-03-26 15:00:00,2027-04-10 15:00:00,0,2,5.448696701855092,0.0,0.0,5.429300552968794,0.0,0.0,0.0,0.0,0.0,0,0.0,0.0,0.05008749931765707,13.25,0,0,Leicester (A) · Peterborough (H) · Stevenage (A) · Mansfield (H),,,,,,,upcoming,1.362174175463773,1.3573251382421985
E2,Wycombe,11,41,44,4,2027-04-13 20:00:00,2027-04-27 19:45:00,0,2,5.760924371441435,0.0,0.0,5.700653838734841,0.0,0.0,0.0,0.0,0.0,0,0.0,0.0,-0.040186416546146395,13.25,0,0,Reading (A) · Wigan (H) · Luton (A) · Bromley (H),,,,,,,upcoming,1.4402310928603588,1.4251634596837102
E2,Wycombe,12,45,46,2,2027-05-01 15:00:00,2027-05-08 12:30:00,0,1,2.78420959728595,0.0,0.0,2.760916458763832,0.0,0.0,0.0,0.0,0.0,0,0.0,0.0,0.010992839577043449,10.5,0,0,Bradford (A) · Barnsley (H),,,,,,,upcoming,1.392104798642975,1.380458229381916
E3,Accrington,1,1,4,4,2026-08-15 15:00:00,2026-09-01 19:45:00,4,2,4.648259110086661,4.648259110086661,6.230742615369307,0.0,2.0,6.87,7.92,5.022640667335446,4.462041018813104,4,6.0,9.0,0.016138362791095272,11.25,0,0,Colchester (H) · Exeter (A) · Walsall (A) · Grimsby (H),-2.648259110086661,0.3743815572487845,-3.0226406673354456,-1.0609393784197882,0.19362833701115426,0.28871745196227305,complete,1.1620647775216653,
E3,Accrington,2,5,8,4,2026-09-05 15:00:00,2026-09-26 15:00:00,1,2,4.949582930695206,1.455167596223519,1.6735373453898634,3.5421846198454707,3.0,1.95,1.23,1.8340107123736615,2.3872299048958334,2,3.0,2.0,-0.060891835033677254,14.5,0,0,Crawley (H) · Barnet (A) · Newport (H) · Swindon (A),1.544832403776481,0.37884311615014243,1.1659892876263385,1.1941631526139818,0.3780646493914808,0.23241415362664197,in progress,1.2373957326738014,1.180728206615157
E3,Accrington,3,9,12,4,2026-10-03 15:00:00,2026-10-20 19:45:00,0,2,4.730696306284553,0.0,0.0,4.731561021650853,0.0,0.0,0.0,0.0,0.0,0,0.0,0.0,-0.0023156029744642766,12.25,0,0,Cheltenham (H) · Oldham (A) · Gillingham (H) · York (A),,,,,,,upcoming,1.1826740765711383,1.1828902554127132
E3,Accrington,4,13,16,4,2026-10-24 15:00:00,2026-11-21 15:00:00,0,2,4.370602238428209,0.0,0.0,4.464156260784717,0.0,0.0,0.0,0.0,0.0,0,0.0,0.0,0.09688450916636093,9.0,0,0,Rochdale (A) · Northampton (H) · Port Vale (A) · Salford (H),,,,,,,upcoming,1.0926505596070522,1.1160390651961793
E3,Accrington,5,17,20,4,2026-11-28 15:00:00,2026-12-19 15:00:00,0,2,4.552472704498852,0.0,0.0,4.532091211371846,0.0,0.0,0.0,0.0,0.0,0,0.0,0.0,0.04620636413205348,10.25,0,0,Fleetwood (A) · Crewe (H) · Bristol Rovers (A) · Chesterfield (H),,,,,,,upcoming,1.138118176124713,1.1330228028429614
E3,Accrington,6,21,24,4,2026-12-26 15:00:00,2027-01-09 12:30:00,0,2,4.77218445396692,0.0,0.0,4.764598355254888,0.0,0.0,0.0,0.0,0.0,0,0.0,0.0,-0.015889280922356648,13.5,0,0,Tranmere (A) · Rotherham (H) · Shrewsbury (H) · Chesterfield (A),,,,,,,upcoming,1.19304611349173,1.191149588813722
E3,Accrington,7,25,28,4,2027-01-16 15:00:00,2027-01-30 15:00:00,0,2,4.656546886744048,0.0,0.0,4.710614323654061,0.0,0.0,0.0,0.0,0.0,0,0.0,0.0,0.014949736202632725,12.25,0,0,Gillingham (A) · York (H) · Rochdale (H) · Northampton (A),,,,,,,upcoming,1.164136721686012,1.1776535809135154
E3,Accrington,8,29,32,4,2027-02-06 15:00:00,2027-02-20 15:00:00,0,2,4.565640780179591,0.0,0.0,4.5719156806676455,0.0,0.0,0.0,0.0,0.0,0,0.0,0.0,0.04084756066501137,9.75,0,0,Walsall (H) · Grimsby (A) · Crawley (A) · Barnet (H),,,,,,,upcoming,1.1414101950448978,1.1429789201669114
E3,Accrington,9,33,36,4,2027-02-27 15:00:00,2027-03-20 15:00:00,0,2,4.420084093607248,0.0,0.0,4.4497507997234855,0.0,0.0,0.0,0.0,0.0,0,0.0,0.0,0.08900299115508607,9.0,0,0,Port Vale (H) · Colchester (A) · Exeter (H) · Salford (A),,,,,,,upcoming,1.105021023401812,1.1124376999308714
E3,Accrington,10,37,40,4,2027-03-26 15:00:00,2027-04-10 15:00:00,0,2,4.7093835829325545,0.0,0.0,4.681963337369656,0.0,0.0,0.0,0.0,0.0,0,0.0,0.0,7.114481129549821e-05,12.5,0,0,Shrewsbury (A) · Tranmere (H) · Rotherham (A) · Bristol Rovers (H),,,,,,,upcoming,1.1773458957331386,1.170490834342414
E3,Accrington,11,41,44,4,2027-04-13 19:45:00,2027-04-27 19:45:00,0,2,5.04000629088338,0.0,0.0,5.102010611091625,0.0,0.0,0.0,0.0,0.0,0,0.0,0.0,-0.0949848540734155,16.0,0,0,Oldham (H) · Newport (A) · Swindon (H) · Cheltenham (A),,,,,,,upcoming,1.260001572720845,1.2755026527729063
E3,Accrington,12,45,46,2,2027-05-01 15:00:00,2027-05-08 15:00:00,0,1,2.4630458485278366,0.0,0.0,2.4817328069505313,0.0,0.0,0.0,0.0,0.0,0,0.0,0.0,-0.05956317528390155,16.5,0,0,Fleetwood (H) · Crewe (A),,,,,,,upcoming,1.2315229242639183,1.2408664034752657
E3,Barnet,1,1,4,4,2026-08-15 15:00:00,2026-09-01 19:45:00,4,2,6.064858546736595,6.064858546736595,6.612953679490866,0.0,8.0,5.6899999999999995,4.97,5.8149364352223305,6.792941899548929,4,9.0,5.0,-0.021343909536228327,15.0,0,0,Salford (H) · Shrewsbury (A) · Cheltenham (H) · Exeter (A),1.9351414532634053,-0.24992211151426424,2.1850635647776695,0.7525146788053756,-0.12546752060992392,0.4517416058205994,complete,1.5162146366841487,
E3,Barnet,2,5,8,4,2026-09-05 15:00:00,2026-09-26 12:30:00,1,2,6.28751849051897,1.2330286316440742,1.6055167870721758,5.081018894424814,1.0,2.31,2.03,1.551238930026484,3.1602195695334947,2,3.0,3.0,-0.0812872315097582,17.0,0,0,Chesterfield (A) · Accrington (H) · Fleetwood (H) · Crawley (A),-0.23302863164407417,0.3182102983824098,-0.5512389300264839,-0.1839085242868352,0.32421356391093886,0.8540852174589446,in progress,1.5718796226297425,1.6936729648082711
E3,Barnet,3,9,12,4,2026-10-03 15:00:00,2026-10-20 19:45:00,0,2,5.808690207997538,0.0,0.0,5.819762797405964,0.0,0.0,0.0,0.0,0.0,0,0.0,0.0,0.04968760728484822,9.5,0,0,York (H) · Bristol Rovers (A) · Tranmere (A) · Swindon (H),,,,,,,upcoming,1.4521725519993844,1.454940699351491
E3,Barnet,4,13,16,4,2026-10-24 15:00:00,2026-11-21 15:00:00,0,2,5.806551301772965,0.0,0.0,5.798888154069791,0.0,0.0,0.0,0.0,0.0,0,0.0,0.0,0.049369190143514,9.75,0,0,Oldham (H) · Crewe (A) · Walsall (A) · Port Vale (H),,,,,,,upcoming,1.4516378254432412,1.4497220385174479
E3,Barnet,5,17,20,4,2026-11-28 15:00:00,2026-12-19 15:00:00,0,2,5.879837589768319,0.0,0.0,5.915752334207791,0.0,0.0,0.0,0.0,0.0,0,0.0,0.0,0.030005936417998723,10.75,0,0,Rochdale (A) · Rotherham (H) · Northampton (H) · Grimsby (A),,,,,,,upcoming,1.4699593974420797,1.4789380835519477
E3,Barnet,6,21,24,4,2026-12-26 15:00:00,2027-01-09 12:30:00,0,2,6.109156337865118,0.0,0.0,6.14702287186448,0.0,0.0,0.0,0.0,0.0,0,0.0,0.0,-0.032624331864514404,13.25,0,0,Colchester (H) · Gillingham (A) · Newport (A) · Grimsby (H),,,,,,,upcoming,1.5272890844662794,1.53675571796612
E3,Barnet,7,25,28,4,2027-01-16 15:00:00,2027-01-30 15:00:00,0,2,6.018679431379651,0.0,0.0,6.076616311197941,0.0,0.0,0.0,0.0,0.0,0,0.0,0.0,-0.007993071548164426,13.0,0,0,Tranmere (H) · Swindon (A) · Oldham (A) · Crewe (H),,,,,,,upcoming,1.5046698578449127,1.5191540777994852
E3,Barnet,8,29,32,4,2027-02-06 15:00:00,2027-02-20 15:00:00,0,2,6.319737471704757,0.0,0.0,6.317156732654283,0.0,0.0,0.0,0.0,0.0,0,0.0,0.0,-0.08998325488972385,17.0,0,0,Cheltenham (A) · Exeter (H) · Chesterfield (H) · Accrington (A),,,,,,,upcoming,1.5799343679261892,1.5792891831635707
E3,Barnet,9,33,36,4,2027-02-27 15:00:00,2027-03-20 15:00:00,0,2,5.683411371204614,0.0,0.0,5.6958793058050095,0.0,0.0,0.0,0.0,0.0,0,0.0,0.0,0.08579961908924061,9.25,0,0,Walsall (H) · Salford (A) · Shrewsbury (H) · Port Vale (A),,,,,,,upcoming,1.4208528428011535,1.4239698264512524
E3,Barnet,10,37,40,4,2027-03-26 15:00:00,2027-04-10 15:00:00,0,2,6.225514630084421,0.0,0.0,6.27246556813809,0.0,0.0,0.0,0.0,0.0,0,0.0,0.0,-0.06542046658664483,15.75,0,0,Newport (H) · Colchester (A) · Gillingham (H) · Northampton (A),,,,,,,upcoming,1.5563786575211052,1.5681163920345225
E3,Barnet,11,41,44,4,2027-04-13 19:45:00,2027-04-27 19:45:00,0,2,5.956675200949718,0.0,0.0,5.926551611630299,0.0,0.0,0.0,0.0,0.0,0,0.0,0.0,0.008602363731023376,12.0,0,0,Bristol Rovers (H) · Fleetwood (A) · Crawley (H) · York (A),,,,,,,upcoming,1.4891688002374295,1.4816379029075748
E3,Barnet,12,45,46,2,2027-05-01 15:00:00,2027-05-08 15:00:00,0,1,2.9998455471302656,0.0,0.0,3.0138604945264325,0.0,0.0,0.0,0.0,0.0,0,0.0,0.0,-0.0027690721285654994,12.5,0,0,Rochdale (H) · Rotherham (A),,,,,,,upcoming,1.4999227735651328,1.5069302472632162
E3,Bristol Rovers,1,1,4,4,2026-08-15 15:00:00,2026-09-01 19:45:00,4,2,6.394220775041452,6.394220775041452,6.524361676853072,0.0,9.0,10.96,4.6,8.867038864808013,6.720640758495201,4,11.0,6.0,-0.08064151200282385,16.25,0,0,York (A) · Newport (H) · Crawley (A) · Colchester (H),2.605779224958548,2.4728180897665606,0.13296113519198727,1.0201607333313067,1.2498201720820745,0.3076522369771211,complete,1.598555193760363,
E3,Bristol Rovers,2,5,8,4,2026-09-05 15:00:00,2026-09-26 15:00:00,1,2,6.0106446368268065,1.6384865708977219,1.6716007815322618,4.483070212862201,3.0,1.08,1.13,1.303729121794357,3.2386470150619964,2,1.0,0.0,0.02496718453474425,10.5,0,0,Rotherham (H) · Grimsby (A) · Gillingham (A) · Exeter (H),1.3615134291022781,-0.3347574491033649,1.696270878205643,1.0530661345084602,-0.33426302711184114,0.29231068261490867,in progress,1.5026611592067016,1.4943567376207338
E3,Bristol Rovers,3,9,12,4,2026-10-03 15:00:00,2026-10-20 19:45:00,0,2,5.794275283276153,0.0,0.0,5.96216890142124,0.0,0.0,0.0,0.0,0.0,0,0.0,0.0,0.0831943827134483,9.75,0,0,Crewe (A) · Barnet (H) · Shrewsbury (A) · Salford (H),,,,,,,upcoming,1.4485688208190381,1.49054222535531
E3,Bristol Rovers,4,13,16,4,2026-10-24 12:30:00,2026-11-21 15:00:00,0,2,6.232889138311622,0.0,0.0,6.450866397428498,0.0,0.0,0.0,0.0,0.0,0,0.0,0.0,-0.03556648471056813,14.0,0,0,Swindon (H) · Fleetwood (A) · Chesterfield (H) · Cheltenham (A),,,,,,,upcoming,1.5582222845779055,1.6127165993571244
E3,Bristol Rovers,5,17,20,4,2026-11-28 12:30:00,2026-12-19 15:00:00,0,2,6.373147169956972,0.0,0.0,6.591315485660113,0.0,0.0,0.0,0.0,0.0,0,0.0,0.0,-0.07449019302310887,16.5,0,0,Tranmere (H) · Oldham (A) · Accrington (H) · Rochdale (A),,,,,,,upcoming,1.593286792489243,1.6478288714150282
E3,Bristol Rovers,6,21,24,4,2026-12-26 15:00:00,2027-01-09 15:00:00,0,2,6.015579971197555,0.0,0.0,6.226898488468908,0.0,0.0,0.0,0.0,0.0,0,0.0,0.0,0.023696960721227525,11.5,0,0,Walsall (H) · Port Vale (A) · Northampton (A) · Rochdale (H),,,,,,,upcoming,1.5038949927993888,1.556724622117227
E3,Bristol Rovers,7,25,28,4,2027-01-16 15:00:00,2027-01-30 15:00:00,0,2,5.9993483086101715,0.0,0.0,6.207137377786456,0.0,0.0,0.0,0.0,0.0,0,0.0,0.0,0.02951768929120903,12.25,0,0,Shrewsbury (H) · Salford (A) · Swindon (A) · Fleetwood (H),,,,,,,upcoming,1.4998370771525429,1.551784344446614
E3,Bristol Rovers,8,29,32,4,2027-02-06 15:00:00,2027-02-20 15:00:00,0,2,6.06222147067966,0.0,0.0,6.225401112268527,0.0,0.0,0.0,0.0,0.0,0,0.0,0.0,0.010412432453789523,11.75,0,0,Crawley (H) · Colchester (A) · Rotherham (A) · Grimsby (H),,,,,,,upcoming,1.515555367669915,1.5563502780671317
E3,Bristol Rovers,9,33,36,4,2027-02-27 15:00:00,2027-03-20 15:00:00,0,2,6.337126190551901,0.0,0.0,6.496329595972069,0.0,0.0,0.0,0.0,0.0,0,0.0,0.0,-0.06402952367237873,14.75,0,0,Chesterfield (A) · York (H) · Newport (A) · Cheltenham (H),,,,,,,upcoming,1.5842815476379752,1.6240823989930173
E3,Bristol Rovers,10,37,40,4,2027-03-26 15:00:00,2027-04-10 15:00:00,0,2,6.151917467641479,0.0,0.0,6.3265167308747206,0.0,0.0,0.0,0.0,0.0,0,0.0,0.0,-0.013556320404355449,13.25,0,0,Northampton (H) · Walsall (A) · Port Vale (H) · Accrington (A),,,,,,,upcoming,1.5379793669103698,1.5816291827186801
E3,Bristol Rovers,11,41,44,4,2027-04-13 19:45:00,2027-04-27 19:45:00,0,2,6.044420676919345,0.0,0.0,6.19593344410509,0.0,0.0,0.0,0.0,0.0,0,0.0,0.0,0.01605297246218075,11.75,0,0,Barnet (A) · Gillingham (H) · Exeter (A) · Crewe (H),,,,,,,upcoming,1.5111051692298363,1.5489833610262724
E3,Bristol Rovers,12,45,46,2,2027-05-01 15:00:00,2027-05-08 15:00:00,0,1,3.0932486838852666,0.0,0.0,3.1934945040327167,0.0,0.0,0.0,0.0,0.0,0,0.0,0.0,-0.0230119317420417,13.5,0,0,Tranmere (A) · Oldham (H),,,,,,,upcoming,1.5466243419426333,1.5967472520163584
E3,Cheltenham,1,1,4,4,2026-08-15 15:00:00,2026-09-01 19:45:00,4,2,4.479177470569533,4.479177470569532,6.089182276814932,0.0,7.0,4.529999999999999,6.98,4.047989536666213,4.151255770539604,4,8.0,7.0,0.08071630349419964,7.25,0,0,Rotherham (H) · Swindon (A) · Barnet (A) · York (H),2.5208225294304683,-0.43118793390331867,2.952010463333787,1.021557423965417,-0.2255856588519369,0.3069904174467004,complete,1.1197943676423832,
E3,Cheltenham,2,5,8,4,2026-09-05 15:00:00,2026-09-26 15:00:00,1,2,4.650013673975021,1.2231091011802417,1.6007038522977166,3.392712440587977,1.0,1.28,1.53,1.193798515799014,2.4631355682190623,2,2.0,2.0,0.0289452585249958,11.0,0,0,Grimsby (H) · Crawley (A) · Colchester (A) · Chesterfield (H),-0.22310910118024174,-0.02931058538122766,-0.19379851579901408,-0.17634444823635068,-0.029908413188854045,0.8600233444971854,in progress,1.1625034184937553,1.130904146862659
E3,Cheltenham,3,9,12,4,2026-10-03 15:00:00,2026-10-20 19:45:00,0,2,4.697919177523174,0.0,0.0,4.674140927169165,0.0,0.0,0.0,0.0,0.0,0,0.0,0.0,0.018138041662265077,12.5,0,0,Accrington (A) · Salford (H) · Oldham (A) · Fleetwood (H),,,,,,,upcoming,1.1744797943807934,1.1685352317922912
E3,Cheltenham,4,13,16,4,2026-10-24 12:30:00,2026-11-21 15:00:00,0,2,5.031899160166412,0.0,0.0,4.969908978620993,0.0,0.0,0.0,0.0,0.0,0,0.0,0.0,-0.07586651685171462,15.5,0,0,Newport (H) · Tranmere (A) · Exeter (A) · Bristol Rovers (H),,,,,,,upcoming,1.257974790041603,1.2424772446552483
E3,Cheltenham,5,17,20,4,2026-11-28 15:00:00,2026-12-19 15:00:00,0,2,4.908732117235274,0.0,0.0,4.891432220362666,0.0,0.0,0.0,0.0,0.0,0,0.0,0.0,-0.04193193777710887,15.75,0,0,Shrewsbury (A) · Rochdale (H) · Crewe (H) · Gillingham (A),,,,,,,upcoming,1.2271830293088184,1.2228580550906665
E3,Cheltenham,6,21,24,4,2026-12-26 15:00:00,2027-01-09 15:00:00,0,2,4.6109313554096385,0.0,0.0,4.5910465808913195,0.0,0.0,0.0,0.0,0.0,0,0.0,0.0,0.04127005870199585,10.5,0,0,Port Vale (H) · Northampton (A) · Walsall (A) · Gillingham (H),,,,,,,upcoming,1.1527328388524096,1.1477616452228299
E3,Cheltenham,7,25,28,4,2027-01-16 15:00:00,2027-01-30 15:00:00,0,2,5.145235147259135,0.0,0.0,5.138270073215262,0.0,0.0,0.0,0.0,0.0,0,0.0,0.0,-0.10895165859896956,17.25,0,0,Oldham (H) · Fleetwood (A) · Newport (A) · Tranmere (H),,,,,,,upcoming,1.2863087868147838,1.2845675183038154
E3,Cheltenham,8,29,32,4,2027-02-06 15:00:00,2027-02-20 15:00:00,0,2,4.562217095718246,0.0,0.0,4.50207451625341,0.0,0.0,0.0,0.0,0.0,0,0.0,0.0,0.05916309469996412,8.75,0,0,Barnet (H) · York (A) · Grimsby (A) · Crawley (H),,,,,,,upcoming,1.1405542739295615,1.1255186290633525
E3,Cheltenham,9,33,36,4,2027-02-27 15:00:00,2027-03-20 15:00:00,0,2,4.627612986868596,0.0,0.0,4.546648969375829,0.0,0.0,0.0,0.0,0.0,0,0.0,0.0,0.04127935322944078,9.5,0,0,Exeter (H) · Rotherham (A) · Swindon (H) · Bristol Rovers (A),,,,,,,upcoming,1.156903246717149,1.1366622423439572
E3,Cheltenham,10,37,40,4,2027-03-26 15:00:00,2027-04-10 15:00:00,0,2,4.648066976732489,0.0,0.0,4.621197837744398,0.0,0.0,0.0,0.0,0.0,0,0.0,0.0,0.0329364195467464,11.25,0,0,Walsall (H) · Port Vale (A) · Northampton (H) · Crewe (A),,,,,,,upcoming,1.1620167441831222,1.1552994594360995
E3,Cheltenham,11,41,44,4,2027-04-13 19:45:00,2027-04-27 19:45:00,0,2,4.581865119525687,0.0,0.0,4.55826166794985,0.0,0.0,0.0,0.0,0.0,0,0.0,0.0,0.06044229749931055,10.75,0,0,Salford (A) · Colchester (H) · Chesterfield (A) · Accrington (H),,,,,,,upcoming,1.1454662798814217,1.1395654169874625
E3,Cheltenham,12,45,46,2,2027-05-01 15:00:00,2027-05-08 15:00:00,0,1,2.5349394767058397,0.0,0.0,2.5298838698327843,0.0,0.0,0.0,0.0,0.0,0,0.0,0.0,-0.08602709711378205,18.0,0,0,Shrewsbury (H) · Rochdale (A),,,,,,,upcoming,1.2674697383529199,1.2649419349163922
E3,Chesterfield,1,1,4,4,2026-08-15 15:00:00,2026-09-01 19:45:00,4,2,5.6259729235108855,5.6259729235108855,6.4320660461288455,0.0,4.0,7.33,5.32,6.940339459018945,6.502708457016963,4,3.0,4.0,0.06871541824074302,10.0,0,0,Fleetwood (H) · Salford (A) · Rotherham (A) · Gillingham (H),-1.6259729235108855,1.3143665355080598,-2.9403394590189453,-0.6411181348429904,0.6690608537761126,0.5214459326845835,complete,1.4064932308777214,
E3,Chesterfield,2,5,8,4,2026-09-05 15:00:00,2026-09-26 15:00:00,1,2,5.751855934872114,1.4803666176529313,1.6764050288916246,4.2872836372926555,1.0,2.03,2.31,1.2400583207362201,2.7411721770263497,2,3.0,3.0,0.031262814724365796,10.0,0,0,Barnet (H) · Oldham (A) · York (H) · Cheltenham (A),-0.4803666176529313,-0.24030829691671118,-0.24005832073622013,-0.37100805750059135,-0.23960929586366345,0.7106315303265291,in progress,1.4379639837180285,1.4290945457642186
E3,Chesterfield,3,9,12,4,2026-10-03 12:30:00,2026-10-20 19:45:00,0,2,5.974575415523285,0.0,0.0,6.07221991605706,0.0,0.0,0.0,0.0,0.0,0,0.0,0.0,-0.028627329924186828,14.5,0,0,Tranmere (H) · Crawley (A) · Port Vale (A) · Colchester (H),,,,,,,upcoming,1.4936438538808212,1.518054979014265
E3,Chesterfield,4,13,16,4,2026-10-24 15:00:00,2026-11-21 15:00:00,0,2,6.089186230044268,0.0,0.0,6.091933623557656,0.0,0.0,0.0,0.0,0.0,0,0.0,0.0,-0.05909002025127552,15.25,0,0,Crewe (H) · Newport (A) · Bristol Rovers (A) · Shrewsbury (H),,,,,,,upcoming,1.522296557511067,1.522983405889414
E3,Chesterfield,5,17,20,4,2026-11-28 15:00:00,2026-12-19 15:00:00,0,2,5.992854533775347,0.0,0.0,6.059459021797721,0.0,0.0,0.0,0.0,0.0,0,0.0,0.0,-0.03420122300998675,13.5,0,0,Swindon (A) · Exeter (H) · Grimsby (H) · Accrington (A),,,,,,,upcoming,1.4982136334438367,1.5148647554494303
E3,Chesterfield,6,21,24,4,2026-12-26 15:00:00,2027-01-09 12:30:00,0,2,6.080476902717017,0.0,0.0,6.169079319709091,0.0,0.0,0.0,0.0,0.0,0,0.0,0.0,-0.058192176938671326,16.0,0,0,Northampton (H) · Walsall (A) · Rochdale (A) · Accrington (H),,,,,,,upcoming,1.5201192256792542,1.5422698299272728
E3,Chesterfield,7,25,28,4,2027-01-16 15:00:00,2027-01-30 15:00:00,0,2,6.015794920130794,0.0,0.0,6.082529235865115,0.0,0.0,0.0,0.0,0.0,0,0.0,0.0,-0.04128089110090645,14.25,0,0,Port Vale (H) · Colchester (A) · Crewe (A) · Newport (H),,,,,,,upcoming,1.5039487300326986,1.5206323089662788
E3,Chesterfield,8,29,32,4,2027-02-06 15:00:00,2027-02-20 15:00:00,0,2,5.611859190746932,0.0,0.0,5.6316090417802585,0.0,0.0,0.0,0.0,0.0,0,0.0,0.0,0.07020454405967458,8.0,0,0,Rotherham (H) · Gillingham (A) · Barnet (A) · Oldham (H),,,,,,,upcoming,1.402964797686733,1.4079022604450646
E3,Chesterfield,9,33,36,4,2027-02-27 15:00:00,2027-03-20 15:00:00,0,2,5.613567391122896,0.0,0.0,5.640983397783101,0.0,0.0,0.0,0.0,0.0,0,0.0,0.0,0.06835296953444714,10.25,0,0,Bristol Rovers (H) · Fleetwood (A) · Salford (H) · Shrewsbury (A),,,,,,,upcoming,1.403391847780724,1.4102458494457752
E3,Chesterfield,10,37,40,4,2027-03-26 15:00:00,2027-04-10 15:00:00,0,2,5.781292094333045,0.0,0.0,5.872061209338918,0.0,0.0,0.0,0.0,0.0,0,0.0,0.0,0.024019880802370122,11.25,0,0,Rochdale (H) · Northampton (A) · Walsall (H) · Grimsby (A),,,,,,,upcoming,1.4453230235832613,1.4680153023347295
E3,Chesterfield,11,41,44,4,2027-04-13 19:45:00,2027-04-27 19:45:00,0,2,6.180297432820215,0.0,0.0,6.253272337347787,0.0,0.0,0.0,0.0,0.0,0,0.0,0.0,-0.08501573970356881,17.25,0,0,Crawley (H) · York (A) · Cheltenham (H) · Tranmere (A),,,,,,,upcoming,1.5450743582050537,1.5633180843369467
E3,Chesterfield,12,45,46,2,2027-05-01 15:00:00,2027-05-08 15:00:00,0,1,2.992703165729739,0.0,0.0,3.0340141497494013,0.0,0.0,0.0,0.0,0.0,0,0.0,0.0,-0.0323515449467144,13.5,0,0,Swindon (H) · Exeter (A),,,,,,,upcoming,1.4963515828648695,1.5170070748747007
E3,Colchester,1,1,4,4,2026-08-15 15:00:00,2026-09-01 19:45:00,4,2,5.46610430067455,5.46610430067455,6.5066108650852,0.0,7.0,5.8100000000000005,5.99,5.434064192685932,5.482688628541131,4,5.0,5.0,-0.0012800989214167002,12.25,0,0,Accrington (A) · Oldham (H) · Rochdale (H) · Bristol Rovers (A),1.5338956993254502,-0.03204010798861745,1.5659358073140677,0.6013376731328285,-0.01621589520039053,0.5476151022303368,complete,1.3665260751686374,
E3,Colchester,2,5,8,4,2026-09-05 15:00:00,2026-09-26 15:00:00,1,2,5.724654124687284,1.1845625463412568,1.5805748966579036,4.525795766967956,0.0,2.12,2.7,1.1000249625360938,3.0113772494826527,2,1.0,3.0,-0.07319876400789921,16.75,0,0,Swindon (A) · Crewe (H) · Cheltenham (H) · Shrewsbury (A),-1.1845625463412568,-0.08453758380516296,-1.1000249625360938,-0.9422159611824545,-0.08680938225925794,0.3460820837530716,in progress,1.431163531171821,1.5085985889893188
E3,Colchester,3,9,12,4,2026-10-03 15:00:00,2026-10-20 19:45:00,0,2,5.5788446997560674,0.0,0.0,5.547298763212062,0.0,0.0,0.0,0.0,0.0,0,0.0,0.0,-0.032820653716439455,13.0,0,0,Port Vale (H) · Newport (A) · Exeter (H) · Chesterfield (A),,,,,,,upcoming,1.3947111749390169,1.3868246908030155
E3,Colchester,4,13,16,4,2026-10-24 12:30:00,2026-11-21 15:00:00,0,2,5.518952532911838,0.0,0.0,5.54153319116131,0.0,0.0,0.0,0.0,0.0,0,0.0,0.0,-0.017736230166931474,14.0,0,0,Northampton (A) · Walsall (H) · Gillingham (H) · Tranmere (A),,,,,,,upcoming,1.3797381332279595,1.3853832977903275
E3,Colchester,5,17,20,4,2026-11-28 15:00:00,2026-12-19 12:30:00,0,2,5.080049481753248,0.0,0.0,5.071745383293614,0.0,0.0,0.0,0.0,0.0,0,0.0,0.0,0.10843057529475732,7.5,0,0,York (H) · Grimsby (A) · Salford (A) · Fleetwood (H),,,,,,,upcoming,1.270012370438312,1.2679363458234034
E3,Colchester,6,21,24,4,2026-12-26 15:00:00,2027-01-09 15:00:00,0,2,5.502444210545855,0.0,0.0,5.47845524095203,0.0,0.0,0.0,0.0,0.0,0,0.0,0.0,-0.011415260775783101,12.75,0,0,Barnet (A) · Crawley (H) · Rotherham (H) · Fleetwood (A),,,,,,,upcoming,1.3756110526364638,1.3696138102380075
E3,Colchester,7,25,28,4,2027-01-16 15:00:00,2027-01-30 15:00:00,0,2,5.412051592603457,0.0,0.0,5.373938588616692,0.0,0.0,0.0,0.0,0.0,0,0.0,0.0,0.011491132249645476,12.0,0,0,Exeter (A) · Chesterfield (H) · Northampton (H) · Walsall (A),,,,,,,upcoming,1.3530128981508642,1.343484647154173
E3,Colchester,8,29,32,4,2027-02-06 15:00:00,2027-02-20 15:00:00,0,2,5.319212217817828,0.0,0.0,5.325896275180682,0.0,0.0,0.0,0.0,0.0,0,0.0,0.0,0.0366216100634321,10.75,0,0,Rochdale (A) · Bristol Rovers (H) · Swindon (H) · Crewe (A),,,,,,,upcoming,1.329803054454457,1.3314740687951705
E3,Colchester,9,33,36,4,2027-02-27 15:00:00,2027-03-20 15:00:00,0,2,5.668740223841024,0.0,0.0,5.674560202969921,0.0,0.0,0.0,0.0,0.0,0,0.0,0.0,-0.05691709504234055,15.5,0,0,Gillingham (A) · Accrington (H) · Oldham (A) · Tranmere (H),,,,,,,upcoming,1.417185055960256,1.4186400507424803
E3,Colchester,10,37,40,4,2027-03-26 15:00:00,2027-04-10 15:00:00,0,2,5.1122956123205325,0.0,0.0,5.095368385926291,0.0,0.0,0.0,0.0,0.0,0,0.0,0.0,0.0934227424569086,8.5,0,0,Rotherham (A) · Barnet (H) · Crawley (A) · Salford (H),,,,,,,upcoming,1.2780739030801331,1.2738420964815726
E3,Colchester,11,41,44,4,2027-04-13 19:45:00,2027-04-27 19:45:00,0,2,5.886412315861287,0.0,0.0,5.879751703108046,0.0,0.0,0.0,0.0,0.0,0,0.0,0.0,-0.11623139408342385,17.75,0,0,Newport (H) · Cheltenham (A) · Shrewsbury (H) · Port Vale (A),,,,,,,upcoming,1.4716030789653218,1.4699379257770115
E3,Colchester,12,45,46,2,2027-05-01 15:00:00,2027-05-08 15:00:00,0,1,2.5250119014989645,0.0,0.0,2.4945886074336676,0.0,0.0,0.0,0.0,0.0,0,0.0,0.0,0.11180743794099975,5.5,0,0,York (A) · Grimsby (H),,,,,,,upcoming,1.2625059507494822,1.2472943037168338
E3,Crawley,1,1,4,4,2026-08-15 15:00:00,2026-09-01 19:45:00,4,2,4.817138550461397,4.817138550461397,6.320544521061065,0.0,4.0,6.37,6.76,5.560324035741667,3.8936751438072146,4,3.0,5.0,0.02877987043291755,11.75,0,0,Crewe (H) · Rochdale (A) · Bristol Rovers (H) · Northampton (A),-0.8171385504613973,0.7431854852802697,-1.560324035741667,-0.32502626143113383,0.3816316161691526,0.7451611960855411,complete,1.2042846376153493,
E3,Crawley,2,5,8,4,2026-09-05 15:00:00,2026-09-26 12:30:00,1,2,5.024548613803743,1.2576060486856007,1.6167924621844332,3.773233573869559,0.0,1.23,1.95,0.9263280883602467,2.573633900491499,2,2.0,3.0,-0.026302990657400806,13.0,0,0,Accrington (A) · Cheltenham (H) · Grimsby (A) · Barnet (H),-1.2576060486856007,-0.33127796032535395,-0.9263280883602467,-0.9890482518056922,-0.33634872093794754,0.32263953433164483,in progress,1.2561371534509358,1.2577445246231862
E3,Crawley,3,9,12,4,2026-10-03 15:00:00,2026-10-20 19:45:00,0,2,4.647101947175095,0.0,0.0,4.622450061315188,0.0,0.0,0.0,0.0,0.0,0,0.0,0.0,0.08404299858835329,9.5,0,0,Walsall (A) · Chesterfield (H) · Salford (A) · Shrewsbury (H),,,,,,,upcoming,1.1617754867937737,1.155612515328797
E3,Crawley,4,13,16,4,2026-10-24 15:00:00,2026-11-21 15:00:00,0,2,5.026925184334281,0.0,0.0,5.025857759146352,0.0,0.0,0.0,0.0,0.0,0,0.0,0.0,-0.026180602376268198,13.5,0,0,Tranmere (H) · Oldham (A) · Rotherham (A) · Fleetwood (H),,,,,,,upcoming,1.2567312960835701,1.256464439786588
E3,Crawley,5,17,20,4,2026-11-28 12:30:00,2026-12-19 15:00:00,0,2,5.071283533674162,0.0,0.0,5.041685680816247,0.0,0.0,0.0,0.0,0.0,0,0.0,0.0,-0.03902400136832157,13.25,0,0,Exeter (A) · Port Vale (H) · Newport (H) · York (A),,,,,,,upcoming,1.2678208834185405,1.2604214202040618
E3,Crawley,6,21,24,4,2026-12-26 15:00:00,2027-01-09 15:00:00,0,2,4.788194598698026,0.0,0.0,4.798818149884266,0.0,0.0,0.0,0.0,0.0,0,0.0,0.0,0.03752180768589522,10.5,0,0,Gillingham (H) · Colchester (A) · Swindon (A) · York (H),,,,,,,upcoming,1.1970486496745065,1.1997045374710664
E3,Crawley,7,25,28,4,2027-01-16 15:00:00,2027-01-30 15:00:00,0,2,4.784812391374979,0.0,0.0,4.796821157732434,0.0,0.0,0.0,0.0,0.0,0,0.0,0.0,0.03702838836381522,12.0,0,0,Salford (H) · Shrewsbury (A) · Tranmere (A) · Oldham (H),,,,,,,upcoming,1.1962030978437448,1.1992052894331084
E3,Crawley,8,29,32,4,2027-02-06 15:00:00,2027-02-20 15:00:00,0,2,5.121047218720748,0.0,0.0,5.106264469905165,0.0,0.0,0.0,0.0,0.0,0,0.0,0.0,-0.0514109792920489,15.25,0,0,Bristol Rovers (A) · Northampton (H) · Accrington (H) · Cheltenham (A),,,,,,,upcoming,1.280261804680187,1.2765661174762912
E3,Crawley,9,33,36,4,2027-02-27 15:00:00,2027-03-20 15:00:00,0,2,5.033141385139372,0.0,0.0,5.046399278921706,0.0,0.0,0.0,0.0,0.0,0,0.0,0.0,-0.031166123706233523,14.5,0,0,Rotherham (H) · Crewe (A) · Rochdale (H) · Fleetwood (A),,,,,,,upcoming,1.258285346284843,1.2615998197304266
E3,Crawley,10,37,40,4,2027-03-26 15:00:00,2027-04-10 15:00:00,0,2,5.128763156497962,0.0,0.0,5.178197791000084,0.0,0.0,0.0,0.0,0.0,0,0.0,0.0,-0.05757872695613028,14.75,0,0,Swindon (H) · Gillingham (A) · Colchester (H) · Newport (A),,,,,,,upcoming,1.2821907891244906,1.294549447750021
E3,Crawley,11,41,44,4,2027-04-13 19:45:00,2027-04-27 19:45:00,0,2,4.554567922085578,0.0,0.0,4.5245116192433255,0.0,0.0,0.0,0.0,0.0,0,0.0,0.0,0.10588799062206905,6.0,0,0,Chesterfield (A) · Grimsby (H) · Barnet (A) · Walsall (H),,,,,,,upcoming,1.1386419805213945,1.1311279048108314
E3,Crawley,12,45,46,2,2027-05-01 15:00:00,2027-05-08 15:00:00,0,1,2.439699714948738,0.0,0.0,2.427070986310044,0.0,0.0,0.0,0.0,0.0,0,0.0,0.0,0.016911405074232153,11.0,0,0,Exeter (H) · Port Vale (A),,,,,,,upcoming,1.219849857474369,1.213535493155022
E3,Crewe,1,1,4,4,2026-08-15 15:00:00,2026-09-01 19:45:00,4,2,5.37294855989342,5.37294855989342,6.507955378538931,0.0,8.0,6.359999999999999,4.77,6.416918339821949,5.766029476351568,4,4.0,2.0,0.0015357667975984266,12.75,0,0,Crawley (A) · Northampton (H) · Port Vale (A) · Walsall (H),2.6270514401065803,1.0439697799285295,1.5830816601780509,1.0297843643850773,0.5283114446033138,0.30311124211165863,complete,1.343237139973355,
E3,Crewe,2,5,8,4,2026-09-05 15:00:00,2026-09-26 15:00:00,1,2,5.3522032271991105,1.409642965701484,1.66583858872256,3.9174740548203166,1.0,1.17,2.4,0.6883915809348933,2.4113012715767077,2,1.0,1.0,0.007008135613120626,12.25,0,0,York (H) · Colchester (A) · Shrewsbury (H) · Rotherham (A),-0.40964296570148395,-0.7212513847665907,0.3116084190651067,-0.31738693294231834,-0.7214306272705652,0.7509500210730868,in progress,1.3380508067997776,1.3058246849401056
E3,Crewe,3,9,12,4,2026-10-03 15:00:00,2026-10-20 19:45:00,0,2,5.312793549351685,0.0,0.0,5.332235651324368,0.0,0.0,0.0,0.0,0.0,0,0.0,0.0,0.016932943267218475,11.25,0,0,Bristol Rovers (H) · Swindon (A) · Rochdale (H) · Exeter (A),,,,,,,upcoming,1.3281983873379213,1.333058912831092
E3,Crewe,4,13,16,4,2026-10-24 15:00:00,2026-11-21 12:30:00,0,2,5.375179511703657,0.0,0.0,5.387808878335034,0.0,0.0,0.0,0.0,0.0,0,0.0,0.0,0.0017173113803061494,11.25,0,0,Chesterfield (A) · Barnet (H) · Newport (H) · Gillingham (A),,,,,,,upcoming,1.3437948779259143,1.3469522195837584
E3,Crewe,5,17,20,4,2026-11-28 15:00:00,2026-12-17 20:00:00,0,2,5.320178466060163,0.0,0.0,5.363195112753843,0.0,0.0,0.0,0.0,0.0,0,0.0,0.0,0.014093396454727902,12.5,0,0,Grimsby (H) · Accrington (A) · Cheltenham (A) · Salford (H),,,,,,,upcoming,1.3300446165150408,1.3407987781884607
E3,Crewe,6,21,24,4,2026-12-26 15:00:00,2027-01-09 15:00:00,0,2,5.243144533785881,0.0,0.0,5.301349216899447,0.0,0.0,0.0,0.0,0.0,0,0.0,0.0,0.041020890453236605,11.5,0,0,Fleetwood (A) · Tranmere (H) · Oldham (H) · Salford (A),,,,,,,upcoming,1.3107861334464703,1.3253373042248617
E3,Crewe,7,25,28,4,2027-01-16 15:00:00,2027-01-30 15:00:00,0,2,5.263441356706267,0.0,0.0,5.277659282660448,0.0,0.0,0.0,0.0,0.0,0,0.0,0.0,0.032119651689322126,10.5,0,0,Rochdale (A) · Exeter (H) · Chesterfield (H) · Barnet (A),,,,,,,upcoming,1.3158603391765666,1.319414820665112
E3,Crewe,8,29,32,4,2027-02-06 15:00:00,2027-02-20 15:00:00,0,2,5.1483489645713325,0.0,0.0,5.138148861463208,0.0,0.0,0.0,0.0,0.0,0,0.0,0.0,0.06294053906219388,9.0,0,0,Port Vale (H) · Walsall (A) · York (A) · Colchester (H),,,,,,,upcoming,1.2870872411428331,1.284537215365802
E3,Crewe,9,33,36,4,2027-02-27 15:00:00,2027-03-20 15:00:00,0,2,5.75010927924509,0.0,0.0,5.799758494623244,0.0,0.0,0.0,0.0,0.0,0,0.0,0.0,-0.10231199236302188,17.75,0,0,Newport (A) · Crawley (H) · Northampton (A) · Gillingham (H),,,,,,,upcoming,1.4375273198112726,1.449939623655811
E3,Crewe,10,37,40,4,2027-03-26 15:00:00,2027-04-10 15:00:00,0,2,5.6870963749494035,0.0,0.0,5.733056991224691,0.0,0.0,0.0,0.0,0.0,0,0.0,0.0,-0.0842251221123551,16.75,0,0,Oldham (A) · Fleetwood (H) · Tranmere (A) · Cheltenham (H),,,,,,,upcoming,1.4217740937373509,1.4332642478061728
E3,Crewe,11,41,44,4,2027-04-13 19:45:00,2027-04-27 19:45:00,0,2,5.25530330621315,0.0,0.0,5.224655201089028,0.0,0.0,0.0,0.0,0.0,0,0.0,0.0,0.03444595866974955,10.25,0,0,Swindon (H) · Shrewsbury (A) · Rotherham (H) · Bristol Rovers (A),,,,,,,upcoming,1.3138258265532874,1.306163800272257
E3,Crewe,12,45,46,2,2027-05-01 15:00:00,2027-05-08 15:00:00,0,1,2.760332240571892,0.0,0.0,2.767156660694828,0.0,0.0,0.0,0.0,0.0,0,0.0,0.0,-0.0360509010732591,13.5,0,0,Grimsby (A) · Accrington (H),,,,,,,upcoming,1.380166120285946,1.383578330347414
E3,Exeter,1,1,4,4,2026-08-15 15:00:00,2026-09-01 19:45:00,4,2,4.943508031393753,4.943508031393753,6.248910288079246,0.0,4.0,5.49,4.1,6.338054364893208,4.536885913596832,4,4.0,4.0,0.044071007498010246,9.25,0,0,Grimsby (A) · Accrington (H) · York (A) · Barnet (H),-0.9435080313937529,1.3945463334994548,-2.3380543648932077,-0.3774361177227942,0.7202034178980024,0.7058495301883538,complete,1.2358770078484382,
E3,Exeter,2,5,8,4,2026-09-05 15:00:00,2026-09-26 15:00:00,1,2,4.905195045181497,1.4045879412380127,1.664784185556662,3.543025538536651,1.0,1.06,1.17,1.2599250575849705,2.4878428205981735,2,0.0,0.0,0.056003548260368755,9.25,0,0,Walsall (H) · Port Vale (A) · Tranmere (H) · Bristol Rovers (A),-0.40458794123801267,-0.14466288365304214,-0.25992505758497053,-0.31356960839017667,-0.1447446504693233,0.7538479451039035,in progress,1.2262987612953742,1.1810085128455503
E3,Exeter,3,9,12,4,2026-10-03 15:00:00,2026-10-20 19:45:00,0,2,5.16295390542992,0.0,0.0,5.192876580847486,0.0,0.0,0.0,0.0,0.0,0,0.0,0.0,-0.020428293942906947,14.25,0,0,Rotherham (H) · Shrewsbury (A) · Colchester (A) · Crewe (H),,,,,,,upcoming,1.29073847635748,1.2982191452118714
E3,Exeter,4,13,16,4,2026-10-24 15:00:00,2026-11-21 15:00:00,0,2,5.042218093177289,0.0,0.0,5.133750770337988,0.0,0.0,0.0,0.0,0.0,0,0.0,0.0,0.02169321301398345,12.25,0,0,Fleetwood (H) · Salford (A) · Cheltenham (H) · Oldham (A),,,,,,,upcoming,1.2605545232943223,1.283437692584497
E3,Exeter,5,17,20,4,2026-11-28 12:30:00,2026-12-19 12:30:00,0,2,5.167260648202965,0.0,0.0,5.272337661087011,0.0,0.0,0.0,0.0,0.0,0,0.0,0.0,-0.018581208049882576,14.25,0,0,Crawley (H) · Chesterfield (A) · Rochdale (H) · Northampton (A),,,,,,,upcoming,1.2918151620507412,1.3180844152717528
E3,Exeter,6,21,24,4,2026-12-26 15:00:00,2027-01-09 15:00:00,0,2,5.315859574596541,0.0,0.0,5.435543263932208,0.0,0.0,0.0,0.0,0.0,0,0.0,0.0,-0.06014641691555018,15.0,0,0,Newport (H) · Swindon (A) · Gillingham (A) · Northampton (H),,,,,,,upcoming,1.3289648936491352,1.358885815983052
E3,Exeter,7,25,28,4,2027-01-16 15:00:00,2027-01-30 15:00:00,0,2,4.905173514184143,0.0,0.0,5.005391252967429,0.0,0.0,0.0,0.0,0.0,0,0.0,0.0,0.05076570097601923,11.75,0,0,Colchester (H) · Crewe (A) · Fleetwood (A) · Salford (H),,,,,,,upcoming,1.2262933785460357,1.2513478132418572
E3,Exeter,8,29,32,4,2027-02-06 15:00:00,2027-02-20 15:00:00,0,2,4.736816961551003,0.0,0.0,4.769796373850382,0.0,0.0,0.0,0.0,0.0,0,0.0,0.0,0.09936172288904432,6.5,0,0,York (H) · Barnet (A) · Walsall (A) · Port Vale (H),,,,,,,upcoming,1.1842042403877509,1.1924490934625955
E3,Exeter,9,33,36,4,2027-02-27 15:00:00,2027-03-20 15:00:00,0,2,5.2613537306777,0.0,0.0,5.321057949994048,0.0,0.0,0.0,0.0,0.0,0,0.0,0.0,-0.048859093846903554,14.25,0,0,Cheltenham (A) · Grimsby (H) · Accrington (A) · Oldham (H),,,,,,,upcoming,1.315338432669425,1.330264487498512
E3,Exeter,10,37,40,4,2027-03-26 15:00:00,2027-04-10 15:00:00,0,2,5.349653673003846,0.0,0.0,5.487435857226716,0.0,0.0,0.0,0.0,0.0,0,0.0,0.0,-0.07230905880887822,15.5,0,0,Gillingham (H) · Newport (A) · Swindon (H) · Rochdale (A),,,,,,,upcoming,1.3374134182509616,1.371858964306679
E3,Exeter,11,41,44,4,2027-04-13 19:45:00,2027-04-27 19:45:00,0,2,5.091345215010721,0.0,0.0,5.101899425241967,0.0,0.0,0.0,0.0,0.0,0,0.0,0.0,7.114481129549821e-05,12.5,0,0,Shrewsbury (H) · Tranmere (A) · Bristol Rovers (H) · Rotherham (A),,,,,,,upcoming,1.2728363037526802,1.2754748563104918
E3,Exeter,12,45,46,2,2027-05-01 15:00:00,2027-05-08 15:00:00,0,1,2.560159914707258,0.0,0.0,2.5849639290537088,0.0,0.0,0.0,0.0,0.0,0,0.0,0.0,-0.01002580783341115,13.5,0,0,Crawley (A) · Chesterfield (H),,,,,,,upcoming,1.280079957353629,1.2924819645268544
E3,Fleetwood,1,1,4,4,2026-08-15 15:00:00,2026-09-01 19:45:00,4,2,4.762015207269011,4.762015207269011,6.22904851880599,0.0,6.0,4.390000000000001,6.42,4.262652721043898,4.944971778516619,4,4.0,3.0,0.08254463106674093,7.5,0,0,Chesterfield (A) · Gillingham (H) · Grimsby (A) · Oldham (H),1.2379847927309893,-0.49936248622511314,1.7373472789561024,0.49602601339911717,-0.25830298891075404,0.6198760577085294,complete,1.1905038018172527,
E3,Fleetwood,2,5,8,4,2026-09-05 12:30:00,2026-09-26 15:00:00,1,2,5.3344882744331565,1.5257331807875545,1.6790565307328658,3.813205865338076,3.0,0.81,0.73,1.376403344215435,3.335253898125516,2,2.0,0.0,-0.07601762516427672,15.75,0,0,Shrewsbury (H) · Newport (A) · Barnet (A) · Rochdale (H),1.4742668192124455,-0.1493298365721194,1.623596655784565,1.1377410609243837,-0.14877785927547899,0.25522862234567434,in progress,1.3336220686082891,1.2710686217793585
E3,Fleetwood,3,9,12,4,2026-10-03 15:00:00,2026-10-20 19:45:00,0,2,4.891755210092694,0.0,0.0,4.8508454307256965,0.0,0.0,0.0,0.0,0.0,0,0.0,0.0,0.049094665273668396,10.75,0,0,Salford (A) · Walsall (H) · Rotherham (H) · Cheltenham (A),,,,,,,upcoming,1.2229388025231736,1.2127113576814241
E3,Fleetwood,4,13,16,4,2026-10-24 15:00:00,2026-11-21 15:00:00,0,2,5.189956638050921,0.0,0.0,5.121467974756566,0.0,0.0,0.0,0.0,0.0,0,0.0,0.0,-0.03960306451486467,14.75,0,0,Exeter (A) · Bristol Rovers (H) · Tranmere (H) · Crawley (A),,,,,,,upcoming,1.2974891595127303,1.2803669936891415
E3,Fleetwood,5,17,20,4,2026-11-28 15:00:00,2026-12-19 12:30:00,0,2,5.205461424752331,0.0,0.0,5.217438539688288,0.0,0.0,0.0,0.0,0.0,0,0.0,0.0,-0.041817817908674476,15.0,0,0,Accrington (H) · Northampton (A) · Swindon (H) · Colchester (A),,,,,,,upcoming,1.3013653561880827,1.304359634922072
E3,Fleetwood,6,21,24,4,2026-12-26 15:00:00,2027-01-09 15:00:00,0,2,4.865762979256533,0.0,0.0,4.814560104942587,0.0,0.0,0.0,0.0,0.0,0,0.0,0.0,0.05381964354111905,10.0,0,0,Crewe (H) · York (A) · Port Vale (A) · Colchester (H),,,,,,,upcoming,1.2164407448141332,1.2036400262356468
E3,Fleetwood,7,25,28,4,2027-01-16 15:00:00,2027-01-30 15:00:00,0,2,5.112281735295749,0.0,0.0,5.006520911946401,0.0,0.0,0.0,0.0,0.0,0,0.0,0.0,-0.012423138068266427,12.5,0,0,Rotherham (A) · Cheltenham (H) · Exeter (H) · Bristol Rovers (A),,,,,,,upcoming,1.2780704338239373,1.2516302279866003
E3,Fleetwood,8,29,32,4,2027-02-06 15:00:00,2027-02-20 15:00:00,0,2,5.248581512480862,0.0,0.0,5.188322040618471,0.0,0.0,0.0,0.0,0.0,0,0.0,0.0,-0.053614951738321,14.0,0,0,Grimsby (H) · Oldham (A) · Shrewsbury (A) · Newport (H),,,,,,,upcoming,1.3121453781202155,1.2970805101546177
E3,Fleetwood,9,33,36,4,2027-02-27 15:00:00,2027-03-20 15:00:00,0,2,5.149925520746935,0.0,0.0,5.1307561857872805,0.0,0.0,0.0,0.0,0.0,0,0.0,0.0,-0.02754118429705375,14.5,0,0,Tranmere (A) · Chesterfield (H) · Gillingham (A) · Crawley (H),,,,,,,upcoming,1.2874813801867337,1.2826890464468201
E3,Fleetwood,10,37,40,4,2027-03-26 15:00:00,2027-04-10 15:00:00,0,2,4.834682625934091,0.0,0.0,4.804052876946085,0.0,0.0,0.0,0.0,0.0,0,0.0,0.0,0.0590936932122137,9.25,0,0,Port Vale (H) · Crewe (A) · York (H) · Swindon (A),,,,,,,upcoming,1.2086706564835228,1.2010132192365213
E3,Fleetwood,11,41,44,4,2027-04-13 19:45:00,2027-04-27 19:45:00,0,2,4.652379588127053,0.0,0.0,4.650929838403798,0.0,0.0,0.0,0.0,0.0,0,0.0,0.0,0.10959788076490909,7.75,0,0,Walsall (A) · Barnet (H) · Rochdale (A) · Salford (H),,,,,,,upcoming,1.1630948970317632,1.1627324596009494
E3,Fleetwood,12,45,46,2,2027-05-01 15:00:00,2027-05-08 15:00:00,0,1,2.7066837321718706,0.0,0.0,2.6965785410439107,0.0,0.0,0.0,0.0,0.0,0,0.0,0.0,-0.10164317051751995,18.5,0,0,Accrington (A) · Northampton (H),,,,,,,upcoming,1.3533418660859353,1.3482892705219554
E3,Gillingham,1,1,4,4,2026-08-15 15:00:00,2026-09-01 19:45:00,4,2,5.467741622462621,5.467741622462622,6.534811879100083,0.0,3.0,4.2,5.050000000000001,5.108505962395174,4.416423735027505,4,2.0,5.0,0.008650239779375627,12.25,0,0,Walsall (H) · Fleetwood (A) · Northampton (H) · Chesterfield (A),-2.467741622462622,-0.3592356600674478,-2.1085059623951743,-0.9653463110256943,-0.18142088071617063,0.3343713831239792,complete,1.3669354056156553,
E3,Gillingham,2,5,8,4,2026-09-05 15:00:00,2026-09-26 15:00:00,1,2,5.3901172066471705,1.2665741844887743,1.6206761139124672,4.0718390119092716,3.0,1.4,1.15,1.5319507164834252,2.4645879708486387,2,4.0,1.0,0.02968322576100562,11.0,0,0,Rochdale (A) · Tranmere (H) · Bristol Rovers (H) · York (A),1.7334258155112257,0.26537653199465083,1.4680492835165748,1.3616238330286534,0.2691155379806203,0.17331662982999885,in progress,1.3475293016617926,1.3572796706364239
E3,Gillingham,3,9,12,4,2026-10-03 15:00:00,2026-10-20 20:00:00,0,2,5.783327938295643,0.0,0.0,5.744931448960525,0.0,0.0,0.0,0.0,0.0,0,0.0,0.0,-0.07815755294253396,15.25,0,0,Newport (H) · Rotherham (A) · Accrington (A) · Port Vale (H),,,,,,,upcoming,1.4458319845739107,1.4362328622401312
E3,Gillingham,4,13,16,4,2026-10-24 15:00:00,2026-11-21 12:30:00,0,2,5.494572479231777,0.0,0.0,5.460820565465183,0.0,0.0,0.0,0.0,0.0,0,0.0,0.0,0.00018407271032922466,13.0,0,0,Grimsby (H) · Shrewsbury (A) · Colchester (A) · Crewe (H),,,,,,,upcoming,1.3736431198079442,1.3652051413662958
E3,Gillingham,5,17,20,4,2026-11-28 15:00:00,2026-12-19 15:00:00,0,2,5.314575684495696,0.0,0.0,5.34362726829832,0.0,0.0,0.0,0.0,0.0,0,0.0,0.0,0.05498769497879065,10.25,0,0,Salford (A) · Swindon (H) · Oldham (A) · Cheltenham (H),,,,,,,upcoming,1.328643921123924,1.33590681707458
E3,Gillingham,6,21,24,4,2026-12-26 15:00:00,2027-01-09 15:00:00,0,2,5.738442911404345,0.0,0.0,5.706797371038732,0.0,0.0,0.0,0.0,0.0,0,0.0,0.0,-0.06661888804160015,15.75,0,0,Crawley (A) · Barnet (H) · Exeter (H) · Cheltenham (A),,,,,,,upcoming,1.4346107278510862,1.426699342759683
E3,Gillingham,7,25,28,4,2027-01-16 15:00:00,2027-01-30 15:00:00,0,2,5.567435805885572,0.0,0.0,5.532610912807213,0.0,0.0,0.0,0.0,0.0,0,0.0,0.0,-0.0164031425592047,13.0,0,0,Accrington (H) · Port Vale (A) · Grimsby (A) · Shrewsbury (H),,,,,,,upcoming,1.391858951471393,1.3831527282018032
E3,Gillingham,8,29,32,4,2027-02-06 15:00:00,2027-02-20 15:00:00,0,2,5.534993262751556,0.0,0.0,5.573889390770112,0.0,0.0,0.0,0.0,0.0,0,0.0,0.0,-0.010790446460864925,13.75,0,0,Northampton (A) · Chesterfield (H) · Rochdale (H) · Tranmere (A),,,,,,,upcoming,1.383748315687889,1.393472347692528
E3,Gillingham,9,33,36,4,2027-02-27 15:00:00,2027-03-20 15:00:00,0,2,5.580380785756327,0.0,0.0,5.559584710468753,0.0,0.0,0.0,0.0,0.0,0,0.0,0.0,-0.022421847469114173,14.25,0,0,Colchester (H) · Walsall (A) · Fleetwood (H) · Crewe (A),,,,,,,upcoming,1.3950951964390816,1.3898961776171883
E3,Gillingham,10,37,40,4,2027-03-26 15:00:00,2027-04-10 15:00:00,0,2,5.5175706244703235,0.0,0.0,5.468248990934068,0.0,0.0,0.0,0.0,0.0,0,0.0,0.0,-0.0043253657776399015,12.25,0,0,Exeter (A) · Crawley (H) · Barnet (A) · Oldham (H),,,,,,,upcoming,1.3793926561175809,1.367062247733517
E3,Gillingham,11,41,44,4,2027-04-13 19:45:00,2027-04-27 19:45:00,0,2,5.4655419310655144,0.0,0.0,5.369012062420485,0.0,0.0,0.0,0.0,0.0,0,0.0,0.0,0.009975421797360329,10.5,0,0,Rotherham (H) · Bristol Rovers (A) · York (H) · Newport (A),,,,,,,upcoming,1.3663854827663786,1.3422530156051213
E3,Gillingham,12,45,46,2,2027-05-01 15:00:00,2027-05-08 15:00:00,0,1,2.4346307321443037,0.0,0.0,2.4753853904181553,0.0,0.0,0.0,0.0,0.0,0,0.0,0.0,0.1716426765781293,5.5,0,0,Salford (H) · Swindon (A),,,,,,,upcoming,1.2173153660721518,1.2376926952090777
E3,Grimsby,1,1,4,4,2026-08-15 15:00:00,2026-09-01 19:45:00,4,2,6.244216960702536,6.244216960702535,6.618946160202386,0.0,6.0,7.050000000000001,6.0,6.128211329702371,6.801398287457233,4,5.0,4.0,-0.09409412724365873,17.25,0,0,Exeter (H) · Walsall (A) · Fleetwood (H) · Accrington (A),-0.24421696070253507,-0.11600563100016448,-0.1282113297023706,-0.09492517312491633,-0.05821153095156567,0.924374261537438,complete,1.561054240175634,
E3,Grimsby,2,5,8,4,2026-09-05 15:00:00,2026-09-26 15:00:00,1,2,6.290454560526109,1.4905771098932237,1.6772836312889656,4.781236683913751,1.0,1.53,1.28,1.5325571620071483,3.019457543304588,2,2.0,2.0,-0.10690618024390214,17.25,0,0,Cheltenham (A) · Bristol Rovers (H) · Crawley (H) · Newport (A),-0.4905771098932237,0.04198005211392464,-0.5325571620071483,-0.3787948152856988,0.04184697734161793,0.7048402377846039,in progress,1.5726136401315272,1.5937455613045837
E3,Grimsby,3,9,12,4,2026-10-03 15:00:00,2026-10-20 19:45:00,0,2,5.9435158115105775,0.0,0.0,5.978598338610336,0.0,0.0,0.0,0.0,0.0,0,0.0,0.0,-0.011945996155752148,13.75,0,0,Shrewsbury (H) · Port Vale (A) · Northampton (H) · Rochdale (A),,,,,,,upcoming,1.4858789528776444,1.494649584652584
E3,Grimsby,4,13,16,4,2026-10-24 15:00:00,2026-11-21 15:00:00,0,2,5.724336949026475,0.0,0.0,5.721090687526278,0.0,0.0,0.0,0.0,0.0,0,0.0,0.0,0.04713788579536957,9.5,0,0,Gillingham (A) · York (H) · Swindon (A) · Rotherham (H),,,,,,,upcoming,1.4310842372566188,1.4302726718815695
E3,Grimsby,5,17,20,4,2026-11-28 15:00:00,2026-12-19 15:00:00,0,2,5.654171425867147,0.0,0.0,5.652068262010566,0.0,0.0,0.0,0.0,0.0,0,0.0,0.0,0.0665386503382837,9.25,0,0,Crewe (A) · Colchester (H) · Chesterfield (A) · Barnet (H),,,,,,,upcoming,1.4135428564667867,1.4130170655026415
E3,Grimsby,6,21,24,4,2026-12-26 15:00:00,2027-01-09 12:30:00,0,2,5.522820002615206,0.0,0.0,5.558858335159339,0.0,0.0,0.0,0.0,0.0,0,0.0,0.0,0.1054625065737996,7.75,0,0,Salford (A) · Oldham (H) · Tranmere (H) · Barnet (A),,,,,,,upcoming,1.3807050006538015,1.3897145837898348
E3,Grimsby,7,25,28,4,2027-01-16 15:00:00,2027-01-30 15:00:00,0,2,5.844236140008899,0.0,0.0,5.875153933236591,0.0,0.0,0.0,0.0,0.0,0,0.0,0.0,0.014949736202632725,12.25,0,0,Northampton (A) · Rochdale (H) · Gillingham (H) · York (A),,,,,,,upcoming,1.4610590350022248,1.4687884833091478
E3,Grimsby,8,29,32,4,2027-02-06 15:00:00,2027-02-20 15:00:00,0,2,6.182286220872836,0.0,0.0,6.172034341809361,0.0,0.0,0.0,0.0,0.0,0,0.0,0.0,-0.07686372162634156,16.25,0,0,Fleetwood (A) · Accrington (H) · Cheltenham (H) · Bristol Rovers (A),,,,,,,upcoming,1.545571555218209,1.5430085854523403
E3,Grimsby,9,33,36,4,2027-02-27 15:00:00,2027-03-20 15:00:00,0,2,5.894962420888449,0.0,0.0,5.8836597727222,0.0,0.0,0.0,0.0,0.0,0,0.0,0.0,0.0008000458089537504,11.75,0,0,Swindon (H) · Exeter (A) · Walsall (H) · Rotherham (A),,,,,,,upcoming,1.4737406052221123,1.47091494318055
E3,Grimsby,10,37,40,4,2027-03-26 15:00:00,2027-04-10 15:00:00,0,2,5.539417848880736,0.0,0.0,5.566743172485273,0.0,0.0,0.0,0.0,0.0,0,0.0,0.0,0.09719022692762977,8.5,0,0,Tranmere (A) · Salford (H) · Oldham (A) · Chesterfield (H),,,,,,,upcoming,1.384854462220184,1.3916857931213182
E3,Grimsby,11,41,44,4,2027-04-13 19:45:00,2027-04-27 19:45:00,0,2,6.2788675302452255,0.0,0.0,6.280902427588305,0.0,0.0,0.0,0.0,0.0,0,0.0,0.0,-0.10469447823318834,17.5,0,0,Port Vale (H) · Crawley (A) · Newport (H) · Shrewsbury (A),,,,,,,upcoming,1.5697168825613064,1.5702256068970764
E3,Grimsby,12,45,46,2,2027-05-01 15:00:00,2027-05-08 15:00:00,0,1,2.9555315798753115,0.0,0.0,2.9624491942638063,0.0,0.0,0.0,0.0,0.0,0,0.0,0.0,-0.00352231069647645,14.0,0,0,Crewe (H) · Colchester (A),,,,,,,upcoming,1.4777657899376557,1.4812245971319031
E3,Newport,1,1,4,4,2026-08-15 12:30:00,2026-09-01 19:45:00,4,2,4.166768350998469,4.166768350998469,5.706998800310657,0.0,4.0,4.02,7.51,4.223915294494389,3.9481375426239387,4,9.0,9.0,0.08455524017118628,9.5,0,0,Rochdale (H) · Bristol Rovers (A) · Tranmere (H) · Salford (A),-0.16676835099846876,0.05714694349591998,-0.22391529449438874,-0.06980873107887257,0.03088257403959111,0.9443458977381776,complete,1.0416920877496172,
E3,Newport,2,5,8,4,2026-09-05 15:00:00,2026-09-26 15:00:00,1,2,4.567708477284224,0.9594435174158211,1.4182909633858776,3.58927565270597,0.0,0.53,0.36,1.423285043281288,1.9948980938759848,2,0.0,1.0,-0.04488385511077115,14.75,0,0,Northampton (A) · Fleetwood (H) · Accrington (A) · Grimsby (H),-0.9594435174158211,0.4638415258654669,-1.423285043281288,-0.8056320681077301,0.5028185989378899,0.4204550294777367,in progress,1.141927119321056,1.1964252175686567
E3,Newport,3,9,12,4,2026-10-03 15:00:00,2026-10-20 19:45:00,0,2,4.268302244473007,0.0,0.0,4.208639826491076,0.0,0.0,0.0,0.0,0.0,0,0.0,0.0,0.041863836124274925,10.25,0,0,Gillingham (A) · Colchester (H) · York (H) · Rotherham (A),,,,,,,upcoming,1.0670755611182519,1.052159956622769
E3,Newport,4,13,16,4,2026-10-24 12:30:00,2026-11-21 12:30:00,0,2,4.451540193303136,0.0,0.0,4.447998021090152,0.0,0.0,0.0,0.0,0.0,0,0.0,0.0,-0.013036925444084652,13.25,0,0,Cheltenham (A) · Chesterfield (H) · Crewe (A) · Swindon (H),,,,,,,upcoming,1.112885048325784,1.111999505272538
E3,Newport,5,17,20,4,2026-11-28 15:00:00,2026-12-19 15:00:00,0,2,4.35304014103827,0.0,0.0,4.308928969296742,0.0,0.0,0.0,0.0,0.0,0,0.0,0.0,0.017968537394366026,11.25,0,0,Port Vale (A) · Walsall (H) · Crawley (A) · Oldham (H),,,,,,,upcoming,1.0882600352595675,1.0772322423241856
E3,Newport,6,21,24,4,2026-12-26 15:00:00,2027-01-09 15:00:00,0,2,4.4139204929224665,0.0,0.0,4.340359761110637,0.0,0.0,0.0,0.0,0.0,0,0.0,0.0,0.0005532256156032256,12.0,0,0,Exeter (A) · Shrewsbury (H) · Barnet (H) · Oldham (A),,,,,,,upcoming,1.1034801232306166,1.0850899402776593
E3,Newport,7,25,28,4,2027-01-16 15:00:00,2027-01-30 15:00:00,0,2,4.367342482736012,0.0,0.0,4.292713185321633,0.0,0.0,0.0,0.0,0.0,0,0.0,0.0,0.018741532550322623,11.0,0,0,York (A) · Rotherham (H) · Cheltenham (H) · Chesterfield (A),,,,,,,upcoming,1.091835620684003,1.0731782963304082
E3,Newport,8,29,32,4,2027-02-06 15:00:00,2027-02-20 15:00:00,0,2,4.321713495825913,0.0,0.0,4.36260410774677,0.0,0.0,0.0,0.0,0.0,0,0.0,0.0,0.024588119856469,13.0,0,0,Tranmere (A) · Salford (H) · Northampton (H) · Fleetwood (A),,,,,,,upcoming,1.0804283739564782,1.0906510269366925
E3,Newport,9,33,36,4,2027-02-27 15:00:00,2027-03-20 15:00:00,0,2,4.283134652401268,0.0,0.0,4.272294445190843,0.0,0.0,0.0,0.0,0.0,0,0.0,0.0,0.0366216100634321,10.75,0,0,Crewe (H) · Rochdale (A) · Bristol Rovers (H) · Swindon (A),,,,,,,upcoming,1.070783663100317,1.0680736112977107
E3,Newport,10,37,40,4,2027-03-26 15:00:00,2027-04-10 15:00:00,0,2,4.6041926928864445,0.0,0.0,4.5441250861255496,0.0,0.0,0.0,0.0,0.0,0,0.0,0.0,-0.050203380798121526,15.25,0,0,Barnet (A) · Exeter (H) · Shrewsbury (A) · Crawley (H),,,,,,,upcoming,1.1510481732216111,1.1360312715313874
E3,Newport,11,41,44,4,2027-04-13 19:45:00,2027-04-27 19:45:00,0,2,4.469556703082782,0.0,0.0,4.444219822477953,0.0,0.0,0.0,0.0,0.0,0,0.0,0.0,-0.011452966729618323,13.0,0,0,Colchester (A) · Accrington (H) · Grimsby (A) · Gillingham (H),,,,,,,upcoming,1.1173891757706955,1.1110549556194882
E3,Newport,12,45,46,2,2027-05-01 15:00:00,2027-05-08 15:00:00,0,1,2.0753441910803234,0.0,0.0,2.054681219709901,0.0,0.0,0.0,0.0,0.0,0,0.0,0.0,0.07453052970880905,8.0,0,0,Port Vale (H) · Walsall (A),,,,,,,upcoming,1.0376720955401617,1.0273406098549505
E3,Northampton,1,1,4,4,2026-08-15 15:00:00,2026-09-01 19:45:00,4,2,5.51772914452692,5.51772914452692,6.524623724008453,0.0,3.0,3.03,4.23,4.727637009396495,6.1441999275951025,4,2.0,3.0,-0.0268061476465094,14.5,0,0,Swindon (H) · Crewe (A) · Gillingham (A) · Crawley (H),-2.5177291445269203,-0.7900921351304255,-1.7276370093964948,-0.985669394570616,-0.39932304860387485,0.32429537273508346,complete,1.37943228613173,
E3,Northampton,2,5,8,4,2026-09-05 15:00:00,2026-09-26 15:00:00,1,2,5.635291321019638,1.7708026197090077,1.637158215408395,3.7760586617264233,3.0,0.36,0.53,1.0682178331787036,3.2015694289426415,2,1.0,0.0,-0.05818687434733695,14.5,0,0,Newport (H) · Shrewsbury (A) · Rotherham (H) · Port Vale (A),1.2291973802909923,-0.7025847865303041,1.9317821668212964,0.9606745820819379,-0.708888270533854,0.336715815341615,in progress,1.4088228302549095,1.2586862205754745
E3,Northampton,3,9,12,4,2026-10-03 15:00:00,2026-10-20 19:45:00,0,2,5.263755706888288,0.0,0.0,5.175996703204925,0.0,0.0,0.0,0.0,0.0,0,0.0,0.0,0.04439775309947902,9.5,0,0,Oldham (H) · York (A) · Grimsby (A) · Tranmere (H),,,,,,,upcoming,1.315938926722072,1.2939991758012312
E3,Northampton,4,13,16,4,2026-10-24 12:30:00,2026-11-21 15:00:00,0,2,5.370606200561297,0.0,0.0,5.34468410045653,0.0,0.0,0.0,0.0,0.0,0,0.0,0.0,0.017563061465881977,13.25,0,0,Colchester (H) · Accrington (A) · Salford (A) · Rochdale (H),,,,,,,upcoming,1.3426515501403242,1.3361710251141325
E3,Northampton,5,17,20,4,2026-11-28 15:00:00,2026-12-19 12:30:00,0,2,5.447365664741095,0.0,0.0,5.343108280571506,0.0,0.0,0.0,0.0,0.0,0,0.0,0.0,-0.005689330438477351,12.25,0,0,Walsall (A) · Fleetwood (H) · Barnet (A) · Exeter (H),,,,,,,upcoming,1.3618414161852737,1.3357770701428766
E3,Northampton,6,21,24,4,2026-12-26 15:00:00,2027-01-09 15:00:00,0,2,5.399219836734053,0.0,0.0,5.2651696103168035,0.0,0.0,0.0,0.0,0.0,0,0.0,0.0,0.006109688002939848,11.75,0,0,Chesterfield (A) · Cheltenham (H) · Bristol Rovers (H) · Exeter (A),,,,,,,upcoming,1.3498049591835133,1.3162924025792009
E3,Northampton,7,25,28,4,2027-01-16 15:00:00,2027-01-30 15:00:00,0,2,5.576614796851361,0.0,0.0,5.522260280122418,0.0,0.0,0.0,0.0,0.0,0,0.0,0.0,-0.0433964970449981,14.75,0,0,Grimsby (H) · Tranmere (A) · Colchester (A) · Accrington (H),,,,,,,upcoming,1.3941536992128403,1.3805650700306045
E3,Northampton,8,29,32,4,2027-02-06 15:00:00,2027-02-20 15:00:00,0,2,5.89901609587314,0.0,0.0,5.805576231331111,0.0,0.0,0.0,0.0,0.0,0,0.0,0.0,-0.1317572367867359,19.25,0,0,Gillingham (H) · Crawley (A) · Newport (A) · Shrewsbury (H),,,,,,,upcoming,1.474754023968285,1.4513940578327778
E3,Northampton,9,33,36,4,2027-02-27 15:00:00,2027-03-20 15:00:00,0,2,5.164740816042955,0.0,0.0,5.16624725049826,0.0,0.0,0.0,0.0,0.0,0,0.0,0.0,0.06932985108807847,10.5,0,0,Salford (H) · Swindon (A) · Crewe (H) · Rochdale (A),,,,,,,upcoming,1.2911852040107388,1.291561812624565
E3,Northampton,10,37,40,4,2027-03-26 15:00:00,2027-04-10 15:00:00,0,2,5.1744188009988745,0.0,0.0,5.059510625598444,0.0,0.0,0.0,0.0,0.0,0,0.0,0.0,0.067710411653233,8.25,0,0,Bristol Rovers (A) · Chesterfield (H) · Cheltenham (A) · Barnet (H),,,,,,,upcoming,1.2936047002497186,1.264877656399611
E3,Northampton,11,41,44,4,2027-04-13 19:45:00,2027-04-27 19:45:00,0,2,5.116592856440913,0.0,0.0,4.990104248569935,0.0,0.0,0.0,0.0,0.0,0,0.0,0.0,0.08279167531517018,7.25,0,0,York (H) · Rotherham (A) · Port Vale (H) · Oldham (A),,,,,,,upcoming,1.2791482141102282,1.2475260621424837
E3,Northampton,12,45,46,2,2027-05-01 15:00:00,2027-05-08 15:00:00,0,1,2.783182497508668,0.0,0.0,2.7419503613215137,0.0,0.0,0.0,0.0,0.0,0,0.0,0.0,-0.0413213842417519,14.5,0,0,Walsall (H) · Fleetwood (A),,,,,,,upcoming,1.391591248754334,1.3709751806607569
E3,Oldham,1,1,4,4,2026-08-15 12:30:00,2026-09-01 19:45:00,4,2,5.6027039151690445,5.6027039151690445,6.619470308702918,0.0,7.0,5.7299999999999995,4.529999999999999,6.036806783546046,6.106126696437102,4,7.0,3.0,0.014618577416931726,11.5,0,0,Port Vale (H) · Colchester (A) · Swindon (H) · Fleetwood (A),1.3972960848309555,0.4341028683770016,0.9631932164539538,0.5430962735920498,0.21782384056683127,0.5870635181997959,complete,1.4006759787922611,
E3,Oldham,2,5,8,4,2026-09-05 15:00:00,2026-09-26 17:30:00,1,2,5.403563844129319,1.35907100873099,1.653498681181276,4.127757294088323,0.0,2.56,1.9,1.7592356318213758,3.093131856819177,2,0.0,2.0,0.06859481443753412,10.5,0,0,Tranmere (A) · Chesterfield (H) · Rochdale (A) · Salford (H),-1.35907100873099,0.4001646230903857,-1.7592356318213758,-1.0569153902344113,0.40175486100718005,0.29055020389070463,in progress,1.3508909610323296,1.3759190980294411
E3,Oldham,3,9,12,4,2026-10-03 15:00:00,2026-10-20 19:45:00,0,2,5.996665275584074,0.0,0.0,6.0688959452042806,0.0,0.0,0.0,0.0,0.0,0,0.0,0.0,-0.09189028671253592,17.5,0,0,Northampton (A) · Accrington (H) · Cheltenham (H) · Walsall (A),,,,,,,upcoming,1.4991663188960185,1.5172239863010701
E3,Oldham,4,13,16,4,2026-10-24 15:00:00,2026-11-21 15:00:00,0,2,5.8468518066227,0.0,0.0,5.868296572680032,0.0,0.0,0.0,0.0,0.0,0,0.0,0.0,-0.050203380798121526,15.25,0,0,Barnet (A) · Crawley (H) · Shrewsbury (A) · Exeter (H),,,,,,,upcoming,1.461712951655675,1.467074143170008
E3,Oldham,5,17,20,4,2026-11-28 15:00:00,2026-12-19 15:00:00,0,2,5.691152004092052,0.0,0.0,5.6976402441579905,0.0,0.0,0.0,0.0,0.0,0,0.0,0.0,-0.009127368603417806,11.75,0,0,Rotherham (A) · Bristol Rovers (H) · Gillingham (H) · Newport (A),,,,,,,upcoming,1.422788001023013,1.4244100610394976
E3,Oldham,6,21,24,4,2026-12-26 15:00:00,2027-01-09 15:00:00,0,2,5.7296492844608755,0.0,0.0,5.7657236652230655,0.0,0.0,0.0,0.0,0.0,0,0.0,0.0,-0.019012414490965357,12.5,0,0,York (H) · Grimsby (A) · Crewe (A) · Newport (H),,,,,,,upcoming,1.4324123211152189,1.4414309163057664
E3,Oldham,7,25,28,4,2027-01-16 15:00:00,2027-01-30 15:00:00,0,2,5.794260923514862,0.0,0.0,5.852611551787072,0.0,0.0,0.0,0.0,0.0,0,0.0,0.0,-0.037809325724311706,14.25,0,0,Cheltenham (A) · Walsall (H) · Barnet (H) · Crawley (A),,,,,,,upcoming,1.4485652308787156,1.463152887946768
E3,Oldham,8,29,32,4,2027-02-06 15:00:00,2027-02-20 15:00:00,0,2,5.722217781955829,0.0,0.0,5.830895736546468,0.0,0.0,0.0,0.0,0.0,0,0.0,0.0,-0.01623880727131497,13.25,0,0,Swindon (A) · Fleetwood (H) · Tranmere (H) · Chesterfield (A),,,,,,,upcoming,1.4305544454889572,1.457723934136617
E3,Oldham,9,33,36,4,2027-02-27 15:00:00,2027-03-20 15:00:00,0,2,5.733804819843955,0.0,0.0,5.765905725304805,0.0,0.0,0.0,0.0,0.0,0,0.0,0.0,-0.019827514167026997,13.75,0,0,Shrewsbury (H) · Port Vale (A) · Colchester (H) · Exeter (A),,,,,,,upcoming,1.4334512049609887,1.4414764313262012
E3,Oldham,10,37,40,4,2027-03-26 15:00:00,2027-04-10 15:00:00,0,2,5.4505580029776555,0.0,0.0,5.4861359109219325,0.0,0.0,0.0,0.0,0.0,0,0.0,0.0,0.05698532975028202,9.5,0,0,Crewe (H) · York (A) · Grimsby (H) · Gillingham (A),,,,,,,upcoming,1.3626395007444139,1.3715339777304831
E3,Oldham,11,41,44,4,2027-04-13 19:45:00,2027-04-27 19:45:00,0,2,5.6166302595953566,0.0,0.0,5.731071195588809,0.0,0.0,0.0,0.0,0.0,0,0.0,0.0,0.014995371506462074,13.5,0,0,Accrington (A) · Rochdale (H) · Salford (A) · Northampton (H),,,,,,,upcoming,1.4041575648988391,1.4327677988972023
E3,Oldham,12,45,46,2,2027-05-01 15:00:00,2027-05-08 15:00:00,0,1,2.623335997858073,0.0,0.0,2.5892142016297544,0.0,0.0,0.0,0.0,0.0,0,0.0,0.0,0.11491025140559595,5.5,0,0,Rotherham (H) · Bristol Rovers (A),,,,,,,upcoming,1.3116679989290365,1.2946071008148772
E3,Port Vale,1,1,4,4,2026-08-15 12:30:00,2026-09-01 19:45:00,4,2,5.923572729496622,5.923572729496622,6.57162174149339,0.0,2.0,4.34,5.05,4.902889209760489,6.042674354990047,4,2.0,6.0,-0.007993071548164424,13.0,0,0,Oldham (A) · Tranmere (H) · Crewe (H) · Swindon (A),-3.9235727294966223,-1.0206835197361332,-2.902889209760489,-1.5305426229971304,-0.5140190309159618,0.12588247160179256,complete,1.4808931823741556,
E3,Port Vale,2,5,8,4,2026-09-05 12:30:00,2026-09-26 15:00:00,1,2,5.682551923830764,1.0391747800919646,1.4844186370291905,4.601722194203376,0.0,0.77,0.38,1.6559395207587262,2.6132486781439903,2,0.0,1.0,0.060159799007944,10.75,0,0,Salford (A) · Exeter (H) · Walsall (A) · Northampton (H),-1.0391747800919646,0.6167647406667616,-1.6559395207587262,-0.8529241258663313,0.6535302785350374,0.393701381669207,in progress,1.420637980957691,1.533907398067792
E3,Port Vale,3,9,12,4,2026-10-03 15:00:00,2026-10-20 20:00:00,0,2,5.639572694768537,0.0,0.0,5.61598452239156,0.0,0.0,0.0,0.0,0.0,0,0.0,0.0,0.06867955042939322,8.75,0,0,Colchester (A) · Grimsby (H) · Chesterfield (H) · Gillingham (A),,,,,,,upcoming,1.4098931736921343,1.40399613059789
E3,Port Vale,4,13,16,4,2026-10-24 15:00:00,2026-11-21 15:00:00,0,2,5.89966570134875,0.0,0.0,5.874152669480434,0.0,0.0,0.0,0.0,0.0,0,0.0,0.0,-0.0008877691174482283,12.25,0,0,York (A) · Rochdale (H) · Accrington (H) · Barnet (A),,,,,,,upcoming,1.4749164253371876,1.4685381673701086
E3,Port Vale,5,17,20,4,2026-11-28 15:00:00,2026-12-19 15:00:00,0,2,6.349206233806953,0.0,0.0,6.285286231076685,0.0,0.0,0.0,0.0,0.0,0,0.0,0.0,-0.12498392480528192,18.5,0,0,Newport (H) · Crawley (A) · Shrewsbury (A) · Rotherham (H),,,,,,,upcoming,1.5873015584517383,1.5713215577691713
E3,Port Vale,6,21,24,4,2026-12-26 15:00:00,2027-01-09 15:00:00,0,2,5.948848736493343,0.0,0.0,5.878724263912481,0.0,0.0,0.0,0.0,0.0,0,0.0,0.0,-0.015264030538536276,12.75,0,0,Cheltenham (A) · Bristol Rovers (H) · Fleetwood (H) · Rotherham (A),,,,,,,upcoming,1.4872121841233357,1.4696810659781203
E3,Port Vale,7,25,28,4,2027-01-16 15:00:00,2027-01-30 15:00:00,0,2,5.726321095124272,0.0,0.0,5.699816269095041,0.0,0.0,0.0,0.0,0.0,0,0.0,0.0,0.04566633034273325,10.25,0,0,Chesterfield (A) · Gillingham (H) · York (H) · Rochdale (A),,,,,,,upcoming,1.431580273781068,1.4249540672737602
E3,Port Vale,8,29,32,4,2027-02-06 15:00:00,2027-02-20 15:00:00,0,2,5.67520517619034,0.0,0.0,5.677717555223995,0.0,0.0,0.0,0.0,0.0,0,0.0,0.0,0.058880643117383724,10.75,0,0,Crewe (A) · Swindon (H) · Salford (H) · Exeter (A),,,,,,,upcoming,1.418801294047585,1.4194293888059988
E3,Port Vale,9,33,36,4,2027-02-27 15:00:00,2027-03-20 15:00:00,0,2,5.97772668446164,0.0,0.0,5.955343062801934,0.0,0.0,0.0,0.0,0.0,0,0.0,0.0,-0.023338677343510472,13.25,0,0,Accrington (A) · Oldham (H) · Tranmere (A) · Barnet (H),,,,,,,upcoming,1.49443167111541,1.4888357657004836
E3,Port Vale,10,37,40,4,2027-03-26 15:00:00,2027-04-10 15:00:00,0,2,6.105058211424032,0.0,0.0,6.036717212941992,0.0,0.0,0.0,0.0,0.0,0,0.0,0.0,-0.05689304303114455,15.5,0,0,Fleetwood (A) · Cheltenham (H) · Bristol Rovers (A) · Shrewsbury (H),,,,,,,upcoming,1.526264552856008,1.509179303235498
E3,Port Vale,11,41,44,4,2027-04-13 19:45:00,2027-04-27 19:45:00,0,2,5.752632768337185,0.0,0.0,5.740730013937282,0.0,0.0,0.0,0.0,0.0,0,0.0,0.0,0.03875021265511808,10.5,0,0,Grimsby (A) · Walsall (H) · Northampton (A) · Colchester (H),,,,,,,upcoming,1.4381581920842963,1.4351825034843204
E3,Port Vale,12,45,46,2,2027-05-01 15:00:00,2027-05-08 15:00:00,0,1,3.3378657537334355,0.0,0.0,3.331548714803027,0.0,0.0,0.0,0.0,0.0,0,0.0,0.0,-0.2126335724212264,22.5,0,0,Newport (A) · Crawley (H),,,,,,,upcoming,1.6689328768667178,1.6657743574015136
E3,Rochdale,1,1,4,4,2026-08-15 12:30:00,2026-09-01 19:45:00,4,2,5.734768507145489,5.73476850714549,6.583617753329454,0.0,3.0,2.9699999999999998,5.77,3.4040991597369867,5.807406914546576,4,4.0,6.0,-0.13460000291475627,19.5,0,0,Newport (A) · Crawley (H) · Colchester (A) · Shrewsbury (H),-2.73476850714549,-2.330669347408503,-0.40409915973698673,-1.065830800063587,-1.172661684875546,0.28650013511030936,complete,1.4336921267863723,
E3,Rochdale,2,5,8,4,2026-09-05 15:00:00,2026-09-26 15:00:00,1,2,5.2407268080019875,1.446007678141,1.6722485544398227,3.687607017787422,0.0,1.15,1.4,1.1784911146048542,2.505920597550257,2,1.0,4.0,-0.000223127676517023,12.25,0,0,Gillingham (H) · Walsall (A) · Oldham (H) · Fleetwood (A),-1.446007678141,-0.26751656353614583,-1.1784911146048542,-1.1182017933056128,-0.26706971141813923,0.26348081856782457,in progress,1.3101817020004969,1.229202339262474
E3,Rochdale,3,9,12,4,2026-10-03 15:00:00,2026-10-20 19:45:00,0,2,5.207821549605201,0.0,0.0,5.134473273696864,0.0,0.0,0.0,0.0,0.0,0,0.0,0.0,0.008370292577198402,12.0,0,0,Swindon (H) · Tranmere (A) · Crewe (A) · Grimsby (H),,,,,,,upcoming,1.3019553874013003,1.283618318424216
E3,Rochdale,4,13,16,4,2026-10-24 15:00:00,2026-11-21 15:00:00,0,2,5.231410929756379,0.0,0.0,5.110053385963706,0.0,0.0,0.0,0.0,0.0,0,0.0,0.0,0.004759213630597301,12.25,0,0,Accrington (H) · Port Vale (A) · York (H) · Northampton (A),,,,,,,upcoming,1.3078527324390947,1.2775133464909265
E3,Rochdale,5,17,20,4,2026-11-28 15:00:00,2026-12-19 15:00:00,0,2,5.183416952874971,0.0,0.0,5.012582249939189,0.0,0.0,0.0,0.0,0.0,0,0.0,0.0,0.014381967649109671,11.0,0,0,Barnet (H) · Cheltenham (A) · Exeter (A) · Bristol Rovers (H),,,,,,,upcoming,1.2958542382187428,1.2531455624847974
E3,Rochdale,6,21,24,4,2026-12-26 15:00:00,2027-01-09 15:00:00,0,2,4.6459417135689645,0.0,0.0,4.4806288872097015,0.0,0.0,0.0,0.0,0.0,0,0.0,0.0,0.1661513185014486,4.5,0,0,Rotherham (A) · Salford (H) · Chesterfield (H) · Bristol Rovers (A),,,,,,,upcoming,1.1614854283922411,1.1201572218024254
E3,Rochdale,7,25,28,4,2027-01-16 15:00:00,2027-01-30 15:00:00,0,2,5.207304522855811,0.0,0.0,5.080653332039635,0.0,0.0,0.0,0.0,0.0,0,0.0,0.0,0.010118918796700148,11.75,0,0,Crewe (H) · Grimsby (A) · Accrington (A) · Port Vale (H),,,,,,,upcoming,1.3018261307139527,1.2701633330099087
E3,Rochdale,8,29,32,4,2027-02-06 15:00:00,2027-02-20 15:00:00,0,2,5.306142364098659,0.0,0.0,5.167553312821404,0.0,0.0,0.0,0.0,0.0,0,0.0,0.0,-0.0180807104032861,14.0,0,0,Colchester (H) · Shrewsbury (A) · Gillingham (A) · Walsall (H),,,,,,,upcoming,1.3265355910246648,1.291888328205351
E3,Rochdale,9,33,36,4,2027-02-27 15:00:00,2027-03-20 15:00:00,0,2,5.549968100956129,0.0,0.0,5.423366876826605,0.0,0.0,0.0,0.0,0.0,0,0.0,0.0,-0.08320920196224375,16.5,0,0,York (A) · Newport (H) · Crawley (A) · Northampton (H),,,,,,,upcoming,1.3874920252390321,1.3558417192066512
E3,Rochdale,10,37,40,4,2027-03-26 15:00:00,2027-04-10 15:00:00,0,2,4.914586089465125,0.0,0.0,4.7642602638442,0.0,0.0,0.0,0.0,0.0,0,0.0,0.0,0.09686244876367313,8.25,0,0,Chesterfield (A) · Rotherham (H) · Salford (A) · Exeter (H),,,,,,,upcoming,1.2286465223662812,1.19106506596105
E3,Rochdale,11,41,44,4,2027-04-13 19:45:00,2027-04-27 19:45:00,0,2,5.359124666709079,0.0,0.0,5.285378487151929,0.0,0.0,0.0,0.0,0.0,0,0.0,0.0,-0.0305226308146479,13.75,0,0,Tranmere (H) · Oldham (A) · Fleetwood (H) · Swindon (A),,,,,,,upcoming,1.3397811666772697,1.3213446217879823
E3,Rochdale,12,45,46,2,2027-05-01 15:00:00,2027-05-08 15:00:00,0,1,2.660279091305064,0.0,0.0,2.606493543426852,0.0,0.0,0.0,0.0,0.0,0,0.0,0.0,-0.016555080241542508,12.5,0,0,Barnet (A) · Cheltenham (H),,,,,,,upcoming,1.330139545652532,1.303246771713426
E3,Rotherham,1,1,4,4,2026-08-15 15:00:00,2026-09-01 19:45:00,4,2,5.665830989955049,5.665830989955049,6.662247119454991,0.0,5.0,7.21,4.77,7.078741297277681,4.9936416494567775,4,6.0,6.0,-0.019975309746511127,13.5,0,0,Cheltenham (A) · York (H) · Chesterfield (H) · Tranmere (A),-0.6658309899550492,1.4129103073226315,-2.0787412972776806,-0.2579607529536923,0.706689436045575,0.7964371969299668,complete,1.4164577474887623,
E3,Rotherham,2,5,8,4,2026-09-05 15:00:00,2026-09-26 15:00:00,1,2,5.160251236281413,1.081903085027914,1.5159742815420962,4.182592507397878,0.0,1.13,1.08,1.3790868442350503,2.069934236554773,2,0.0,1.0,0.12032777322464465,8.0,0,0,Bristol Rovers (A) · Salford (H) · Northampton (A) · Crewe (H),-1.081903085027914,0.29718375920713624,-1.3790868442350503,-0.8787036742753347,0.31160436306437733,0.3795619659330147,in progress,1.2900628090703532,1.3941975024659594
E3,Rotherham,3,9,12,4,2026-10-03 15:00:00,2026-10-20 19:45:00,0,2,6.019721130170631,0.0,0.0,6.1132405122198765,0.0,0.0,0.0,0.0,0.0,0,0.0,0.0,-0.11605274874438018,17.75,0,0,Exeter (A) · Gillingham (H) · Fleetwood (A) · Newport (H),,,,,,,upcoming,1.5049302825426578,1.5283101280549691
E3,Rotherham,4,13,16,4,2026-10-24 15:00:00,2026-11-21 15:00:00,0,2,5.696750965616349,0.0,0.0,5.803404106851298,0.0,0.0,0.0,0.0,0.0,0,0.0,0.0,-0.0259425303677241,13.75,0,0,Shrewsbury (H) · Swindon (A) · Crawley (H) · Grimsby (A),,,,,,,upcoming,1.4241877414040873,1.4508510267128245
E3,Rotherham,5,17,20,4,2026-11-28 15:00:00,2026-12-19 15:00:00,0,2,5.26845175632505,0.0,0.0,5.340676893436002,0.0,0.0,0.0,0.0,0.0,0,0.0,0.0,0.09128124699759352,6.75,0,0,Oldham (H) · Barnet (A) · Walsall (H) · Port Vale (A),,,,,,,upcoming,1.3171129390812626,1.3351692233590005
E3,Rotherham,6,21,24,4,2026-12-26 15:00:00,2027-01-09 15:00:00,0,2,5.702450159326486,0.0,0.0,5.82937582352689,0.0,0.0,0.0,0.0,0.0,0,0.0,0.0,-0.029348984791529253,14.25,0,0,Rochdale (H) · Accrington (A) · Colchester (A) · Port Vale (H),,,,,,,upcoming,1.4256125398316215,1.4573439558817225
E3,Rotherham,7,25,28,4,2027-01-16 15:00:00,2027-01-30 15:00:00,0,2,6.037069677580191,0.0,0.0,6.160193553974717,0.0,0.0,0.0,0.0,0.0,0,0.0,0.0,-0.12045485976099712,18.0,0,0,Fleetwood (H) · Newport (A) · Shrewsbury (A) · Swindon (H),,,,,,,upcoming,1.5092674193950477,1.5400483884936793
E3,Rotherham,8,29,32,4,2027-02-06 15:00:00,2027-02-20 15:00:00,0,2,5.146076717027731,0.0,0.0,5.232685906662447,0.0,0.0,0.0,0.0,0.0,0,0.0,0.0,0.12743447620461484,7.0,0,0,Chesterfield (A) · Tranmere (H) · Bristol Rovers (H) · Salford (A),,,,,,,upcoming,1.2865191792569328,1.3081714766656118
E3,Rotherham,9,33,36,4,2027-02-27 15:00:00,2027-03-20 15:00:00,0,2,5.691418983125385,0.0,0.0,5.77417721690356,0.0,0.0,0.0,0.0,0.0,0,0.0,0.0,-0.02568653075349888,13.5,0,0,Crawley (A) · Cheltenham (H) · York (A) · Grimsby (H),,,,,,,upcoming,1.4228547457813463,1.44354430422589
E3,Rotherham,10,37,40,4,2027-03-26 15:00:00,2027-04-10 15:00:00,0,2,5.800524959657537,0.0,0.0,5.919136076089418,0.0,0.0,0.0,0.0,0.0,0,0.0,0.0,-0.055624486979251424,15.75,0,0,Colchester (H) · Rochdale (A) · Accrington (H) · Walsall (A),,,,,,,upcoming,1.4501312399143842,1.4797840190223546
E3,Rotherham,11,41,44,4,2027-04-13 19:45:00,2027-04-27 19:45:00,0,2,5.680946395139989,0.0,0.0,5.768561683893594,0.0,0.0,0.0,0.0,0.0,0,0.0,0.0,-0.0229359013240896,14.5,0,0,Gillingham (A) · Northampton (H) · Crewe (A) · Exeter (H),,,,,,,upcoming,1.4202365987849972,1.4421404209733986
E3,Rotherham,12,45,46,2,2027-05-01 15:00:00,2027-05-08 15:00:00,0,1,2.600180186748225,0.0,0.0,2.6312804512900896,0.0,0.0,0.0,0.0,0.0,0,0.0,0.0,0.108031964286378,5.5,0,0,Oldham (A) · Barnet (H),,,,,,,upcoming,1.3000900933741124,1.3156402256450448
E3,Salford,1,1,4,4,2026-08-15 15:00:00,2026-09-01 19:45:00,4,2,6.693230379932496,6.693230379932496,6.460520056366942,0.0,3.0,5.01,4.859999999999999,5.388381337334077,6.760525257769931,4,3.0,6.0,-0.033138389130848156,13.25,0,0,Barnet (A) · Chesterfield (H) · Shrewsbury (A) · Newport (H),-3.693230379932496,-1.304849042598419,-2.388381337334077,-1.453023572045887,-0.6627517856443992,0.14621720935077742,complete,1.673307594983124,
E3,Salford,2,5,8,4,2026-09-05 12:30:00,2026-09-26 17:30:00,1,2,6.339311416022057,1.6842144800742749,1.6628435456634443,4.58178314494046,3.0,0.38,0.77,0.9092446007854245,3.2832469748807975,2,1.0,0.0,0.06612016845746632,8.0,0,0,Port Vale (H) · Rotherham (A) · Swindon (H) · Oldham (A),1.3157855199257251,-0.7749698792888504,2.0907553992145758,1.0203740571202644,-0.7758602524706977,0.30755109279789705,in progress,1.5848278540055143,1.5272610483134867
E3,Salford,3,9,12,4,2026-10-03 15:00:00,2026-10-20 19:45:00,0,2,6.803662790395029,0.0,0.0,6.695051924910114,0.0,0.0,0.0,0.0,0.0,0,0.0,0.0,-0.06177163442438768,15.75,0,0,Fleetwood (H) · Cheltenham (A) · Crawley (H) · Bristol Rovers (A),,,,,,,upcoming,1.7009156975987572,1.6737629812275285
E3,Salford,4,13,16,4,2026-10-26 20:00:00,2026-11-21 15:00:00,0,2,6.832798728243668,0.0,0.0,6.716731767509726,0.0,0.0,0.0,0.0,0.0,0,0.0,0.0,-0.06864138490936608,16.25,0,0,Walsall (A) · Exeter (H) · Northampton (H) · Accrington (A),,,,,,,upcoming,1.708199682060917,1.6791829418774316
E3,Salford,5,17,20,4,2026-11-28 15:00:00,2026-12-17 20:00:00,0,2,6.672040407899787,0.0,0.0,6.610849591585136,0.0,0.0,0.0,0.0,0.0,0,0.0,0.0,-0.024289435728586398,14.75,0,0,Gillingham (H) · Tranmere (A) · Colchester (H) · Crewe (A),,,,,,,upcoming,1.6680101019749467,1.652712397896284
E3,Salford,6,21,24,4,2026-12-26 15:00:00,2027-01-09 15:00:00,0,2,6.437378294568974,0.0,0.0,6.3523291035476825,0.0,0.0,0.0,0.0,0.0,0,0.0,0.0,0.039412231769513695,10.5,0,0,Grimsby (H) · Rochdale (A) · York (A) · Crewe (H),,,,,,,upcoming,1.6093445736422436,1.5880822758869206
E3,Salford,7,25,28,4,2027-01-16 15:00:00,2027-01-30 15:00:00,0,2,6.6092939398879365,0.0,0.0,6.457058134484212,0.0,0.0,0.0,0.0,0.0,0,0.0,0.0,-0.006872277833659526,12.75,0,0,Crawley (A) · Bristol Rovers (H) · Walsall (H) · Exeter (A),,,,,,,upcoming,1.6523234849719841,1.614264533621053
E3,Salford,8,29,32,4,2027-02-06 15:00:00,2027-02-20 15:00:00,0,2,6.793546790716191,0.0,0.0,6.667114943562734,0.0,0.0,0.0,0.0,0.0,0,0.0,0.0,-0.05818687434733694,14.5,0,0,Shrewsbury (H) · Newport (A) · Port Vale (A) · Rotherham (H),,,,,,,upcoming,1.6983866976790478,1.6667787358906836
E3,Salford,9,33,36,4,2027-02-27 15:00:00,2027-03-20 15:00:00,0,2,6.511636934505913,0.0,0.0,6.424767717175007,0.0,0.0,0.0,0.0,0.0,0,0.0,0.0,0.017478220427761954,11.5,0,0,Northampton (A) · Barnet (H) · Chesterfield (A) · Accrington (H),,,,,,,upcoming,1.6279092336264782,1.6061919292937517
E3,Salford,10,37,40,4,2027-03-26 15:00:00,2027-04-10 15:00:00,0,2,6.416103563569135,0.0,0.0,6.3381952362393825,0.0,0.0,0.0,0.0,0.0,0,0.0,0.0,0.044903104796742775,10.0,0,0,York (H) · Grimsby (A) · Rochdale (H) · Colchester (A),,,,,,,upcoming,1.6040258908922838,1.5845488090598456
E3,Salford,11,41,44,4,2027-04-13 19:45:00,2027-04-27 19:45:00,0,2,6.760470740680496,0.0,0.0,6.704125259748128,0.0,0.0,0.0,0.0,0.0,0,0.0,0.0,-0.04985030825390105,14.5,0,0,Cheltenham (H) · Swindon (A) · Oldham (H) · Fleetwood (A),,,,,,,upcoming,1.690117685170124,1.676031314937032
E3,Salford,12,45,46,2,2027-05-01 15:00:00,2027-05-08 15:00:00,0,1,3.3710865707567885,0.0,0.0,3.3533145159582594,0.0,0.0,0.0,0.0,0.0,0,0.0,0.0,-0.04505656076069635,15.5,0,0,Gillingham (A) · Tranmere (H),,,,,,,upcoming,1.6855432853783943,1.6766572579791297
E3,Shrewsbury,1,1,4,4,2026-08-15 15:00:00,2026-09-01 19:45:00,4,2,4.711063258967409,4.711063258967409,6.29799312364134,0.0,3.0,4.9,4.109999999999999,5.951490621818633,4.394012083282451,4,2.0,8.0,0.07686709408370394,9.75,0,0,Tranmere (A) · Barnet (H) · Salford (H) · Rochdale (A),-1.7110632589674086,1.2404273628512241,-2.9514906218186328,-0.6818125247872219,0.6381086349986915,0.4953575035173241,complete,1.1777658147418522,
E3,Shrewsbury,2,5,8,4,2026-09-05 12:30:00,2026-09-26 15:00:00,1,2,5.093805924856922,1.1891261828756008,1.5830761971528167,3.9679114123980357,0.0,0.73,0.81,1.2370827454383424,2.3714205833608135,2,0.0,2.0,-0.028619559922379825,15.0,0,0,Fleetwood (A) · Northampton (H) · Crewe (A) · Colchester (H),-1.1891261828756008,0.04795656256274161,-1.2370827454383424,-0.9450984094678302,0.04920639079520125,0.3446086372745598,in progress,1.2734514812142306,1.322637137466012
E3,Shrewsbury,3,9,12,4,2026-10-03 15:00:00,2026-10-20 19:45:00,0,2,4.926017912767649,0.0,0.0,4.9306938564354965,0.0,0.0,0.0,0.0,0.0,0,0.0,0.0,0.019726144435205248,11.0,0,0,Grimsby (A) · Exeter (H) · Bristol Rovers (H) · Crawley (A),,,,,,,upcoming,1.2315044781919122,1.2326734641088741
E3,Shrewsbury,4,13,16,4,2026-10-24 15:00:00,2026-11-21 15:00:00,0,2,4.775846986296887,0.0,0.0,4.795972198896765,0.0,0.0,0.0,0.0,0.0,0,0.0,0.0,0.06193226441350475,8.75,0,0,Rotherham (A) · Gillingham (H) · Oldham (H) · Chesterfield (A),,,,,,,upcoming,1.1939617465742218,1.1989930497241912
E3,Shrewsbury,5,17,20,4,2026-11-28 15:00:00,2026-12-19 15:00:00,0,2,4.948333827901411,0.0,0.0,4.987051267505572,0.0,0.0,0.0,0.0,0.0,0,0.0,0.0,0.014512097435581323,11.25,0,0,Cheltenham (H) · York (A) · Port Vale (H) · Walsall (A),,,,,,,upcoming,1.2370834569753528,1.246762816876393
E3,Shrewsbury,6,21,24,4,2026-12-26 15:00:00,2027-01-09 12:30:00,0,2,5.380536259340114,0.0,0.0,5.462063432257572,0.0,0.0,0.0,0.0,0.0,0,0.0,0.0,-0.10877508356863583,17.0,0,0,Swindon (H) · Newport (A) · Accrington (A) · Walsall (H),,,,,,,upcoming,1.3451340648350285,1.365515858064393
E3,Shrewsbury,7,25,28,4,2027-01-16 15:00:00,2027-01-30 15:00:00,0,2,4.908321662253111,0.0,0.0,4.917515018655042,0.0,0.0,0.0,0.0,0.0,0,0.0,0.0,0.02713608373343215,11.0,0,0,Bristol Rovers (A) · Crawley (H) · Rotherham (H) · Gillingham (A),,,,,,,upcoming,1.2270804155632777,1.2293787546637605
E3,Shrewsbury,8,29,32,4,2027-02-06 15:00:00,2027-02-20 15:00:00,0,2,4.878807488626364,0.0,0.0,5.016207053665325,0.0,0.0,0.0,0.0,0.0,0,0.0,0.0,0.03895855219108045,12.25,0,0,Salford (A) · Rochdale (H) · Fleetwood (H) · Northampton (A),,,,,,,upcoming,1.219701872156591,1.2540517634163313
E3,Shrewsbury,9,33,36,4,2027-02-27 15:00:00,2027-03-20 15:00:00,0,2,4.799382162532718,0.0,0.0,4.85922988671806,0.0,0.0,0.0,0.0,0.0,0,0.0,0.0,0.056793839815501075,9.0,0,0,Oldham (A) · Tranmere (H) · Barnet (A) · Chesterfield (H),,,,,,,upcoming,1.1998455406331796,1.214807471679515
E3,Shrewsbury,10,37,40,4,2027-03-26 15:00:00,2027-04-10 15:00:00,0,2,5.308436360472693,0.0,0.0,5.406054138917077,0.0,0.0,0.0,0.0,0.0,0,0.0,0.0,-0.08249958138091365,15.5,0,0,Accrington (H) · Swindon (A) · Newport (H) · Port Vale (A),,,,,,,upcoming,1.3271090901181732,1.3515135347292693
E3,Shrewsbury,11,41,44,4,2027-04-13 19:45:00,2027-04-27 19:45:00,0,2,4.964874538291712,0.0,0.0,5.011670712839461,0.0,0.0,0.0,0.0,0.0,0,0.0,0.0,0.00701746727002045,12.25,0,0,Exeter (A) · Crewe (H) · Colchester (A) · Grimsby (H),,,,,,,upcoming,1.241218634572928,1.2529176782098652
E3,Shrewsbury,12,45,46,2,2027-05-01 15:00:00,2027-05-08 15:00:00,0,1,2.5748413605245677,0.0,0.0,2.591845978767209,0.0,0.0,0.0,0.0,0.0,0,0.0,0.0,-0.045506334837646406,14.5,0,0,Cheltenham (A) · York (H),,,,,,,upcoming,1.2874206802622838,1.2959229893836044
E3,Swindon,1,1,4,4,2026-08-15 15:00:00,2026-09-01 19:45:00,4,2,5.533368423840005,5.533368423840005,6.5032841558662895,0.0,7.0,2.6399999999999997,6.32,3.343552963856058,4.970100005937168,4,5.0,5.0,0.00023390909086487555,12.25,0,0,Northampton (A) · Cheltenham (H) · Oldham (A) · Port Vale (H),1.4666315761599948,-2.189815459983947,3.656447036143942,0.5751149613410748,-1.1085761401736065,0.5652135500693398,complete,1.3833421059600013,
E3,Swindon,2,5,8,4,2026-09-05 15:00:00,2026-09-26 15:00:00,1,2,5.353102348438182,1.5304752955730514,1.6791469401883514,3.7323973196067044,3.0,2.7,2.12,1.7092804801807866,2.1222569293095797,2,3.0,1.0,0.05423894984742843,11.0,0,0,Colchester (H) · York (A) · Salford (A) · Accrington (H),1.4695247044269486,0.1788051846077352,1.2907195198192134,1.1340508808889855,0.1781394597925746,0.2567732057466814,in progress,1.3382755871095455,1.2441324398689015
E3,Swindon,3,9,12,4,2026-10-03 15:00:00,2026-10-20 19:45:00,0,2,5.436726566765836,0.0,0.0,5.333250250536351,0.0,0.0,0.0,0.0,0.0,0,0.0,0.0,0.027289436798700873,11.25,0,0,Rochdale (A) · Crewe (H) · Walsall (H) · Barnet (A),,,,,,,upcoming,1.359181641691459,1.3333125626340878
E3,Swindon,4,13,16,4,2026-10-24 12:30:00,2026-11-21 12:30:00,0,2,5.470316674950805,0.0,0.0,5.29884524793229,0.0,0.0,0.0,0.0,0.0,0,0.0,0.0,0.018258310031272346,9.75,0,0,Bristol Rovers (A) · Rotherham (H) · Grimsby (H) · Newport (A),,,,,,,upcoming,1.3675791687377012,1.3247113119830725
E3,Swindon,5,17,20,4,2026-11-28 15:00:00,2026-12-19 15:00:00,0,2,5.6002728142618965,0.0,0.0,5.510847358872939,0.0,0.0,0.0,0.0,0.0,0,0.0,0.0,-0.018670090814389247,13.75,0,0,Chesterfield (H) · Gillingham (A) · Fleetwood (A) · Tranmere (H),,,,,,,upcoming,1.4000682035654741,1.3777118397182349
E3,Swindon,6,21,24,4,2026-12-26 15:00:00,2027-01-09 15:00:00,0,2,5.956267737084746,0.0,0.0,5.827787660303384,0.0,0.0,0.0,0.0,0.0,0,0.0,0.0,-0.11572532881233137,19.25,0,0,Shrewsbury (A) · Exeter (H) · Crawley (H) · Tranmere (A),,,,,,,upcoming,1.4890669342711864,1.456946915075846
E3,Swindon,7,25,28,4,2027-01-16 15:00:00,2027-01-30 15:00:00,0,2,5.160868425343006,0.0,0.0,4.96793687262955,0.0,0.0,0.0,0.0,0.0,0,0.0,0.0,0.10123604970248502,6.25,0,0,Walsall (A) · Barnet (H) · Bristol Rovers (H) · Rotherham (A),,,,,,,upcoming,1.2902171063357515,1.2419842181573875
E3,Swindon,8,29,32,4,2027-02-06 15:00:00,2027-02-20 15:00:00,0,2,5.267020017309289,0.0,0.0,5.124274928280061,0.0,0.0,0.0,0.0,0.0,0,0.0,0.0,0.07317559720569583,8.25,0,0,Oldham (H) · Port Vale (A) · Colchester (A) · York (H),,,,,,,upcoming,1.3167550043273222,1.2810687320700151
E3,Swindon,9,33,36,4,2027-02-27 15:00:00,2027-03-20 15:00:00,0,2,5.852835325029189,0.0,0.0,5.763307945939721,0.0,0.0,0.0,0.0,0.0,0,0.0,0.0,-0.08646322957856722,16.0,0,0,Grimsby (A) · Northampton (H) · Cheltenham (A) · Newport (H),,,,,,,upcoming,1.4632088312572973,1.4408269864849303
E3,Swindon,10,37,40,4,2027-03-26 15:00:00,2027-04-10 15:00:00,0,2,5.952334443416999,0.0,0.0,5.806830643953492,0.0,0.0,0.0,0.0,0.0,0,0.0,0.0,-0.11464499691868452,19.0,0,0,Crawley (A) · Shrewsbury (H) · Exeter (A) · Fleetwood (H),,,,,,,upcoming,1.4880836108542497,1.451707660988373
E3,Swindon,11,41,44,4,2027-04-13 19:45:00,2027-04-27 19:45:00,0,2,5.487250508136517,0.0,0.0,5.410209565754901,0.0,0.0,0.0,0.0,0.0,0,0.0,0.0,0.012072188438652905,13.75,0,0,Crewe (A) · Salford (H) · Accrington (A) · Rochdale (H),,,,,,,upcoming,1.3718126270341293,1.3525523914387252
E3,Swindon,12,45,46,2,2027-05-01 15:00:00,2027-05-08 15:00:00,0,1,2.642343473232438,0.0,0.0,2.57540847986884,0.0,0.0,0.0,0.0,0.0,0,0.0,0.0,0.0694427759753837,9.0,0,0,Chesterfield (A) · Gillingham (H),,,,,,,upcoming,1.321171736616219,1.28770423993442
E3,Tranmere,1,1,4,4,2026-08-15 15:00:00,2026-09-01 19:45:00,4,2,5.251126420218504,5.251126420218504,6.441149058894015,0.0,6.0,4.58,6.8100000000000005,3.9686176703352127,5.584502839447026,4,7.0,5.0,-0.05818687434733695,14.5,0,0,Shrewsbury (H) · Port Vale (A) · Newport (A) · Rotherham (H),0.7488735797814963,-1.282508749883291,2.0313823296647873,0.2950712076822723,-0.6523836027398678,0.7679394839392673,complete,1.312781605054626,
E3,Tranmere,2,5,8,4,2026-09-05 15:00:00,2026-09-26 15:00:00,1,2,5.022899906915075,1.3526088221496977,1.6516355024532774,3.5839036440896246,3.0,1.9,2.56,1.0426036308600422,2.549150876140096,2,2.0,0.0,0.0026177647937528263,12.0,0,0,Oldham (H) · Gillingham (A) · Exeter (A) · Walsall (H),1.6473911778503023,-0.31000519128965554,1.9573963691399578,1.2818571528015683,-0.31141264017603315,0.1998927608941261,in progress,1.2557249767287688,1.1946345480298748
E3,Tranmere,3,9,12,4,2026-10-03 12:30:00,2026-10-20 19:45:00,0,2,4.841947604054596,0.0,0.0,4.791307745452175,0.0,0.0,0.0,0.0,0.0,0,0.0,0.0,0.05473150155334493,9.75,0,0,Chesterfield (A) · Rochdale (H) · Barnet (H) · Northampton (A),,,,,,,upcoming,1.210486901013649,1.1978269363630438
E3,Tranmere,4,13,16,4,2026-10-24 15:00:00,2026-11-21 15:00:00,0,2,5.4167963428196195,0.0,0.0,5.360033047671254,0.0,0.0,0.0,0.0,0.0,0,0.0,0.0,-0.10588096433872045,18.5,0,0,Crawley (A) · Cheltenham (H) · Fleetwood (A) · Colchester (H),,,,,,,upcoming,1.3541990857049049,1.3400082619178135
E3,Tranmere,5,17,20,4,2026-11-28 12:30:00,2026-12-19 15:00:00,0,2,4.4824736851341145,0.0,0.0,4.385080829206321,0.0,0.0,0.0,0.0,0.0,0,0.0,0.0,0.15560594241118678,5.0,0,0,Bristol Rovers (A) · Salford (H) · York (H) · Swindon (A),,,,,,,upcoming,1.1206184212835286,1.0962702073015802
E3,Tranmere,6,21,24,4,2026-12-26 15:00:00,2027-01-09 15:00:00,0,2,5.096608433810161,0.0,0.0,5.037078346106117,0.0,0.0,0.0,0.0,0.0,0,0.0,0.0,-0.014512556213773129,13.0,0,0,Accrington (H) · Crewe (A) · Grimsby (A) · Swindon (H),,,,,,,upcoming,1.2741521084525402,1.2592695865265293
E3,Tranmere,7,25,28,4,2027-01-16 15:00:00,2027-01-30 15:00:00,0,2,5.201982638914715,0.0,0.0,5.14309211667973,0.0,0.0,0.0,0.0,0.0,0,0.0,0.0,-0.044007038177577354,15.0,0,0,Barnet (A) · Northampton (H) · Crawley (H) · Cheltenham (A),,,,,,,upcoming,1.3004956597286788,1.2857730291699325
E3,Tranmere,8,29,32,4,2027-02-06 15:00:00,2027-02-20 15:00:00,0,2,5.186759250807485,0.0,0.0,5.0797359317898625,0.0,0.0,0.0,0.0,0.0,0,0.0,0.0,-0.03937161788040288,13.25,0,0,Newport (H) · Rotherham (A) · Oldham (A) · Gillingham (H),,,,,,,upcoming,1.2966898127018713,1.2699339829474656
E3,Tranmere,9,33,36,4,2027-02-27 15:00:00,2027-03-20 15:00:00,0,2,5.115477994941121,0.0,0.0,5.033079276115275,0.0,0.0,0.0,0.0,0.0,0,0.0,0.0,-0.022668406637296846,14.0,0,0,Fleetwood (H) · Shrewsbury (A) · Port Vale (H) · Colchester (A),,,,,,,upcoming,1.2788694987352802,1.2582698190288188
E3,Tranmere,10,37,40,4,2027-03-26 15:00:00,2027-04-10 15:00:00,0,2,5.0275498909176815,0.0,0.0,4.911038199898344,0.0,0.0,0.0,0.0,0.0,0,0.0,0.0,0.002158950643930721,12.25,0,0,Grimsby (H) · Accrington (A) · Crewe (H) · York (A),,,,,,,upcoming,1.2568874727294204,1.227759549974586
E3,Tranmere,11,41,44,4,2027-04-13 19:45:00,2027-04-27 19:45:00,0,2,5.037250958957054,0.0,0.0,4.940698277226169,0.0,0.0,0.0,0.0,0.0,0,0.0,0.0,-0.0006715096436825767,12.5,0,0,Rochdale (A) · Exeter (H) · Walsall (A) · Chesterfield (H),,,,,,,upcoming,1.2593127397392636,1.2351745693065423
E3,Tranmere,12,45,46,2,2027-05-01 15:00:00,2027-05-08 15:00:00,0,1,2.087927695369105,0.0,0.0,2.027246895352267,0.0,0.0,0.0,0.0,0.0,0,0.0,0.0,0.24931323706460556,1.5,0,0,Bristol Rovers (H) · Salford (A),,,,,,,upcoming,1.0439638476845525,1.0136234476761334
E3,Walsall,1,1,4,4,2026-08-15 15:00:00,2026-09-01 19:45:00,4,2,5.571140405307215,5.571140405307215,6.520337271360333,0.0,8.0,8.28,6.84,6.440291001956264,5.315118272054164,4,8.0,4.0,-0.016943839756847406,13.5,0,0,Gillingham (A) · Grimsby (H) · Accrington (H) · Crewe (A),2.428859594692785,0.8691505966490487,1.5597089980437362,0.9511902279322568,0.439424611178073,0.3415078181752178,complete,1.3927851013268038,
E3,Walsall,2,5,8,4,2026-09-05 15:00:00,2026-09-26 15:00:00,1,2,5.62181195590845,1.307355882018919,1.6367758903211553,4.416420366337872,1.0,1.17,1.06,1.4250091420658502,3.155524161168805,2,0.0,0.0,-0.03164567582400042,14.25,0,0,Exeter (A) · Rochdale (H) · Port Vale (H) · Tranmere (A),-0.30735588201891906,0.11765326004693111,-0.42500914206585017,-0.24024088508810615,0.11872269067546533,0.8101435198791458,in progress,1.4054529889771126,1.4721401221126238
E3,Walsall,3,9,12,4,2026-10-03 15:00:00,2026-10-20 19:45:00,0,2,5.649023163020844,0.0,0.0,5.739606655438991,0.0,0.0,0.0,0.0,0.0,0,0.0,0.0,-0.03831339240366555,14.25,0,0,Crawley (H) · Fleetwood (A) · Swindon (A) · Oldham (H),,,,,,,upcoming,1.412255790755211,1.4349016638597478
E3,Walsall,4,13,16,4,2026-10-26 20:00:00,2026-11-21 15:00:00,0,2,4.987479986772636,0.0,0.0,5.038563019897829,0.0,0.0,0.0,0.0,0.0,0,0.0,0.0,0.14264374665260982,6.0,0,0,Salford (H) · Colchester (A) · Barnet (H) · York (A),,,,,,,upcoming,1.246869996693159,1.2596407549744573
E3,Walsall,5,17,20,4,2026-11-28 15:00:00,2026-12-19 15:00:00,0,2,5.842304372682335,0.0,0.0,5.882382466101165,0.0,0.0,0.0,0.0,0.0,0,0.0,0.0,-0.09066008898832478,16.75,0,0,Northampton (H) · Newport (A) · Rotherham (A) · Shrewsbury (H),,,,,,,upcoming,1.4605760931705838,1.4705956165252914
E3,Walsall,6,21,24,4,2026-12-26 15:00:00,2027-01-09 12:30:00,0,2,5.517012294056487,0.0,0.0,5.519654060094231,0.0,0.0,0.0,0.0,0.0,0,0.0,0.0,-0.0007237065567513787,12.5,0,0,Bristol Rovers (A) · Chesterfield (H) · Cheltenham (H) · Shrewsbury (A),,,,,,,upcoming,1.3792530735141217,1.3799135150235577
E3,Walsall,7,25,28,4,2027-01-16 15:00:00,2027-01-30 15:00:00,0,2,5.147047012262248,0.0,0.0,5.246603906606277,0.0,0.0,0.0,0.0,0.0,0,0.0,0.0,0.1034161366054032,8.0,0,0,Swindon (H) · Oldham (A) · Salford (A) · Colchester (H),,,,,,,upcoming,1.286761753065562,1.3116509766515692
E3,Walsall,8,29,32,4,2027-02-06 15:00:00,2027-02-20 15:00:00,0,2,5.837171317775098,0.0,0.0,5.903602433191148,0.0,0.0,0.0,0.0,0.0,0,0.0,0.0,-0.08992492232376895,17.75,0,0,Accrington (A) · Crewe (H) · Exeter (H) · Rochdale (A),,,,,,,upcoming,1.4592928294437746,1.475900608297787
E3,Walsall,9,33,36,4,2027-02-27 15:00:00,2027-03-20 15:00:00,0,2,5.154306549662647,0.0,0.0,5.185628224396712,0.0,0.0,0.0,0.0,0.0,0,0.0,0.0,0.09889738660436154,6.5,0,0,Barnet (A) · Gillingham (H) · Grimsby (A) · York (H),,,,,,,upcoming,1.2885766374156618,1.296407056099178
E3,Walsall,10,37,40,4,2027-03-26 15:00:00,2027-04-10 15:00:00,0,2,5.359618202319567,0.0,0.0,5.353228310213469,0.0,0.0,0.0,0.0,0.0,0,0.0,0.0,0.040905305935856895,9.75,0,0,Cheltenham (A) · Bristol Rovers (H) · Chesterfield (A) · Rotherham (H),,,,,,,upcoming,1.3399045505798917,1.3383070775533672
E3,Walsall,11,41,44,4,2027-04-13 19:45:00,2027-04-27 19:45:00,0,2,5.720589714578277,0.0,0.0,5.822084848925885,0.0,0.0,0.0,0.0,0.0,0,0.0,0.0,-0.05664776221789937,15.75,0,0,Fleetwood (H) · Port Vale (A) · Tranmere (H) · Crawley (A),,,,,,,upcoming,1.4301474286445692,1.4555212122314714
E3,Walsall,12,45,46,2,2027-05-01 15:00:00,2027-05-08 15:00:00,0,1,3.0188765998813683,0.0,0.0,3.0729892152692933,0.0,0.0,0.0,0.0,0.0,0,0.0,0.0,-0.1439859007873121,19.0,0,0,Northampton (A) · Newport (H),,,,,,,upcoming,1.5094382999406841,1.5364946076346466
E3,York,1,1,4,4,2026-08-15 15:00:00,2026-09-01 19:45:00,4,2,5.8216687636867,5.8216687636867,6.618674886118978,0.0,7.0,7.72,5.8,6.717197880088543,6.645516221242191,4,8.0,7.0,-0.012423138068266427,12.5,0,0,Bristol Rovers (H) · Rotherham (A) · Exeter (H) · Cheltenham (A),1.1783312363132996,0.8955291164018426,0.282802119911457,0.45801728298871436,0.44938498867553006,0.6469400245298851,complete,1.455417190921675,
E3,York,2,5,8,4,2026-09-05 15:00:00,2026-09-26 15:00:00,1,2,5.6378971455373765,1.302358525483408,1.6349408299206911,4.43902212325993,1.0,2.4,1.17,2.112343759305043,3.416556234721568,2,1.0,1.0,0.038234282310548276,10.75,0,0,Crewe (A) · Swindon (H) · Chesterfield (A) · Gillingham (H),-0.302358525483408,0.8099852338216349,-1.112343759305043,-0.2364673578661224,0.8178063090088719,0.8130700337539882,in progress,1.4094742863843441,1.4796740410866434
E3,York,3,9,12,4,2026-10-03 15:00:00,2026-10-20 19:45:00,0,2,6.08793513987171,0.0,0.0,6.213476983967968,0.0,0.0,0.0,0.0,0.0,0,0.0,0.0,-0.08382566186614568,16.0,0,0,Barnet (A) · Northampton (H) · Newport (A) · Accrington (H),,,,,,,upcoming,1.5219837849679274,1.553369245991992
E3,York,4,13,16,4,2026-10-24 15:00:00,2026-11-21 15:00:00,0,2,5.570164765921113,0.0,0.0,5.699440281201567,0.0,0.0,0.0,0.0,0.0,0,0.0,0.0,0.05649309544335795,9.0,0,0,Port Vale (H) · Grimsby (A) · Rochdale (A) · Walsall (H),,,,,,,upcoming,1.3925411914802783,1.4248600703003917
E3,York,5,17,20,4,2026-11-28 15:00:00,2026-12-19 15:00:00,0,2,6.109161468536235,0.0,0.0,6.2329940120052445,0.0,0.0,0.0,0.0,0.0,0,0.0,0.0,-0.09054578898888868,18.25,0,0,Colchester (A) · Shrewsbury (H) · Tranmere (A) · Crawley (H),,,,,,,upcoming,1.5272903671340587,1.5582485030013111
E3,York,6,21,24,4,2026-12-26 15:00:00,2027-01-09 15:00:00,0,2,5.6542962338314275,0.0,0.0,5.7775739929419565,0.0,0.0,0.0,0.0,0.0,0,0.0,0.0,0.033230128864218944,12.0,0,0,Oldham (A) · Fleetwood (H) · Salford (H) · Crawley (A),,,,,,,upcoming,1.4135740584578569,1.4443934982354891
E3,York,7,25,28,4,2027-01-16 15:00:00,2027-01-30 15:00:00,0,2,5.987712981164579,0.0,0.0,6.104834066357282,0.0,0.0,0.0,0.0,0.0,0,0.0,0.0,-0.05754518628929778,14.0,0,0,Newport (H) · Accrington (A) · Port Vale (A) · Grimsby (H),,,,,,,upcoming,1.4969282452911448,1.5262085165893204
E3,York,8,29,32,4,2027-02-06 15:00:00,2027-02-20 15:00:00,0,2,6.020104721474439,0.0,0.0,6.149262546899113,0.0,0.0,0.0,0.0,0.0,0,0.0,0.0,-0.06636536944820798,16.0,0,0,Exeter (A) · Cheltenham (H) · Crewe (H) · Swindon (A),,,,,,,upcoming,1.5050261803686098,1.5373156367247782
E3,York,9,33,36,4,2027-02-27 15:00:00,2027-03-20 15:00:00,0,2,5.597257409489073,0.0,0.0,5.656981669175863,0.0,0.0,0.0,0.0,0.0,0,0.0,0.0,0.05008453402288662,9.5,0,0,Rochdale (H) · Bristol Rovers (A) · Rotherham (H) · Walsall (A),,,,,,,upcoming,1.3993143523722682,1.4142454172939658
E3,York,10,37,40,4,2027-03-26 15:00:00,2027-04-10 15:00:00,0,2,5.637121032306973,0.0,0.0,5.78472870894363,0.0,0.0,0.0,0.0,0.0,0,0.0,0.0,0.041020890453236605,11.5,0,0,Salford (A) · Oldham (H) · Fleetwood (A) · Tranmere (H),,,,,,,upcoming,1.4092802580767432,1.4461821772359076
E3,York,11,41,44,4,2027-04-13 19:45:00,2027-04-27 19:45:00,0,2,5.509302956323241,0.0,0.0,5.624409714896552,0.0,0.0,0.0,0.0,0.0,0,0.0,0.0,0.07230459953411325,8.75,0,0,Northampton (A) · Chesterfield (H) · Gillingham (A) · Barnet (H),,,,,,,upcoming,1.3773257390808102,1.406102428724138
E3,York,12,45,46,2,2027-05-01 15:00:00,2027-05-08 15:00:00,0,1,2.9915857050125725,0.0,0.0,3.0366204191227637,0.0,0.0,0.0,0.0,0.0,0,0.0,0.0,-0.05656643340828615,16.5,0,0,Colchester (H) · Shrewsbury (A),,,,,,,upcoming,1.4957928525062862,1.5183102095613819
