div,team,block,first_game,last_game,games,start,end,played,home_games,mkt_xP,mkt_xP_played,mkt_var_played,now_xP,pts,xg,xga,xg_xP,cl_xP,cl_n,gf,ga,avg_opp_rating,avg_opp_rank,congested,moved,fixtures,pts_vs_mkt,xgxp_vs_mkt,luck,z,z_xg,p_chance,status,mkt_ppg,now_ppg
E0,Arsenal,1,1,4,4,2026-08-21 20:00:00,2026-09-12 20:00:00,4,2,8.255161635101315,8.255161635101315,5.622892505055366,0.0,12.0,7.73,2.88,8.7171135854136,6.813768843617489,3,8.0,1.0,-0.05223835178075828,11.75,1,0,Coventry (H) · Aston Villa (A) · Chelsea (H) · Sunderland (A),3.744838364898685,0.46195195031228486,3.2828864145864003,1.579258368375554,0.2515019109807728,0.11427680676868168,complete,2.0637904087753287,
E0,Arsenal,2,5,8,4,2026-09-19 15:00:00,2026-10-24 15:00:00,0,2,8.451913708735944,0.0,0.0,8.396719361300324,0.0,0.0,0.0,0.0,0.0,0,0.0,0.0,-0.0859056726531292,11.25,2,0,Brighton (A) · Leeds (H) · Nott'm Forest (A) · Everton (H),,,,,,,upcoming,2.112978427183986,2.099179840325081
E0,Arsenal,3,9,12,4,2026-11-01 16:30:00,2026-11-28 15:00:00,0,2,7.644845686509201,0.0,0.0,7.671757307725759,0.0,0.0,0.0,0.0,0.0,0,0.0,0.0,0.07301376184196283,8.5,2,0,Liverpool (A) · Hull (H) · Newcastle (A) · Man City (H),,,,,,,upcoming,1.9112114216273002,1.9179393269314398
E0,Arsenal,4,13,16,4,2026-12-02 20:00:00,2026-12-19 15:00:00,0,2,7.697193804882968,0.0,0.0,7.691092265422412,0.0,0.0,0.0,0.0,0.0,0,0.0,0.0,0.12249639257981262,8.25,1,0,Brentford (A) · Tottenham (A) · Bournemouth (H) · Man Utd (H),,,,,,,upcoming,1.924298451220742,1.922773066355603
E0,Arsenal,5,17,20,4,2026-12-27 19:00:00,2027-01-05 19:30:00,0,2,8.998128661408149,0.0,0.0,8.971180312198037,0.0,0.0,0.0,0.0,0.0,0,0.0,0.0,-0.2577070676435099,15.5,0,0,Crystal Palace (A) · Fulham (A) · Ipswich (H) · Brentford (H),,,,,,,upcoming,2.2495321653520373,2.242795078049509
E0,Arsenal,6,21,24,4,2027-01-16 15:00:00,2027-02-06 15:00:00,0,2,7.766186308333978,0.0,0.0,7.784054669563771,0.0,0.0,0.0,0.0,0.0,0,0.0,0.0,0.07301376184196283,8.5,2,0,Hull (A) · Newcastle (H) · Man City (A) · Liverpool (H),,,,,,,upcoming,1.9415465770834945,1.9460136673909427
E0,Arsenal,7,25,28,4,2027-02-10 20:00:00,2027-03-03 20:00:00,0,2,8.50741292501897,0.0,0.0,8.481452726019512,0.0,0.0,0.0,0.0,0.0,0,0.0,0.0,-0.1216101268655231,13.5,0,0,Ipswich (A) · Fulham (H) · Man Utd (A) · Crystal Palace (H),,,,,,,upcoming,2.1268532312547426,2.120363181504878
E0,Arsenal,8,29,32,4,2027-03-13 15:00:00,2027-04-17 15:00:00,0,2,8.277555178840286,0.0,0.0,8.307855382584092,0.0,0.0,0.0,0.0,0.0,0,0.0,0.0,-0.05223835178075828,11.75,0,0,Chelsea (A) · Sunderland (H) · Coventry (A) · Aston Villa (H),,,,,,,upcoming,2.0693887947100715,2.076963845646023
E0,Arsenal,9,33,36,4,2027-04-24 15:00:00,2027-05-15 15:00:00,0,2,8.30467384182543,0.0,0.0,8.274899436017895,0.0,0.0,0.0,0.0,0.0,0,0.0,0.0,-0.03900281658174052,11.0,0,0,Bournemouth (A) · Tottenham (H) · Leeds (A) · Nott'm Forest (H),,,,,,,upcoming,2.0761684604563575,2.068724859004474
E0,Arsenal,10,37,38,2,2027-05-23 15:00:00,2027-05-30 16:00:00,0,1,4.130026705180435,0.0,0.0,4.1189714829432145,0.0,0.0,0.0,0.0,0.0,0,0.0,0.0,-0.024499719683897803,9.0,0,0,Everton (A) · Brighton (H),,,,,,,upcoming,2.0650133525902175,2.0594857414716072
E0,Aston Villa,1,1,4,4,2026-08-23 14:00:00,2026-09-12 15:00:00,4,2,6.239996774653907,6.239996774653907,6.270739207927621,0.0,1.0,3.18,7.57,3.2549818082368676,3.2787931522213607,3,1.0,7.0,-0.048758827641661,10.5,1,0,Brighton (A) · Arsenal (H) · Hull (A) · Nott'm Forest (H),-5.239996774653907,-2.9850149664170393,-2.2549818082368676,-2.092529792345673,-1.5389039630634045,0.03639114955869727,complete,1.5599991936634767,
E0,Aston Villa,2,5,8,4,2026-09-19 12:30:00,2026-10-24 12:30:00,0,2,5.335606770823723,0.0,0.0,5.211450655488134,0.0,0.0,0.0,0.0,0.0,0,0.0,0.0,0.18684747630980603,7.25,2,0,Tottenham (A) · Brentford (H) · Newcastle (A) · Man City (H),,,,,,,upcoming,1.3339016927059308,1.3028626638720335
E0,Aston Villa,3,9,12,4,2026-10-31 20:00:00,2026-11-28 15:00:00,0,2,6.625614909991336,0.0,0.0,6.353542827356065,0.0,0.0,0.0,0.0,0.0,0,0.0,0.0,-0.14225208254777583,14.0,2,0,Fulham (H) · Man Utd (A) · Sunderland (H) · Ipswich (A),,,,,,,upcoming,1.656403727497834,1.5883857068390161
E0,Aston Villa,4,13,16,4,2026-12-02 20:00:00,2026-12-19 15:00:00,0,2,6.422177485882857,0.0,0.0,6.27117449243149,0.0,0.0,0.0,0.0,0.0,0,0.0,0.0,-0.08946848844116086,12.0,1,0,Everton (H) · Crystal Palace (H) · Coventry (A) · Chelsea (A),,,,,,,upcoming,1.6055443714707143,1.5677936231078724
E0,Aston Villa,5,17,20,4,2026-12-26 12:30:00,2027-01-05 19:30:00,0,2,5.9159299618625765,0.0,0.0,5.695370642676071,0.0,0.0,0.0,0.0,0.0,0,0.0,0.0,0.035759829978136315,9.5,0,0,Leeds (H) · Liverpool (H) · Bournemouth (A) · Everton (A),,,,,,,upcoming,1.4789824904656441,1.4238426606690178
E0,Aston Villa,6,21,24,4,2027-01-16 15:00:00,2027-02-06 15:00:00,0,2,6.5890850311221865,0.0,0.0,6.311938154073215,0.0,0.0,0.0,0.0,0.0,0,0.0,0.0,-0.14225208254777583,14.0,2,0,Man Utd (H) · Fulham (A) · Ipswich (H) · Sunderland (A),,,,,,,upcoming,1.6472712577805466,1.5779845385183038
E0,Aston Villa,7,25,28,4,2027-02-10 20:00:00,2027-03-03 20:00:00,0,2,5.455280645037916,0.0,0.0,5.2623632433755425,0.0,0.0,0.0,0.0,0.0,0,0.0,0.0,0.15990878370177625,8.25,0,0,Bournemouth (H) · Leeds (A) · Chelsea (H) · Liverpool (A),,,,,,,upcoming,1.363820161259479,1.3155908108438856
E0,Aston Villa,8,29,32,4,2027-03-13 15:00:00,2027-04-17 15:00:00,0,2,6.2287052645509675,0.0,0.0,5.97427084218162,0.0,0.0,0.0,0.0,0.0,0,0.0,0.0,-0.04875882764166101,10.5,0,0,Hull (H) · Nott'm Forest (A) · Brighton (H) · Arsenal (A),,,,,,,upcoming,1.5571763161377419,1.493567710545405
E0,Aston Villa,9,33,36,4,2027-04-24 15:00:00,2027-05-15 15:00:00,0,2,6.822061872889346,0.0,0.0,6.664620804578664,0.0,0.0,0.0,0.0,0.0,0,0.0,0.0,-0.2011746616465229,13.5,0,0,Coventry (H) · Crystal Palace (A) · Brentford (A) · Newcastle (H),,,,,,,upcoming,1.7055154682223366,1.666155201144666
E0,Aston Villa,10,37,38,2,2027-05-23 15:00:00,2027-05-30 16:00:00,0,1,2.23191672441769,0.0,0.0,2.195489474332222,0.0,0.0,0.0,0.0,0.0,0,0.0,0.0,0.42929559732147893,4.0,0,0,Man City (A) · Tottenham (H),,,,,,,upcoming,1.115958362208845,1.097744737166111
E0,Bournemouth,1,1,4,4,2026-08-23 14:00:00,2026-09-12 15:00:00,4,2,4.781932237349878,4.781932237349878,6.050223415137863,0.0,3.0,6.72,4.55,6.887394913511127,3.6359862359767785,3,6.0,7.0,0.10915040337165752,8.25,0,0,Man City (A) · Everton (H) · Newcastle (A) · Brentford (H),-1.7819322373498778,2.105462676161249,-3.8873949135111268,-0.7244450992000198,1.1050609079585625,0.46879252071709754,complete,1.1954830593374695,
E0,Bournemouth,2,5,8,4,2026-09-20 14:00:00,2026-10-25 14:00:00,0,2,4.168570698136393,0.0,0.0,4.291499013472677,0.0,0.0,0.0,0.0,0.0,0,0.0,0.0,0.2704372945315726,7.25,2,0,Liverpool (H) · Chelsea (A) · Sunderland (H) · Man Utd (A),,,,,,,upcoming,1.0421426745340983,1.0728747533681693
E0,Bournemouth,3,9,12,4,2026-10-31 15:00:00,2026-11-28 15:00:00,0,2,6.125732030422364,0.0,0.0,6.158018823478841,0.0,0.0,0.0,0.0,0.0,0,0.0,0.0,-0.25997203749058423,15.5,2,0,Leeds (H) · Ipswich (A) · Nott'm Forest (H) · Fulham (A),,,,,,,upcoming,1.531433007605591,1.5395047058697102
E0,Bournemouth,4,13,16,4,2026-12-02 20:00:00,2026-12-19 15:00:00,0,3,6.0914854409488095,0.0,0.0,6.1377399699043345,0.0,0.0,0.0,0.0,0.0,0,0.0,0.0,-0.14475512679983638,11.75,1,0,Brighton (H) · Hull (H) · Arsenal (A) · Coventry (H),,,,,,,upcoming,1.5228713602372024,1.5344349924760836
E0,Bournemouth,5,17,20,4,2026-12-26 15:00:00,2027-01-05 19:30:00,0,1,4.5823809961968704,0.0,0.0,4.812916906164203,0.0,0.0,0.0,0.0,0.0,0,0.0,0.0,0.05593368325395023,9.0,0,0,Tottenham (A) · Crystal Palace (A) · Aston Villa (H) · Brighton (A),,,,,,,upcoming,1.1455952490492176,1.2032292265410507
E0,Bournemouth,6,21,24,4,2027-01-16 15:00:00,2027-02-06 15:00:00,0,2,6.120611650524236,0.0,0.0,6.152516492987788,0.0,0.0,0.0,0.0,0.0,0,0.0,0.0,-0.25997203749058423,15.5,2,0,Ipswich (H) · Nott'm Forest (A) · Fulham (H) · Leeds (A),,,,,,,upcoming,1.530152912631059,1.538129123246947
E0,Bournemouth,7,25,28,4,2027-02-10 20:00:00,2027-03-03 20:00:00,0,2,5.42873897806144,0.0,0.0,5.6695438531540905,0.0,0.0,0.0,0.0,0.0,0,0.0,0.0,-0.07804827688399697,11.5,0,0,Aston Villa (A) · Crystal Palace (H) · Coventry (A) · Tottenham (H),,,,,,,upcoming,1.35718474451536,1.4173859632885226
E0,Bournemouth,8,29,32,4,2027-03-13 15:00:00,2027-04-17 15:00:00,0,2,4.7108847514616725,0.0,0.0,4.854070088067989,0.0,0.0,0.0,0.0,0.0,0,0.0,0.0,0.10915040337165752,8.25,0,0,Newcastle (H) · Brentford (A) · Man City (H) · Everton (A),,,,,,,upcoming,1.1777211878654181,1.2135175220169971
E0,Bournemouth,9,33,36,4,2027-04-24 15:00:00,2027-05-15 15:00:00,0,2,5.086373965214614,0.0,0.0,5.138413459019381,0.0,0.0,0.0,0.0,0.0,0,0.0,0.0,0.01754759228442543,10.5,0,0,Arsenal (H) · Hull (A) · Man Utd (H) · Sunderland (A),,,,,,,upcoming,1.2715934913036535,1.2846033647548452
E0,Bournemouth,10,37,38,2,2027-05-23 15:00:00,2027-05-30 16:00:00,0,1,1.7400653651455422,0.0,0.0,1.8330760596959985,0.0,0.0,0.0,0.0,0.0,0,0.0,0.0,0.4527463047998891,4.0,0,0,Chelsea (H) · Liverpool (A),,,,,,,upcoming,0.8700326825727711,0.9165380298479993
E0,Brentford,1,1,4,4,2026-08-22 17:30:00,2026-09-12 15:00:00,4,2,5.3913447681434885,5.3913447681434885,6.619734484186426,0.0,6.0,7.78,6.17,5.848018467676817,4.399802193941236,3,7.0,4.0,-0.0767948736271772,12.0,0,0,Tottenham (H) · Leeds (A) · Sunderland (H) · Bournemouth (A),0.6086552318565115,0.4566736995333285,0.151981532323183,0.23656531783493004,0.2291448443877373,0.812994028872251,complete,1.3478361920358721,
E0,Brentford,2,5,8,4,2026-09-18 20:00:00,2026-10-25 14:00:00,0,2,4.8832924900594294,0.0,0.0,4.995851963396196,0.0,0.0,0.0,0.0,0.0,0,0.0,0.0,0.061392978018976585,8.75,0,0,Chelsea (H) · Aston Villa (A) · Liverpool (H) · Hull (A),,,,,,,upcoming,1.2208231225148574,1.248962990849049
E0,Brentford,3,9,12,4,2026-10-31 15:00:00,2026-11-28 15:00:00,0,2,4.878612032823803,0.0,0.0,4.888740208582379,0.0,0.0,0.0,0.0,0.0,0,0.0,0.0,0.06960633933511587,8.75,0,0,Nott'm Forest (H) · Brighton (A) · Everton (H) · Man Utd (A),,,,,,,upcoming,1.2196530082059507,1.2221850521455948
E0,Brentford,4,13,16,4,2026-12-02 20:00:00,2026-12-19 15:00:00,0,3,4.4119244545314595,0.0,0.0,4.47945236076066,0.0,0.0,0.0,0.0,0.0,0,0.0,0.0,0.2756416513599495,7.0,0,0,Arsenal (H) · Man City (H) · Fulham (A) · Newcastle (H),,,,,,,upcoming,1.1029811136328649,1.119863090190165
E0,Brentford,5,17,20,4,2026-12-26 15:00:00,2027-01-05 19:30:00,0,1,5.387237693847977,0.0,0.0,5.459739252113735,0.0,0.0,0.0,0.0,0.0,0,0.0,0.0,-0.1295051574312428,13.25,0,0,Ipswich (A) · Coventry (A) · Crystal Palace (H) · Arsenal (A),,,,,,,upcoming,1.3468094234619943,1.3649348130284338
E0,Brentford,6,21,24,4,2027-01-16 15:00:00,2027-02-06 15:00:00,0,2,4.828006582518272,0.0,0.0,4.843571170954805,0.0,0.0,0.0,0.0,0.0,0,0.0,0.0,0.06960633933511587,8.75,0,0,Brighton (H) · Everton (A) · Man Utd (H) · Nott'm Forest (A),,,,,,,upcoming,1.207001645629568,1.2108927927387012
E0,Brentford,7,25,28,4,2027-02-10 20:00:00,2027-03-03 20:00:00,0,2,6.294252297048567,0.0,0.0,6.402204029412185,0.0,0.0,0.0,0.0,0.0,0,0.0,0.0,-0.3093928730101842,15.25,0,0,Crystal Palace (A) · Coventry (H) · Newcastle (A) · Ipswich (H),,,,,,,upcoming,1.5735630742621418,1.6005510073530462
E0,Brentford,8,29,32,4,2027-03-13 15:00:00,2027-04-17 15:00:00,0,2,5.411284536292661,0.0,0.0,5.460681309447981,0.0,0.0,0.0,0.0,0.0,0,0.0,0.0,-0.0767948736271772,12.0,0,0,Sunderland (A) · Bournemouth (H) · Tottenham (A) · Leeds (H),,,,,,,upcoming,1.3528211340731653,1.3651703273619953
E0,Brentford,9,33,36,4,2027-04-24 15:00:00,2027-05-15 15:00:00,0,2,4.223303399709635,0.0,0.0,4.318311572475892,0.0,0.0,0.0,0.0,0.0,0,0.0,0.0,0.2631973270742209,7.0,0,0,Fulham (H) · Man City (A) · Aston Villa (H) · Liverpool (A),,,,,,,upcoming,1.0558258499274087,1.079577893118973
E0,Brentford,10,37,38,2,2027-05-23 15:00:00,2027-05-30 16:00:00,0,1,2.950419031752596,0.0,0.0,2.964334723172767,0.0,0.0,0.0,0.0,0.0,0,0.0,0.0,-0.1974066259999667,12.5,0,0,Hull (H) · Chelsea (A),,,,,,,upcoming,1.475209515876298,1.4821673615863835
E0,Brighton,1,1,4,4,2026-08-23 14:00:00,2026-09-13 14:00:00,4,2,5.729160190306621,5.729160190306621,6.430830148382007,0.0,7.0,9.45,7.21,6.833614769006594,4.388267198054549,3,13.0,5.0,-0.02787416877227175,11.0,0,0,Aston Villa (H) · Chelsea (A) · Leeds (H) · Coventry (A),1.2708398096933786,1.1044545786999729,0.16638523099340574,0.501137949094319,0.5622619768913114,0.6162740406917881,complete,1.4322900475766553,
E0,Brighton,2,5,8,4,2026-09-19 15:00:00,2026-10-25 14:00:00,0,2,4.936152687159276,0.0,0.0,5.033507350134365,0.0,0.0,0.0,0.0,0.0,0,0.0,0.0,0.18338981836987445,9.0,2,0,Arsenal (H) · Sunderland (A) · Crystal Palace (H) · Liverpool (A),,,,,,,upcoming,1.234038171789819,1.2583768375335913
E0,Brighton,3,9,12,4,2026-10-31 15:00:00,2026-11-28 15:00:00,0,2,5.936939855513908,0.0,0.0,6.0042353249037586,0.0,0.0,0.0,0.0,0.0,0,0.0,0.0,-0.07345876048275443,10.75,2,0,Man City (A) · Brentford (H) · Hull (A) · Newcastle (H),,,,,,,upcoming,1.484234963878477,1.5010588312259396
E0,Brighton,4,13,16,4,2026-12-02 20:00:00,2026-12-19 15:00:00,0,2,6.379656784474852,0.0,0.0,6.382896012208557,0.0,0.0,0.0,0.0,0.0,0,0.0,0.0,-0.2055030296732921,13.25,2,0,Bournemouth (A) · Nott'm Forest (A) · Everton (H) · Ipswich (H),,,,,,,upcoming,1.594914196118713,1.5957240030521394
E0,Brighton,5,17,20,4,2026-12-26 15:00:00,2027-01-05 19:30:00,0,2,5.2410092045648184,0.0,0.0,5.287135165703123,0.0,0.0,0.0,0.0,0.0,0,0.0,0.0,0.09265192369168401,9.25,0,0,Fulham (A) · Tottenham (A) · Man Utd (H) · Bournemouth (H),,,,,,,upcoming,1.3102523011412046,1.3217837914257808
E0,Brighton,6,21,24,4,2027-01-16 15:00:00,2027-02-06 15:00:00,0,2,5.839730880673514,0.0,0.0,5.9018692191029745,0.0,0.0,0.0,0.0,0.0,0,0.0,0.0,-0.07345876048275443,10.75,0,0,Brentford (A) · Man City (H) · Newcastle (A) · Hull (H),,,,,,,upcoming,1.4599327201683785,1.4754673047757436
E0,Brighton,7,25,28,4,2027-02-10 20:00:00,2027-03-03 20:00:00,0,2,5.689676503429231,0.0,0.0,5.755844868483916,0.0,0.0,0.0,0.0,0.0,0,0.0,0.0,-0.016770534611681202,11.25,0,0,Man Utd (A) · Tottenham (H) · Ipswich (A) · Fulham (H),,,,,,,upcoming,1.4224191258573078,1.438961217120979
E0,Brighton,8,29,32,4,2027-03-13 15:00:00,2027-04-17 15:00:00,0,2,5.69431910151192,0.0,0.0,5.82166915230696,0.0,0.0,0.0,0.0,0.0,0,0.0,0.0,-0.02787416877227175,11.0,0,0,Leeds (A) · Coventry (H) · Aston Villa (A) · Chelsea (H),,,,,,,upcoming,1.42357977537798,1.45541728807674
E0,Brighton,9,33,36,4,2027-04-24 15:00:00,2027-05-15 15:00:00,0,2,6.235856729671337,0.0,0.0,6.30640069672568,0.0,0.0,0.0,0.0,0.0,0,0.0,0.0,-0.1654056180045715,13.75,0,0,Everton (A) · Nott'm Forest (H) · Sunderland (H) · Crystal Palace (A),,,,,,,upcoming,1.5589641824178342,1.57660017418142
E0,Brighton,10,37,38,2,2027-05-23 15:00:00,2027-05-30 16:00:00,0,1,1.7174236360167159,0.0,0.0,1.7592406470797348,0.0,0.0,0.0,0.0,0.0,0,0.0,0.0,0.5971198311054504,2.0,0,0,Liverpool (H) · Arsenal (A),,,,,,,upcoming,0.8587118180083579,0.8796203235398674
E0,Chelsea,1,1,4,4,2026-08-24 20:00:00,2026-09-12 15:00:00,4,2,7.233708994503084,7.233708994503084,5.536630232347507,0.0,7.0,6.7700000000000005,6.52,5.448136939869261,5.928711978402437,3,10.0,9.0,-0.07261609935648153,11.25,0,0,Fulham (A) · Brighton (H) · Arsenal (A) · Hull (H),-0.23370899450308436,-1.785572054633823,1.5518630601307386,-0.09932364911982253,-0.9796681641842853,0.9208813019737749,complete,1.808427248625771,
E0,Chelsea,2,5,8,4,2026-09-18 20:00:00,2026-10-24 17:30:00,0,2,7.125946749023353,0.0,0.0,7.034690912160268,0.0,0.0,0.0,0.0,0.0,0,0.0,0.0,-0.009595327418972878,9.75,0,0,Brentford (A) · Bournemouth (H) · Everton (A) · Tottenham (H),,,,,,,upcoming,1.7814866872558381,1.758672728040067
E0,Chelsea,3,9,12,4,2026-10-31 12:30:00,2026-11-28 15:00:00,0,2,7.193899659109996,0.0,0.0,7.038548854251923,0.0,0.0,0.0,0.0,0.0,0,0.0,0.0,-0.0295916706795522,12.0,0,0,Man Utd (H) · Sunderland (A) · Leeds (H) · Nott'm Forest (A),,,,,,,upcoming,1.798474914777499,1.7596372135629808
E0,Chelsea,4,13,16,4,2026-12-02 20:00:00,2026-12-19 15:00:00,0,3,6.364799949311349,0.0,0.0,6.383227672852433,0.0,0.0,0.0,0.0,0.0,0,0.0,0.0,0.2699044974258575,6.75,0,0,Crystal Palace (H) · Liverpool (H) · Man City (A) · Aston Villa (H),,,,,,,upcoming,1.5911999873278373,1.5958069182131083
E0,Chelsea,5,17,20,4,2026-12-27 14:00:00,2027-01-06 19:30:00,0,1,7.936475679626369,0.0,0.0,7.888198362806541,0.0,0.0,0.0,0.0,0.0,0,0.0,0.0,-0.3093928730101842,15.25,0,0,Coventry (A) · Ipswich (A) · Newcastle (H) · Crystal Palace (A),,,,,,,upcoming,1.9841189199065923,1.9720495907016353
E0,Chelsea,6,21,24,4,2027-01-16 15:00:00,2027-02-06 15:00:00,0,2,7.174867123331438,0.0,0.0,7.026404313267223,0.0,0.0,0.0,0.0,0.0,0,0.0,0.0,-0.029591670679552207,12.0,0,0,Sunderland (H) · Leeds (A) · Nott'm Forest (H) · Man Utd (A),,,,,,,upcoming,1.7937167808328596,1.7566010783168058
E0,Chelsea,7,25,28,4,2027-02-10 20:00:00,2027-03-03 20:00:00,0,2,7.8309480883228355,0.0,0.0,7.803796379020044,0.0,0.0,0.0,0.0,0.0,0,0.0,0.0,-0.22437826135183553,13.25,0,0,Newcastle (A) · Ipswich (H) · Aston Villa (A) · Coventry (H),,,,,,,upcoming,1.9577370220807089,1.950949094755011
E0,Chelsea,8,29,32,4,2027-03-13 15:00:00,2027-04-17 15:00:00,0,2,7.2983689172783635,0.0,0.0,7.135196215264317,0.0,0.0,0.0,0.0,0.0,0,0.0,0.0,-0.07261609935648154,11.25,0,0,Arsenal (H) · Hull (A) · Fulham (H) · Brighton (A),,,,,,,upcoming,1.8245922293195909,1.7837990538160793
E0,Chelsea,9,33,36,4,2027-04-24 15:00:00,2027-05-15 15:00:00,0,2,5.847913113727254,0.0,0.0,5.822878824656259,0.0,0.0,0.0,0.0,0.0,0,0.0,0.0,0.3168719973370441,5.25,0,0,Man City (H) · Liverpool (A) · Tottenham (A) · Everton (H),,,,,,,upcoming,1.4619782784318136,1.4557197061640648
E0,Chelsea,10,37,38,2,2027-05-23 15:00:00,2027-05-30 16:00:00,0,1,3.722995649739996,0.0,0.0,3.6346718388279036,0.0,0.0,0.0,0.0,0.0,0,0.0,0.0,-0.09409859497582015,11.5,0,0,Bournemouth (A) · Brentford (H),,,,,,,upcoming,1.861497824869998,1.8173359194139518
E0,Coventry,1,1,4,4,2026-08-21 20:00:00,2026-09-13 14:00:00,4,2,3.504517082902569,3.504517082902569,4.35713990733149,0.0,0.0,3.59,6.87,3.584769757712141,3.218675357629621,3,0.0,10.0,0.13842741890265067,7.75,0,0,Arsenal (A) · Hull (H) · Man City (A) · Brighton (H),-3.504517082902569,0.08025267480957199,-3.584769757712141,-1.6789100493751157,0.049634441385063226,0.09316957570304951,complete,0.8761292707256423,
E0,Coventry,2,5,8,4,2026-09-19 17:30:00,2026-10-24 15:00:00,0,2,3.7492206007787554,0.0,0.0,3.7947893614236934,0.0,0.0,0.0,0.0,0.0,0,0.0,0.0,-0.03018323912263427,11.0,0,0,Nott'm Forest (A) · Newcastle (H) · Tottenham (A) · Fulham (H),,,,,,,upcoming,0.9373051501946889,0.9486973403559233
E0,Coventry,3,9,12,4,2026-10-31 15:00:00,2026-11-28 15:00:00,0,2,4.249849214171496,0.0,0.0,4.289947336197562,0.0,0.0,0.0,0.0,0.0,0,0.0,0.0,-0.17883349204152166,14.0,0,0,Sunderland (H) · Everton (A) · Crystal Palace (H) · Leeds (A),,,,,,,upcoming,1.062462303542874,1.0724868340493905
E0,Coventry,4,13,16,4,2026-12-02 20:00:00,2026-12-19 15:00:00,0,2,3.7442539983498073,0.0,0.0,3.7719674932044724,0.0,0.0,0.0,0.0,0.0,0,0.0,0.0,-0.005546799379341872,10.25,0,0,Ipswich (H) · Man Utd (A) · Aston Villa (H) · Bournemouth (A),,,,,,,upcoming,0.9360634995874518,0.9429918733011181
E0,Coventry,5,17,20,4,2026-12-27 14:00:00,2027-01-06 19:30:00,0,2,3.477859582418826,0.0,0.0,3.5041003627653957,0.0,0.0,0.0,0.0,0.0,0,0.0,0.0,0.06990139660866923,9.75,0,0,Chelsea (H) · Brentford (H) · Liverpool (A) · Ipswich (A),,,,,,,upcoming,0.8694648956047065,0.8760250906913489
E0,Coventry,6,21,24,4,2027-01-16 15:00:00,2027-02-06 15:00:00,0,2,4.230776696295734,0.0,0.0,4.2674967093768705,0.0,0.0,0.0,0.0,0.0,0,0.0,0.0,-0.17883349204152166,14.0,0,0,Everton (H) · Sunderland (A) · Leeds (H) · Crystal Palace (A),,,,,,,upcoming,1.0576941740739334,1.0668741773442176
E0,Coventry,7,25,28,4,2027-02-10 20:00:00,2027-03-03 20:00:00,0,2,3.0707045402710413,0.0,0.0,3.08859987046016,0.0,0.0,0.0,0.0,0.0,0,0.0,0.0,0.17932385491203445,7.75,0,0,Liverpool (H) · Brentford (A) · Bournemouth (H) · Chelsea (A),,,,,,,upcoming,0.7676761350677603,0.77214996761504
E0,Coventry,8,29,32,4,2027-03-13 15:00:00,2027-04-17 15:00:00,0,2,3.269319365942407,0.0,0.0,3.257149342263422,0.0,0.0,0.0,0.0,0.0,0,0.0,0.0,0.13842741890265067,7.75,0,0,Man City (H) · Brighton (A) · Arsenal (H) · Hull (A),,,,,,,upcoming,0.8173298414856017,0.8142873355658555
E0,Coventry,9,33,36,4,2027-04-24 15:00:00,2027-05-15 15:00:00,0,2,2.9245609164858766,0.0,0.0,3.066024228208841,0.0,0.0,0.0,0.0,0.0,0,0.0,0.0,0.20362268083864593,6.5,0,0,Aston Villa (A) · Man Utd (H) · Newcastle (A) · Tottenham (H),,,,,,,upcoming,0.7311402291214691,0.7665060570522102
E0,Coventry,10,37,38,2,2027-05-23 15:00:00,2027-05-30 16:00:00,0,1,2.095676583799756,0.0,0.0,2.0560673042928808,0.0,0.0,0.0,0.0,0.0,0,0.0,0.0,-0.1681704209781014,14.5,0,0,Fulham (A) · Nott'm Forest (H),,,,,,,upcoming,1.047838291899878,1.0280336521464404
E0,Crystal Palace,1,1,4,4,2026-08-22 15:00:00,2026-09-12 15:00:00,4,2,4.967596244982483,4.9675962449824835,6.1053002919016635,0.0,3.0,4.37,9.16,3.1118416641385984,3.797762955786739,3,6.0,11.0,-0.04936549895681297,11.75,0,0,Everton (A) · Man City (H) · Fulham (A) · Ipswich (H),-1.9675962449824835,-1.8557545808438851,-0.11184166413859842,-0.7963105511427548,-0.9695973083110541,0.4258515543818482,complete,1.2418990612456207,
E0,Crystal Palace,2,5,8,4,2026-09-20 14:00:00,2026-10-25 14:00:00,0,2,5.010252505241344,0.0,0.0,4.851049475554749,0.0,0.0,0.0,0.0,0.0,0,0.0,0.0,-0.06945767135564997,11.0,2,0,Leeds (A) · Nott'm Forest (H) · Brighton (A) · Newcastle (H),,,,,,,upcoming,1.252563126310336,1.2127623688886873
E0,Crystal Palace,3,9,12,4,2026-10-31 17:30:00,2026-11-28 15:00:00,0,2,5.348462640796297,0.0,0.0,5.233678163593847,0.0,0.0,0.0,0.0,0.0,0,0.0,0.0,-0.14891971221985495,11.75,2,0,Tottenham (A) · Liverpool (H) · Coventry (A) · Hull (H),,,,,,,upcoming,1.3371156601990744,1.3084195408984618
E0,Crystal Palace,4,13,16,4,2026-12-02 20:00:00,2026-12-19 15:00:00,0,1,3.7785992015718968,0.0,0.0,3.6859450027056777,0.0,0.0,0.0,0.0,0.0,0,0.0,0.0,0.18584208532871202,8.25,1,0,Chelsea (A) · Aston Villa (A) · Man Utd (H) · Sunderland (A),,,,,,,upcoming,0.9446498003929742,0.9214862506764194
E0,Crystal Palace,5,17,20,4,2026-12-27 19:00:00,2027-01-06 19:30:00,0,3,4.224052473857398,0.0,0.0,4.066085391396695,0.0,0.0,0.0,0.0,0.0,0,0.0,0.0,0.23319227024293915,7.25,0,0,Arsenal (H) · Bournemouth (H) · Brentford (A) · Chelsea (H),,,,,,,upcoming,1.0560131184643495,1.0165213478491737
E0,Crystal Palace,6,21,24,4,2027-01-16 15:00:00,2027-02-06 15:00:00,0,2,5.399228831308248,0.0,0.0,5.283235122008705,0.0,0.0,0.0,0.0,0.0,0,0.0,0.0,-0.14891971221985495,11.75,2,0,Liverpool (A) · Tottenham (H) · Hull (A) · Coventry (H),,,,,,,upcoming,1.349807207827062,1.3208087805021762
E0,Crystal Palace,7,25,28,4,2027-02-10 20:00:00,2027-03-03 20:00:00,0,2,4.644550486676213,0.0,0.0,4.451757172473938,0.0,0.0,0.0,0.0,0.0,0,0.0,0.0,0.06125884152135312,10.25,0,0,Brentford (H) · Bournemouth (A) · Sunderland (H) · Arsenal (A),,,,,,,upcoming,1.1611376216690532,1.1129392931184845
E0,Crystal Palace,8,29,32,4,2027-03-13 15:00:00,2027-04-17 15:00:00,0,2,5.046510616924792,0.0,0.0,4.86991538032413,0.0,0.0,0.0,0.0,0.0,0,0.0,0.0,-0.04936549895681297,11.75,0,0,Fulham (H) · Ipswich (A) · Everton (H) · Man City (A),,,,,,,upcoming,1.261627654231198,1.2174788450810325
E0,Crystal Palace,9,33,36,4,2027-04-24 15:00:00,2027-05-15 15:00:00,0,2,4.307501450200066,0.0,0.0,4.176538461763364,0.0,0.0,0.0,0.0,0.0,0,0.0,0.0,0.12747843167777118,8.0,0,0,Man Utd (A) · Aston Villa (H) · Nott'm Forest (A) · Brighton (H),,,,,,,upcoming,1.0768753625500165,1.044134615440841
E0,Crystal Palace,10,37,38,2,2027-05-23 15:00:00,2027-05-30 16:00:00,0,1,2.5566109234709296,0.0,0.0,2.5117877416022796,0.0,0.0,0.0,0.0,0.0,0,0.0,0.0,-0.0944307871223833,11.5,0,0,Newcastle (A) · Leeds (H),,,,,,,upcoming,1.2783054617354648,1.2558938708011398
E0,Everton,1,1,4,4,2026-08-22 15:00:00,2026-09-12 17:30:00,4,2,4.7942661276274094,4.7942661276274094,6.271647092957087,0.0,6.0,4.97,5.99,5.062880738901196,3.7201887623120315,3,5.0,3.0,0.0993590940433206,9.0,0,0,Crystal Palace (H) · Bournemouth (A) · Man Utd (H) · Tottenham (A),1.2057338723725906,0.2686146112737866,0.937119261098804,0.481460492053797,0.13847239410037135,0.6301892524656445,complete,1.1985665319068524,
E0,Everton,2,5,8,4,2026-09-19 15:00:00,2026-10-24 15:00:00,0,2,5.482358650118744,0.0,0.0,5.447816244325946,0.0,0.0,0.0,0.0,0.0,0,0.0,0.0,-0.05483413113563668,11.25,0,0,Ipswich (H) · Hull (A) · Chelsea (H) · Arsenal (A),,,,,,,upcoming,1.370589662529686,1.3619540610814864
E0,Everton,3,9,12,4,2026-11-02 20:00:00,2026-11-28 15:00:00,0,2,5.287049601921946,0.0,0.0,5.308962606832971,0.0,0.0,0.0,0.0,0.0,0,0.0,0.0,-0.0315648407853136,10.5,0,0,Newcastle (A) · Coventry (H) · Brentford (A) · Liverpool (H),,,,,,,upcoming,1.3217624004804864,1.3272406517082427
E0,Everton,4,13,16,4,2026-12-02 20:00:00,2026-12-19 15:00:00,0,1,4.988457800431279,0.0,0.0,4.957131724856419,0.0,0.0,0.0,0.0,0.0,0,0.0,0.0,-0.0384629779883443,11.0,0,0,Aston Villa (A) · Fulham (H) · Brighton (A) · Nott'm Forest (A),,,,,,,upcoming,1.2471144501078197,1.2392829312141047
E0,Everton,5,17,20,4,2026-12-26 15:00:00,2027-01-05 19:30:00,0,3,5.184623182345801,0.0,0.0,5.2096581210177435,0.0,0.0,0.0,0.0,0.0,0,0.0,0.0,0.08337494820862927,10.0,0,0,Sunderland (H) · Man City (H) · Leeds (A) · Aston Villa (H),,,,,,,upcoming,1.2961557955864502,1.3024145302544359
E0,Everton,6,21,24,4,2027-01-16 15:00:00,2027-02-06 15:00:00,0,2,5.3367658253351795,0.0,0.0,5.359798759449953,0.0,0.0,0.0,0.0,0.0,0,0.0,0.0,-0.03156484078531361,10.5,0,0,Coventry (A) · Brentford (H) · Liverpool (A) · Newcastle (H),,,,,,,upcoming,1.3341914563337949,1.3399496898624883
E0,Everton,7,25,28,4,2027-02-10 20:00:00,2027-03-03 20:00:00,0,2,5.185841463403515,0.0,0.0,5.13312740145247,0.0,0.0,0.0,0.0,0.0,0,0.0,0.0,0.015510437913464542,11.5,0,0,Leeds (H) · Sunderland (A) · Nott'm Forest (H) · Man City (A),,,,,,,upcoming,1.2964603658508786,1.2832818503631176
E0,Everton,8,29,32,4,2027-03-13 15:00:00,2027-04-17 15:00:00,0,2,4.815392231278777,0.0,0.0,4.861616953860457,0.0,0.0,0.0,0.0,0.0,0,0.0,0.0,0.0993590940433206,9.0,0,0,Man Utd (A) · Tottenham (H) · Crystal Palace (A) · Bournemouth (H),,,,,,,upcoming,1.2038480578196942,1.2154042384651143
E0,Everton,9,33,36,4,2027-04-24 15:00:00,2027-05-15 15:00:00,0,2,5.730971186414258,0.0,0.0,5.666608743408587,0.0,0.0,0.0,0.0,0.0,0,0.0,0.0,-0.14480286250926222,12.25,0,0,Brighton (H) · Fulham (A) · Hull (H) · Chelsea (A),,,,,,,upcoming,1.4327427966035644,1.4166521858521468
E0,Everton,10,37,38,2,2027-05-23 15:00:00,2027-05-30 16:00:00,0,1,2.4434266431120495,0.0,0.0,2.4226968814031595,0.0,0.0,0.0,0.0,0.0,0,0.0,0.0,0.08773836372869331,10.0,0,0,Arsenal (H) · Ipswich (A),,,,,,,upcoming,1.2217133215560247,1.2113484407015798
E0,Fulham,1,1,4,4,2026-08-24 20:00:00,2026-09-12 15:00:00,4,2,4.2986421413548,4.2986421413548,5.847737705560704,0.0,1.0,6.97,5.41,5.7763867750636635,2.852079574139119,3,4.0,7.0,0.11120305521709377,10.0,0,0,Chelsea (H) · Sunderland (A) · Crystal Palace (H) · Liverpool (A),-3.2986421413548,1.4777446337088636,-4.7763867750636635,-1.364084457853924,0.7889142913378192,0.1725409857590794,complete,1.0746605353387,
E0,Fulham,2,5,8,4,2026-09-20 16:30:00,2026-10-24 15:00:00,0,2,5.993324058647112,0.0,0.0,6.044599351647528,0.0,0.0,0.0,0.0,0.0,0,0.0,0.0,-0.3492157988475965,15.25,0,0,Man Utd (H) · Ipswich (A) · Hull (H) · Coventry (A),,,,,,,upcoming,1.498331014661778,1.511149837911882
E0,Fulham,3,9,12,4,2026-10-31 20:00:00,2026-11-28 15:00:00,0,2,4.124881522468683,0.0,0.0,4.293040070556067,0.0,0.0,0.0,0.0,0.0,0,0.0,0.0,0.16822674265401674,7.25,0,0,Aston Villa (A) · Newcastle (H) · Man City (A) · Bournemouth (H),,,,,,,upcoming,1.0312203806171707,1.0732600176390168
E0,Fulham,4,13,16,4,2026-12-02 20:00:00,2026-12-19 15:00:00,0,1,4.45365590341152,0.0,0.0,4.5936560139528195,0.0,0.0,0.0,0.0,0.0,0,0.0,0.0,-0.030214645568935026,10.5,0,0,Tottenham (A) · Everton (A) · Brentford (H) · Leeds (A),,,,,,,upcoming,1.11341397585288,1.1484140034882049
E0,Fulham,5,17,20,4,2026-12-26 15:00:00,2027-01-06 19:30:00,0,3,4.1984137498687675,0.0,0.0,4.320210619341265,0.0,0.0,0.0,0.0,0.0,0,0.0,0.0,0.21154740915089948,7.0,0,0,Brighton (H) · Arsenal (H) · Nott'm Forest (A) · Tottenham (H),,,,,,,upcoming,1.0496034374671919,1.0800526548353162
E0,Fulham,6,21,24,4,2027-01-16 15:00:00,2027-02-06 15:00:00,0,2,4.029782946340636,0.0,0.0,4.205052448308928,0.0,0.0,0.0,0.0,0.0,0,0.0,0.0,0.16822674265401674,7.25,0,0,Newcastle (A) · Aston Villa (H) · Bournemouth (A) · Man City (H),,,,,,,upcoming,1.007445736585159,1.051263112077232
E0,Fulham,7,25,28,4,2027-02-10 20:00:00,2027-03-03 20:00:00,0,2,4.365952155664983,0.0,0.0,4.426296260933689,0.0,0.0,0.0,0.0,0.0,0,0.0,0.0,0.11043004422329139,9.0,0,0,Nott'm Forest (H) · Arsenal (A) · Leeds (H) · Brighton (A),,,,,,,upcoming,1.0914880389162458,1.1065740652334222
E0,Fulham,8,29,32,4,2027-03-13 15:00:00,2027-04-17 15:00:00,0,2,4.291022073361207,0.0,0.0,4.455587811178864,0.0,0.0,0.0,0.0,0.0,0,0.0,0.0,0.11120305521709377,10.0,0,0,Crystal Palace (A) · Liverpool (H) · Chelsea (A) · Sunderland (H),,,,,,,upcoming,1.0727555183403017,1.113896952794716
E0,Fulham,9,33,36,4,2027-04-24 15:00:00,2027-05-15 15:00:00,0,2,6.110350275666917,0.0,0.0,6.162929151990453,0.0,0.0,0.0,0.0,0.0,0,0.0,0.0,-0.37932402251489855,15.25,0,0,Brentford (A) · Everton (H) · Ipswich (H) · Hull (A),,,,,,,upcoming,1.5275875689167293,1.5407322879976133
E0,Fulham,10,37,38,2,2027-05-23 15:00:00,2027-05-30 16:00:00,0,1,2.4492258818337835,0.0,0.0,2.48941519705542,0.0,0.0,0.0,0.0,0.0,0,0.0,0.0,-0.028280199962221197,11.0,0,0,Coventry (H) · Man Utd (A),,,,,,,upcoming,1.2246129409168918,1.24470759852771
E0,Hull,1,1,4,4,2026-08-22 12:30:00,2026-09-12 15:00:00,4,2,2.3494220399245425,2.3494220399245425,3.9350746195726987,0.0,8.0,3.6,5.7700000000000005,3.904125260080585,1.7497198962998652,3,5.0,2.0,0.12763784321597332,8.5,0,0,Man Utd (H) · Coventry (A) · Aston Villa (H) · Chelsea (A),5.6505779600754575,1.5547032201560427,4.095874739919415,2.848501058049748,1.0118016581919245,0.0043925707309011575,complete,0.5873555099811356,
E0,Hull,2,5,8,4,2026-09-19 15:00:00,2026-10-25 14:00:00,0,2,2.9379662056961844,0.0,0.0,3.038422112358893,0.0,0.0,0.0,0.0,0.0,0,0.0,0.0,-0.1018931148874747,11.75,0,0,Newcastle (A) · Everton (H) · Fulham (A) · Brentford (H),,,,,,,upcoming,0.7344915514240461,0.7596055280897233
E0,Hull,3,9,12,4,2026-10-31 15:00:00,2026-11-28 15:00:00,0,2,2.8660034560643988,0.0,0.0,2.9601696595645666,0.0,0.0,0.0,0.0,0.0,0,0.0,0.0,0.0044768027067043845,10.75,0,0,Ipswich (H) · Arsenal (A) · Brighton (H) · Crystal Palace (A),,,,,,,upcoming,0.7165008640160997,0.7400424148911416
E0,Hull,4,13,16,4,2026-12-02 20:00:00,2026-12-19 15:00:00,0,2,2.297509701406068,0.0,0.0,2.3976053144859826,0.0,0.0,0.0,0.0,0.0,0,0.0,0.0,0.16161130399952128,8.0,0,0,Nott'm Forest (H) · Bournemouth (A) · Tottenham (H) · Man City (A),,,,,,,upcoming,0.574377425351517,0.5994013286214956
E0,Hull,5,17,20,4,2026-12-26 17:30:00,2027-01-05 19:30:00,0,2,2.7110964967547297,0.0,0.0,2.792419299197789,0.0,0.0,0.0,0.0,0.0,0,0.0,0.0,-0.01921608913282178,11.75,0,0,Liverpool (H) · Leeds (H) · Sunderland (A) · Nott'm Forest (A),,,,,,,upcoming,0.6777741241886824,0.6981048247994472
E0,Hull,6,21,24,4,2027-01-16 15:00:00,2027-02-06 15:00:00,0,2,2.720271473525539,0.0,0.0,2.8274470966193563,0.0,0.0,0.0,0.0,0.0,0,0.0,0.0,0.0044768027067043845,10.75,0,0,Arsenal (H) · Ipswich (A) · Crystal Palace (H) · Brighton (A),,,,,,,upcoming,0.6800678683813848,0.7068617741548391
E0,Hull,7,25,28,4,2027-02-10 20:00:00,2027-03-03 20:00:00,0,2,2.299730926796978,0.0,0.0,2.3915304971177624,0.0,0.0,0.0,0.0,0.0,0,0.0,0.0,0.1679701574114899,9.0,0,0,Sunderland (H) · Liverpool (A) · Man City (H) · Leeds (A),,,,,,,upcoming,0.5749327316992445,0.5978826242794406
E0,Hull,8,29,32,4,2027-03-13 15:00:00,2027-04-17 15:00:00,0,2,2.440608555530328,0.0,0.0,2.5800299609019968,0.0,0.0,0.0,0.0,0.0,0,0.0,0.0,0.12763784321597332,8.5,0,0,Aston Villa (A) · Chelsea (H) · Man Utd (A) · Coventry (H),,,,,,,upcoming,0.610152138882582,0.6450074902254992
E0,Hull,9,33,36,4,2027-04-24 15:00:00,2027-05-15 15:00:00,0,2,2.803932764054486,0.0,0.0,2.8918162822277704,0.0,0.0,0.0,0.0,0.0,0,0.0,0.0,-0.039439796307101496,10.75,0,0,Tottenham (A) · Bournemouth (H) · Everton (A) · Fulham (H),,,,,,,upcoming,0.7009831910136215,0.7229540705569426
E0,Hull,10,37,38,2,2027-05-23 15:00:00,2027-05-30 16:00:00,0,1,1.3921613957555392,0.0,0.0,1.464174346793921,0.0,0.0,0.0,0.0,0.0,0,0.0,0.0,-0.055600644701866854,10.5,0,0,Brentford (A) · Newcastle (H),,,,,,,upcoming,0.6960806978777696,0.7320871733969605
E0,Ipswich,1,1,4,4,2026-08-22 15:00:00,2026-09-12 15:00:00,4,2,3.2241036121888644,3.2241036121888644,4.904491938289995,0.0,6.0,5.13,6.87,5.415382494041253,2.796087997414089,3,7.0,10.0,0.11914582149223935,9.75,0,0,Sunderland (H) · Man Utd (A) · Liverpool (H) · Crystal Palace (A),2.7758963878111356,2.191278881852389,0.5846175059587466,1.2534477619955855,1.2773944226278533,0.210042798727458,complete,0.8060259030472161,
E0,Ipswich,2,5,8,4,2026-09-19 15:00:00,2026-10-23 20:00:00,0,2,3.495629522676603,0.0,0.0,3.5125423753473464,0.0,0.0,0.0,0.0,0.0,0,0.0,0.0,0.05286551523354025,10.25,0,0,Everton (A) · Fulham (H) · Man City (A) · Nott'm Forest (H),,,,,,,upcoming,0.8739073806691507,0.8781355938368366
E0,Ipswich,3,9,12,4,2026-10-31 15:00:00,2026-11-28 15:00:00,0,2,4.042117094844488,0.0,0.0,4.1318882699013795,0.0,0.0,0.0,0.0,0.0,0,0.0,0.0,-0.1303271781515282,11.0,0,0,Hull (A) · Bournemouth (H) · Tottenham (A) · Aston Villa (H),,,,,,,upcoming,1.010529273711122,1.0329720674753449
E0,Ipswich,4,13,16,4,2026-12-02 20:00:00,2026-12-19 15:00:00,0,1,3.805526035318649,0.0,0.0,3.8785627157602267,0.0,0.0,0.0,0.0,0.0,0,0.0,0.0,-0.16545397051382535,12.25,0,0,Coventry (A) · Leeds (A) · Newcastle (H) · Brighton (A),,,,,,,upcoming,0.9513815088296622,0.9696406789400567
E0,Ipswich,5,17,20,4,2026-12-26 15:00:00,2027-01-06 19:30:00,0,3,3.5955947755602438,0.0,0.0,3.6558613898584778,0.0,0.0,0.0,0.0,0.0,0,0.0,0.0,0.13000452697175177,9.0,0,0,Brentford (H) · Chelsea (H) · Arsenal (A) · Coventry (H),,,,,,,upcoming,0.8988986938900609,0.9139653474646194
E0,Ipswich,6,21,24,4,2027-01-16 15:00:00,2027-02-06 15:00:00,0,2,4.064247893347666,0.0,0.0,4.153464295874101,0.0,0.0,0.0,0.0,0.0,0,0.0,0.0,-0.1303271781515282,11.0,0,0,Bournemouth (A) · Hull (H) · Aston Villa (A) · Tottenham (H),,,,,,,upcoming,1.0160619733369165,1.0383660739685252
E0,Ipswich,7,25,28,4,2027-02-10 20:00:00,2027-03-03 20:00:00,0,2,2.736631682277476,0.0,0.0,2.781668906501686,0.0,0.0,0.0,0.0,0.0,0,0.0,0.0,0.26398648710969896,6.5,0,0,Arsenal (H) · Chelsea (A) · Brighton (H) · Brentford (A),,,,,,,upcoming,0.684157920569369,0.6954172266254215
E0,Ipswich,8,29,32,4,2027-03-13 15:00:00,2027-04-17 15:00:00,0,2,3.2235185457740663,0.0,0.0,3.313547227505844,0.0,0.0,0.0,0.0,0.0,0,0.0,0.0,0.11914582149223935,9.75,0,0,Liverpool (A) · Crystal Palace (H) · Sunderland (A) · Man Utd (H),,,,,,,upcoming,0.8058796364435166,0.828386806876461
E0,Ipswich,9,33,36,4,2027-04-24 15:00:00,2027-05-15 15:00:00,0,2,3.376269080955402,0.0,0.0,3.4449269463269427,0.0,0.0,0.0,0.0,0.0,0,0.0,0.0,0.055885642494069326,10.25,0,0,Newcastle (A) · Leeds (H) · Fulham (A) · Man City (H),,,,,,,upcoming,0.8440672702388505,0.8612317365817357
E0,Ipswich,10,37,38,2,2027-05-23 15:00:00,2027-05-30 16:00:00,0,1,1.9319004133106712,0.0,0.0,1.9455769762965247,0.0,0.0,0.0,0.0,0.0,0,0.0,0.0,-0.10047104164344145,11.5,0,0,Nott'm Forest (A) · Everton (H),,,,,,,upcoming,0.9659502066553356,0.9727884881482624
E0,Leeds,1,1,4,4,2026-08-22 15:00:00,2026-09-14 20:00:00,4,2,4.992560466107625,4.992560466107625,6.509512759602267,0.0,8.0,5.85,5.85,5.476901350330082,4.01856641953303,3,7.0,3.0,-0.05004260014539175,10.5,0,0,Nott'm Forest (A) · Brentford (H) · Brighton (A) · Newcastle (H),3.0074395338923754,0.48434088422245747,2.523098649669918,1.1787525983691913,0.24507627109389818,0.2384967044508124,complete,1.2481401165269062,
E0,Leeds,2,5,8,4,2026-09-20 14:00:00,2026-10-25 16:30:00,0,2,4.272954727842716,0.0,0.0,4.312776735704569,0.0,0.0,0.0,0.0,0.0,0,0.0,0.0,0.173014236823144,9.25,0,0,Crystal Palace (H) · Arsenal (A) · Man Utd (H) · Sunderland (A),,,,,,,upcoming,1.068238681960679,1.0781941839261422
E0,Leeds,3,9,12,4,2026-10-31 15:00:00,2026-11-28 15:00:00,0,2,4.807192294701945,0.0,0.0,4.85833973287432,0.0,0.0,0.0,0.0,0.0,0,0.0,0.0,0.012570129973183602,10.0,0,0,Bournemouth (A) · Tottenham (H) · Chelsea (A) · Coventry (H),,,,,,,upcoming,1.2017980736754863,1.21458493321858
E0,Leeds,4,13,16,4,2026-12-02 20:00:00,2026-12-19 15:00:00,0,2,4.624844073818869,0.0,0.0,4.619729149599906,0.0,0.0,0.0,0.0,0.0,0,0.0,0.0,0.09310180258870296,10.0,0,0,Man City (A) · Ipswich (H) · Liverpool (A) · Fulham (H),,,,,,,upcoming,1.1562110184547172,1.1549322873999766
E0,Leeds,5,17,20,4,2026-12-26 12:30:00,2027-01-06 20:15:00,0,2,4.957154568464601,0.0,0.0,4.999935222066534,0.0,0.0,0.0,0.0,0.0,0,0.0,0.0,-0.028029448658377032,9.75,0,0,Aston Villa (A) · Hull (A) · Everton (H) · Man City (H),,,,,,,upcoming,1.2392886421161502,1.2499838055166335
E0,Leeds,6,21,24,4,2027-01-16 15:00:00,2027-02-06 15:00:00,0,2,4.781932035898239,0.0,0.0,4.832923130415602,0.0,0.0,0.0,0.0,0.0,0,0.0,0.0,0.012570129973183599,10.0,0,0,Tottenham (A) · Chelsea (H) · Coventry (A) · Bournemouth (H),,,,,,,upcoming,1.1954830089745598,1.2082307826039005
E0,Leeds,7,25,28,4,2027-02-10 20:00:00,2027-03-03 20:00:00,0,2,5.704550870028103,0.0,0.0,5.714914050989476,0.0,0.0,0.0,0.0,0.0,0,0.0,0.0,-0.23907296691750923,13.25,0,0,Everton (A) · Aston Villa (H) · Fulham (A) · Hull (H),,,,,,,upcoming,1.4261377175070258,1.428728512747369
E0,Leeds,8,29,32,4,2027-03-13 15:00:00,2027-04-17 15:00:00,0,2,4.9905304311354834,0.0,0.0,4.9910071137312375,0.0,0.0,0.0,0.0,0.0,0,0.0,0.0,-0.05004260014539175,10.5,0,0,Brighton (H) · Newcastle (A) · Nott'm Forest (H) · Brentford (A),,,,,,,upcoming,1.2476326077838709,1.2477517784328094
E0,Leeds,9,33,36,4,2027-04-24 15:00:00,2027-05-15 15:00:00,0,2,3.84671875331566,0.0,0.0,3.866982340639379,0.0,0.0,0.0,0.0,0.0,0,0.0,0.0,0.2781851005394368,6.75,0,0,Liverpool (H) · Ipswich (A) · Arsenal (H) · Man Utd (A),,,,,,,upcoming,0.961679688328915,0.9667455851598448
E0,Leeds,10,37,38,2,2027-05-23 15:00:00,2027-05-30 16:00:00,0,1,2.844409520823257,0.0,0.0,2.8725407336648447,0.0,0.0,0.0,0.0,0.0,0,0.0,0.0,-0.23034019436570155,16.0,0,0,Sunderland (H) · Crystal Palace (A),,,,,,,upcoming,1.4222047604116286,1.4362703668324224
E0,Liverpool,1,1,4,4,2026-08-23 16:30:00,2026-09-12 15:00:00,4,2,8.171248170682691,8.171248170682691,5.897134279579303,0.0,6.0,7.46,5.48,6.411855407970995,6.027974622020087,3,6.0,4.0,-0.22010374420364542,14.25,0,0,Newcastle (A) · Nott'm Forest (H) · Ipswich (A) · Fulham (H),-2.1712481706826914,-1.7593927627116965,-0.41185540797099485,-0.8941058925868306,-0.935333883689933,0.37126523681964807,complete,2.042812042670673,
E0,Liverpool,2,5,8,4,2026-09-20 14:00:00,2026-10-25 14:00:00,0,2,6.91432190186225,0.0,0.0,6.786241927294636,0.0,0.0,0.0,0.0,0.0,0,0.0,0.0,0.11789467126194328,8.25,2,0,Bournemouth (A) · Man City (H) · Brentford (A) · Brighton (H),,,,,,,upcoming,1.7285804754655625,1.696560481823659
E0,Liverpool,3,9,12,4,2026-11-01 16:30:00,2026-11-28 15:00:00,0,2,6.516440506093637,0.0,0.0,6.464664734294113,0.0,0.0,0.0,0.0,0.0,0,0.0,0.0,0.22079871182109012,7.5,2,0,Arsenal (H) · Crystal Palace (A) · Man Utd (H) · Everton (A),,,,,,,upcoming,1.6291101265234091,1.6161661835735281
E0,Liverpool,4,13,16,4,2026-12-02 20:00:00,2026-12-19 15:00:00,0,3,7.4565417412585,0.0,0.0,7.428106143305768,0.0,0.0,0.0,0.0,0.0,0,0.0,0.0,0.05015505393596015,10.5,1,0,Sunderland (H) · Chelsea (A) · Leeds (H) · Tottenham (H),,,,,,,upcoming,1.864135435314625,1.857026535826442
E0,Liverpool,5,17,20,4,2026-12-26 17:30:00,2027-01-05 20:15:00,0,1,8.286170465030553,0.0,0.0,8.203460770035221,0.0,0.0,0.0,0.0,0.0,0,0.0,0.0,-0.35899646935881013,15.5,0,0,Hull (A) · Aston Villa (A) · Coventry (H) · Sunderland (A),,,,,,,upcoming,2.0715426162576382,2.0508651925088053
E0,Liverpool,6,21,24,4,2027-01-16 15:00:00,2027-02-06 15:00:00,0,2,6.489606403163382,0.0,0.0,6.442622509037383,0.0,0.0,0.0,0.0,0.0,0,0.0,0.0,0.22079871182109012,7.5,2,0,Crystal Palace (H) · Man Utd (A) · Everton (H) · Arsenal (A),,,,,,,upcoming,1.6224016007908455,1.6106556272593457
E0,Liverpool,7,25,28,4,2027-02-10 20:00:00,2027-03-03 20:00:00,0,2,8.08111062061961,0.0,0.0,8.069006006691865,0.0,0.0,0.0,0.0,0.0,0,0.0,0.0,-0.23351492142271557,12.75,0,0,Coventry (A) · Hull (H) · Tottenham (A) · Aston Villa (H),,,,,,,upcoming,2.0202776551549024,2.017251501672966
E0,Liverpool,8,29,32,4,2027-03-13 15:00:00,2027-04-17 15:00:00,0,2,8.13949232719648,0.0,0.0,8.025217603851344,0.0,0.0,0.0,0.0,0.0,0,0.0,0.0,-0.22010374420364542,14.25,0,0,Ipswich (H) · Fulham (A) · Newcastle (H) · Nott'm Forest (A),,,,,,,upcoming,2.03487308179912,2.006304400962836
E0,Liverpool,9,33,36,4,2027-04-24 15:00:00,2027-05-15 15:00:00,0,2,6.615390364106652,0.0,0.0,6.551214185293615,0.0,0.0,0.0,0.0,0.0,0,0.0,0.0,0.19343106380835864,8.25,0,0,Leeds (A) · Chelsea (H) · Man City (A) · Brentford (H),,,,,,,upcoming,1.653847591026663,1.6378035463234037
E0,Liverpool,10,37,38,2,2027-05-23 15:00:00,2027-05-30 16:00:00,0,1,3.735504220398932,0.0,0.0,3.6559681169902882,0.0,0.0,0.0,0.0,0.0,0,0.0,0.0,-0.030101667362892652,9.5,0,0,Brighton (A) · Bournemouth (H),,,,,,,upcoming,1.867752110199466,1.8279840584951441
E0,Man City,1,1,4,4,2026-08-23 14:00:00,2026-09-13 16:30:00,4,2,8.088625209824235,8.088625209824233,5.536429373245616,0.0,12.0,6.63,2.78,7.9645632944372124,5.723680437006438,3,8.0,2.0,-0.08432669600551268,12.0,1,0,Bournemouth (H) · Crystal Palace (A) · Coventry (H) · Man Utd (A),3.911374790175767,-0.1240619153870206,4.0354367055627876,1.6623196944267273,-0.068068781237706,0.09644869100285725,complete,2.0221563024560587,
E0,Man City,2,5,8,4,2026-09-20 14:00:00,2026-10-24 12:30:00,0,2,7.883092369975403,0.0,0.0,7.886511019001206,0.0,0.0,0.0,0.0,0.0,0,0.0,0.0,-0.04015471899106013,11.5,2,0,Sunderland (H) · Liverpool (A) · Ipswich (H) · Aston Villa (A),,,,,,,upcoming,1.9707730924938507,1.9716277547503016
E0,Man City,3,9,12,4,2026-10-31 15:00:00,2026-11-28 15:00:00,0,2,7.4651345086934615,0.0,0.0,7.371466052506752,0.0,0.0,0.0,0.0,0.0,0,0.0,0.0,0.10000064654542101,9.5,2,0,Brighton (H) · Nott'm Forest (A) · Fulham (H) · Arsenal (A),,,,,,,upcoming,1.8662836271733654,1.842866513126688
E0,Man City,4,13,16,4,2026-12-02 20:00:00,2026-12-19 15:00:00,0,3,8.609825434705375,0.0,0.0,8.554979483401924,0.0,0.0,0.0,0.0,0.0,0,0.0,0.0,-0.16637192863785558,12.75,1,0,Leeds (H) · Brentford (A) · Chelsea (H) · Hull (H),,,,,,,upcoming,2.1524563586763437,2.138744870850481
E0,Man City,5,17,20,4,2026-12-26 20:00:00,2027-01-06 20:15:00,0,1,7.618997648287196,0.0,0.0,7.64968244287756,0.0,0.0,0.0,0.0,0.0,0,0.0,0.0,-0.00976142349225445,9.75,0,0,Newcastle (A) · Everton (A) · Tottenham (H) · Leeds (A),,,,,,,upcoming,1.904749412071799,1.91242061071939
E0,Man City,6,21,24,4,2027-01-16 15:00:00,2027-02-06 15:00:00,0,2,7.489290933598498,0.0,0.0,7.386362181363166,0.0,0.0,0.0,0.0,0.0,0,0.0,0.0,0.10000064654542101,9.5,2,0,Nott'm Forest (H) · Brighton (A) · Arsenal (H) · Fulham (A),,,,,,,upcoming,1.8723227333996244,1.8465905453407916
E0,Man City,7,25,28,4,2027-02-10 20:00:00,2027-03-03 20:00:00,0,2,8.41932638032931,0.0,0.0,8.42525081632244,0.0,0.0,0.0,0.0,0.0,0,0.0,0.0,-0.16895029535720685,11.25,0,0,Tottenham (A) · Newcastle (H) · Hull (A) · Everton (H),,,,,,,upcoming,2.1048315950823273,2.10631270408061
E0,Man City,8,29,32,4,2027-03-13 15:00:00,2027-04-17 15:00:00,0,2,8.16396509552869,0.0,0.0,8.107862744443109,0.0,0.0,0.0,0.0,0.0,0,0.0,0.0,-0.0843266960055127,12.0,0,0,Coventry (A) · Man Utd (H) · Bournemouth (A) · Crystal Palace (H),,,,,,,upcoming,2.0409912738821725,2.026965686110777
E0,Man City,9,33,36,4,2027-04-24 15:00:00,2027-05-15 15:00:00,0,2,7.572696449177082,0.0,0.0,7.556860206105833,0.0,0.0,0.0,0.0,0.0,0,0.0,0.0,0.06990139660866923,9.75,0,0,Chelsea (A) · Brentford (H) · Liverpool (H) · Ipswich (A),,,,,,,upcoming,1.8931741122942705,1.8892150515264583
E0,Man City,10,37,38,2,2027-05-23 15:00:00,2027-05-30 16:00:00,0,1,4.060325139821751,0.0,0.0,4.064479165145576,0.0,0.0,0.0,0.0,0.0,0,0.0,0.0,-0.06031097104900421,12.0,0,0,Aston Villa (H) · Sunderland (A),,,,,,,upcoming,2.0301625699108756,2.032239582572788
E0,Man Utd,1,1,4,4,2026-08-22 12:30:00,2026-09-13 16:30:00,4,2,7.844849300202627,7.844849300202627,5.641010602769218,0.0,4.0,8.19,3.71,7.429309469474164,5.7425596484531525,3,7.0,7.0,-0.19812497314389496,12.75,1,0,Hull (A) · Ipswich (H) · Everton (A) · Man City (H),-3.844849300202627,-0.4155398307284628,-3.4293094694741644,-1.618828583875506,-0.22587001220669803,0.10548415018106683,complete,1.9612123250506568,
E0,Man Utd,2,5,8,4,2026-09-20 16:30:00,2026-10-25 14:00:00,0,2,7.453618564699191,0.0,0.0,7.449911161254089,0.0,0.0,0.0,0.0,0.0,0,0.0,0.0,-0.06286008829656108,11.75,2,0,Fulham (A) · Tottenham (H) · Leeds (A) · Bournemouth (H),,,,,,,upcoming,1.8634046411747978,1.8624777903135223
E0,Man Utd,3,9,12,4,2026-10-31 12:30:00,2026-11-28 15:00:00,0,2,6.270207895662887,0.0,0.0,6.370614572187097,0.0,0.0,0.0,0.0,0.0,0,0.0,0.0,0.2399969210941872,6.75,2,0,Chelsea (A) · Aston Villa (H) · Liverpool (A) · Brentford (H),,,,,,,upcoming,1.5675519739157218,1.5926536430467741
E0,Man Utd,4,13,16,4,2026-12-02 20:00:00,2026-12-19 15:00:00,0,1,6.830143495443616,0.0,0.0,6.908233518265796,0.0,0.0,0.0,0.0,0.0,0,0.0,0.0,-0.0008337239909009253,10.75,1,0,Newcastle (A) · Coventry (H) · Crystal Palace (A) · Arsenal (A),,,,,,,upcoming,1.707535873860904,1.727058379566449
E0,Man Utd,5,17,20,4,2026-12-27 16:30:00,2027-01-07 20:00:00,0,3,7.868123066249743,0.0,0.0,7.85923985395569,0.0,0.0,0.0,0.0,0.0,0,0.0,0.0,-0.09382185436413651,11.75,0,0,Nott'm Forest (H) · Sunderland (H) · Brighton (A) · Newcastle (H),,,,,,,upcoming,1.9670307665624358,1.9648099634889225
E0,Man Utd,6,21,24,4,2027-01-16 15:00:00,2027-02-06 15:00:00,0,2,6.280358373323743,0.0,0.0,6.383951406885526,0.0,0.0,0.0,0.0,0.0,0,0.0,0.0,0.2399969210941872,6.75,2,0,Aston Villa (A) · Liverpool (H) · Brentford (A) · Chelsea (H),,,,,,,upcoming,1.5700895933309358,1.5959878517213815
E0,Man Utd,7,25,28,4,2027-02-10 20:00:00,2027-03-03 20:00:00,0,2,6.876041799594042,0.0,0.0,6.8359088487627275,0.0,0.0,0.0,0.0,0.0,0,0.0,0.0,0.08606586121480489,9.75,0,0,Brighton (H) · Nott'm Forest (A) · Arsenal (H) · Sunderland (A),,,,,,,upcoming,1.7190104498985106,1.7089772121906819
E0,Man Utd,8,29,32,4,2027-03-13 15:00:00,2027-04-17 15:00:00,0,2,7.799233239657259,0.0,0.0,7.772450111490452,0.0,0.0,0.0,0.0,0.0,0,0.0,0.0,-0.19812497314389496,12.75,0,0,Everton (H) · Man City (A) · Hull (H) · Ipswich (A),,,,,,,upcoming,1.9498083099143146,1.943112527872613
E0,Man Utd,9,33,36,4,2027-04-24 15:00:00,2027-05-15 15:00:00,0,2,8.100787611030174,0.0,0.0,8.101389012643393,0.0,0.0,0.0,0.0,0.0,0,0.0,0.0,-0.23983870799375778,14.5,0,0,Crystal Palace (H) · Coventry (A) · Bournemouth (A) · Leeds (H),,,,,,,upcoming,2.0251969027575436,2.0253472531608483
E0,Man Utd,10,37,38,2,2027-05-23 15:00:00,2027-05-30 16:00:00,0,1,3.5708401680659447,0.0,0.0,3.6001533716828282,0.0,0.0,0.0,0.0,0.0,0,0.0,0.0,0.007208560803214456,11.0,0,0,Tottenham (A) · Fulham (H),,,,,,,upcoming,1.7854200840329724,1.8000766858414141
E0,Newcastle,1,1,4,4,2026-08-23 16:30:00,2026-09-14 20:00:00,4,2,4.986682510682788,4.986682510682788,6.4038746723442,0.0,5.0,3.6799999999999997,8.11,2.973693616170107,3.474886239795011,3,7.0,8.0,0.11345690291628482,8.5,0,0,Liverpool (H) · Tottenham (A) · Bournemouth (H) · Leeds (A),0.013317489317212328,-2.012988894512681,2.026306383829893,0.00526260707335875,-1.0269382774407998,0.9958010664482047,complete,1.246670627670697,
E0,Newcastle,2,5,8,4,2026-09-19 15:00:00,2026-10-25 14:00:00,0,2,6.688816677911348,0.0,0.0,6.598516983331858,0.0,0.0,0.0,0.0,0.0,0,0.0,0.0,-0.33835451367655744,15.0,0,0,Hull (H) · Coventry (A) · Aston Villa (H) · Crystal Palace (A),,,,,,,upcoming,1.672204169477837,1.6496292458329644
E0,Newcastle,3,9,12,4,2026-11-02 20:00:00,2026-11-28 15:00:00,0,2,5.0093385977378,0.0,0.0,4.8290459399756545,0.0,0.0,0.0,0.0,0.0,0,0.0,0.0,0.10999306449793042,8.75,0,0,Everton (H) · Fulham (A) · Arsenal (H) · Brighton (A),,,,,,,upcoming,1.25233464943445,1.2072614849939136
E0,Newcastle,4,13,16,4,2026-12-02 20:00:00,2026-12-19 15:00:00,0,2,5.8551554665348435,0.0,0.0,5.657715019691683,0.0,0.0,0.0,0.0,0.0,0,0.0,0.0,-0.1124076136596472,13.0,0,0,Man Utd (H) · Sunderland (H) · Ipswich (A) · Brentford (A),,,,,,,upcoming,1.4637888666337109,1.4144287549229206
E0,Newcastle,5,17,20,4,2026-12-26 20:00:00,2027-01-07 20:00:00,0,2,4.164990008203637,0.0,0.0,4.036067129336865,0.0,0.0,0.0,0.0,0.0,0,0.0,0.0,0.3429558786232957,6.0,0,0,Man City (H) · Nott'm Forest (H) · Chelsea (A) · Man Utd (A),,,,,,,upcoming,1.0412475020509093,1.0090167823342162
E0,Newcastle,6,21,24,4,2027-01-16 15:00:00,2027-02-06 15:00:00,0,2,5.076545495209253,0.0,0.0,4.905976948276589,0.0,0.0,0.0,0.0,0.0,0,0.0,0.0,0.10999306449793042,8.75,0,0,Fulham (H) · Arsenal (A) · Brighton (H) · Everton (A),,,,,,,upcoming,1.2691363738023131,1.2264942370691472
E0,Newcastle,7,25,28,4,2027-02-10 20:00:00,2027-03-03 20:00:00,0,2,4.681401343933515,0.0,0.0,4.5428518385233065,0.0,0.0,0.0,0.0,0.0,0,0.0,0.0,0.20685893784530882,8.0,0,0,Chelsea (H) · Man City (A) · Brentford (H) · Nott'm Forest (A),,,,,,,upcoming,1.1703503359833787,1.1357129596308266
E0,Newcastle,8,29,32,4,2027-03-13 15:00:00,2027-04-17 15:00:00,0,2,5.0133053418267846,0.0,0.0,4.9089333895918825,0.0,0.0,0.0,0.0,0.0,0,0.0,0.0,0.11345690291628482,8.5,0,0,Bournemouth (A) · Leeds (H) · Liverpool (A) · Tottenham (H),,,,,,,upcoming,1.2533263354566961,1.2272333473979706
E0,Newcastle,9,33,36,4,2027-04-24 15:00:00,2027-05-15 15:00:00,0,2,6.528339386440102,0.0,0.0,6.392112807159278,0.0,0.0,0.0,0.0,0.0,0,0.0,0.0,-0.28861073764726086,15.25,0,0,Ipswich (H) · Sunderland (A) · Coventry (H) · Aston Villa (A),,,,,,,upcoming,1.6320848466100255,1.5980282017898195
E0,Newcastle,10,37,38,2,2027-05-23 15:00:00,2027-05-30 16:00:00,0,1,3.677755150190864,0.0,0.0,3.6121739703250664,0.0,0.0,0.0,0.0,0.0,0,0.0,0.0,-0.49998957207863326,17.5,0,0,Crystal Palace (H) · Hull (A),,,,,,,upcoming,1.838877575095432,1.8060869851625332
E0,Nott'm Forest,1,1,4,4,2026-08-22 15:00:00,2026-09-12 15:00:00,4,2,4.402043344714281,4.402043344714281,5.926476469574466,0.0,5.0,6.41,4.94,6.229233795562365,3.283262361970959,3,4.0,4.0,0.17412996909843753,7.5,0,0,Leeds (H) · Liverpool (A) · Tottenham (H) · Aston Villa (A),0.597956655285719,1.827190450848084,-1.2292337955623651,0.24562435187578535,0.9689690591135158,0.8059730365579254,complete,1.1005108361785703,
E0,Nott'm Forest,2,5,8,4,2026-09-19 17:30:00,2026-10-23 20:00:00,0,2,5.544664265663066,0.0,0.0,5.654771438600342,0.0,0.0,0.0,0.0,0.0,0,0.0,0.0,-0.12950515743124283,13.25,0,0,Coventry (H) · Crystal Palace (A) · Arsenal (H) · Ipswich (A),,,,,,,upcoming,1.3861660664157665,1.4136928596500855
E0,Nott'm Forest,3,9,12,4,2026-10-31 15:00:00,2026-11-28 15:00:00,0,2,4.203916213281168,0.0,0.0,4.293608843105696,0.0,0.0,0.0,0.0,0.0,0,0.0,0.0,0.21405038195832082,7.5,0,0,Brentford (A) · Man City (H) · Bournemouth (A) · Chelsea (H),,,,,,,upcoming,1.050979053320292,1.073402210776424
E0,Nott'm Forest,4,13,16,4,2026-12-02 20:00:00,2026-12-19 15:00:00,0,2,6.098342231661119,0.0,0.0,6.13620370139491,0.0,0.0,0.0,0.0,0.0,0,0.0,0.0,-0.2828866015635183,13.75,0,0,Hull (A) · Brighton (H) · Sunderland (A) · Everton (H),,,,,,,upcoming,1.5245855579152798,1.5340509253487276
E0,Nott'm Forest,5,17,20,4,2026-12-27 16:30:00,2027-01-05 19:30:00,0,2,5.615293098258636,0.0,0.0,5.678598989883288,0.0,0.0,0.0,0.0,0.0,0,0.0,0.0,-0.14840533796389982,12.25,0,0,Man Utd (A) · Newcastle (A) · Fulham (H) · Hull (H),,,,,,,upcoming,1.403823274564659,1.419649747470822
E0,Nott'm Forest,6,21,24,4,2027-01-16 15:00:00,2027-02-06 15:00:00,0,2,4.317938389832819,0.0,0.0,4.398756809587255,0.0,0.0,0.0,0.0,0.0,0,0.0,0.0,0.2140503819583208,7.5,0,0,Man City (A) · Bournemouth (H) · Chelsea (A) · Brentford (H),,,,,,,upcoming,1.0794845974582048,1.0996892023968137
E0,Nott'm Forest,7,25,28,4,2027-02-10 20:00:00,2027-03-03 20:00:00,0,2,4.874528128805438,0.0,0.0,4.982588951263164,0.0,0.0,0.0,0.0,0.0,0,0.0,0.0,0.03420382589051215,9.75,0,0,Fulham (A) · Man Utd (H) · Everton (A) · Newcastle (H),,,,,,,upcoming,1.2186320322013595,1.245647237815791
E0,Nott'm Forest,8,29,32,4,2027-03-13 15:00:00,2027-04-17 15:00:00,0,2,4.354717261309506,0.0,0.0,4.565773297764043,0.0,0.0,0.0,0.0,0.0,0,0.0,0.0,0.17412996909843753,7.5,0,0,Tottenham (A) · Aston Villa (H) · Leeds (A) · Liverpool (H),,,,,,,upcoming,1.0886793153273766,1.1414433244410107
E0,Nott'm Forest,9,33,36,4,2027-04-24 15:00:00,2027-05-15 15:00:00,0,2,4.863904114739411,0.0,0.0,4.966458700266414,0.0,0.0,0.0,0.0,0.0,0,0.0,0.0,0.06891575985162093,10.25,0,0,Sunderland (H) · Brighton (A) · Crystal Palace (H) · Arsenal (A),,,,,,,upcoming,1.2159760286848527,1.2416146750666035
E0,Nott'm Forest,10,37,38,2,2027-05-23 15:00:00,2027-05-30 16:00:00,0,1,3.505698513997031,0.0,0.0,3.5294557237311777,0.0,0.0,0.0,0.0,0.0,0,0.0,0.0,-0.5169105042455175,18.5,0,0,Ipswich (H) · Coventry (A),,,,,,,upcoming,1.7528492569985155,1.7647278618655888
E0,Sunderland,1,1,4,4,2026-08-22 15:00:00,2026-09-12 20:00:00,4,2,4.621590272798727,4.621590272798727,6.061043403358371,0.0,4.0,6.24,5.49,5.92619386618861,3.58923515128493,3,3.0,5.0,-0.034228831451395964,12.0,0,0,Ipswich (A) · Fulham (H) · Brentford (A) · Arsenal (H),-0.621590272798727,1.3046035933898832,-1.9261938661886102,-0.25248205282392655,0.6841152130877336,0.8006684846240126,complete,1.1553975681996818,
E0,Sunderland,2,5,8,4,2026-09-20 14:00:00,2026-10-25 16:30:00,0,2,4.182105706836697,0.0,0.0,4.2127306905875415,0.0,0.0,0.0,0.0,0.0,0,0.0,0.0,0.09847960005168505,8.75,2,0,Man City (A) · Brighton (H) · Bournemouth (A) · Leeds (H),,,,,,,upcoming,1.0455264267091742,1.0531826726468854
E0,Sunderland,3,9,12,4,2026-10-31 15:00:00,2026-11-28 15:00:00,0,2,4.183865397006066,0.0,0.0,4.364129888753787,0.0,0.0,0.0,0.0,0.0,0,0.0,0.0,0.07324319615533632,9.0,2,0,Coventry (A) · Chelsea (H) · Aston Villa (A) · Tottenham (H),,,,,,,upcoming,1.0459663492515165,1.0910324721884468
E0,Sunderland,4,13,16,4,2026-12-02 20:00:00,2026-12-19 15:00:00,0,2,4.365296338101001,0.0,0.0,4.496002297012397,0.0,0.0,0.0,0.0,0.0,0,0.0,0.0,0.04129415983636975,10.0,1,0,Liverpool (A) · Newcastle (A) · Nott'm Forest (H) · Crystal Palace (H),,,,,,,upcoming,1.0913240845252503,1.1240005742530992
E0,Sunderland,5,17,20,4,2026-12-26 15:00:00,2027-01-05 20:15:00,0,2,4.489761327308785,0.0,0.0,4.5405084385906065,0.0,0.0,0.0,0.0,0.0,0,0.0,0.0,0.011463651951466855,9.25,0,0,Everton (A) · Man Utd (A) · Hull (H) · Liverpool (H),,,,,,,upcoming,1.1224403318271963,1.1351271096476516
E0,Sunderland,6,21,24,4,2027-01-16 15:00:00,2027-02-06 15:00:00,0,2,4.25869705917754,0.0,0.0,4.428835551955718,0.0,0.0,0.0,0.0,0.0,0,0.0,0.0,0.07324319615533632,9.0,2,0,Chelsea (A) · Coventry (H) · Tottenham (A) · Aston Villa (H),,,,,,,upcoming,1.064674264794385,1.1072088879889295
E0,Sunderland,7,25,28,4,2027-02-10 20:00:00,2027-03-03 20:00:00,0,2,5.054873650345998,0.0,0.0,5.129003330890669,0.0,0.0,0.0,0.0,0.0,0,0.0,0.0,-0.15814616890974245,12.25,0,0,Hull (A) · Everton (H) · Crystal Palace (A) · Man Utd (H),,,,,,,upcoming,1.2637184125864995,1.2822508327226672
E0,Sunderland,8,29,32,4,2027-03-13 15:00:00,2027-04-17 15:00:00,0,2,4.724209765017687,0.0,0.0,4.734459954431539,0.0,0.0,0.0,0.0,0.0,0,0.0,0.0,-0.03422883145139596,12.0,0,0,Brentford (H) · Arsenal (A) · Ipswich (H) · Fulham (A),,,,,,,upcoming,1.1810524412544217,1.1836149886078848
E0,Sunderland,9,33,36,4,2027-04-24 15:00:00,2027-05-15 15:00:00,0,2,4.620040776337454,0.0,0.0,4.659141600089811,0.0,0.0,0.0,0.0,0.0,0,0.0,0.0,-0.04883835320568783,10.25,0,0,Nott'm Forest (A) · Newcastle (H) · Brighton (A) · Bournemouth (H),,,,,,,upcoming,1.1550101940843636,1.1647854000224527
E0,Sunderland,10,37,38,2,2027-05-23 15:00:00,2027-05-30 16:00:00,0,1,1.8212653455992367,0.0,0.0,1.8584554360706869,0.0,0.0,0.0,0.0,0.0,0,0.0,0.0,0.22706086746626275,8.0,0,0,Leeds (A) · Man City (H),,,,,,,upcoming,0.9106326727996183,0.9292277180353434
E0,Tottenham,1,1,4,4,2026-08-22 17:30:00,2026-09-12 17:30:00,4,2,6.673052829934768,6.673052829934768,6.7486618182228195,0.0,2.0,3.76,7.15,4.303673778631816,4.3171859685425815,3,0.0,5.0,-0.07803584317265415,11.0,0,0,Brentford (A) · Newcastle (H) · Nott'm Forest (A) · Everton (H),-4.673052829934768,-2.3693790513029525,-2.3036737786318158,-1.7988371906790406,-1.1774706383248148,0.07204443842941033,complete,1.668263207483692,
E0,Tottenham,2,5,8,4,2026-09-19 12:30:00,2026-10-24 17:30:00,0,2,5.856744136428456,0.0,0.0,5.732236368305518,0.0,0.0,0.0,0.0,0.0,0,0.0,0.0,0.12763784321597332,8.5,0,0,Aston Villa (H) · Man Utd (A) · Coventry (H) · Chelsea (A),,,,,,,upcoming,1.464186034107114,1.4330590920763795
E0,Tottenham,3,9,12,4,2026-10-31 17:30:00,2026-11-28 15:00:00,0,2,7.466902257610847,0.0,0.0,7.268105508419371,0.0,0.0,0.0,0.0,0.0,0,0.0,0.0,-0.2910569241843843,16.25,0,0,Crystal Palace (H) · Leeds (A) · Ipswich (H) · Sunderland (A),,,,,,,upcoming,1.8667255644027116,1.8170263771048427
E0,Tottenham,4,13,16,4,2026-12-02 20:00:00,2026-12-19 15:00:00,0,2,6.191508009203849,0.0,0.0,5.9653257944983595,0.0,0.0,0.0,0.0,0.0,0,0.0,0.0,0.04185795916177197,10.0,0,0,Fulham (H) · Arsenal (H) · Hull (A) · Liverpool (A),,,,,,,upcoming,1.5478770023009623,1.4913314486245899
E0,Tottenham,5,17,20,4,2026-12-26 15:00:00,2027-01-06 19:30:00,0,2,6.0554034169197894,0.0,0.0,5.801420912097047,0.0,0.0,0.0,0.0,0.0,0,0.0,0.0,0.08805020237381464,9.25,0,0,Bournemouth (H) · Brighton (H) · Man City (A) · Fulham (A),,,,,,,upcoming,1.5138508542299474,1.4503552280242618
E0,Tottenham,6,21,24,4,2027-01-16 15:00:00,2027-02-06 15:00:00,0,2,7.4910784398668895,0.0,0.0,7.289435375161345,0.0,0.0,0.0,0.0,0.0,0,0.0,0.0,-0.2910569241843843,16.25,0,0,Leeds (H) · Crystal Palace (A) · Sunderland (H) · Ipswich (A),,,,,,,upcoming,1.8727696099667224,1.8223588437903362
E0,Tottenham,7,25,28,4,2027-02-10 20:00:00,2027-03-03 20:00:00,0,2,5.334259437852376,0.0,0.0,5.122569250287628,0.0,0.0,0.0,0.0,0.0,0,0.0,0.0,0.26436719358666055,6.0,0,0,Man City (H) · Brighton (A) · Liverpool (H) · Bournemouth (A),,,,,,,upcoming,1.333564859463094,1.280642312571907
E0,Tottenham,8,29,32,4,2027-03-13 15:00:00,2027-04-17 15:00:00,0,2,6.669697156064206,0.0,0.0,6.468342986467766,0.0,0.0,0.0,0.0,0.0,0,0.0,0.0,-0.07803584317265415,11.0,0,0,Nott'm Forest (H) · Everton (A) · Brentford (H) · Newcastle (A),,,,,,,upcoming,1.6674242890160516,1.6170857466169415
E0,Tottenham,9,33,36,4,2027-04-24 15:00:00,2027-05-15 15:00:00,0,2,6.498186013205704,0.0,0.0,6.309876747597284,0.0,0.0,0.0,0.0,0.0,0,0.0,0.0,-0.048599416103458845,11.0,0,0,Hull (H) · Arsenal (A) · Chelsea (H) · Coventry (A),,,,,,,upcoming,1.624546503301426,1.577469186899321
E0,Tottenham,10,37,38,2,2027-05-23 15:00:00,2027-05-30 16:00:00,0,1,2.596593428836239,0.0,0.0,2.5450762716249766,0.0,0.0,0.0,0.0,0.0,0,0.0,0.0,0.29944141894445897,5.5,0,0,Man Utd (H) · Aston Villa (A),,,,,,,upcoming,1.2982967144181194,1.2725381358124883
E1,Birmingham,1,1,4,4,2026-08-15 17:30:00,2026-09-01 20:00:00,4,2,5.667796588805977,5.667796588805977,6.569421257699853,0.0,6.0,5.82,4.96,6.105717152930294,5.4980644986970955,4,5.0,4.0,0.06949925191267545,9.0,0,0,Sheffield United (A) · Bristol City (H) · Wrexham (A) · Southampton (H),0.33220341119402264,0.43792056412431624,-0.1057171529302936,0.12961060323135548,0.22057493432679182,0.8968745138501497,complete,1.4169491472014943,
E1,Birmingham,2,5,8,4,2026-09-06 12:00:00,2026-09-19 15:00:00,3,2,5.363579989752555,3.8822405148386454,4.896860709300006,1.4895252418303175,4.0,6.34,3.9499999999999997,5.565159851258114,3.8351713836184422,3,5.0,5.0,0.15118596613390548,6.0,0,0,Wolves (H) · Norwich (A) · Derby (A) · Middlesbrough (H),0.1177594851613546,1.6829193364194688,-1.5651598512581142,0.05321536225877257,0.981813048933302,0.9575603156461985,in progress,1.3408949974381388,1.4895252418303175
E1,Birmingham,3,9,12,4,2026-10-10 12:30:00,2026-10-24 15:00:00,0,2,6.417522495976676,0.0,0.0,6.4578324364412145,0.0,0.0,0.0,0.0,0.0,0,0.0,0.0,-0.1341287240250802,17.75,0,0,West Brom (A) · Preston (H) · QPR (H) · Cardiff (A),,,,,,,upcoming,1.604380623994169,1.6144581091103036
E1,Birmingham,4,13,16,4,2026-10-31 12:30:00,2026-11-21 15:00:00,0,2,6.22518661304327,0.0,0.0,6.270494939599419,0.0,0.0,0.0,0.0,0.0,0,0.0,0.0,-0.0814759557514683,15.0,0,0,Lincoln (A) · Millwall (H) · Swansea (H) · Stoke (A),,,,,,,upcoming,1.5562966532608176,1.5676237348998547
E1,Birmingham,5,17,20,4,2026-11-25 19:45:00,2026-12-08 20:00:00,0,2,6.329549430877024,0.0,0.0,6.532536559180368,0.0,0.0,0.0,0.0,0.0,0,0.0,0.0,-0.10948742353380114,16.25,0,0,Burnley (A) · Bolton (H) · Charlton (A) · Watford (H),,,,,,,upcoming,1.582387357719256,1.633134139795092
E1,Birmingham,6,21,24,4,2026-12-12 15:00:00,2026-12-29 20:00:00,0,2,5.878281715401607,0.0,0.0,5.9541889241343995,0.0,0.0,0.0,0.0,0.0,0,0.0,0.0,0.01176500119717111,14.75,0,0,Portsmouth (A) · West Ham (H) · Blackburn (A) · Cardiff (H),,,,,,,upcoming,1.4695704288504017,1.4885472310335999
E1,Birmingham,7,25,28,4,2027-01-01 15:00:00,2027-01-26 19:45:00,0,2,6.392184860152869,0.0,0.0,6.420923810859584,0.0,0.0,0.0,0.0,0.0,0,0.0,0.0,-0.12878437400667153,17.25,0,0,Portsmouth (H) · QPR (A) · Lincoln (H) · Millwall (A),,,,,,,upcoming,1.5980462150382173,1.605230952714896
E1,Birmingham,8,29,32,4,2027-01-30 15:00:00,2027-02-16 19:45:00,0,2,6.11873195787059,0.0,0.0,6.288270738643366,0.0,0.0,0.0,0.0,0.0,0,0.0,0.0,-0.05308773798118877,14.5,0,0,Swansea (A) · Stoke (H) · Derby (H) · Preston (A),,,,,,,upcoming,1.5296829894676476,1.5720676846608415
E1,Birmingham,9,33,36,4,2027-02-20 15:00:00,2027-03-06 15:00:00,0,2,5.693119820286647,0.0,0.0,5.83748097244185,0.0,0.0,0.0,0.0,0.0,0,0.0,0.0,0.06324568773334135,9.5,0,0,Middlesbrough (A) · West Brom (H) · Bristol City (A) · Sheffield United (H),,,,,,,upcoming,1.4232799550716617,1.4593702431104625
E1,Birmingham,10,37,40,4,2027-03-13 15:00:00,2027-04-03 15:00:00,0,2,6.06984799306302,0.0,0.0,6.207896713566795,0.0,0.0,0.0,0.0,0.0,0,0.0,0.0,-0.03223669942593832,16.25,0,0,Bolton (A) · Charlton (H) · Blackburn (H) · West Ham (A),,,,,,,upcoming,1.517461998265755,1.5519741783916987
E1,Birmingham,11,41,44,4,2027-04-07 20:00:00,2027-04-20 19:45:00,0,2,5.365323307234182,0.0,0.0,5.449815897024118,0.0,0.0,0.0,0.0,0.0,0,0.0,0.0,0.15425061096461593,5.75,0,0,Norwich (H) · Wolves (A) · Wrexham (H) · Southampton (A),,,,,,,upcoming,1.3413308268085455,1.3624539742560295
E1,Birmingham,12,45,46,2,2027-04-24 15:00:00,2027-05-01 12:30:00,0,1,2.8767820012006267,0.0,0.0,2.9814649932431703,0.0,0.0,0.0,0.0,0.0,0,0.0,0.0,0.045130402820690196,10.0,0,0,Watford (A) · Burnley (H),,,,,,,upcoming,1.4383910006003133,1.4907324966215851
E1,Blackburn,1,1,4,4,2026-08-14 20:00:00,2026-09-01 19:45:00,4,2,4.986375253697705,4.986375253697705,6.249005812312495,0.0,5.0,3.23,6.71,3.081501267823952,4.209292996553381,4,5.0,5.0,0.00708248699775188,11.5,0,0,Wolves (A) · Middlesbrough (H) · QPR (H) · Lincoln (A),0.01362474630229471,-1.9048739858737531,1.9184987321760478,0.005450332030397956,-0.9837509422794185,0.9956512857522775,complete,1.2465938134244263,
E1,Blackburn,2,5,8,4,2026-09-05 12:30:00,2026-09-19 15:00:00,3,2,5.113765654153321,3.9360411544409595,4.919999734169287,1.1612541502897118,3.0,3.75,4.04,3.940189381773081,3.8049151476942944,3,5.0,5.0,-0.03682534832102967,14.0,0,0,Preston (A) · Sheffield United (H) · Millwall (H) · Portsmouth (A),-0.9360411544409595,0.00414822733212139,-0.9401893817730809,-0.42199995427969317,0.00241437310063588,0.6730250508206692,in progress,1.2784414135383302,1.1612541502897118
E1,Blackburn,3,9,12,4,2026-10-10 15:00:00,2026-10-24 15:00:00,0,2,5.157497466915077,0.0,0.0,5.032608390195075,0.0,0.0,0.0,0.0,0.0,0,0.0,0.0,-0.045544534037946394,14.25,0,0,Cardiff (H) · Bristol City (A) · West Brom (A) · Wrexham (H),,,,,,,upcoming,1.2893743667287692,1.2581520975487688
E1,Blackburn,4,13,16,4,2026-10-31 15:00:00,2026-11-22 12:00:00,0,2,4.397989911958639,0.0,0.0,4.302102261661789,0.0,0.0,0.0,0.0,0.0,0,0.0,0.0,0.16784503332336126,7.75,0,0,Swansea (A) · Stoke (H) · West Ham (H) · Burnley (A),,,,,,,upcoming,1.0994974779896598,1.0755255654154472
E1,Blackburn,5,17,20,4,2026-11-25 19:45:00,2026-12-08 19:45:00,0,2,5.463447899366853,0.0,0.0,5.433748612502956,0.0,0.0,0.0,0.0,0.0,0,0.0,0.0,-0.13112948622637993,17.0,0,0,Watford (A) · Charlton (H) · Bolton (A) · Norwich (H),,,,,,,upcoming,1.3658619748417133,1.358437153125739
E1,Blackburn,6,21,24,4,2026-12-12 15:00:00,2026-12-29 18:00:00,0,2,4.678608842743814,0.0,0.0,4.627936945335234,0.0,0.0,0.0,0.0,0.0,0,0.0,0.0,0.08795893808757899,8.0,0,0,Derby (H) · Southampton (A) · Birmingham (H) · Wrexham (A),,,,,,,upcoming,1.1696522106859535,1.1569842363338085
E1,Blackburn,7,25,28,4,2027-01-01 15:00:00,2027-01-26 19:45:00,0,2,5.020402073507699,0.0,0.0,4.986351273297808,0.0,0.0,0.0,0.0,0.0,0,0.0,0.0,-0.007731767452444473,12.75,0,0,Derby (A) · West Brom (H) · Swansea (H) · Stoke (A),,,,,,,upcoming,1.2551005183769248,1.246587818324452
E1,Blackburn,8,29,32,4,2027-01-30 15:00:00,2027-02-16 19:45:00,0,2,4.3610949645112225,0.0,0.0,4.255874078404676,0.0,0.0,0.0,0.0,0.0,0,0.0,0.0,0.18990673905998262,7.25,0,0,West Ham (A) · Burnley (H) · Millwall (A) · Bristol City (H),,,,,,,upcoming,1.0902737411278056,1.063968519601169
E1,Blackburn,9,33,36,4,2027-02-20 15:00:00,2027-03-06 15:00:00,0,2,4.868193415309023,0.0,0.0,4.7064444167359305,0.0,0.0,0.0,0.0,0.0,0,0.0,0.0,0.036081458286030606,11.0,0,0,Portsmouth (H) · Cardiff (A) · Middlesbrough (A) · Wolves (H),,,,,,,upcoming,1.2170483538272558,1.1766111041839826
E1,Blackburn,10,37,40,4,2027-03-13 15:00:00,2027-04-03 15:00:00,0,2,5.232986815334546,0.0,0.0,5.1716068161054825,0.0,0.0,0.0,0.0,0.0,0,0.0,0.0,-0.06507006372423543,14.0,0,0,Charlton (A) · Bolton (H) · Birmingham (A) · Southampton (H),,,,,,,upcoming,1.3082467038336365,1.2929017040263706
E1,Blackburn,11,41,44,4,2027-04-07 19:45:00,2027-04-21 19:45:00,0,2,5.517196311322707,0.0,0.0,5.39930849119336,0.0,0.0,0.0,0.0,0.0,0,0.0,0.0,-0.1421407655329892,17.25,0,0,Sheffield United (A) · Preston (H) · QPR (A) · Lincoln (H),,,,,,,upcoming,1.3792990778306768,1.34982712279834
E1,Blackburn,12,45,46,2,2027-04-24 15:00:00,2027-05-01 12:30:00,0,1,2.49812047789114,0.0,0.0,2.476222373554381,0.0,0.0,0.0,0.0,0.0,0,0.0,0.0,0.0018462774355325964,11.5,0,0,Norwich (A) · Watford (H),,,,,,,upcoming,1.24906023894557,1.2381111867771906
E1,Bolton,1,1,4,4,2026-08-15 12:30:00,2026-09-01 19:45:00,4,2,5.066924739081702,5.066924739081702,6.22512414144925,0.0,4.0,4.89,6.470000000000001,4.497386047466051,4.739567576002803,4,4.0,5.0,-0.1421407655329892,17.25,0,0,Preston (H) · QPR (A) · Lincoln (H) · Sheffield United (A),-1.0669247390817018,-0.5695386916156506,-0.4973860474660512,-0.42762174072773873,-0.29469556481773784,0.6689265349444011,complete,1.2667311847704255,
E1,Bolton,2,5,8,4,2026-09-05 15:00:00,2026-09-20 13:30:00,3,2,4.171458462950852,3.2846028242693652,4.377398701017995,0.855749345689703,3.0,3.25,7.02,1.9883711650762874,3.1890132262592026,3,3.0,7.0,0.11300209516329339,9.75,0,0,Millwall (A) · West Ham (H) · Cardiff (H) · Norwich (A),-0.28460282426936523,-1.2962316591930778,1.0116288349237126,-0.13602888966862892,-0.7998323155687987,0.8917984425784462,in progress,1.042864615737713,0.855749345689703
E1,Bolton,3,9,12,4,2026-10-10 15:00:00,2026-10-23 20:00:00,0,2,3.9858881266685997,0.0,0.0,3.8719334999404604,0.0,0.0,0.0,0.0,0.0,0,0.0,0.0,0.16654127507062072,5.25,0,0,Stoke (H) · Wolves (A) · Southampton (A) · Middlesbrough (H),,,,,,,upcoming,0.9964720316671499,0.9679833749851151
E1,Bolton,4,13,16,4,2026-10-31 15:00:00,2026-11-21 15:00:00,0,2,4.896687327587699,0.0,0.0,4.883105731981627,0.0,0.0,0.0,0.0,0.0,0,0.0,0.0,-0.10030655672486152,16.75,0,0,Bristol City (H) · Charlton (A) · Derby (A) · Portsmouth (H),,,,,,,upcoming,1.2241718318969248,1.2207764329954067
E1,Bolton,5,17,20,4,2026-11-25 19:45:00,2026-12-08 19:45:00,0,2,4.608236159780982,0.0,0.0,4.470698539064747,0.0,0.0,0.0,0.0,0.0,0,0.0,0.0,-0.016103214917865594,13.25,0,0,West Brom (H) · Birmingham (A) · Blackburn (H) · Swansea (A),,,,,,,upcoming,1.1520590399452455,1.1176746347661868
E1,Bolton,6,21,24,4,2026-12-11 20:00:00,2026-12-29 19:45:00,0,2,4.234099982626438,0.0,0.0,4.139104714710757,0.0,0.0,0.0,0.0,0.0,0,0.0,0.0,0.08828966894966891,8.0,0,0,Wrexham (H) · Watford (A) · Burnley (H) · Middlesbrough (A),,,,,,,upcoming,1.0585249956566094,1.0347761786776892
E1,Bolton,7,25,28,4,2027-01-01 15:00:00,2027-01-26 19:45:00,0,2,4.628711654494158,0.0,0.0,4.546503968480375,0.0,0.0,0.0,0.0,0.0,0,0.0,0.0,-0.021472981648953983,12.75,0,0,Wrexham (A) · Southampton (H) · Bristol City (A) · Charlton (H),,,,,,,upcoming,1.1571779136235394,1.1366259921200939
E1,Bolton,8,29,32,4,2027-01-30 15:00:00,2027-02-17 19:45:00,0,2,4.561594106286926,0.0,0.0,4.465855975041823,0.0,0.0,0.0,0.0,0.0,0,0.0,0.0,-0.00866663238562504,13.25,0,0,Derby (H) · Portsmouth (A) · Cardiff (A) · Wolves (H),,,,,,,upcoming,1.1403985265717316,1.1164639937604557
E1,Bolton,9,33,36,4,2027-02-20 15:00:00,2027-03-06 15:00:00,0,2,4.682286902543172,0.0,0.0,4.56848557501357,0.0,0.0,0.0,0.0,0.0,0,0.0,0.0,-0.040352409105489026,13.75,0,0,Norwich (H) · Stoke (A) · QPR (H) · Preston (A),,,,,,,upcoming,1.170571725635793,1.1421213937533925
E1,Bolton,10,37,40,4,2027-03-13 15:00:00,2027-04-03 15:00:00,0,2,4.461941896096869,0.0,0.0,4.395910459640234,0.0,0.0,0.0,0.0,0.0,0,0.0,0.0,0.025231884507668723,11.25,0,0,Birmingham (H) · Blackburn (A) · Burnley (A) · Watford (H),,,,,,,upcoming,1.1154854740242173,1.0989776149100585
E1,Bolton,11,41,44,4,2027-04-06 19:45:00,2027-04-20 19:45:00,0,2,4.324426830248597,0.0,0.0,4.165698171635675,0.0,0.0,0.0,0.0,0.0,0,0.0,0.0,0.0792819540460333,10.75,0,0,West Ham (A) · Millwall (H) · Lincoln (A) · Sheffield United (H),,,,,,,upcoming,1.0811067075621492,1.0414245429089188
E1,Bolton,12,45,46,2,2027-04-24 15:00:00,2027-05-01 12:30:00,0,1,2.338870276487584,0.0,0.0,2.254366868457625,0.0,0.0,0.0,0.0,0.0,0,0.0,0.0,-0.03753979603037845,14.0,0,0,Swansea (H) · West Brom (A),,,,,,,upcoming,1.169435138243792,1.1271834342288125
E1,Bristol City,1,1,4,4,2026-08-15 15:00:00,2026-09-01 19:45:00,4,2,5.469147298622989,5.469147298622989,6.503011688285511,0.0,7.0,4.1,8.18,3.3033462716490303,5.240858369998985,4,7.0,6.0,-0.024667568955621715,13.5,0,0,Millwall (H) · Birmingham (A) · Portsmouth (H) · Preston (A),1.530852701377011,-2.1658010269739587,3.6966537283509697,0.6003107736312883,-1.096441999173194,0.5482991399722792,complete,1.3672868246557472,
E1,Bristol City,2,5,8,4,2026-09-05 15:00:00,2026-09-18 20:00:00,3,2,5.512977517566956,3.907020217003976,4.568795074598931,1.617746021176811,3.0,4.7700000000000005,2.93,5.44166864298457,1.8695036969003507,2,3.0,6.0,-0.03321469898045796,12.25,0,0,Burnley (A) · Southampton (A) · Lincoln (H) · Watford (H),-0.9070202170039758,1.5346484259805946,-2.4416686429845704,-0.4243421064267689,0.9268990426812906,0.6713163354774361,in progress,1.378244379391739,1.617746021176811
E1,Bristol City,3,9,12,4,2026-10-10 12:30:00,2026-10-24 15:00:00,0,2,5.6336013916041985,0.0,0.0,5.675933968675467,0.0,0.0,0.0,0.0,0.0,0,0.0,0.0,-0.07050558257938538,15.25,0,0,Charlton (A) · Blackburn (H) · Sheffield United (H) · Stoke (A),,,,,,,upcoming,1.4084003479010496,1.4189834921688667
E1,Bristol City,4,13,16,4,2026-10-31 15:00:00,2026-11-21 15:00:00,0,2,5.061441392924321,0.0,0.0,4.989664810651604,0.0,0.0,0.0,0.0,0.0,0,0.0,0.0,0.0866515547976944,8.5,0,0,Bolton (A) · Wolves (H) · Norwich (H) · Middlesbrough (A),,,,,,,upcoming,1.2653603482310802,1.247416202662901
E1,Bristol City,5,17,20,4,2026-11-24 19:45:00,2026-12-09 19:45:00,0,2,5.366806550152612,0.0,0.0,5.326100218814743,0.0,0.0,0.0,0.0,0.0,0,0.0,0.0,0.0022064788524789516,12.25,0,0,Wrexham (H) · West Brom (A) · Swansea (H) · Derby (A),,,,,,,upcoming,1.341701637538153,1.3315250547036857
E1,Bristol City,6,21,24,4,2026-12-12 15:00:00,2026-12-29 19:45:00,0,2,5.230939145136549,0.0,0.0,5.1118185318716876,0.0,0.0,0.0,0.0,0.0,0,0.0,0.0,0.052335450971421366,12.5,0,0,West Ham (A) · Cardiff (H) · QPR (A) · Stoke (H),,,,,,,upcoming,1.3077347862841373,1.2779546329679219
E1,Bristol City,7,25,28,4,2027-01-01 15:00:00,2027-01-27 19:45:00,0,2,4.793567993121094,0.0,0.0,4.757696306283196,0.0,0.0,0.0,0.0,0.0,0,0.0,0.0,0.1665305390267708,8.25,0,0,West Ham (H) · Sheffield United (A) · Bolton (H) · Wolves (A),,,,,,,upcoming,1.1983919982802735,1.189424076570799
E1,Bristol City,8,29,32,4,2027-01-30 15:00:00,2027-02-16 19:45:00,0,2,5.09892772454838,0.0,0.0,5.045851502394252,0.0,0.0,0.0,0.0,0.0,0,0.0,0.0,0.07476172314363434,8.5,0,0,Norwich (A) · Middlesbrough (H) · Southampton (H) · Blackburn (A),,,,,,,upcoming,1.274731931137095,1.261462875598563
E1,Bristol City,9,33,36,4,2027-02-20 15:00:00,2027-03-06 15:00:00,0,2,5.534877326340904,0.0,0.0,5.450061168369835,0.0,0.0,0.0,0.0,0.0,0,0.0,0.0,-0.043284901187829905,13.75,0,0,Watford (A) · Charlton (H) · Birmingham (H) · Millwall (A),,,,,,,upcoming,1.383719331585226,1.3625152920924588
E1,Bristol City,10,37,40,4,2027-03-13 15:00:00,2027-04-03 15:00:00,0,2,5.760964911694237,0.0,0.0,5.606641069616829,0.0,0.0,0.0,0.0,0.0,0,0.0,0.0,-0.10569921608038847,16.5,0,0,West Brom (H) · Swansea (A) · QPR (H) · Cardiff (A),,,,,,,upcoming,1.4402412279235592,1.4016602674042073
E1,Bristol City,11,41,44,4,2027-04-06 19:45:00,2027-04-21 19:45:00,0,2,5.8058872395344245,0.0,0.0,5.728997181574253,0.0,0.0,0.0,0.0,0.0,0,0.0,0.0,-0.11802074552310415,16.5,0,0,Lincoln (A) · Burnley (H) · Portsmouth (A) · Preston (H),,,,,,,upcoming,1.4514718098836061,1.4322492953935633
E1,Bristol City,12,45,46,2,2027-04-24 15:00:00,2027-05-01 12:30:00,0,1,2.612738937135334,0.0,0.0,2.640919901085372,0.0,0.0,0.0,0.0,0.0,0,0.0,0.0,0.04195275373533636,10.5,0,0,Derby (H) · Wrexham (A),,,,,,,upcoming,1.306369468567667,1.320459950542686
E1,Burnley,1,1,4,4,2026-08-16 16:00:00,2026-09-02 20:00:00,4,2,5.372153813414908,5.372153813414908,6.565490917095914,0.0,2.0,5.48,6.87,4.605874742665317,4.726798777297141,4,5.0,10.0,0.20137379658985657,6.0,0,0,West Ham (H) · West Brom (A) · Norwich (A) · Middlesbrough (H),-3.372153813414908,-0.766279070749591,-2.605874742665317,-1.3160541935279586,-0.3860803837952415,0.18815585386085854,complete,1.343038453353727,
E1,Burnley,2,5,8,4,2026-09-05 15:00:00,2026-09-19 15:00:00,3,2,6.119759209548551,4.423641618534378,4.960060669703938,1.7449025524273052,1.0,3.1500000000000004,4.17,3.215352180311905,3.928580762667554,3,3.0,6.0,-0.0009065086083929735,12.5,0,0,Bristol City (H) · Wrexham (A) · Swansea (A) · Derby (H),-3.4236416185343783,-1.2082894382224731,-2.215352180311905,-1.5372510656794445,-0.700409228681951,0.12423183958584727,in progress,1.5299398023871378,1.7449025524273052
E1,Burnley,3,9,12,4,2026-10-10 15:00:00,2026-10-24 15:00:00,0,2,6.501733118917967,0.0,0.0,6.397594975055208,0.0,0.0,0.0,0.0,0.0,0,0.0,0.0,-0.10594943203931746,16.25,0,0,Watford (A) · Charlton (H) · Wolves (H) · Lincoln (A),,,,,,,upcoming,1.6254332797294917,1.599398743763802
E1,Burnley,4,13,16,4,2026-10-31 15:00:00,2026-11-22 12:00:00,0,2,6.65586624972721,0.0,0.0,6.535191079370754,0.0,0.0,0.0,0.0,0.0,0,0.0,0.0,-0.14636087059440864,18.75,0,0,Portsmouth (H) · QPR (A) · Cardiff (A) · Blackburn (H),,,,,,,upcoming,1.6639665624318025,1.6337977698426884
E1,Burnley,5,17,20,4,2026-11-25 19:45:00,2026-12-09 20:00:00,0,2,5.975630953171633,0.0,0.0,5.827931381933472,0.0,0.0,0.0,0.0,0.0,0,0.0,0.0,0.03772403251872831,10.25,0,0,Birmingham (H) · Millwall (A) · Preston (H) · Southampton (A),,,,,,,upcoming,1.4939077382929082,1.456982845483368
E1,Burnley,6,21,24,4,2026-12-12 15:00:00,2026-12-29 19:45:00,0,2,6.557236626783062,0.0,0.0,6.537800303559083,0.0,0.0,0.0,0.0,0.0,0,0.0,0.0,-0.12172732637749434,16.25,0,0,Sheffield United (A) · Stoke (H) · Bolton (A) · Lincoln (H),,,,,,,upcoming,1.6393091566957656,1.6344500758897706
E1,Burnley,7,25,28,4,2027-01-01 17:30:00,2027-01-26 19:45:00,0,2,5.967939591053782,0.0,0.0,5.8890696116327845,0.0,0.0,0.0,0.0,0.0,0,0.0,0.0,0.041918238997860686,11.25,0,0,Sheffield United (H) · Wolves (A) · Portsmouth (A) · QPR (H),,,,,,,upcoming,1.4919848977634456,1.4722674029081961
E1,Burnley,8,29,32,4,2027-01-30 15:00:00,2027-02-16 19:45:00,0,2,6.769161557424365,0.0,0.0,6.656093346264854,0.0,0.0,0.0,0.0,0.0,0,0.0,0.0,-0.1776087965098853,19.5,0,0,Cardiff (H) · Blackburn (A) · Swansea (H) · Charlton (A),,,,,,,upcoming,1.6922903893560912,1.6640233365662136
E1,Burnley,9,33,36,4,2027-02-20 15:00:00,2027-03-06 15:00:00,0,2,5.741549784170301,0.0,0.0,5.719846651964431,0.0,0.0,0.0,0.0,0.0,0,0.0,0.0,0.10797608084840174,10.5,0,0,Derby (A) · Watford (H) · West Brom (H) · West Ham (A),,,,,,,upcoming,1.4353874460425753,1.4299616629911078
E1,Burnley,10,37,40,4,2027-03-13 15:00:00,2027-04-03 15:00:00,0,2,6.4178901487167535,0.0,0.0,6.349729775123959,0.0,0.0,0.0,0.0,0.0,0,0.0,0.0,-0.08275480947464882,15.75,0,0,Millwall (H) · Preston (A) · Bolton (H) · Stoke (A),,,,,,,upcoming,1.6044725371791884,1.5874324437809897
E1,Burnley,11,41,44,4,2027-04-06 19:45:00,2027-04-20 19:45:00,0,2,5.798804281361762,0.0,0.0,5.695790493570881,0.0,0.0,0.0,0.0,0.0,0,0.0,0.0,0.08647614425666632,8.25,0,0,Wrexham (H) · Bristol City (A) · Norwich (H) · Middlesbrough (A),,,,,,,upcoming,1.4497010703404405,1.4239476233927202
E1,Burnley,12,45,46,2,2027-04-24 15:00:00,2027-05-01 12:30:00,0,1,2.8114776869849782,0.0,0.0,2.754539527051555,0.0,0.0,0.0,0.0,0.0,0,0.0,0.0,0.13396512243982162,5.5,0,0,Southampton (H) · Birmingham (A),,,,,,,upcoming,1.4057388434924891,1.3772697635257776
E1,Cardiff,1,1,4,4,2026-08-17 20:00:00,2026-09-02 19:45:00,4,2,4.5235637646738365,4.5235637646738365,6.169342774000555,0.0,3.0,6.9,7.12,5.281993917205029,4.922057757238532,4,6.0,7.0,0.014531163503658552,11.5,0,0,Wrexham (H) · Derby (A) · Sheffield United (H) · QPR (A),-1.5235637646738365,0.7584301525311927,-2.281993917205029,-0.6133963463687351,0.3942035356283191,0.5396143012998404,complete,1.1308909411684591,
E1,Cardiff,2,5,8,4,2026-09-05 15:00:00,2026-09-19 12:30:00,3,2,5.123828602341405,3.552600941909998,4.73579123630394,1.6301410869939106,1.0,6.3,3.11,5.969549894133659,4.3662702000668805,3,1.0,4.0,-0.15203533395494293,18.5,0,0,Portsmouth (A) · Stoke (H) · Bolton (A) · Charlton (H),-2.552600941909998,2.4169489522236614,-4.969549894133659,-1.1729693131687802,1.4338231165137232,0.2408081118019938,in progress,1.2809571505853512,1.6301410869939106
E1,Cardiff,3,9,12,4,2026-10-10 15:00:00,2026-10-24 15:00:00,0,2,4.50134128855682,0.0,0.0,4.659009079540242,0.0,0.0,0.0,0.0,0.0,0,0.0,0.0,0.025818732226018146,11.0,0,0,Blackburn (A) · Watford (H) · Middlesbrough (A) · Birmingham (H),,,,,,,upcoming,1.125335322139205,1.1647522698850605
E1,Cardiff,4,13,16,4,2026-10-31 15:00:00,2026-11-21 12:30:00,0,2,3.636272114729927,0.0,0.0,3.7438795357251236,0.0,0.0,0.0,0.0,0.0,0,0.0,0.0,0.2788257568894319,3.5,0,0,Wolves (A) · West Ham (H) · Burnley (H) · Norwich (A),,,,,,,upcoming,0.9090680286824817,0.9359698839312809
E1,Cardiff,5,17,20,4,2026-11-24 19:45:00,2026-12-08 19:45:00,0,2,5.148425490005052,0.0,0.0,5.241326140702349,0.0,0.0,0.0,0.0,0.0,0,0.0,0.0,-0.1544654501841688,18.0,0,0,Preston (H) · Swansea (A) · Lincoln (H) · West Brom (A),,,,,,,upcoming,1.287106372501263,1.3103315351755873
E1,Cardiff,6,21,24,4,2026-12-12 15:00:00,2026-12-29 20:00:00,0,2,4.30208998097967,0.0,0.0,4.418465736554621,0.0,0.0,0.0,0.0,0.0,0,0.0,0.0,0.07996701558660067,8.75,0,0,Southampton (H) · Bristol City (A) · Millwall (H) · Birmingham (A),,,,,,,upcoming,1.0755224952449176,1.1046164341386553
E1,Cardiff,7,25,28,4,2027-01-01 15:00:00,2027-01-27 19:45:00,0,2,3.633579878013532,0.0,0.0,3.703633580983326,0.0,0.0,0.0,0.0,0.0,0,0.0,0.0,0.2882641862478625,2.75,0,0,Southampton (A) · Middlesbrough (H) · Wolves (H) · West Ham (A),,,,,,,upcoming,0.908394969503383,0.9259083952458315
E1,Cardiff,8,29,32,4,2027-01-30 15:00:00,2027-02-16 19:45:00,0,2,4.652969936020412,0.0,0.0,4.883047851940835,0.0,0.0,0.0,0.0,0.0,0,0.0,0.0,-0.014915626399027902,12.25,0,0,Burnley (A) · Norwich (H) · Bolton (H) · Watford (A),,,,,,,upcoming,1.163242484005103,1.2207619629852087
E1,Cardiff,9,33,36,4,2027-02-20 15:00:00,2027-03-06 15:00:00,0,2,4.86877846810184,0.0,0.0,5.127879642339543,0.0,0.0,0.0,0.0,0.0,0,0.0,0.0,-0.07948695296204558,15.75,0,0,Charlton (A) · Blackburn (H) · Derby (H) · Wrexham (A),,,,,,,upcoming,1.21719461702546,1.2819699105848859
E1,Cardiff,10,37,40,4,2027-03-13 15:00:00,2027-04-03 15:00:00,0,2,4.921257868361824,0.0,0.0,5.00341626218867,0.0,0.0,0.0,0.0,0.0,0,0.0,0.0,-0.09428158985759798,15.75,0,0,Swansea (H) · Lincoln (A) · Millwall (A) · Bristol City (H),,,,,,,upcoming,1.230314467090456,1.2508540655471676
E1,Cardiff,11,41,44,4,2027-04-06 19:45:00,2027-04-21 19:45:00,0,2,4.690467083497988,0.0,0.0,4.895767579110503,0.0,0.0,0.0,0.0,0.0,0,0.0,0.0,-0.026427922374806324,13.5,0,0,Stoke (A) · Portsmouth (H) · Sheffield United (A) · QPR (H),,,,,,,upcoming,1.172616770874497,1.2239418947776257
E1,Cardiff,12,45,46,2,2027-04-24 15:00:00,2027-05-01 12:30:00,0,1,2.4543004612170654,0.0,0.0,2.5287489209277885,0.0,0.0,0.0,0.0,0.0,0,0.0,0.0,-0.09439881191976189,16.5,0,0,West Brom (H) · Preston (A),,,,,,,upcoming,1.2271502306085327,1.2643744604638942
E1,Charlton,1,1,4,4,2026-08-15 15:00:00,2026-09-02 19:45:00,4,2,4.214953219291738,4.214953219291738,5.659555617158108,0.0,10.0,3.6,6.71,3.873790458066317,4.413635802209159,4,6.0,3.0,0.08556163578010556,11.5,0,0,Derby (H) · West Ham (A) · Preston (H) · West Brom (A),5.785046780708262,-0.3411627612254211,6.126209541933683,2.4317319960384007,-0.18513768524017918,0.015026821522667433,complete,1.0537383048229345,
E1,Charlton,2,5,8,4,2026-09-05 12:30:00,2026-09-19 12:30:00,3,2,4.817333384371807,3.6701077292227087,4.704335434276235,1.0927361178364006,2.0,2.31,3.5300000000000002,3.3675533950873815,3.5159914959069303,3,0.0,4.0,-0.10691202707599595,16.75,0,0,Stoke (A) · QPR (H) · Portsmouth (H) · Cardiff (A),-1.6701077292227087,-0.3025543341353272,-1.3675533950873815,-0.7700081919338692,-0.18008544487710548,0.44129503333138764,in progress,1.2043333460929517,1.0927361178364006
E1,Charlton,3,9,12,4,2026-10-10 12:30:00,2026-10-24 12:30:00,0,2,4.29244947005218,0.0,0.0,4.294711003093228,0.0,0.0,0.0,0.0,0.0,0,0.0,0.0,0.0433168781276876,10.25,0,0,Bristol City (H) · Burnley (A) · Watford (A) · Norwich (H),,,,,,,upcoming,1.073112367513045,1.073677750773307
E1,Charlton,4,13,16,4,2026-10-31 15:00:00,2026-11-21 15:00:00,0,2,4.198264403907398,0.0,0.0,4.182084643954873,0.0,0.0,0.0,0.0,0.0,0,0.0,0.0,0.08305199122455059,8.75,0,0,Middlesbrough (A) · Bolton (H) · Sheffield United (H) · Wolves (A),,,,,,,upcoming,1.0495661009768495,1.0455211609887183
E1,Charlton,5,17,20,4,2026-11-24 19:45:00,2026-12-08 19:45:00,0,2,4.688785258731102,0.0,0.0,4.587036180820678,0.0,0.0,0.0,0.0,0.0,0,0.0,0.0,-0.06804200559273048,14.5,0,0,Lincoln (H) · Blackburn (A) · Birmingham (H) · Wrexham (A),,,,,,,upcoming,1.1721963146827754,1.1467590452051695
E1,Charlton,6,21,24,4,2026-12-12 15:00:00,2026-12-29 19:45:00,0,2,4.243277328585586,0.0,0.0,4.13119757820848,0.0,0.0,0.0,0.0,0.0,0,0.0,0.0,0.05759532467115587,9.25,0,0,Swansea (H) · Millwall (A) · Southampton (H) · Norwich (A),,,,,,,upcoming,1.0608193321463966,1.03279939455212
E1,Charlton,7,25,28,4,2027-01-01 15:00:00,2027-01-26 19:45:00,0,2,4.62880486578446,0.0,0.0,4.57590569206831,0.0,0.0,0.0,0.0,0.0,0,0.0,0.0,-0.056963340874082134,14.0,0,0,Swansea (A) · Watford (H) · Middlesbrough (H) · Bolton (A),,,,,,,upcoming,1.157201216446115,1.1439764230170775
E1,Charlton,8,29,32,4,2027-01-30 15:00:00,2027-02-16 19:45:00,0,2,4.024793123435907,0.0,0.0,4.020349054304108,0.0,0.0,0.0,0.0,0.0,0,0.0,0.0,0.11597871526887081,8.0,0,0,Sheffield United (A) · Wolves (H) · Portsmouth (A) · Burnley (H),,,,,,,upcoming,1.0061982808589767,1.005087263576027
E1,Charlton,9,33,36,4,2027-02-20 15:00:00,2027-03-06 15:00:00,0,2,4.213461206654385,0.0,0.0,4.165965287636168,0.0,0.0,0.0,0.0,0.0,0,0.0,0.0,0.0694290501829956,12.0,0,0,Cardiff (H) · Bristol City (A) · West Ham (H) · Derby (A),,,,,,,upcoming,1.0533653016635962,1.041491321909042
E1,Charlton,10,37,40,4,2027-03-13 15:00:00,2027-04-03 12:30:00,0,2,4.269947161683873,0.0,0.0,4.185874646092734,0.0,0.0,0.0,0.0,0.0,0,0.0,0.0,0.053323806174317645,10.0,0,0,Blackburn (H) · Birmingham (A) · Southampton (A) · Millwall (H),,,,,,,upcoming,1.0674867904209682,1.0464686615231835
E1,Charlton,11,41,44,4,2027-04-06 19:45:00,2027-04-20 19:45:00,0,2,4.658106535706301,0.0,0.0,4.599881225936392,0.0,0.0,0.0,0.0,0.0,0,0.0,0.0,-0.0660605087148401,15.25,0,0,QPR (A) · Stoke (H) · Preston (A) · West Brom (H),,,,,,,upcoming,1.1645266339265752,1.149970306484098
E1,Charlton,12,45,46,2,2027-04-24 15:00:00,2027-05-01 12:30:00,0,1,2.4620094117455906,0.0,0.0,2.3876211705292807,0.0,0.0,0.0,0.0,0.0,0,0.0,0.0,-0.1414173773801082,16.5,0,0,Wrexham (H) · Lincoln (A),,,,,,,upcoming,1.2310047058727953,1.1938105852646403
E1,Derby,1,1,4,4,2026-08-15 15:00:00,2026-09-01 19:45:00,4,2,6.112344557588045,6.112344557588045,6.6356258293978465,0.0,4.0,5.01,7.99,3.963091182370836,5.463831117343618,4,5.0,7.0,-0.17568451986164818,19.25,0,0,Charlton (A) · Cardiff (H) · Swansea (H) · Portsmouth (A),-2.1123445575880453,-2.149253375217209,0.03690881762916387,-0.8200188119753502,-1.0771372565716963,0.4122053830604415,complete,1.5280861393970113,
E1,Derby,2,5,8,4,2026-09-05 15:00:00,2026-09-19 15:00:00,3,2,4.748889052515393,3.719156249853218,4.567033006943882,0.9881363306009945,0.0,2.7,7.24,2.4492150065310767,2.8068396378974088,3,1.0,6.0,0.20934516466377132,6.0,0,0,West Ham (A) · West Brom (H) · Birmingham (H) · Burnley (A),-3.719156249853218,-1.2699412433221413,-2.4492150065310767,-1.7403129393902181,-0.767168791607688,0.08180408321864974,in progress,1.1872222631288483,0.9881363306009945
E1,Derby,3,9,12,4,2026-10-10 15:00:00,2026-10-24 12:30:00,0,2,5.389279281706463,0.0,0.0,5.1680123918026375,0.0,0.0,0.0,0.0,0.0,0,0.0,0.0,0.021034890800292652,11.25,0,0,Wrexham (H) · QPR (A) · Stoke (H) · Sheffield United (A),,,,,,,upcoming,1.3473198204266157,1.2920030979506594
E1,Derby,4,13,16,4,2026-10-31 15:00:00,2026-11-21 12:30:00,0,2,5.425454170314383,0.0,0.0,5.178199379013897,0.0,0.0,0.0,0.0,0.0,0,0.0,0.0,0.01317629526762102,11.0,0,0,Millwall (A) · Norwich (H) · Bolton (H) · Southampton (A),,,,,,,upcoming,1.3563635425785958,1.2945498447534742
E1,Derby,5,17,20,4,2026-11-24 20:00:00,2026-12-09 19:45:00,0,2,5.139374617792811,0.0,0.0,4.897539317222044,0.0,0.0,0.0,0.0,0.0,0,0.0,0.0,0.0962344342546107,8.75,0,0,Wolves (A) · Watford (H) · Middlesbrough (A) · Bristol City (H),,,,,,,upcoming,1.2848436544482027,1.224384829305511
E1,Derby,6,21,24,4,2026-12-12 15:00:00,2026-12-29 19:45:00,0,2,5.996487380373448,0.0,0.0,5.771031418665425,0.0,0.0,0.0,0.0,0.0,0,0.0,0.0,-0.14518664843706391,17.75,0,0,Blackburn (A) · Lincoln (H) · Preston (A) · Sheffield United (H),,,,,,,upcoming,1.499121845093362,1.4427578546663562
E1,Derby,7,25,28,4,2027-01-01 15:00:00,2027-01-26 19:45:00,0,2,5.3981173971324035,0.0,0.0,5.159800215382052,0.0,0.0,0.0,0.0,0.0,0,0.0,0.0,0.019898555777879027,11.75,0,0,Blackburn (H) · Stoke (A) · Millwall (H) · Norwich (A),,,,,,,upcoming,1.3495293492831009,1.289950053845513
E1,Derby,8,29,32,4,2027-01-30 15:00:00,2027-02-16 19:45:00,0,2,5.554248365753184,0.0,0.0,5.29412185947372,0.0,0.0,0.0,0.0,0.0,0,0.0,0.0,-0.022916680167893527,12.5,0,0,Bolton (A) · Southampton (H) · Birmingham (A) · QPR (H),,,,,,,upcoming,1.388562091438296,1.32353046486843
E1,Derby,9,33,36,4,2027-02-20 15:00:00,2027-03-06 15:00:00,0,2,5.702304675138883,0.0,0.0,5.4357952440626445,0.0,0.0,0.0,0.0,0.0,0,0.0,0.0,-0.06394508180056675,14.25,0,0,Burnley (H) · Wrexham (A) · Cardiff (A) · Charlton (H),,,,,,,upcoming,1.4255761687847208,1.3589488110156611
E1,Derby,10,37,40,4,2027-03-13 15:00:00,2027-04-03 15:00:00,0,2,5.878789226625443,0.0,0.0,5.586284954527327,0.0,0.0,0.0,0.0,0.0,0,0.0,0.0,-0.11254350304028506,15.75,0,0,Watford (A) · Middlesbrough (H) · Preston (H) · Lincoln (A),,,,,,,upcoming,1.4696973066563608,1.3965712386318319
E1,Derby,11,41,44,4,2027-04-07 19:45:00,2027-04-20 19:45:00,0,2,5.166822184117686,0.0,0.0,4.861746847944344,0.0,0.0,0.0,0.0,0.0,0,0.0,0.0,0.08297030415125585,11.75,0,0,West Brom (A) · West Ham (H) · Swansea (A) · Portsmouth (H),,,,,,,upcoming,1.2917055460294216,1.215436711986086
E1,Derby,12,45,46,2,2027-04-24 15:00:00,2027-05-01 12:30:00,0,1,2.4631443359574083,0.0,0.0,2.3327732607506624,0.0,0.0,0.0,0.0,0.0,0,0.0,0.0,0.14616477025183236,8.0,0,0,Bristol City (A) · Wolves (H),,,,,,,upcoming,1.2315721679787042,1.1663866303753312
E1,Lincoln,1,1,4,4,2026-08-15 15:00:00,2026-09-01 19:45:00,4,2,4.44484026919409,4.44484026919409,5.991984234260026,0.0,4.0,6.22,6.6499999999999995,5.630343832185359,4.928609927827209,4,3.0,5.0,-0.07468346992765418,15.5,0,0,Middlesbrough (A) · Portsmouth (H) · Bolton (A) · Blackburn (H),-0.44484026919409025,1.1855035629912685,-1.6303438321853587,-0.1817267098927162,0.6252330219180239,0.8557972035214017,complete,1.1112100672985226,
E1,Lincoln,2,5,8,4,2026-09-05 12:30:00,2026-09-19 15:00:00,3,2,4.277425661012712,3.0095809683925463,4.362973817384175,1.2733441927744713,7.0,4.39,2.87,4.7652820885402996,2.1591190522701056,2,3.0,1.0,-0.03452261018650987,13.5,0,0,Southampton (H) · Preston (A) · Bristol City (A) · Swansea (H),3.9904190316074537,1.7557011201477533,2.2347179114597004,1.910412713929301,1.0851347156229112,0.0560800951422884,in progress,1.069356415253178,1.2733441927744713
E1,Lincoln,3,9,12,4,2026-10-10 15:00:00,2026-10-24 15:00:00,0,2,3.4444877983765543,0.0,0.0,3.5572272379254937,0.0,0.0,0.0,0.0,0.0,0,0.0,0.0,0.2151282625570618,5.75,0,0,Sheffield United (A) · West Ham (H) · Millwall (A) · Burnley (H),,,,,,,upcoming,0.8611219495941386,0.8893068094813734
E1,Lincoln,4,13,16,4,2026-10-31 12:30:00,2026-11-21 15:00:00,0,2,4.149078925261449,0.0,0.0,4.243812302059727,0.0,0.0,0.0,0.0,0.0,0,0.0,0.0,0.000558498059994729,12.0,0,0,Birmingham (H) · Watford (A) · QPR (A) · Wrexham (H),,,,,,,upcoming,1.0372697313153623,1.0609530755149317
E1,Lincoln,5,17,20,4,2026-11-24 19:45:00,2026-12-09 19:45:00,0,2,4.301308160046395,0.0,0.0,4.4158222400621945,0.0,0.0,0.0,0.0,0.0,0,0.0,0.0,-0.043194682389495295,14.25,0,0,Charlton (A) · Wolves (H) · Cardiff (A) · Stoke (H),,,,,,,upcoming,1.0753270400115988,1.1039555600155486
E1,Lincoln,6,21,24,4,2026-12-13 14:00:00,2026-12-29 19:45:00,0,2,3.9292674837721018,0.0,0.0,4.125096292154594,0.0,0.0,0.0,0.0,0.0,0,0.0,0.0,0.0725603103976313,9.0,0,0,Norwich (H) · Derby (A) · West Brom (H) · Burnley (A),,,,,,,upcoming,0.9823168709430254,1.0312740730386485
E1,Lincoln,7,25,28,4,2027-01-01 15:00:00,2027-01-26 19:45:00,0,2,4.0082674034467685,0.0,0.0,4.096757838941716,0.0,0.0,0.0,0.0,0.0,0,0.0,0.0,0.05128689594694333,9.75,0,0,Norwich (A) · Millwall (H) · Birmingham (A) · Watford (H),,,,,,,upcoming,1.0020668508616921,1.024189459735429
E1,Lincoln,8,29,32,4,2027-01-30 15:00:00,2027-02-16 19:45:00,0,2,4.004390099844623,0.0,0.0,4.060452488045055,0.0,0.0,0.0,0.0,0.0,0,0.0,0.0,0.07529329541258284,11.75,0,0,QPR (H) · Wrexham (A) · Preston (H) · West Ham (A),,,,,,,upcoming,1.0010975249611558,1.0151131220112637
E1,Lincoln,9,33,36,4,2027-02-20 15:00:00,2027-03-06 15:00:00,0,2,4.076795059653813,0.0,0.0,4.201812018366021,0.0,0.0,0.0,0.0,0.0,0,0.0,0.0,0.021600292385242897,11.0,0,0,Swansea (A) · Sheffield United (H) · Portsmouth (A) · Middlesbrough (H),,,,,,,upcoming,1.0191987649134533,1.0504530045915053
E1,Lincoln,10,37,40,4,2027-03-13 15:00:00,2027-04-03 15:00:00,0,2,4.145190246494396,0.0,0.0,4.280252946517368,0.0,0.0,0.0,0.0,0.0,0,0.0,0.0,0.01916528783929276,12.0,0,0,Wolves (A) · Cardiff (H) · West Brom (A) · Derby (H),,,,,,,upcoming,1.036297561623599,1.070063236629342
E1,Lincoln,11,41,44,4,2027-04-06 19:45:00,2027-04-21 19:45:00,0,2,4.403305235832411,0.0,0.0,4.603131444879054,0.0,0.0,0.0,0.0,0.0,0,0.0,0.0,-0.06334186593445539,15.0,0,0,Bristol City (H) · Southampton (A) · Bolton (H) · Blackburn (A),,,,,,,upcoming,1.1008263089581027,1.1507828612197635
E1,Lincoln,12,45,46,2,2027-04-24 15:00:00,2027-05-01 12:30:00,0,1,2.31039096648281,0.0,0.0,2.4139103543091274,0.0,0.0,0.0,0.0,0.0,0,0.0,0.0,-0.12202897262260211,17.0,0,0,Stoke (A) · Charlton (H),,,,,,,upcoming,1.155195483241405,1.2069551771545637
E1,Middlesbrough,1,1,4,4,2026-08-15 15:00:00,2026-09-02 20:00:00,4,2,6.392769391735282,6.392769391735282,6.417512183031914,0.0,7.0,7.529999999999999,4.05,7.516594556905886,7.293408426514809,4,7.0,5.0,-0.074589051642597,15.0,0,0,Lincoln (H) · Blackburn (A) · West Brom (H) · Burnley (A),0.6072306082647181,1.1238251651706044,-0.5165945569058863,0.23970125271242146,0.5727166072535401,0.810561863728682,complete,1.5981923479338205,
E1,Middlesbrough,2,5,8,4,2026-09-05 15:00:00,2026-09-19 15:00:00,3,2,5.950298685492998,4.716490583009289,5.02957040879134,1.2299255031067937,7.0,5.9,4.54,4.9746780005189635,3.261120395639479,2,7.0,5.0,0.047518107438311204,10.0,0,0,QPR (A) · Norwich (H) · Millwall (H) · Birmingham (A),2.283509416990711,0.25818741750967433,2.0253219994810365,1.0182100066622557,0.14862573052376596,0.3085781649765491,in progress,1.4875746713732494,1.2299255031067937
E1,Middlesbrough,3,9,12,4,2026-10-10 15:00:00,2026-10-23 20:00:00,0,2,6.252086143880224,0.0,0.0,6.35622056284876,0.0,0.0,0.0,0.0,0.0,0,0.0,0.0,-0.03567647685166057,14.0,0,0,Wolves (H) · Stoke (A) · Cardiff (H) · Bolton (A),,,,,,,upcoming,1.563021535970056,1.58905514071219
E1,Middlesbrough,4,13,16,4,2026-10-31 15:00:00,2026-11-21 15:00:00,0,2,6.411054564844611,0.0,0.0,6.549418140827176,0.0,0.0,0.0,0.0,0.0,0,0.0,0.0,-0.07897418835883432,15.5,0,0,Charlton (H) · Wrexham (A) · Watford (A) · Bristol City (H),,,,,,,upcoming,1.6027636412111528,1.637354535206794
E1,Middlesbrough,5,17,20,4,2026-11-24 19:45:00,2026-12-08 20:00:00,0,2,5.601663786573468,0.0,0.0,5.712881127743676,0.0,0.0,0.0,0.0,0.0,0,0.0,0.0,0.1485508249742295,8.25,0,0,Swansea (H) · Southampton (A) · Derby (H) · West Ham (A),,,,,,,upcoming,1.400415946643367,1.428220281935919
E1,Middlesbrough,6,21,24,4,2026-12-12 12:30:00,2026-12-29 19:45:00,0,2,6.549302529248353,0.0,0.0,6.71658939644227,0.0,0.0,0.0,0.0,0.0,0,0.0,0.0,-0.11611171756731556,17.0,0,0,Preston (A) · Portsmouth (H) · Sheffield United (A) · Bolton (H),,,,,,,upcoming,1.6373256323120882,1.6791473491105675
E1,Middlesbrough,7,25,28,4,2027-01-01 15:00:00,2027-01-27 19:45:00,0,2,6.703030222478543,0.0,0.0,6.755157389913268,0.0,0.0,0.0,0.0,0.0,0,0.0,0.0,-0.15665121463124093,18.25,0,0,Preston (H) · Cardiff (A) · Charlton (A) · Wrexham (H),,,,,,,upcoming,1.6757575556196358,1.688789347478317
E1,Middlesbrough,8,29,32,4,2027-01-30 15:00:00,2027-02-17 19:45:00,0,2,6.103767737284633,0.0,0.0,6.268777316120875,0.0,0.0,0.0,0.0,0.0,0,0.0,0.0,0.0056593624710154725,12.0,0,0,Watford (H) · Bristol City (A) · Norwich (A) · Stoke (H),,,,,,,upcoming,1.5259419343211582,1.5671943290302188
E1,Middlesbrough,9,33,36,4,2027-02-20 15:00:00,2027-03-06 15:00:00,0,2,6.167719695763198,0.0,0.0,6.20779864408317,0.0,0.0,0.0,0.0,0.0,0,0.0,0.0,-0.009634090524986899,12.75,0,0,Birmingham (H) · Wolves (A) · Blackburn (H) · Lincoln (A),,,,,,,upcoming,1.5419299239407995,1.5519496610207926
E1,Middlesbrough,10,37,40,4,2027-03-13 15:00:00,2027-04-03 15:00:00,0,2,6.019578719892504,0.0,0.0,6.245714143083824,0.0,0.0,0.0,0.0,0.0,0,0.0,0.0,0.02833834554707205,10.75,0,0,Southampton (H) · Derby (A) · Sheffield United (H) · Portsmouth (A),,,,,,,upcoming,1.504894679973126,1.561428535770956
E1,Middlesbrough,11,41,44,4,2027-04-06 19:45:00,2027-04-20 19:45:00,0,2,5.994453072560438,0.0,0.0,6.057588652164746,0.0,0.0,0.0,0.0,0.0,0,0.0,0.0,0.034893854729274774,11.0,0,0,Millwall (A) · QPR (H) · West Brom (A) · Burnley (H),,,,,,,upcoming,1.4986132681401094,1.5143971630411865
E1,Middlesbrough,12,45,46,2,2027-04-24 15:00:00,2027-05-01 12:30:00,0,1,2.6462783122019076,0.0,0.0,2.633736302673073,0.0,0.0,0.0,0.0,0.0,0,0.0,0.0,0.22529131961462057,8.0,0,0,West Ham (H) · Swansea (A),,,,,,,upcoming,1.3231391561009538,1.3168681513365366
E1,Millwall,1,1,4,4,2026-08-15 15:00:00,2026-09-02 19:45:00,4,2,5.415322098764066,5.415322098764066,6.53459914799172,0.0,6.0,8.41,5.78,6.497756005321138,5.179797082420295,4,6.0,8.0,0.07309881548581926,8.75,0,0,Bristol City (A) · Norwich (H) · Southampton (A) · Wrexham (H),0.584677901235934,1.082433906557072,-0.49775600532113806,0.22872161212361414,0.5466587282909003,0.8190852959672987,complete,1.3538305246910165,
E1,Millwall,2,5,8,4,2026-09-05 15:00:00,2026-09-19 12:30:00,3,2,5.379160249479401,4.261501280640511,4.792091314324289,1.1215443267686351,4.0,5.59,3.86,5.20234722020343,3.1125662607089493,2,7.0,5.0,0.08456400811976313,11.25,0,0,Bolton (H) · Blackburn (A) · Middlesbrough (A) · West Ham (H),-0.2615012806405108,0.9408459395629194,-1.2023472202034302,-0.11945691025143121,0.5548560773619992,0.904913376161955,in progress,1.3447900623698503,1.1215443267686351
E1,Millwall,3,9,12,4,2026-10-10 15:00:00,2026-10-24 12:30:00,0,2,6.3506775031071765,0.0,0.0,6.442159607766528,0.0,0.0,0.0,0.0,0.0,0,0.0,0.0,-0.1822973704090866,19.25,0,0,Preston (A) · Swansea (H) · Lincoln (H) · Portsmouth (A),,,,,,,upcoming,1.5876693757767941,1.610539901941632
E1,Millwall,4,13,16,4,2026-10-31 15:00:00,2026-11-21 12:30:00,0,2,5.6608586565068,0.0,0.0,5.830294834179838,0.0,0.0,0.0,0.0,0.0,0,0.0,0.0,0.007058049918885329,12.0,0,0,Derby (H) · Birmingham (A) · West Brom (A) · QPR (H),,,,,,,upcoming,1.4152146641267,1.4575737085449596
E1,Millwall,5,17,20,4,2026-11-25 20:00:00,2026-12-08 19:45:00,0,2,5.486886710797196,0.0,0.0,5.752866136625299,0.0,0.0,0.0,0.0,0.0,0,0.0,0.0,0.052522948660673474,9.75,0,0,Stoke (A) · Burnley (H) · Watford (A) · Sheffield United (H),,,,,,,upcoming,1.371721677699299,1.4382165341563247
E1,Millwall,6,21,24,4,2026-12-12 15:00:00,2026-12-29 19:45:00,0,2,5.993728843583022,0.0,0.0,6.10096940477392,0.0,0.0,0.0,0.0,0.0,0,0.0,0.0,-0.08071924925967085,16.0,0,0,Wolves (A) · Charlton (H) · Cardiff (A) · Portsmouth (H),,,,,,,upcoming,1.4984322108957555,1.52524235119348
E1,Millwall,7,25,28,4,2027-01-01 12:30:00,2027-01-26 19:45:00,0,2,5.595092320920076,0.0,0.0,5.731911747844412,0.0,0.0,0.0,0.0,0.0,0,0.0,0.0,0.023311025696791707,11.0,0,0,Wolves (H) · Lincoln (A) · Derby (A) · Birmingham (H),,,,,,,upcoming,1.398773080230019,1.432977936961103
E1,Millwall,8,29,32,4,2027-01-30 15:00:00,2027-02-17 19:45:00,0,2,5.966025736350939,0.0,0.0,6.086511279882201,0.0,0.0,0.0,0.0,0.0,0,0.0,0.0,-0.07707984428856107,16.0,0,0,West Brom (H) · QPR (A) · Blackburn (H) · Swansea (A),,,,,,,upcoming,1.4915064340877346,1.5216278199705502
E1,Millwall,9,33,36,4,2027-02-21 12:00:00,2027-03-06 15:00:00,0,2,5.3372119981290735,0.0,0.0,5.452247254235466,0.0,0.0,0.0,0.0,0.0,0,0.0,0.0,0.10496782857996106,10.5,0,0,West Ham (A) · Preston (H) · Norwich (A) · Bristol City (H),,,,,,,upcoming,1.3343029995322684,1.3630618135588666
E1,Millwall,10,37,40,4,2027-03-13 15:00:00,2027-04-03 12:30:00,0,2,6.081746802454217,0.0,0.0,6.261098043904825,0.0,0.0,0.0,0.0,0.0,0,0.0,0.0,-0.10651750021119605,16.0,0,0,Burnley (A) · Watford (H) · Cardiff (H) · Charlton (A),,,,,,,upcoming,1.5204367006135542,1.5652745109762063
E1,Millwall,11,41,44,4,2027-04-06 19:45:00,2027-04-20 19:45:00,0,2,5.544817467587322,0.0,0.0,5.703696502023833,0.0,0.0,0.0,0.0,0.0,0,0.0,0.0,0.03709522137003197,9.75,0,0,Middlesbrough (H) · Bolton (A) · Southampton (H) · Wrexham (A),,,,,,,upcoming,1.3862043668968305,1.4259241255059583
E1,Millwall,12,45,46,2,2027-04-24 15:00:00,2027-05-01 12:30:00,0,1,2.7326076396063117,0.0,0.0,2.872593893056312,0.0,0.0,0.0,0.0,0.0,0,0.0,0.0,0.05991549450065675,9.5,0,0,Sheffield United (A) · Stoke (H),,,,,,,upcoming,1.3663038198031559,1.436296946528156
E1,Norwich,1,1,4,4,2026-08-15 15:00:00,2026-09-01 20:00:00,4,2,5.534306702903478,5.534306702903478,6.565379964007542,0.0,3.0,6.91,6.549999999999999,6.315310590245556,6.405217097096918,4,5.0,7.0,0.07129681534361278,9.5,0,0,West Brom (H) · Millwall (A) · Burnley (H) · Stoke (A),-2.5343067029034776,0.7810038873420782,-3.3153105902455557,-0.9890750336912467,0.39350262842707223,0.3226264317022449,complete,1.3835766757258694,
E1,Norwich,2,5,8,4,2026-09-05 15:00:00,2026-09-20 13:30:00,3,2,5.656435492266976,3.8036637065067316,4.808490089115352,1.892397797740679,6.0,4.49,4.92,3.9218475613328683,4.091187001416834,3,8.0,6.0,0.03927949860824107,9.75,0,0,Sheffield United (A) · Birmingham (H) · Middlesbrough (A) · Bolton (H),2.1963362934932684,0.11818385482613669,2.0781524386671317,1.0016003682355352,0.06957899692670762,0.31653664306996454,in progress,1.414108873066744,1.892397797740679
E1,Norwich,3,9,12,4,2026-10-10 12:30:00,2026-10-24 12:30:00,0,2,6.101461983967377,0.0,0.0,6.122204566842575,0.0,0.0,0.0,0.0,0.0,0,0.0,0.0,-0.08274926994723361,15.25,0,0,Swansea (A) · Southampton (H) · Portsmouth (H) · Charlton (A),,,,,,,upcoming,1.5253654959918443,1.5305511417106437
E1,Norwich,4,13,16,4,2026-10-31 12:30:00,2026-11-21 12:30:00,0,2,6.109518478807887,0.0,0.0,6.205193053903645,0.0,0.0,0.0,0.0,0.0,0,0.0,0.0,-0.08492803309995205,15.75,0,0,Watford (H) · Derby (A) · Bristol City (A) · Cardiff (H),,,,,,,upcoming,1.5273796197019718,1.5512982634759112
E1,Norwich,5,17,20,4,2026-11-24 19:45:00,2026-12-08 19:45:00,0,2,6.112787759115269,0.0,0.0,6.11269524763919,0.0,0.0,0.0,0.0,0.0,0,0.0,0.0,-0.08587845928307163,16.25,0,0,QPR (H) · Preston (A) · Wrexham (H) · Blackburn (A),,,,,,,upcoming,1.5281969397788173,1.5281738119097974
E1,Norwich,6,21,24,4,2026-12-13 14:00:00,2026-12-29 19:45:00,0,2,5.650577368760884,0.0,0.0,5.593246720161558,0.0,0.0,0.0,0.0,0.0,0,0.0,0.0,0.04840765124363018,12.5,0,0,Lincoln (A) · Wolves (H) · West Ham (A) · Charlton (H),,,,,,,upcoming,1.412644342190221,1.3983116800403894
E1,Norwich,7,25,28,4,2027-01-01 15:00:00,2027-01-26 19:45:00,0,2,6.3068128709666365,0.0,0.0,6.399078876655423,0.0,0.0,0.0,0.0,0.0,0,0.0,0.0,-0.1397675434081142,17.5,0,0,Lincoln (H) · Portsmouth (A) · Watford (A) · Derby (H),,,,,,,upcoming,1.5767032177416591,1.5997697191638558
E1,Norwich,8,29,32,4,2027-01-30 15:00:00,2027-02-17 19:45:00,0,2,5.734910738937233,0.0,0.0,5.716029608237491,0.0,0.0,0.0,0.0,0.0,0,0.0,0.0,0.017321264281583947,10.75,0,0,Bristol City (H) · Cardiff (A) · Middlesbrough (H) · Southampton (A),,,,,,,upcoming,1.4337276847343083,1.4290074020593728
E1,Norwich,9,33,36,4,2027-02-20 15:00:00,2027-03-06 15:00:00,0,2,6.0331463060656185,0.0,0.0,6.0217218643006785,0.0,0.0,0.0,0.0,0.0,0,0.0,0.0,-0.06401794817521485,15.0,0,0,Bolton (A) · Swansea (H) · Millwall (H) · West Brom (A),,,,,,,upcoming,1.5082865765164046,1.5054304660751696
E1,Norwich,10,37,40,4,2027-03-13 15:00:00,2027-04-03 15:00:00,0,2,5.1482353728696095,0.0,0.0,5.0904741320730995,0.0,0.0,0.0,0.0,0.0,0,0.0,0.0,0.18004241739958785,8.0,0,0,Preston (H) · Wrexham (A) · West Ham (H) · Wolves (A),,,,,,,upcoming,1.2870588432174024,1.2726185330182749
E1,Norwich,11,41,44,4,2027-04-07 20:00:00,2027-04-20 19:45:00,0,2,5.399315393474069,0.0,0.0,5.477512707882048,0.0,0.0,0.0,0.0,0.0,0,0.0,0.0,0.10973078952273682,7.25,0,0,Birmingham (A) · Sheffield United (H) · Burnley (A) · Stoke (H),,,,,,,upcoming,1.3498288483685172,1.369378176970512
E1,Norwich,12,45,46,2,2027-04-24 15:00:00,2027-05-01 12:30:00,0,1,3.1133099333989813,0.0,0.0,3.1229204366033363,0.0,0.0,0.0,0.0,0.0,0,0.0,0.0,-0.11661989254674371,18.0,0,0,Blackburn (H) · QPR (A),,,,,,,upcoming,1.5566549666994907,1.5614602183016681
E1,Portsmouth,1,1,4,4,2026-08-15 15:00:00,2026-09-01 19:45:00,4,2,5.448071944457114,5.448071944457113,6.551926115711444,0.0,3.0,5.71,6.0,5.418118173824624,5.50998471336361,4,5.0,8.0,-0.11881739915270045,16.75,0,0,QPR (H) · Lincoln (A) · Bristol City (A) · Derby (H),-2.448071944457113,-0.029953770632489274,-2.418118173824624,-0.9564002503364224,-0.015107457425647446,0.3388700583071267,complete,1.3620179861142785,
E1,Portsmouth,2,5,8,4,2026-09-05 15:00:00,2026-10-11 12:00:00,2,2,5.486692497835225,2.979346701130857,3.3230364623773974,2.5222371154804986,4.0,2.19,2.19,2.598927707183552,2.815889055232126,2,2.0,0.0,-0.12612265267640055,17.0,0,0,Cardiff (H) · Charlton (A) · Blackburn (H) · Southampton (A),1.020653298869143,-0.38041899394730505,1.401072292816448,0.5599002872090657,-0.26941328924336755,0.5755474528517197,in progress,1.3716731244588063,1.2611185577402493
E1,Portsmouth,3,9,12,4,2026-10-14 19:45:00,2026-10-24 12:30:00,0,2,4.534206995962253,0.0,0.0,4.50049065957436,0.0,0.0,0.0,0.0,0.0,0,0.0,0.0,0.14010945005990824,6.75,0,0,Sheffield United (H) · Norwich (A) · Wolves (A) · Millwall (H),,,,,,,upcoming,1.1335517489905633,1.12512266489359
E1,Portsmouth,4,13,16,4,2026-10-31 15:00:00,2026-11-21 15:00:00,0,2,5.116054485030564,0.0,0.0,5.138894613304071,0.0,0.0,0.0,0.0,0.0,0,0.0,0.0,-0.02491601648672568,13.0,0,0,Burnley (A) · Swansea (H) · Stoke (H) · Bolton (A),,,,,,,upcoming,1.279013621257641,1.2847236533260178
E1,Portsmouth,5,17,20,4,2026-11-24 19:45:00,2026-12-09 19:45:00,0,2,4.655470782254799,0.0,0.0,4.585777085915369,0.0,0.0,0.0,0.0,0.0,0,0.0,0.0,0.10200360938166309,10.75,0,0,West Ham (H) · Wrexham (A) · West Brom (H) · Preston (A),,,,,,,upcoming,1.1638676955636997,1.1464442714788423
E1,Portsmouth,6,21,24,4,2026-12-12 15:00:00,2026-12-29 19:45:00,0,2,4.764246441505736,0.0,0.0,4.688102342952481,0.0,0.0,0.0,0.0,0.0,0,0.0,0.0,0.07351580635787155,8.75,0,0,Birmingham (H) · Middlesbrough (A) · Watford (H) · Millwall (A),,,,,,,upcoming,1.191061610376434,1.1720255857381203
E1,Portsmouth,7,25,28,4,2027-01-01 15:00:00,2027-01-27 19:45:00,0,2,4.703220700959813,0.0,0.0,4.649482685010455,0.0,0.0,0.0,0.0,0.0,0,0.0,0.0,0.0867112438665703,8.0,0,0,Birmingham (A) · Norwich (H) · Burnley (H) · Swansea (A),,,,,,,upcoming,1.1758051752399532,1.1623706712526138
E1,Portsmouth,8,29,32,4,2027-01-30 15:00:00,2027-02-16 19:45:00,0,2,5.403856447375792,0.0,0.0,5.487592356211851,0.0,0.0,0.0,0.0,0.0,0,0.0,0.0,-0.10209487769381786,16.0,0,0,Stoke (A) · Bolton (H) · Charlton (H) · Sheffield United (A),,,,,,,upcoming,1.350964111843948,1.3718980890529628
E1,Portsmouth,9,33,36,4,2027-02-20 15:00:00,2027-03-06 15:00:00,0,2,5.430262209510876,0.0,0.0,5.383499690670476,0.0,0.0,0.0,0.0,0.0,0,0.0,0.0,-0.1140898466641749,16.25,0,0,Blackburn (A) · Southampton (H) · Lincoln (H) · QPR (A),,,,,,,upcoming,1.357565552377719,1.345874922667619
E1,Portsmouth,10,37,40,4,2027-03-13 15:00:00,2027-04-03 15:00:00,0,2,4.862070702425947,0.0,0.0,4.8297318950308785,0.0,0.0,0.0,0.0,0.0,0,0.0,0.0,0.04093950664773904,10.25,0,0,Wrexham (H) · West Brom (A) · Watford (A) · Middlesbrough (H),,,,,,,upcoming,1.2155176756064867,1.2074329737577196
E1,Portsmouth,11,41,44,4,2027-04-06 19:45:00,2027-04-20 19:45:00,0,2,4.955079288237751,0.0,0.0,4.951623296271795,0.0,0.0,0.0,0.0,0.0,0,0.0,0.0,0.016052300378420835,12.25,0,0,Wolves (H) · Cardiff (A) · Bristol City (H) · Derby (A),,,,,,,upcoming,1.2387698220594376,1.2379058240679488
E1,Portsmouth,12,45,46,2,2027-04-24 15:00:00,2027-05-01 12:30:00,0,1,2.2653700333276183,0.0,0.0,2.2180163211752104,0.0,0.0,0.0,0.0,0.0,0,0.0,0.0,0.16843230372523713,10.5,0,0,Preston (H) · West Ham (A),,,,,,,upcoming,1.1326850166638092,1.1090081605876052
E1,Preston,1,1,4,4,2026-08-15 12:30:00,2026-09-01 19:45:00,4,2,4.970029867792395,4.970029867792395,6.420475926348607,0.0,0.0,4.66,4.53,5.471742066024102,4.691517657777414,4,3.0,9.0,-0.058970239818230054,15.25,0,0,Bolton (A) · Wolves (H) · Charlton (A) · Bristol City (H),-4.970029867792395,0.501712198231707,-5.471742066024102,-1.961441625936337,0.2556203493761444,0.049827528224072326,complete,1.2425074669480987,
E1,Preston,2,5,8,4,2026-09-05 12:30:00,2026-09-19 15:00:00,3,2,5.390052165976676,4.271660804930302,4.878920627832542,1.1046292258871249,3.0,4.13,3.6700000000000004,4.376085967022997,4.149023535962087,3,3.0,4.0,-0.17159105337405525,19.0,0,0,Blackburn (H) · Watford (A) · Lincoln (H) · QPR (A),-1.2716608049303018,0.10442516209269481,-1.3760859670229966,-0.5757174713652722,0.061033412994294906,0.5648061641140814,in progress,1.347513041494169,1.1046292258871249
E1,Preston,3,9,12,4,2026-10-10 15:00:00,2026-10-24 15:00:00,0,2,4.53225828700538,0.0,0.0,4.494524114272243,0.0,0.0,0.0,0.0,0.0,0,0.0,0.0,0.06815121474822156,9.5,0,0,Millwall (H) · Birmingham (A) · Wrexham (A) · West Brom (H),,,,,,,upcoming,1.133064571751345,1.1236310285680609
E1,Preston,4,13,16,4,2026-10-31 12:30:00,2026-11-21 15:00:00,0,2,4.1325740737230285,0.0,0.0,4.2104126124244505,0.0,0.0,0.0,0.0,0.0,0,0.0,0.0,0.19408955089112345,6.25,0,0,Stoke (A) · Sheffield United (H) · Southampton (H) · West Ham (A),,,,,,,upcoming,1.0331435184307571,1.0526031531061126
E1,Preston,5,17,20,4,2026-11-24 19:45:00,2026-12-09 19:45:00,0,2,4.836835030542603,0.0,0.0,4.850103623104675,0.0,0.0,0.0,0.0,0.0,0,0.0,0.0,-0.016836097840892496,12.5,0,0,Cardiff (A) · Norwich (H) · Burnley (A) · Portsmouth (H),,,,,,,upcoming,1.2092087576356507,1.2125259057761688
E1,Preston,6,21,24,4,2026-12-12 12:30:00,2026-12-29 19:45:00,0,2,4.651290313110567,0.0,0.0,4.698189416748098,0.0,0.0,0.0,0.0,0.0,0,0.0,0.0,0.030512595922577074,10.75,0,0,Middlesbrough (H) · Swansea (A) · Derby (H) · West Brom (A),,,,,,,upcoming,1.1628225782776418,1.1745473541870246
E1,Preston,7,25,28,4,2027-01-01 15:00:00,2027-01-26 19:45:00,0,2,4.437968012410951,0.0,0.0,4.499856370811562,0.0,0.0,0.0,0.0,0.0,0,0.0,0.0,0.09568221478965219,7.75,0,0,Middlesbrough (A) · Wrexham (H) · Stoke (H) · Sheffield United (A),,,,,,,upcoming,1.1094920031027378,1.1249640927028906
E1,Preston,8,29,32,4,2027-01-30 15:00:00,2027-02-16 19:45:00,0,2,4.392767595397055,0.0,0.0,4.338287396358578,0.0,0.0,0.0,0.0,0.0,0,0.0,0.0,0.10805853740217503,9.0,0,0,Southampton (A) · West Ham (H) · Lincoln (A) · Birmingham (H),,,,,,,upcoming,1.0981918988492638,1.0845718490896445
E1,Preston,9,33,36,4,2027-02-20 15:00:00,2027-03-06 15:00:00,0,2,4.792458244428987,0.0,0.0,4.779185303791448,0.0,0.0,0.0,0.0,0.0,0,0.0,0.0,0.004237008457682233,12.75,0,0,QPR (H) · Millwall (A) · Wolves (A) · Bolton (H),,,,,,,upcoming,1.1981145611072468,1.194796325947862
E1,Preston,10,37,40,4,2027-03-13 15:00:00,2027-04-03 15:00:00,0,2,4.571880804019877,0.0,0.0,4.650244755944539,0.0,0.0,0.0,0.0,0.0,0,0.0,0.0,0.055633847813578725,9.5,0,0,Norwich (A) · Burnley (H) · Derby (A) · Swansea (H),,,,,,,upcoming,1.1429702010049692,1.1625611889861347
E1,Preston,11,41,44,4,2027-04-07 19:45:00,2027-04-21 19:45:00,0,2,5.23391681526394,0.0,0.0,5.336729285734684,0.0,0.0,0.0,0.0,0.0,0,0.0,0.0,-0.12836127818217044,18.0,0,0,Watford (H) · Blackburn (A) · Charlton (H) · Bristol City (A),,,,,,,upcoming,1.308479203815985,1.334182321433671
E1,Preston,12,45,46,2,2027-04-24 15:00:00,2027-05-01 12:30:00,0,1,2.702986691798217,0.0,0.0,2.6849040822116406,0.0,0.0,0.0,0.0,0.0,0,0.0,0.0,-0.1761018486420736,19.5,0,0,Portsmouth (A) · Cardiff (H),,,,,,,upcoming,1.3514933458991085,1.3424520411058203
E1,QPR,1,1,4,4,2026-08-15 15:00:00,2026-09-02 19:45:00,4,2,5.694932795869818,5.694932795869818,6.520420110625433,0.0,10.0,7.9,3.74,8.169440704412727,6.072464943670077,4,7.0,3.0,-0.18099604861291582,20.0,0,0,Portsmouth (A) · Bolton (H) · Blackburn (A) · Cardiff (H),4.305067204130182,2.4745079085429094,1.830559295587273,1.6859401225874617,1.2510522025864104,0.09180733291274468,complete,1.4237331989674544,
E1,QPR,2,5,8,4,2026-09-05 15:00:00,2026-09-19 15:00:00,3,2,5.286062682536774,3.6845012049179853,4.795786239798612,1.6152255204014345,2.0,2.92,4.59,2.959728914512523,3.8761919764834194,3,1.0,2.0,-0.06996952889616045,14.75,0,0,Middlesbrough (H) · Charlton (A) · West Brom (A) · Preston (H),-1.6845012049179853,-0.7247722904054621,-0.9597289145125232,-0.7692037933972631,-0.4272637492890824,0.44177233884854816,in progress,1.3215156706341935,1.6152255204014345
E1,QPR,3,9,12,4,2026-10-09 20:00:00,2026-10-24 15:00:00,0,2,4.56074563269219,0.0,0.0,4.630465978935376,0.0,0.0,0.0,0.0,0.0,0,0.0,0.0,0.14825745912641253,8.5,0,0,West Ham (A) · Derby (H) · Birmingham (A) · Swansea (H),,,,,,,upcoming,1.1401864081730475,1.157616494733844
E1,QPR,4,13,16,4,2026-10-31 15:00:00,2026-11-21 12:30:00,0,2,5.019520766071098,0.0,0.0,5.065522381075354,0.0,0.0,0.0,0.0,0.0,0,0.0,0.0,0.007667703738688619,10.75,0,0,Southampton (A) · Burnley (H) · Lincoln (H) · Millwall (A),,,,,,,upcoming,1.2548801915177745,1.2663805952688385
E1,QPR,5,17,20,4,2026-11-24 19:45:00,2026-12-08 19:45:00,0,2,4.557685351521378,0.0,0.0,4.689848268549218,0.0,0.0,0.0,0.0,0.0,0,0.0,0.0,0.13186121944646756,7.0,0,0,Norwich (A) · Sheffield United (H) · Stoke (A) · Wolves (H),,,,,,,upcoming,1.1394213378803446,1.1724620671373045
E1,QPR,6,21,24,4,2026-12-12 12:30:00,2026-12-29 19:45:00,0,2,5.134632730596983,0.0,0.0,5.227288952256068,0.0,0.0,0.0,0.0,0.0,0,0.0,0.0,-0.02703695341746475,13.5,0,0,Watford (H) · Wrexham (A) · Bristol City (H) · Swansea (A),,,,,,,upcoming,1.2836581826492457,1.306822238064017
E1,QPR,7,25,28,4,2027-01-01 15:00:00,2027-01-26 19:45:00,0,2,4.712331706510662,0.0,0.0,4.827702503600464,0.0,0.0,0.0,0.0,0.0,0,0.0,0.0,0.0895477626302559,7.75,0,0,Watford (A) · Birmingham (H) · Southampton (H) · Burnley (A),,,,,,,upcoming,1.1780829266276656,1.206925625900116
E1,QPR,8,29,32,4,2027-01-30 15:00:00,2027-02-16 19:45:00,0,2,5.288624233507159,0.0,0.0,5.371992791603331,0.0,0.0,0.0,0.0,0.0,0,0.0,0.0,-0.07105322046404983,14.75,0,0,Lincoln (A) · Millwall (H) · West Brom (H) · Derby (A),,,,,,,upcoming,1.3221560583767897,1.3429981979008327
E1,QPR,9,33,36,4,2027-02-20 15:00:00,2027-03-06 15:00:00,0,2,5.062612933579629,0.0,0.0,5.148927798218496,0.0,0.0,0.0,0.0,0.0,0,0.0,0.0,-0.006804695781023315,15.25,0,0,Preston (A) · West Ham (H) · Bolton (A) · Portsmouth (H),,,,,,,upcoming,1.2656532333949073,1.287231949554624
E1,QPR,10,37,40,4,2027-03-13 15:00:00,2027-04-03 15:00:00,0,2,4.872111294908904,0.0,0.0,5.02849493414029,0.0,0.0,0.0,0.0,0.0,0,0.0,0.0,0.04463221730850098,10.5,0,0,Sheffield United (A) · Stoke (H) · Bristol City (A) · Wrexham (H),,,,,,,upcoming,1.218027823727226,1.2571237335350725
E1,QPR,11,41,44,4,2027-04-06 19:45:00,2027-04-21 19:45:00,0,2,5.458816428125685,0.0,0.0,5.519091750645358,0.0,0.0,0.0,0.0,0.0,0,0.0,0.0,-0.11274532390555346,16.5,0,0,Charlton (H) · Middlesbrough (A) · Blackburn (H) · Cardiff (A),,,,,,,upcoming,1.3647041070314212,1.3797729376613395
E1,QPR,12,45,46,2,2027-04-24 15:00:00,2027-05-01 12:30:00,0,1,2.1684302358323997,0.0,0.0,2.1929061834524033,0.0,0.0,0.0,0.0,0.0,0,0.0,0.0,0.20380694439227837,4.5,0,0,Wolves (A) · Norwich (H),,,,,,,upcoming,1.0842151179161998,1.0964530917262016
E1,Sheffield United,1,1,4,4,2026-08-15 17:30:00,2026-09-01 19:45:00,4,2,6.132636133680376,6.132636133680376,6.618276465649857,0.0,6.0,5.6,6.02,5.212715219820231,6.341631331961647,4,5.0,4.0,-0.10606807869728042,16.0,0,0,Birmingham (H) · Swansea (A) · Cardiff (A) · Bolton (H),-0.13263613368037586,-0.9199209138601452,0.7872847801797693,-0.05155720924637342,-0.46163891827170445,0.9588815160384561,complete,1.533159033420094,
E1,Sheffield United,2,5,8,4,2026-09-05 15:00:00,2026-09-19 12:30:00,3,2,5.446610177385628,4.217338750570982,4.989715367049046,1.2155827048393657,3.0,2.26,5.59,1.9331804210936636,3.9766599378204535,3,3.0,5.0,0.07999648653710532,9.75,0,0,Norwich (H) · Blackburn (A) · Wolves (H) · Stoke (A),-1.217338750570982,-2.2841583294773184,1.0668195789063364,-0.5449712109865006,-1.3201178180040043,0.5857733179262976,in progress,1.361652544346407,1.2155827048393657
E1,Sheffield United,3,9,12,4,2026-10-10 15:00:00,2026-10-24 12:30:00,0,2,6.181557098351172,0.0,0.0,6.080228042803132,0.0,0.0,0.0,0.0,0.0,0,0.0,0.0,-0.11993900540853801,17.0,0,0,Lincoln (H) · Portsmouth (A) · Bristol City (A) · Derby (H),,,,,,,upcoming,1.545389274587793,1.520057010700783
E1,Sheffield United,4,13,16,4,2026-10-30 20:00:00,2026-11-21 15:00:00,0,2,6.190691240665857,0.0,0.0,6.0467995604361695,0.0,0.0,0.0,0.0,0.0,0,0.0,0.0,-0.12121717142670671,17.0,0,0,Wrexham (H) · Preston (A) · Charlton (A) · Watford (H),,,,,,,upcoming,1.5476728101664643,1.5116998901090424
E1,Sheffield United,5,17,20,4,2026-11-24 19:45:00,2026-12-08 19:45:00,0,2,5.180067676405929,0.0,0.0,4.945339049200797,0.0,0.0,0.0,0.0,0.0,0,0.0,0.0,0.15351893149927665,8.25,0,0,Southampton (H) · QPR (A) · West Ham (H) · Millwall (A),,,,,,,upcoming,1.2950169191014822,1.2363347623001992
E1,Sheffield United,6,21,24,4,2026-12-12 15:00:00,2026-12-29 19:45:00,0,2,5.3917752393622385,0.0,0.0,5.2958674371365655,0.0,0.0,0.0,0.0,0.0,0,0.0,0.0,0.09478922080855952,8.0,0,0,Burnley (H) · West Brom (A) · Middlesbrough (H) · Derby (A),,,,,,,upcoming,1.3479438098405596,1.3239668592841414
E1,Sheffield United,7,25,28,4,2027-01-01 17:30:00,2027-01-26 19:45:00,0,2,5.696417827942918,0.0,0.0,5.554474125960299,0.0,0.0,0.0,0.0,0.0,0,0.0,0.0,0.014825226400221526,11.75,0,0,Burnley (A) · Bristol City (H) · Wrexham (A) · Preston (H),,,,,,,upcoming,1.4241044569857295,1.3886185314900747
E1,Sheffield United,8,29,32,4,2027-01-30 15:00:00,2027-02-16 19:45:00,0,2,5.9223997605099195,0.0,0.0,5.787721187057311,0.0,0.0,0.0,0.0,0.0,0,0.0,0.0,-0.04528520605513663,14.75,0,0,Charlton (H) · Watford (A) · Wolves (A) · Portsmouth (H),,,,,,,upcoming,1.4805999401274799,1.4469302967643278
E1,Sheffield United,9,33,36,4,2027-02-20 15:00:00,2027-03-06 15:00:00,0,2,5.988546910260086,0.0,0.0,5.764283695512663,0.0,0.0,0.0,0.0,0.0,0,0.0,0.0,-0.06515051760855153,14.0,0,0,Stoke (H) · Lincoln (A) · Swansea (H) · Birmingham (A),,,,,,,upcoming,1.4971367275650216,1.4410709238781658
E1,Sheffield United,10,37,40,4,2027-03-13 15:00:00,2027-04-03 15:00:00,0,2,5.237181284897102,0.0,0.0,5.008828727030188,0.0,0.0,0.0,0.0,0.0,0,0.0,0.0,0.14895538301142525,8.5,0,0,QPR (H) · West Ham (A) · Middlesbrough (A) · West Brom (H),,,,,,,upcoming,1.3092953212242755,1.252207181757547
E1,Sheffield United,11,41,44,4,2027-04-07 19:45:00,2027-04-20 19:45:00,0,2,6.215945858352352,0.0,0.0,6.069545864165506,0.0,0.0,0.0,0.0,0.0,0,0.0,0.0,-0.12745602877864695,17.25,0,0,Blackburn (H) · Norwich (A) · Cardiff (H) · Bolton (A),,,,,,,upcoming,1.553986464588088,1.5173864660413765
E1,Sheffield United,12,45,46,2,2027-04-24 15:00:00,2027-05-01 12:30:00,0,1,2.687977037347479,0.0,0.0,2.5820318140862435,0.0,0.0,0.0,0.0,0.0,0,0.0,0.0,0.10131424615398804,7.5,0,0,Millwall (H) · Southampton (A),,,,,,,upcoming,1.3439885186737395,1.2910159070431217
E1,Southampton,1,1,4,4,2026-08-16 13:30:00,2026-09-01 20:00:00,4,2,5.798702465452249,5.798702465452248,6.607943854524572,0.0,7.0,8.14,5.0,7.21967621607816,6.758430648336697,4,10.0,5.0,0.03527144298285,10.75,0,0,Watford (A) · Stoke (H) · Millwall (H) · Birmingham (A),1.2012975345477521,1.4209737506259117,-0.21967621607815957,0.46732327721470523,0.7136368343295351,0.6402686050670492,complete,1.4496756163630622,
E1,Southampton,2,5,8,4,2026-09-05 12:30:00,2026-09-19 15:00:00,3,2,6.2715274463694595,5.033166804800833,4.999674374825167,1.2200115975750068,7.0,4.46,6.65,3.093802624368942,5.551928499426719,3,8.0,3.0,-0.09259157416611526,15.5,0,0,Lincoln (A) · Swansea (H) · Bristol City (H) · Wrexham (A),1.9668331951991673,-1.9393641804318906,3.906197375631058,0.8796231881854895,-1.1197288934143916,0.37906347288582865,in progress,1.5678818615923649,1.2200115975750068
E1,Southampton,3,9,12,4,2026-10-11 12:00:00,2026-10-24 15:00:00,0,2,5.719561249052981,0.0,0.0,5.709037180358131,0.0,0.0,0.0,0.0,0.0,0,0.0,0.0,0.06425937435707206,12.0,0,0,Portsmouth (H) · Norwich (A) · Bolton (H) · West Ham (A),,,,,,,upcoming,1.4298903122632451,1.4272592950895326
E1,Southampton,4,13,16,4,2026-10-31 15:00:00,2026-11-21 12:30:00,0,2,6.195206503822133,0.0,0.0,6.222004491768296,0.0,0.0,0.0,0.0,0.0,0,0.0,0.0,-0.0725642360114742,15.5,0,0,QPR (H) · West Brom (A) · Preston (A) · Derby (H),,,,,,,upcoming,1.5488016259555333,1.555501122942074
E1,Southampton,5,17,20,4,2026-11-24 19:45:00,2026-12-09 20:00:00,0,2,5.228511962545037,0.0,0.0,5.2308921657673135,0.0,0.0,0.0,0.0,0.0,0,0.0,0.0,0.1917476455140679,4.25,0,0,Sheffield United (A) · Middlesbrough (H) · Wolves (A) · Burnley (H),,,,,,,upcoming,1.3071279906362592,1.3077230414418284
E1,Southampton,6,21,24,4,2026-12-12 15:00:00,2026-12-29 20:15:00,0,2,6.037693384850672,0.0,0.0,5.990201582609545,0.0,0.0,0.0,0.0,0.0,0,0.0,0.0,-0.029266776103333225,16.0,0,0,Cardiff (A) · Blackburn (H) · Charlton (A) · West Ham (H),,,,,,,upcoming,1.509423346212668,1.4975503956523863
E1,Southampton,7,25,28,4,2027-01-01 15:00:00,2027-01-26 19:45:00,0,2,6.479802662155174,0.0,0.0,6.4446392277579765,0.0,0.0,0.0,0.0,0.0,0,0.0,0.0,-0.15011824548392333,18.25,0,0,Cardiff (H) · Bolton (A) · QPR (A) · West Brom (H),,,,,,,upcoming,1.6199506655387934,1.6111598069394941
E1,Southampton,8,29,32,4,2027-01-30 15:00:00,2027-02-17 19:45:00,0,2,6.0116004992523315,0.0,0.0,6.0724409972890605,0.0,0.0,0.0,0.0,0.0,0,0.0,0.0,-0.023258809893914798,13.25,0,0,Preston (H) · Derby (A) · Bristol City (A) · Norwich (H),,,,,,,upcoming,1.5029001248130829,1.5181102493222651
E1,Southampton,9,33,36,4,2027-02-20 15:00:00,2027-03-06 15:00:00,0,2,6.019875690238511,0.0,0.0,6.053697554663022,0.0,0.0,0.0,0.0,0.0,0,0.0,0.0,-0.025136776952200297,13.5,0,0,Wrexham (H) · Portsmouth (A) · Stoke (A) · Watford (H),,,,,,,upcoming,1.5049689225596277,1.5134243886657555
E1,Southampton,10,37,40,4,2027-03-13 15:00:00,2027-04-03 15:00:00,0,2,5.8387851486404685,0.0,0.0,5.814254074249559,0.0,0.0,0.0,0.0,0.0,0,0.0,0.0,0.02366905277735364,11.75,0,0,Middlesbrough (A) · Wolves (H) · Charlton (H) · Blackburn (A),,,,,,,upcoming,1.4596962871601171,1.4535635185623899
E1,Southampton,11,41,44,4,2027-04-06 19:45:00,2027-04-20 19:45:00,0,2,6.1303944878456,0.0,0.0,5.996884417713985,0.0,0.0,0.0,0.0,0.0,0,0.0,0.0,-0.05690228699511082,13.75,0,0,Swansea (A) · Lincoln (H) · Millwall (A) · Birmingham (H),,,,,,,upcoming,1.5325986219614,1.4992211044284962
E1,Southampton,12,45,46,2,2027-04-24 15:00:00,2027-05-01 12:30:00,0,1,2.7175950793317387,0.0,0.0,2.771444820804713,0.0,0.0,0.0,0.0,0.0,0,0.0,0.0,0.135230525814001,6.0,0,0,Burnley (A) · Sheffield United (H),,,,,,,upcoming,1.3587975396658694,1.3857224104023564
E1,Stoke,1,1,4,4,2026-08-15 15:00:00,2026-09-01 20:00:00,4,2,5.148482419504909,5.148482419504909,6.296309677043998,0.0,3.0,2.67,6.75,2.8074472196287403,4.276202659364721,4,4.0,9.0,0.11769325543038218,7.25,0,0,Swansea (H) · Southampton (A) · Wolves (A) · Norwich (H),-2.1484824195049086,-2.3410351998761683,0.19255278037125967,-0.8562266955992326,-1.2044513938068528,0.39187239911514693,complete,1.2871206048762271,
E1,Stoke,2,5,8,4,2026-09-05 12:30:00,2026-09-19 12:30:00,3,2,6.0443728546103195,4.558367381044834,4.931765239074473,1.4998759708646856,7.0,4.73,3.71,5.099835555558626,4.048733352023282,3,7.0,2.0,-0.13175912647691865,17.0,0,0,Charlton (H) · Cardiff (A) · Watford (A) · Sheffield United (H),2.4416326189551656,0.5414681745137919,1.9001644444413737,1.0994592074977432,0.3147720139219596,0.27156781762657434,in progress,1.5110932136525799,1.4998759708646856
E1,Stoke,3,9,12,4,2026-10-10 15:00:00,2026-10-24 15:00:00,0,2,5.622497905975804,0.0,0.0,5.602229358826202,0.0,0.0,0.0,0.0,0.0,0,0.0,0.0,-0.017019420941829705,12.75,0,0,Bolton (A) · Middlesbrough (H) · Derby (A) · Bristol City (H),,,,,,,upcoming,1.405624476493951,1.4005573397065505
E1,Stoke,4,13,16,4,2026-10-31 12:30:00,2026-11-21 15:00:00,0,2,5.825592564377317,0.0,0.0,5.708586079606568,0.0,0.0,0.0,0.0,0.0,0,0.0,0.0,-0.07236464308747512,15.75,0,0,Preston (H) · Blackburn (A) · Portsmouth (A) · Birmingham (H),,,,,,,upcoming,1.4563981410943292,1.427146519901642
E1,Stoke,5,17,20,4,2026-11-25 20:00:00,2026-12-09 19:45:00,0,2,5.492469460008448,0.0,0.0,5.269932744442907,0.0,0.0,0.0,0.0,0.0,0,0.0,0.0,0.030463104040745786,13.0,0,0,Millwall (H) · West Ham (A) · QPR (H) · Lincoln (A),,,,,,,upcoming,1.373117365002112,1.3174831861107268
E1,Stoke,6,21,24,4,2026-12-12 12:30:00,2026-12-29 19:45:00,0,2,5.346265210792316,0.0,0.0,5.262140060198465,0.0,0.0,0.0,0.0,0.0,0,0.0,0.0,0.06018119692896583,10.0,0,0,West Brom (H) · Burnley (A) · Wrexham (H) · Bristol City (A),,,,,,,upcoming,1.336566302698079,1.3155350150496163
E1,Stoke,7,25,28,4,2027-01-01 15:00:00,2027-01-26 19:45:00,0,2,5.839826769529674,0.0,0.0,5.810734195446269,0.0,0.0,0.0,0.0,0.0,0,0.0,0.0,-0.0756101189155489,16.0,0,0,West Brom (A) · Derby (H) · Preston (A) · Blackburn (H),,,,,,,upcoming,1.4599566923824185,1.4526835488615673
E1,Stoke,8,29,32,4,2027-01-30 15:00:00,2027-02-17 19:45:00,0,2,5.472719605903442,0.0,0.0,5.352137953192143,0.0,0.0,0.0,0.0,0.0,0,0.0,0.0,0.0277430088742553,10.75,0,0,Portsmouth (H) · Birmingham (A) · Watford (H) · Middlesbrough (A),,,,,,,upcoming,1.3681799014758604,1.3380344882980357
E1,Stoke,9,33,36,4,2027-02-20 15:00:00,2027-03-06 15:00:00,0,2,5.65571506274264,0.0,0.0,5.598436205586324,0.0,0.0,0.0,0.0,0.0,0,0.0,0.0,-0.025290608148273806,12.5,0,0,Sheffield United (A) · Bolton (H) · Southampton (H) · Swansea (A),,,,,,,upcoming,1.41392876568566,1.399609051396581
E1,Stoke,10,37,40,4,2027-03-13 15:00:00,2027-04-03 15:00:00,0,2,4.946898671465589,0.0,0.0,4.803181387463759,0.0,0.0,0.0,0.0,0.0,0,0.0,0.0,0.167999428243257,7.75,0,0,West Ham (H) · QPR (A) · Wrexham (A) · Burnley (H),,,,,,,upcoming,1.2367246678663972,1.2007953468659398
E1,Stoke,11,41,44,4,2027-04-06 19:45:00,2027-04-20 19:45:00,0,2,5.663596930083859,0.0,0.0,5.511705096328963,0.0,0.0,0.0,0.0,0.0,0,0.0,0.0,-0.02717922942540198,13.25,0,0,Cardiff (H) · Charlton (A) · Wolves (H) · Norwich (A),,,,,,,upcoming,1.4158992325209647,1.3779262740822407
E1,Stoke,12,45,46,2,2027-04-24 15:00:00,2027-05-01 12:30:00,0,1,3.0479003639554136,0.0,0.0,2.927526689418601,0.0,0.0,0.0,0.0,0.0,0,0.0,0.0,-0.14479740876307365,17.0,0,0,Lincoln (H) · Millwall (A),,,,,,,upcoming,1.5239501819777068,1.4637633447093006
E1,Swansea,1,1,4,4,2026-08-15 15:00:00,2026-09-01 19:45:00,4,2,5.145495746707503,5.145495746707502,6.4131656410099716,0.0,10.0,7.68,4.640000000000001,6.9432166256525365,5.559329316123985,4,7.0,1.0,0.008361705707367252,11.75,0,0,Stoke (A) · Sheffield United (H) · Derby (A) · Watford (H),4.854504253292498,1.797720878945034,3.0567833743474635,1.9169406075266175,0.9164534461484822,0.05524547743007613,complete,1.2863739366768758,
E1,Swansea,2,5,8,4,2026-09-05 20:00:00,2026-09-19 15:00:00,3,2,5.1421070288376,3.695622088321261,4.76247428451726,1.4427320413299998,4.0,3.67,3.9,3.901301081326437,4.091512994830301,3,4.0,4.0,0.009357719430171343,10.5,0,0,Wrexham (H) · Southampton (A) · Burnley (H) · Lincoln (A),0.30437791167873884,0.20567899300517567,0.09869891867356317,0.13947514166746736,0.12167405735682545,0.88907469800127,in progress,1.2855267572094,1.4427320413299998
E1,Swansea,3,9,12,4,2026-10-10 12:30:00,2026-10-24 15:00:00,0,2,4.652652060646343,0.0,0.0,4.683738610748707,0.0,0.0,0.0,0.0,0.0,0,0.0,0.0,0.1446673498591955,8.75,0,0,Norwich (H) · Millwall (A) · West Ham (H) · QPR (A),,,,,,,upcoming,1.1631630151615857,1.1709346526871767
E1,Swansea,4,13,16,4,2026-10-31 15:00:00,2026-11-21 15:00:00,0,2,5.2787382012269966,0.0,0.0,5.400171048285109,0.0,0.0,0.0,0.0,0.0,0,0.0,0.0,-0.02700867255873082,14.0,0,0,Blackburn (H) · Portsmouth (A) · Birmingham (A) · West Brom (H),,,,,,,upcoming,1.3196845503067491,1.3500427620712772
E1,Swansea,5,17,20,4,2026-11-24 19:45:00,2026-12-08 19:45:00,0,2,5.4783387956431255,0.0,0.0,5.586201001244726,0.0,0.0,0.0,0.0,0.0,0,0.0,0.0,-0.07858390895543571,15.0,0,0,Middlesbrough (A) · Cardiff (H) · Bristol City (A) · Bolton (H),,,,,,,upcoming,1.3695846989107814,1.3965502503111815
E1,Swansea,6,21,24,4,2026-12-12 15:00:00,2026-12-29 19:45:00,0,2,5.441746948369633,0.0,0.0,5.524947139427663,0.0,0.0,0.0,0.0,0.0,0,0.0,0.0,-0.06657804486759525,15.5,0,0,Charlton (A) · Preston (H) · Wolves (A) · QPR (H),,,,,,,upcoming,1.3604367370924082,1.3812367848569158
E1,Swansea,7,25,28,4,2027-01-01 15:00:00,2027-01-27 19:45:00,0,2,5.227420242587791,0.0,0.0,5.353670761708087,0.0,0.0,0.0,0.0,0.0,0,0.0,0.0,0.0012768723367313044,15.25,0,0,Charlton (H) · West Ham (A) · Blackburn (A) · Portsmouth (H),,,,,,,upcoming,1.3068550606469478,1.3384176904270217
E1,Swansea,8,29,32,4,2027-01-30 15:00:00,2027-02-17 19:45:00,0,2,4.8312384449915005,0.0,0.0,4.910463422951237,0.0,0.0,0.0,0.0,0.0,0,0.0,0.0,0.09587048409997026,8.25,0,0,Birmingham (H) · West Brom (A) · Burnley (A) · Millwall (H),,,,,,,upcoming,1.2078096112478751,1.2276158557378092
E1,Swansea,9,33,36,4,2027-02-20 15:00:00,2027-03-06 15:00:00,0,2,5.312228308193948,0.0,0.0,5.459834400616298,0.0,0.0,0.0,0.0,0.0,0,0.0,0.0,-0.03467373478055583,12.5,0,0,Lincoln (H) · Norwich (A) · Sheffield United (A) · Stoke (H),,,,,,,upcoming,1.328057077048487,1.3649586001540746
E1,Swansea,10,37,40,4,2027-03-13 15:00:00,2027-04-03 15:00:00,0,2,5.286782422100857,0.0,0.0,5.35845180513515,0.0,0.0,0.0,0.0,0.0,0,0.0,0.0,-0.03249258949894711,14.25,0,0,Cardiff (A) · Bristol City (H) · Wolves (H) · Preston (A),,,,,,,upcoming,1.3216956055252143,1.3396129512837875
E1,Swansea,11,41,44,4,2027-04-06 19:45:00,2027-04-21 19:45:00,0,2,5.06082405025799,0.0,0.0,5.273436404401224,0.0,0.0,0.0,0.0,0.0,0,0.0,0.0,0.030751097225515625,10.5,0,0,Southampton (H) · Wrexham (A) · Derby (H) · Watford (A),,,,,,,upcoming,1.2652060125644975,1.318359101100306
E1,Swansea,12,45,46,2,2027-04-24 15:00:00,2027-05-01 12:30:00,0,1,2.6383718830139804,0.0,0.0,2.7077330191767777,0.0,0.0,0.0,0.0,0.0,0,0.0,0.0,-0.030503834796889562,12.5,0,0,Bolton (A) · Middlesbrough (H),,,,,,,upcoming,1.3191859415069902,1.3538665095883888
E1,Watford,1,1,4,4,2026-08-16 13:30:00,2026-09-01 19:45:00,4,2,4.494450112501476,4.494450112501476,6.138259593150469,0.0,5.0,4.5,7.5600000000000005,3.813653132676114,3.822466947682105,4,4.0,5.0,0.16499279857578703,7.5,0,0,Southampton (H) · Wrexham (A) · West Ham (H) · Swansea (A),0.5055498874985238,-0.6807969798253621,1.186346867323886,0.2040522521338409,-0.35474752131041903,0.8383126665035794,complete,1.123612528125369,
E1,Watford,2,5,8,4,2026-09-05 15:00:00,2026-09-18 20:00:00,3,2,5.244038051626478,4.129809294644469,4.881931649493838,1.1053054771190804,3.0,3.71,4.98,3.1909701241511055,3.9034900727318247,3,3.0,4.0,-0.04246318220663177,14.5,0,0,West Brom (A) · Preston (H) · Stoke (H) · Bristol City (A),-1.1298092946444687,-0.9388391704933632,-0.19097012415110548,-0.511339445195903,-0.5485544323285331,0.6091133889709559,in progress,1.3110095129066195,1.1053054771190804
E1,Watford,3,9,12,4,2026-10-10 15:00:00,2026-10-24 15:00:00,0,2,5.130559691581146,0.0,0.0,5.014298583310094,0.0,0.0,0.0,0.0,0.0,0,0.0,0.0,-0.005537166732823173,12.5,0,0,Burnley (H) · Cardiff (A) · Charlton (H) · Wolves (A),,,,,,,upcoming,1.2826399228952865,1.2535746458275234
E1,Watford,4,13,16,4,2026-10-31 12:30:00,2026-11-21 15:00:00,0,2,5.086174859361927,0.0,0.0,4.972866953839738,0.0,0.0,0.0,0.0,0.0,0,0.0,0.0,0.003570628594465719,10.5,0,0,Norwich (A) · Lincoln (H) · Middlesbrough (H) · Sheffield United (A),,,,,,,upcoming,1.2715437148404818,1.2432167384599344
E1,Watford,5,17,20,4,2026-11-25 19:45:00,2026-12-08 20:00:00,0,2,5.015528466004248,0.0,0.0,4.947179187200768,0.0,0.0,0.0,0.0,0.0,0,0.0,0.0,0.02195304427350908,11.75,0,0,Blackburn (H) · Derby (A) · Millwall (H) · Birmingham (A),,,,,,,upcoming,1.253882116501062,1.236794796800192
E1,Watford,6,21,24,4,2026-12-12 12:30:00,2026-12-29 19:45:00,0,2,5.237013741517429,0.0,0.0,5.13920549740318,0.0,0.0,0.0,0.0,0.0,0,0.0,0.0,-0.04153578902593402,14.75,0,0,QPR (A) · Bolton (H) · Portsmouth (A) · Wolves (H),,,,,,,upcoming,1.3092534353793572,1.284801374350795
E1,Watford,7,25,28,4,2027-01-01 15:00:00,2027-01-26 19:45:00,0,2,5.673788004836467,0.0,0.0,5.535376783566395,0.0,0.0,0.0,0.0,0.0,0,0.0,0.0,-0.16204892895652326,17.75,0,0,QPR (H) · Charlton (A) · Norwich (H) · Lincoln (A),,,,,,,upcoming,1.4184470012091168,1.3838441958915988
E1,Watford,8,29,32,4,2027-01-30 15:00:00,2027-02-16 19:45:00,0,2,5.038127499837906,0.0,0.0,4.953784857593286,0.0,0.0,0.0,0.0,0.0,0,0.0,0.0,0.017675753174488676,10.75,0,0,Middlesbrough (A) · Sheffield United (H) · Stoke (A) · Cardiff (H),,,,,,,upcoming,1.2595318749594766,1.2384462143983215
E1,Watford,9,33,36,4,2027-02-20 15:00:00,2027-03-06 15:00:00,0,2,4.758739781679833,0.0,0.0,4.693608003380004,0.0,0.0,0.0,0.0,0.0,0,0.0,0.0,0.09474087817839805,8.0,0,0,Bristol City (H) · Burnley (A) · Wrexham (H) · Southampton (A),,,,,,,upcoming,1.1896849454199583,1.173402000845001
E1,Watford,10,37,40,4,2027-03-13 15:00:00,2027-04-03 15:00:00,0,2,5.3504075770786415,0.0,0.0,5.324735194814101,0.0,0.0,0.0,0.0,0.0,0,0.0,0.0,-0.07173448646745642,15.5,0,0,Derby (H) · Millwall (A) · Portsmouth (H) · Bolton (A),,,,,,,upcoming,1.3376018942696604,1.3311837987035253
E1,Watford,11,41,44,4,2027-04-07 19:45:00,2027-04-21 19:45:00,0,2,4.904076268515747,0.0,0.0,4.745752103233574,0.0,0.0,0.0,0.0,0.0,0,0.0,0.0,0.06544625384742933,12.25,0,0,Preston (A) · West Brom (H) · West Ham (A) · Swansea (H),,,,,,,upcoming,1.2260190671289368,1.1864380258083935
E1,Watford,12,45,46,2,2027-04-24 15:00:00,2027-05-01 12:30:00,0,1,2.529399005907631,0.0,0.0,2.47878237856039,0.0,0.0,0.0,0.0,0.0,0,0.0,0.0,0.005333366194647256,12.5,0,0,Birmingham (H) · Blackburn (A),,,,,,,upcoming,1.2646995029538155,1.239391189280195
E1,West Brom,1,1,4,4,2026-08-15 15:00:00,2026-09-02 19:45:00,4,2,5.25382107253091,5.25382107253091,6.288447794226453,0.0,7.0,5.8,6.069999999999999,5.468036756586487,5.283602493667659,4,7.0,6.0,0.04844470354386479,9.25,0,0,Norwich (A) · Burnley (H) · Middlesbrough (A) · Charlton (H),1.7461789274690904,0.21421568405557778,1.5319632434135126,0.6963330571830759,0.11028181624556019,0.4862202755556375,complete,1.3134552681327274,
E1,West Brom,2,5,8,4,2026-09-05 15:00:00,2026-09-20 12:00:00,3,2,5.338413631961663,4.422241029198489,4.9315278634858215,0.8996654443694139,7.0,3.92,3.21,4.546587091167703,5.137389456776303,3,3.0,1.0,0.02788901707474673,11.75,0,0,Watford (H) · Derby (A) · QPR (H) · Wolves (A),2.5777589708015114,0.12434606196921472,2.4534129088322967,1.160784395658608,0.07228790939940195,0.24572959035810582,in progress,1.3346034079904157,0.8996654443694139
E1,West Brom,3,9,12,4,2026-10-10 12:30:00,2026-10-24 15:00:00,0,2,5.512161412251413,0.0,0.0,5.49526416488939,0.0,0.0,0.0,0.0,0.0,0,0.0,0.0,-0.024901829912376144,13.5,0,0,Birmingham (H) · Wrexham (A) · Blackburn (H) · Preston (A),,,,,,,upcoming,1.3780403530628533,1.3738160412223475
E1,West Brom,4,13,16,4,2026-10-31 15:00:00,2026-11-21 15:00:00,0,2,4.863698639792512,0.0,0.0,4.789191343236925,0.0,0.0,0.0,0.0,0.0,0,0.0,0.0,0.1633027828843043,7.75,0,0,West Ham (A) · Southampton (H) · Millwall (H) · Swansea (A),,,,,,,upcoming,1.215924659948128,1.1972978358092312
E1,West Brom,5,17,20,4,2026-11-25 19:45:00,2026-12-08 19:45:00,0,2,5.986062528898594,0.0,0.0,6.008019945206739,0.0,0.0,0.0,0.0,0.0,0,0.0,0.0,-0.1543528392006328,18.75,0,0,Bolton (A) · Bristol City (H) · Portsmouth (A) · Cardiff (H),,,,,,,upcoming,1.4965156322246485,1.5020049863016847
E1,West Brom,6,21,24,4,2026-12-12 12:30:00,2026-12-29 19:45:00,0,2,5.809968948151421,0.0,0.0,5.838857760117339,0.0,0.0,0.0,0.0,0.0,0,0.0,0.0,-0.1057378049186512,15.75,0,0,Stoke (A) · Sheffield United (H) · Lincoln (A) · Preston (H),,,,,,,upcoming,1.4524922370378552,1.4597144400293347
E1,West Brom,7,25,28,4,2027-01-01 15:00:00,2027-01-26 19:45:00,0,2,4.906312144632029,0.0,0.0,4.936809274046701,0.0,0.0,0.0,0.0,0.0,0,0.0,0.0,0.14222481798176123,9.0,0,0,Stoke (H) · Blackburn (A) · West Ham (H) · Southampton (A),,,,,,,upcoming,1.2265780361580072,1.2342023185116753
E1,West Brom,8,29,32,4,2027-01-30 15:00:00,2027-02-16 19:45:00,0,2,5.456408214033778,0.0,0.0,5.364065459019956,0.0,0.0,0.0,0.0,0.0,0,0.0,0.0,-0.009751877206526496,12.75,0,0,Millwall (A) · Swansea (H) · QPR (A) · Wrexham (H),,,,,,,upcoming,1.3641020535084445,1.341016364754989
E1,West Brom,9,33,36,4,2027-02-20 15:00:00,2027-03-06 15:00:00,0,2,4.763627116379919,0.0,0.0,4.7464546473730005,0.0,0.0,0.0,0.0,0.0,0,0.0,0.0,0.18167651446854763,4.75,0,0,Wolves (H) · Birmingham (A) · Burnley (A) · Norwich (H),,,,,,,upcoming,1.1909067790949797,1.1866136618432501
E1,West Brom,10,37,40,4,2027-03-13 15:00:00,2027-04-03 15:00:00,0,2,5.795626752345466,0.0,0.0,5.828698326940165,0.0,0.0,0.0,0.0,0.0,0,0.0,0.0,-0.1010193887209544,16.0,0,0,Bristol City (A) · Portsmouth (H) · Lincoln (H) · Sheffield United (A),,,,,,,upcoming,1.4489066880863666,1.4571745817350412
E1,West Brom,11,41,44,4,2027-04-07 19:45:00,2027-04-20 19:45:00,0,2,5.57863155932959,0.0,0.0,5.670620666952857,0.0,0.0,0.0,0.0,0.0,0,0.0,0.0,-0.04436616447924063,13.5,0,0,Derby (H) · Watford (A) · Middlesbrough (H) · Charlton (A),,,,,,,upcoming,1.3946578898323976,1.4176551667382142
E1,West Brom,12,45,46,2,2027-04-24 15:00:00,2027-05-01 12:30:00,0,1,3.156904137851411,0.0,0.0,3.150895812628164,0.0,0.0,0.0,0.0,0.0,0,0.0,0.0,-0.24312899216741285,21.5,0,0,Cardiff (A) · Bolton (H),,,,,,,upcoming,1.5784520689257056,1.575447906314082
E1,West Ham,1,1,4,4,2026-08-16 16:00:00,2026-09-01 19:45:00,4,2,7.212770030002623,7.212770030002623,6.277013521394355,0.0,5.0,8.129999999999999,5.75,6.643774540628573,7.130616413978013,4,8.0,7.0,0.029896876471711048,11.25,0,0,Burnley (A) · Charlton (H) · Watford (A) · Wolves (H),-2.2127700300026234,-0.5689954893740508,-1.6437745406285726,-0.8832013995601814,-0.29319507192228117,0.3771274655616672,complete,1.8031925075006559,
E1,West Ham,2,5,8,4,2026-09-05 15:00:00,2026-09-19 12:30:00,3,2,7.434330631590667,5.831996035538591,4.653581762775497,1.606033535392434,9.0,8.82,2.31,7.336772640487065,6.3038721442787615,3,12.0,2.0,-0.024271673292357448,13.25,0,0,Derby (H) · Bolton (A) · Wrexham (H) · Millwall (A),3.168003964461409,1.504776604948474,1.663227359512935,1.4685611736602766,0.9005394255217712,0.14195185239479535,in progress,1.8585826578976667,1.606033535392434
E1,West Ham,3,9,12,4,2026-10-09 20:00:00,2026-10-24 15:00:00,0,2,7.707802524300387,0.0,0.0,7.789298233583902,0.0,0.0,0.0,0.0,0.0,0,0.0,0.0,-0.10126011237507253,15.25,0,0,QPR (H) · Lincoln (A) · Swansea (A) · Southampton (H),,,,,,,upcoming,1.9269506310750968,1.9473245583959755
E1,West Ham,4,13,16,4,2026-10-31 15:00:00,2026-11-21 15:00:00,0,2,7.831376772903735,0.0,0.0,7.952654940746279,0.0,0.0,0.0,0.0,0.0,0,0.0,0.0,-0.1371746069291549,18.25,0,0,West Brom (H) · Cardiff (A) · Blackburn (A) · Preston (H),,,,,,,upcoming,1.9578441932259338,1.9881637351865697
E1,West Ham,5,17,20,4,2026-11-24 19:45:00,2026-12-08 20:00:00,0,2,7.173896817954289,0.0,0.0,7.371574122376779,0.0,0.0,0.0,0.0,0.0,0,0.0,0.0,0.04821940161455322,10.0,0,0,Portsmouth (A) · Stoke (H) · Sheffield United (A) · Middlesbrough (H),,,,,,,upcoming,1.7934742044885723,1.8428935305941947
E1,West Ham,6,21,24,4,2026-12-12 15:00:00,2026-12-29 20:15:00,0,2,7.021843784310106,0.0,0.0,7.172356335908427,0.0,0.0,0.0,0.0,0.0,0,0.0,0.0,0.0877342379372533,8.0,0,0,Bristol City (H) · Birmingham (A) · Norwich (H) · Southampton (A),,,,,,,upcoming,1.7554609460775266,1.7930890839771068
E1,West Ham,7,25,28,4,2027-01-01 15:00:00,2027-01-27 19:45:00,0,2,7.620010754365316,0.0,0.0,7.727029061372111,0.0,0.0,0.0,0.0,0.0,0,0.0,0.0,-0.08210188957218015,15.75,0,0,Bristol City (A) · Swansea (H) · West Brom (A) · Cardiff (H),,,,,,,upcoming,1.905002688591329,1.9317572653430277
E1,West Ham,8,29,32,4,2027-01-30 15:00:00,2027-02-16 19:45:00,0,2,7.837864367728621,0.0,0.0,7.948528766967137,0.0,0.0,0.0,0.0,0.0,0,0.0,0.0,-0.14766429152309002,18.0,0,0,Blackburn (H) · Preston (A) · Wrexham (A) · Lincoln (H),,,,,,,upcoming,1.9594660919321552,1.9871321917417843
E1,West Ham,9,33,36,4,2027-02-21 12:00:00,2027-03-06 15:00:00,0,2,7.475460366268909,0.0,0.0,7.606235580376677,0.0,0.0,0.0,0.0,0.0,0,0.0,0.0,-0.03396984279614738,13.5,0,0,Millwall (H) · QPR (A) · Charlton (A) · Burnley (H),,,,,,,upcoming,1.8688650915672274,1.9015588950941693
E1,West Ham,10,37,40,4,2027-03-13 15:00:00,2027-04-03 15:00:00,0,2,7.027652944983674,0.0,0.0,7.216276352163483,0.0,0.0,0.0,0.0,0.0,0,0.0,0.0,0.08808872683015803,8.0,0,0,Stoke (A) · Sheffield United (H) · Norwich (A) · Birmingham (H),,,,,,,upcoming,1.7569132362459186,1.8040690880408707
E1,West Ham,11,41,44,4,2027-04-06 19:45:00,2027-04-20 19:45:00,0,2,7.336560425368033,0.0,0.0,7.581683689638162,0.0,0.0,0.0,0.0,0.0,0,0.0,0.0,-0.006746160943760446,13.0,0,0,Bolton (H) · Derby (A) · Watford (H) · Wolves (A),,,,,,,upcoming,1.8341401063420082,1.8954209224095404
E1,West Ham,12,45,46,2,2027-04-24 15:00:00,2027-05-01 12:30:00,0,1,3.5947037936128527,0.0,0.0,3.6491796778912455,0.0,0.0,0.0,0.0,0.0,0,0.0,0.0,0.036523308728449694,10.5,0,0,Middlesbrough (A) · Portsmouth (H),,,,,,,upcoming,1.7973518968064264,1.8245898389456228
E1,Wolves,1,1,4,4,2026-08-14 20:00:00,2026-09-01 19:45:00,4,2,6.3493076747586725,6.3493076747586725,6.328375289234484,0.0,7.0,6.82,4.34,7.139692713904428,6.91886949523793,4,11.0,8.0,0.062309166203584704,12.75,0,0,Blackburn (H) · Preston (A) · Stoke (H) · West Ham (A),0.6506923252413275,0.7903850391457556,-0.13969271390442817,0.25866017754513204,0.4056177698195035,0.7958974477960028,complete,1.5873269186896681,
E1,Wolves,2,5,8,4,2026-09-06 12:00:00,2026-10-10 15:00:00,2,1,5.845968881454326,2.7322294592775744,3.317170618462346,3.131273284593078,4.0,3.6799999999999997,2.62,3.4405251871437557,3.0405455828790795,2,3.0,2.0,0.1006249905958285,7.5,0,0,Birmingham (A) · Sheffield United (A) · West Brom (H) · Middlesbrough (A),1.2677705407224256,0.7082957278661812,0.5594748128562443,0.6960761455902182,0.5020593877474625,0.486381144536705,in progress,1.4614922203635814,1.565636642296539
E1,Wolves,3,9,12,4,2026-10-13 19:45:00,2026-10-24 15:00:00,0,3,7.15533371332944,0.0,0.0,7.320425246412284,0.0,0.0,0.0,0.0,0.0,0,0.0,0.0,-0.06845564623329678,15.0,0,0,Bolton (H) · Burnley (A) · Portsmouth (H) · Watford (H),,,,,,,upcoming,1.78883342833236,1.830106311603071
E1,Wolves,4,13,16,4,2026-10-31 15:00:00,2026-11-21 15:00:00,0,2,6.968993962891961,0.0,0.0,7.0306755435571775,0.0,0.0,0.0,0.0,0.0,0,0.0,0.0,-0.11440823156336855,16.75,0,0,Cardiff (H) · Bristol City (A) · Wrexham (A) · Charlton (H),,,,,,,upcoming,1.7422484907229903,1.7576688858892944
E1,Wolves,5,17,20,4,2026-11-24 20:00:00,2026-12-08 19:45:00,0,2,6.870016327098826,0.0,0.0,6.98026817094286,0.0,0.0,0.0,0.0,0.0,0,0.0,0.0,-0.08114473044239631,14.5,0,0,Derby (H) · Lincoln (A) · Southampton (H) · QPR (A),,,,,,,upcoming,1.7175040817747065,1.745067042735715
E1,Wolves,6,21,24,4,2026-12-12 15:00:00,2026-12-29 19:45:00,0,2,6.56704877367423,0.0,0.0,6.61873624907841,0.0,0.0,0.0,0.0,0.0,0,0.0,0.0,9.411796127552566e-05,12.0,0,0,Millwall (H) · Norwich (A) · Swansea (H) · Watford (A),,,,,,,upcoming,1.6417621934185576,1.6546840622696024
E1,Wolves,7,25,28,4,2027-01-01 12:30:00,2027-01-27 19:45:00,0,2,6.569055030616921,0.0,0.0,6.622075226253704,0.0,0.0,0.0,0.0,0.0,0,0.0,0.0,0.00011561257250075705,12.25,0,0,Millwall (A) · Burnley (H) · Cardiff (A) · Bristol City (H),,,,,,,upcoming,1.6422637576542303,1.655518806563426
E1,Wolves,8,29,32,4,2027-01-30 15:00:00,2027-02-17 19:45:00,0,2,6.912401165690699,0.0,0.0,7.065293142044839,0.0,0.0,0.0,0.0,0.0,0,0.0,0.0,-0.09215663138889443,15.5,0,0,Wrexham (H) · Charlton (A) · Sheffield United (H) · Bolton (A),,,,,,,upcoming,1.7281002914226749,1.7663232855112097
E1,Wolves,9,33,36,4,2027-02-20 15:00:00,2027-03-06 15:00:00,0,2,6.67750924994667,0.0,0.0,6.749825444026722,0.0,0.0,0.0,0.0,0.0,0,0.0,0.0,-0.03086202824389325,13.75,0,0,West Brom (A) · Middlesbrough (H) · Preston (H) · Blackburn (A),,,,,,,upcoming,1.6693773124866675,1.6874563610066804
E1,Wolves,10,37,40,4,2027-03-13 15:00:00,2027-04-03 15:00:00,0,2,6.730429920728138,0.0,0.0,6.764283458318916,0.0,0.0,0.0,0.0,0.0,0,0.0,0.0,-0.04884169879664121,12.75,0,0,Lincoln (H) · Southampton (A) · Swansea (A) · Norwich (H),,,,,,,upcoming,1.6826074801820345,1.691070864579729
E1,Wolves,11,41,44,4,2027-04-06 19:45:00,2027-04-20 19:45:00,0,2,6.037660816183921,0.0,0.0,6.100018442578408,0.0,0.0,0.0,0.0,0.0,0,0.0,0.0,0.1438557287821814,9.0,0,0,Portsmouth (A) · Birmingham (H) · Stoke (A) · West Ham (H),,,,,,,upcoming,1.5094152040459803,1.525004610644602
E1,Wolves,12,45,46,2,2027-04-24 15:00:00,2027-05-01 12:30:00,0,1,3.3747465024762233,0.0,0.0,3.462855739661447,0.0,0.0,0.0,0.0,0.0,0,0.0,0.0,-0.0507296601031865,14.5,0,0,QPR (H) · Derby (A),,,,,,,upcoming,1.6873732512381117,1.7314278698307235
E1,Wrexham,1,1,4,4,2026-08-17 20:00:00,2026-09-02 19:45:00,4,2,5.829061218551857,5.829061218551857,6.61057888077362,0.0,5.0,6.48,3.75,7.481700565944784,5.9226484034070985,4,6.0,4.0,-0.03279677232739009,13.25,0,0,Cardiff (A) · Watford (H) · Birmingham (H) · Millwall (A),-0.8290612185518569,1.6526393473929275,-2.4817005659447844,-0.3224533212335595,0.8298177447010873,0.7471092949679434,complete,1.4572653046379642,
E1,Wrexham,2,5,8,4,2026-09-05 20:00:00,2026-09-19 15:00:00,3,2,5.0315878080476,3.554925828634002,4.58786025456664,1.4992718521822392,2.0,3.13,4.960000000000001,3.1312622012450926,3.4783893659704637,3,1.0,7.0,0.19271206792753573,6.25,0,0,Swansea (A) · Burnley (H) · West Ham (A) · Southampton (H),-1.5549258286340022,-0.4236636273889096,-1.1312622012450926,-0.7259464522668934,-0.2553527061078464,0.4678715979534518,in progress,1.2578969520119,1.4992718521822392
E1,Wrexham,3,9,12,4,2026-10-10 15:00:00,2026-10-24 15:00:00,0,2,5.9860902137708685,0.0,0.0,6.1057569215573375,0.0,0.0,0.0,0.0,0.0,0,0.0,0.0,-0.0756101189155489,16.0,0,0,Derby (A) · West Brom (H) · Preston (H) · Blackburn (A),,,,,,,upcoming,1.4965225534427171,1.5264392303893344
E1,Wrexham,4,13,16,4,2026-10-30 20:00:00,2026-11-21 15:00:00,0,2,5.50111546896257,0.0,0.0,5.5123954664755415,0.0,0.0,0.0,0.0,0.0,0,0.0,0.0,0.0559013370030394,9.25,0,0,Sheffield United (A) · Middlesbrough (H) · Wolves (H) · Lincoln (A),,,,,,,upcoming,1.3752788672406424,1.3780988666188854
E1,Wrexham,5,17,20,4,2026-11-24 19:45:00,2026-12-08 19:45:00,0,2,5.995891589192542,0.0,0.0,6.067788370417727,0.0,0.0,0.0,0.0,0.0,0,0.0,0.0,-0.07778737646413411,15.5,0,0,Bristol City (A) · Portsmouth (H) · Norwich (A) · Charlton (H),,,,,,,upcoming,1.4989728972981355,1.5169470926044317
E1,Wrexham,6,21,24,4,2026-12-11 20:00:00,2026-12-29 18:00:00,0,2,6.121313601679168,0.0,0.0,6.219965330123206,0.0,0.0,0.0,0.0,0.0,0,0.0,0.0,-0.11180622704683818,17.25,0,0,Bolton (A) · QPR (H) · Stoke (A) · Blackburn (H),,,,,,,upcoming,1.530328400419792,1.5549913325308016
E1,Wrexham,7,25,28,4,2027-01-01 15:00:00,2027-01-27 19:45:00,0,2,5.8604075277880465,0.0,0.0,5.9463108458860425,0.0,0.0,0.0,0.0,0.0,0,0.0,0.0,-0.040342787322118455,13.25,0,0,Bolton (H) · Preston (A) · Sheffield United (H) · Middlesbrough (A),,,,,,,upcoming,1.4651018819470116,1.4865777114715106
E1,Wrexham,8,29,32,4,2027-01-30 15:00:00,2027-02-16 19:45:00,0,2,5.288432251373331,0.0,0.0,5.252001058625941,0.0,0.0,0.0,0.0,0.0,0,0.0,0.0,0.11727134876905233,10.0,0,0,Wolves (A) · Lincoln (H) · West Ham (H) · West Brom (A),,,,,,,upcoming,1.3221080628433328,1.3130002646564853
E1,Wrexham,9,33,36,4,2027-02-20 15:00:00,2027-03-06 15:00:00,0,2,5.884215130070526,0.0,0.0,5.994724314949867,0.0,0.0,0.0,0.0,0.0,0,0.0,0.0,-0.0472553643896479,13.5,0,0,Southampton (A) · Derby (H) · Watford (A) · Cardiff (H),,,,,,,upcoming,1.4710537825176315,1.4986810787374667
E1,Wrexham,10,37,40,4,2027-03-13 15:00:00,2027-04-03 15:00:00,0,2,5.78919803110848,0.0,0.0,5.8442308728787005,0.0,0.0,0.0,0.0,0.0,0,0.0,0.0,-0.022828358801662528,13.25,0,0,Portsmouth (A) · Norwich (H) · Stoke (H) · QPR (A),,,,,,,upcoming,1.44729950777712,1.4610577182196751
E1,Wrexham,11,41,44,4,2027-04-06 19:45:00,2027-04-20 19:45:00,0,2,5.425623830642109,0.0,0.0,5.40546520626599,0.0,0.0,0.0,0.0,0.0,0,0.0,0.0,0.07894402151591769,8.75,0,0,Burnley (A) · Swansea (H) · Birmingham (A) · Millwall (H),,,,,,,upcoming,1.3564059576605272,1.3513663015664974
E1,Wrexham,12,45,46,2,2027-04-24 15:00:00,2027-05-01 12:30:00,0,1,3.1261892612901487,0.0,0.0,3.1774899604826343,0.0,0.0,0.0,0.0,0.0,0,0.0,0.0,-0.14764024083486146,18.5,0,0,Charlton (A) · Bristol City (H),,,,,,,upcoming,1.5630946306450744,1.5887449802413172
E2,AFC Wimbledon,1,1,4,4,2026-08-15 15:00:00,2026-09-02 19:45:00,4,2,4.654080465140479,4.654080465140479,6.195313653998137,0.0,4.0,3.11,5.51,3.7282982647126555,4.550018865577392,4,2.0,7.0,-0.029055234750297573,13.0,0,0,Huddersfield (A) · Reading (H) · Wigan (H) · Burton (A),-0.6540804651404786,-0.9257822004278231,0.27170173528734454,-0.26278436929670096,-0.4801772190663439,0.7927167837437037,complete,1.1635201162851196,
E2,AFC Wimbledon,2,5,8,4,2026-09-07 20:00:00,2026-09-26 15:00:00,2,2,4.8955490314255234,2.581004337147767,3.2691032065465944,2.3058219368533854,6.0,2.48,3.0599999999999996,2.4857475618075107,1.3532412701205034,1,3.0,0.0,-0.10086154205923475,16.5,0,0,Bromley (A) · Doncaster (H) · MK Dons (H) · Cambridge (A),3.418995662852233,-0.09525677534025645,3.5142524381924893,1.8909682374621082,-0.06801519297168473,0.05862858432376861,in progress,1.2238872578563809,1.1529109684266927
E2,AFC Wimbledon,3,9,12,4,2026-10-03 15:00:00,2026-10-20 19:45:00,0,2,4.380166358805329,0.0,0.0,4.351626174346332,0.0,0.0,0.0,0.0,0.0,0,0.0,0.0,0.054852099315878075,10.0,0,0,Stevenage (H) · Plymouth (A) · Sheffield Wed (A) · Mansfield (H),,,,,,,upcoming,1.0950415897013321,1.087906543586583
E2,AFC Wimbledon,4,13,16,4,2026-10-24 15:00:00,2026-11-21 15:00:00,0,2,4.485450487079747,0.0,0.0,4.44662053536875,0.0,0.0,0.0,0.0,0.0,0,0.0,0.0,0.01661166082699505,11.5,0,0,Wycombe (H) · Stockport (A) · Blackpool (H) · Leyton Orient (A),,,,,,,upcoming,1.1213626217699368,1.1116551338421874
E2,AFC Wimbledon,5,17,20,4,2026-11-28 15:00:00,2026-12-19 15:00:00,0,2,4.603979018463308,0.0,0.0,4.54066519515008,0.0,0.0,0.0,0.0,0.0,0,0.0,0.0,-0.016341868660982826,12.5,0,0,Barnsley (H) · Notts County (A) · Bradford (A) · Oxford (H),,,,,,,upcoming,1.150994754615827,1.13516629878752
E2,AFC Wimbledon,6,21,24,4,2026-12-26 15:00:00,2027-01-09 12:30:00,0,2,4.111597504857185,0.0,0.0,4.085708027419587,0.0,0.0,0.0,0.0,0.0,0,0.0,0.0,0.13592179376069513,8.5,0,0,Leicester (A) · Luton (H) · Peterborough (H) · Oxford (A),,,,,,,upcoming,1.0278993762142963,1.0214270068548967
E2,AFC Wimbledon,7,25,28,4,2027-01-16 15:00:00,2027-01-30 15:00:00,0,2,4.261277059858659,0.0,0.0,4.193787436929411,0.0,0.0,0.0,0.0,0.0,0,0.0,0.0,0.07811852844359768,8.5,0,0,Sheffield Wed (H) · Mansfield (A) · Wycombe (A) · Stockport (H),,,,,,,upcoming,1.0653192649646648,1.0484468592323528
E2,AFC Wimbledon,8,29,32,4,2027-02-06 15:00:00,2027-02-20 15:00:00,0,2,5.084228840909121,0.0,0.0,5.048953978557423,0.0,0.0,0.0,0.0,0.0,0,0.0,0.0,-0.14801466240098404,18.75,0,0,Wigan (A) · Burton (H) · Bromley (H) · Doncaster (A),,,,,,,upcoming,1.2710572102272804,1.2622384946393557
E2,AFC Wimbledon,9,33,36,4,2027-02-27 15:00:00,2027-03-20 15:00:00,0,2,4.504540043608148,0.0,0.0,4.399698843532228,0.0,0.0,0.0,0.0,0.0,0,0.0,0.0,0.011278085472249646,11.5,0,0,Blackpool (A) · Huddersfield (H) · Reading (A) · Leyton Orient (H),,,,,,,upcoming,1.126135010902037,1.099924710883057
E2,AFC Wimbledon,10,37,40,4,2027-03-26 15:00:00,2027-04-10 15:00:00,0,2,4.012050136367321,0.0,0.0,3.9806493814236448,0.0,0.0,0.0,0.0,0.0,0,0.0,0.0,0.15405411728376328,7.75,0,0,Peterborough (A) · Leicester (H) · Luton (A) · Bradford (H),,,,,,,upcoming,1.0030125340918303,0.9951623453559112
E2,AFC Wimbledon,11,41,44,4,2027-04-13 19:45:00,2027-04-27 19:45:00,0,2,4.549610734914952,0.0,0.0,4.5420226567400395,0.0,0.0,0.0,0.0,0.0,0,0.0,0.0,0.00016503181847752138,12.25,0,0,Cambridge (H) · MK Dons (A) · Plymouth (H) · Stevenage (A),,,,,,,upcoming,1.137402683728738,1.1355056641850099
E2,AFC Wimbledon,12,45,46,2,2027-05-01 15:00:00,2027-05-08 12:30:00,0,1,2.3905035795661593,0.0,0.0,2.3378869297253644,0.0,0.0,0.0,0.0,0.0,0,0.0,0.0,-0.06626581907788105,15.5,0,0,Barnsley (A) · Notts County (H),,,,,,,upcoming,1.1952517897830797,1.1689434648626822
E2,Barnsley,1,1,4,4,2026-08-15 15:00:00,2026-09-02 19:45:00,4,2,5.656145786126892,5.656145786126892,6.5518961020897795,0.0,7.0,5.87,5.6899999999999995,5.6998107502044855,5.159122239405169,4,5.0,3.0,-0.10768134217843682,17.25,0,0,Bromley (H) · Doncaster (A) · Leyton Orient (A) · Blackpool (H),1.343854213873108,0.04366496407759346,1.3001892497955145,0.5250113066750814,0.022022873341121758,0.5995753309386544,complete,1.414036446531723,
E2,Barnsley,2,5,8,4,2026-09-05 15:00:00,2026-09-26 15:00:00,2,2,4.7507954015183245,2.5856051776477758,3.1760218434035803,2.2112439054775885,0.0,3.1799999999999997,2.39,3.3589748385954294,0.8441205834368227,1,1.0,8.0,0.1419617742788106,7.75,0,0,Stevenage (H) · Plymouth (A) · Leicester (H) · Bradford (A),-2.5856051776477758,0.7733696609476537,-3.3589748385954294,-1.4508431661583958,0.5602343910645385,0.146823536650051,in progress,1.1876988503795811,1.1056219527387943
E2,Barnsley,3,9,12,4,2026-10-03 15:00:00,2026-10-20 19:45:00,0,2,5.0499605603251565,0.0,0.0,5.058930454930454,0.0,0.0,0.0,0.0,0.0,0,0.0,0.0,0.0610191313655489,9.25,0,0,MK Dons (H) · Stockport (A) · Cambridge (H) · Luton (A),,,,,,,upcoming,1.2624901400812891,1.2647326137326136
E2,Barnsley,4,13,16,4,2026-10-24 15:00:00,2026-11-20 20:00:00,0,2,5.106058406507501,0.0,0.0,5.058756139459153,0.0,0.0,0.0,0.0,0.0,0,0.0,0.0,0.04108656699103898,9.75,0,0,Reading (A) · Oxford (H) · Wigan (A) · Sheffield Wed (H),,,,,,,upcoming,1.2765146016268754,1.2646890348647883
E2,Barnsley,5,17,20,4,2026-11-28 15:00:00,2026-12-19 12:30:00,0,2,5.395335143105257,0.0,0.0,5.407207833622423,0.0,0.0,0.0,0.0,0.0,0,0.0,0.0,-0.03825440915808768,13.75,0,0,AFC Wimbledon (A) · Wycombe (H) · Peterborough (A) · Huddersfield (H),,,,,,,upcoming,1.3488337857763142,1.3518019584056058
E2,Barnsley,6,21,24,4,2026-12-26 15:00:00,2027-01-09 15:00:00,0,2,5.455822977962001,0.0,0.0,5.461044361154479,0.0,0.0,0.0,0.0,0.0,0,0.0,0.0,-0.050980566358084047,15.0,0,0,Mansfield (A) · Burton (H) · Notts County (H) · Huddersfield (A),,,,,,,upcoming,1.3639557444905002,1.3652610902886197
E2,Barnsley,7,25,28,4,2027-01-16 15:00:00,2027-01-30 15:00:00,0,2,5.23686846066304,0.0,0.0,5.245332538665939,0.0,0.0,0.0,0.0,0.0,0,0.0,0.0,0.005359758154872048,11.75,0,0,Cambridge (A) · Luton (H) · Reading (H) · Oxford (A),,,,,,,upcoming,1.30921711516576,1.3113331346664847
E2,Barnsley,8,29,32,4,2027-02-06 15:00:00,2027-02-20 15:00:00,0,2,5.283625867579918,0.0,0.0,5.356271816143179,0.0,0.0,0.0,0.0,0.0,0,0.0,0.0,-0.006654768300724555,13.0,0,0,Leyton Orient (H) · Blackpool (A) · Stevenage (A) · Plymouth (H),,,,,,,upcoming,1.3209064668949795,1.3390679540357948
E2,Barnsley,9,33,36,4,2027-02-27 15:00:00,2027-03-20 15:00:00,0,2,5.427538020984658,0.0,0.0,5.435623711214028,0.0,0.0,0.0,0.0,0.0,0,0.0,0.0,-0.04201632680829361,13.75,0,0,Wigan (H) · Bromley (A) · Doncaster (H) · Sheffield Wed (A),,,,,,,upcoming,1.3568845052461644,1.358905927803507
E2,Barnsley,10,37,40,4,2027-03-26 15:00:00,2027-04-10 15:00:00,0,2,5.661048950827302,0.0,0.0,5.699030618756116,0.0,0.0,0.0,0.0,0.0,0,0.0,0.0,-0.10935536494090255,18.75,0,0,Notts County (A) · Mansfield (H) · Burton (A) · Peterborough (H),,,,,,,upcoming,1.4152622377068256,1.424757654689029
E2,Barnsley,11,41,44,4,2027-04-13 19:45:00,2027-04-27 19:45:00,0,2,4.637598340216796,0.0,0.0,4.653945167052665,0.0,0.0,0.0,0.0,0.0,0,0.0,0.0,0.17969746741110776,5.5,0,0,Bradford (H) · Leicester (A) · Stockport (H) · MK Dons (A),,,,,,,upcoming,1.159399585054199,1.1634862917631663
E2,Barnsley,12,45,46,2,2027-05-01 15:00:00,2027-05-08 12:30:00,0,1,2.8194384379941146,0.0,0.0,2.8580142339752914,0.0,0.0,0.0,0.0,0.0,0,0.0,0.0,-0.10050279126573294,16.0,0,0,AFC Wimbledon (H) · Wycombe (A),,,,,,,upcoming,1.4097192189970573,1.4290071169876457
E2,Blackpool,1,1,4,4,2026-08-15 15:00:00,2026-09-02 19:45:00,4,2,5.503218067719248,5.503218067719249,6.539577701379551,0.0,7.0,11.25,7.77,7.300225562515891,4.901350451374602,4,8.0,4.0,0.0019648361448295747,12.0,0,0,Wycombe (H) · Stockport (A) · Peterborough (H) · Barnsley (A),1.4967819322807507,1.7970074947966417,-0.30022556251589094,0.5853069486219137,0.9071924163355828,0.5583413434507578,complete,1.375804516929812,
E2,Blackpool,2,5,8,4,2026-09-05 15:00:00,2026-09-26 15:00:00,2,2,5.740822759449011,3.0340014083542415,3.2396311057506084,2.7303520899655336,1.0,2.32,4.26,1.8787253291881405,1.8514018226183953,1,3.0,5.0,-0.0634223492621091,14.75,0,0,Reading (A) · Bromley (H) · Plymouth (H) · Notts County (A),-2.0340014083542415,-1.155276079166101,-0.8787253291881405,-1.130065116738409,-0.8286332877491625,0.25844878717759423,in progress,1.4352056898622527,1.3651760449827668
E2,Blackpool,3,9,12,4,2026-10-03 15:00:00,2026-10-20 19:45:00,0,2,5.242672015763929,0.0,0.0,5.376266826916324,0.0,0.0,0.0,0.0,0.0,0,0.0,0.0,0.07151525492655417,12.0,0,0,Leicester (H) · Cambridge (A) · Leyton Orient (A) · MK Dons (H),,,,,,,upcoming,1.3106680039409822,1.344066706729081
E2,Blackpool,4,13,16,4,2026-10-24 15:00:00,2026-11-21 12:30:00,0,2,5.646191022173946,0.0,0.0,5.700690218300101,0.0,0.0,0.0,0.0,0.0,0,0.0,0.0,-0.03455091303535492,13.75,0,0,Mansfield (H) · Sheffield Wed (A) · AFC Wimbledon (A) · Wigan (H),,,,,,,upcoming,1.4115477555434865,1.4251725545750253
E2,Blackpool,5,17,20,4,2026-11-28 15:00:00,2026-12-19 15:00:00,0,2,5.57366922897077,0.0,0.0,5.640268093657596,0.0,0.0,0.0,0.0,0.0,0,0.0,0.0,-0.018084670031806173,13.25,0,0,Stevenage (A) · Luton (H) · Oxford (A) · Burton (H),,,,,,,upcoming,1.3934173072426925,1.410067023414399
E2,Blackpool,6,21,24,4,2026-12-26 15:00:00,2027-01-08 20:00:00,0,2,5.546141511784839,0.0,0.0,5.556334939733068,0.0,0.0,0.0,0.0,0.0,0,0.0,0.0,-0.009447309856135948,12.25,0,0,Huddersfield (A) · Bradford (H) · Doncaster (H) · Burton (A),,,,,,,upcoming,1.3865353779462097,1.389083734933267
E2,Blackpool,7,25,28,4,2027-01-16 15:00:00,2027-01-30 15:00:00,0,2,5.3558029760378645,0.0,0.0,5.426421542088711,0.0,0.0,0.0,0.0,0.0,0,0.0,0.0,0.04157022395609743,11.0,0,0,Leyton Orient (H) · MK Dons (A) · Mansfield (A) · Sheffield Wed (H),,,,,,,upcoming,1.3389507440094661,1.3566053855221778
E2,Blackpool,8,29,32,4,2027-02-06 15:00:00,2027-02-20 15:00:00,0,2,5.916419036939148,0.0,0.0,5.956031788511503,0.0,0.0,0.0,0.0,0.0,0,0.0,0.0,-0.11072152244174727,17.0,0,0,Peterborough (A) · Barnsley (H) · Reading (H) · Bromley (A),,,,,,,upcoming,1.479104759234787,1.4890079471278757
E2,Blackpool,9,33,36,4,2027-02-27 15:00:00,2027-03-20 15:00:00,0,2,5.6505241751116,0.0,0.0,5.6880838097281075,0.0,0.0,0.0,0.0,0.0,0,0.0,0.0,-0.03843143225727135,13.25,0,0,AFC Wimbledon (H) · Wycombe (A) · Stockport (H) · Wigan (A),,,,,,,upcoming,1.4126310437779,1.4220209524320269
E2,Blackpool,10,37,40,4,2027-03-26 15:00:00,2027-04-10 15:00:00,0,2,5.3709233317563285,0.0,0.0,5.380198190689453,0.0,0.0,0.0,0.0,0.0,0,0.0,0.0,0.0369698257151979,9.5,0,0,Doncaster (A) · Oxford (H) · Bradford (A) · Huddersfield (H),,,,,,,upcoming,1.3427308329390821,1.3450495476723632
E2,Blackpool,11,41,44,4,2027-04-13 19:45:00,2027-04-27 19:45:00,0,2,5.237753368939458,0.0,0.0,5.334714707506447,0.0,0.0,0.0,0.0,0.0,0,0.0,0.0,0.08308955951684091,11.25,0,0,Notts County (H) · Plymouth (A) · Cambridge (H) · Leicester (A),,,,,,,upcoming,1.3094383422348645,1.3336786768766118
E2,Blackpool,12,45,46,2,2027-05-01 15:00:00,2027-05-08 12:30:00,0,1,2.6524879712626555,0.0,0.0,2.6694141452833797,0.0,0.0,0.0,0.0,0.0,0,0.0,0.0,0.05934749636927625,10.0,0,0,Stevenage (H) · Luton (A),,,,,,,upcoming,1.3262439856313277,1.3347070726416899
E2,Bradford,1,1,4,4,2026-08-15 15:00:00,2026-09-01 19:45:00,4,2,5.5962862374506965,5.5962862374506965,6.391052283915555,0.0,6.0,5.37,5.08,5.281722300766556,6.373824672422988,4,4.0,4.0,0.029331342693395095,11.75,0,0,Peterborough (H) · Sheffield Wed (A) · Plymouth (A) · Cambridge (H),0.40371376254930347,-0.3145639366841406,0.7182776992334441,0.15969354782516565,-0.16063756815383112,0.8731224837637481,complete,1.3990715593626741,
E2,Bradford,2,5,8,4,2026-09-05 15:00:00,2026-09-26 15:00:00,2,2,5.705774911502726,2.9909239008555146,3.329826571598967,2.7016769629712902,6.0,1.5899999999999999,1.08,3.042128021610022,1.468881784368119,1,2.0,0.0,-0.0019101198628912793,12.5,0,0,Mansfield (H) · Notts County (A) · Luton (A) · Barnsley (H),3.0090760991444854,0.05120412075450753,2.957871978389978,1.6490064859304823,0.03622584133365485,0.09914630596300866,in progress,1.4264437278756814,1.3508384814856451
E2,Bradford,3,9,12,4,2026-10-03 15:00:00,2026-10-20 19:45:00,0,2,6.046510657198134,0.0,0.0,6.0430876489380765,0.0,0.0,0.0,0.0,0.0,0,0.0,0.0,-0.0953930345280269,17.75,0,0,Reading (A) · Leyton Orient (H) · Stevenage (H) · Burton (A),,,,,,,upcoming,1.5116276642995334,1.5107719122345191
E2,Bradford,4,13,16,4,2026-10-24 15:00:00,2026-11-21 15:00:00,0,2,5.235818197754632,0.0,0.0,5.232944921311912,0.0,0.0,0.0,0.0,0.0,0,0.0,0.0,0.13015566010986163,7.75,0,0,Oxford (A) · Huddersfield (H) · Leicester (A) · Doncaster (H),,,,,,,upcoming,1.308954549438658,1.308236230327978
E2,Bradford,5,17,20,4,2026-11-28 15:00:00,2026-12-19 15:00:00,0,2,6.049856899550868,0.0,0.0,6.1034979104227824,0.0,0.0,0.0,0.0,0.0,0,0.0,0.0,-0.09640286820857992,15.5,0,0,Wycombe (A) · MK Dons (H) · AFC Wimbledon (H) · Bromley (A),,,,,,,upcoming,1.512464224887717,1.5258744776056956
E2,Bradford,6,21,24,4,2026-12-26 15:00:00,2027-01-09 15:00:00,0,2,5.895964567742014,0.0,0.0,5.879828039555352,0.0,0.0,0.0,0.0,0.0,0,0.0,0.0,-0.05540955310730427,13.75,0,0,Stockport (H) · Blackpool (A) · Wigan (A) · Bromley (H),,,,,,,upcoming,1.4739911419355034,1.469957009888838
E2,Bradford,7,25,28,4,2027-01-16 15:00:00,2027-01-30 12:30:00,0,2,5.814611527595081,0.0,0.0,5.801660038728189,0.0,0.0,0.0,0.0,0.0,0,0.0,0.0,-0.032032602045101076,13.5,0,0,Stevenage (A) · Burton (H) · Oxford (H) · Huddersfield (A),,,,,,,upcoming,1.4536528818987702,1.4504150096820472
E2,Bradford,8,29,32,4,2027-02-06 15:00:00,2027-02-20 15:00:00,0,2,5.859388210412652,0.0,0.0,5.905913941274027,0.0,0.0,0.0,0.0,0.0,0,0.0,0.0,-0.04546899194438003,15.0,0,0,Plymouth (H) · Cambridge (A) · Mansfield (A) · Notts County (H),,,,,,,upcoming,1.464847052603163,1.4764784853185067
E2,Bradford,9,33,36,4,2027-02-27 15:00:00,2027-03-20 15:00:00,0,2,5.204559346359438,0.0,0.0,5.193684588892156,0.0,0.0,0.0,0.0,0.0,0,0.0,0.0,0.1313620615483997,9.25,0,0,Leicester (H) · Peterborough (A) · Sheffield Wed (H) · Doncaster (A),,,,,,,upcoming,1.3011398365898594,1.298421147223039
E2,Bradford,10,37,40,4,2027-03-26 15:00:00,2027-04-10 15:00:00,0,2,5.861866836728019,0.0,0.0,5.833017337794105,0.0,0.0,0.0,0.0,0.0,0,0.0,0.0,-0.045040212159879724,13.5,0,0,Wigan (H) · Stockport (A) · Blackpool (H) · AFC Wimbledon (A),,,,,,,upcoming,1.4654667091820048,1.4582543344485261
E2,Bradford,11,41,44,4,2027-04-13 19:45:00,2027-04-27 19:45:00,0,2,5.659398396215307,0.0,0.0,5.633594609927142,0.0,0.0,0.0,0.0,0.0,0,0.0,0.0,0.008323380853419948,12.0,0,0,Barnsley (A) · Luton (H) · Leyton Orient (A) · Reading (H),,,,,,,upcoming,1.4148495990538268,1.4083986524817855
E2,Bradford,12,45,46,2,2027-05-01 15:00:00,2027-05-08 12:30:00,0,1,2.709002417777965,0.0,0.0,2.7214076472485074,0.0,0.0,0.0,0.0,0.0,0,0.0,0.0,0.07512314450012225,7.5,0,0,Wycombe (H) · MK Dons (A),,,,,,,upcoming,1.3545012088889825,1.3607038236242537
E2,Bromley,1,1,4,4,2026-08-15 15:00:00,2026-09-01 19:45:00,4,2,4.490127523656111,4.49012752365611,5.992827780469853,0.0,4.0,3.53,8.57,2.880084345702288,4.899700305398021,4,4.0,13.0,-0.018202383509131677,14.0,0,0,Barnsley (A) · Cambridge (H) · Sheffield Wed (A) · Leyton Orient (H),-0.4901275236561098,-1.6100431779538216,1.1199156542977118,-0.200213423976605,-0.8490748932997505,0.8413136689118521,complete,1.1225318809140277,
E2,Bromley,2,5,8,4,2026-09-07 20:00:00,2026-09-26 15:00:00,2,2,4.398339019815065,2.4111305846197992,3.0815544448465917,1.8817668531812064,1.0,2.1,3.0300000000000002,2.0509671541577683,0.8958717195358796,1,2.0,4.0,0.004341135120643148,10.75,0,0,AFC Wimbledon (H) · Blackpool (A) · Huddersfield (H) · MK Dons (A),-1.4111305846197992,-0.3601634304620309,-1.0509671541577683,-0.8038634491272797,-0.2648738391763915,0.42147584121223547,in progress,1.0995847549537663,0.9408834265906032
E2,Bromley,3,9,12,4,2026-10-03 15:00:00,2026-10-20 19:45:00,0,2,3.9502217414954965,0.0,0.0,3.868304748771555,0.0,0.0,0.0,0.0,0.0,0,0.0,0.0,0.12985548633997296,8.25,0,0,Wycombe (H) · Mansfield (A) · Stockport (A) · Leicester (H),,,,,,,upcoming,0.9875554353738741,0.9670761871928888
E2,Bromley,4,13,16,4,2026-10-24 15:00:00,2026-11-21 12:30:00,0,2,4.618218235371303,0.0,0.0,4.403125810887445,0.0,0.0,0.0,0.0,0.0,0,0.0,0.0,-0.06150990356617632,15.75,0,0,Peterborough (H) · Wigan (A) · Notts County (H) · Reading (A),,,,,,,upcoming,1.1545545588428257,1.1007814527218613
E2,Bromley,5,17,20,4,2026-11-28 15:00:00,2026-12-19 15:00:00,0,2,4.450494701392029,0.0,0.0,4.332619984889594,0.0,0.0,0.0,0.0,0.0,0,0.0,0.0,-0.011320550544358148,12.5,0,0,Burton (H) · Plymouth (A) · Doncaster (A) · Bradford (H),,,,,,,upcoming,1.1126236753480072,1.0831549962223985
E2,Bromley,6,21,24,4,2026-12-26 15:00:00,2027-01-09 15:00:00,0,2,4.256276346124356,0.0,0.0,4.137595102363289,0.0,0.0,0.0,0.0,0.0,0,0.0,0.0,0.046464789062595824,9.75,0,0,Luton (A) · Oxford (H) · Stevenage (H) · Bradford (A),,,,,,,upcoming,1.064069086531089,1.0343987755908222
E2,Bromley,7,25,28,4,2027-01-16 15:00:00,2027-01-30 15:00:00,0,2,4.0983996645530825,0.0,0.0,3.9474407925760673,0.0,0.0,0.0,0.0,0.0,0,0.0,0.0,0.09927857391675192,10.25,0,0,Stockport (H) · Leicester (A) · Peterborough (A) · Wigan (H),,,,,,,upcoming,1.0245999161382706,0.9868601981440168
E2,Bromley,8,29,32,4,2027-02-06 15:00:00,2027-02-20 15:00:00,0,2,4.470629441764744,0.0,0.0,4.342579554092387,0.0,0.0,0.0,0.0,0.0,0,0.0,0.0,-0.023394334840652474,13.75,0,0,Sheffield Wed (H) · Leyton Orient (A) · AFC Wimbledon (A) · Blackpool (H),,,,,,,upcoming,1.117657360441186,1.0856448885230967
E2,Bromley,9,33,36,4,2027-02-27 15:00:00,2027-03-20 15:00:00,0,2,4.661448546975698,0.0,0.0,4.484246938653035,0.0,0.0,0.0,0.0,0.0,0,0.0,0.0,-0.0762363346036068,16.0,0,0,Notts County (A) · Barnsley (H) · Cambridge (A) · Reading (H),,,,,,,upcoming,1.1653621367439244,1.1210617346632588
E2,Bromley,10,37,40,4,2027-03-26 15:00:00,2027-04-10 15:00:00,0,2,4.345105007691421,0.0,0.0,4.2091710077464555,0.0,0.0,0.0,0.0,0.0,0,0.0,0.0,0.01399599917052445,11.5,0,0,Stevenage (A) · Doncaster (H) · Oxford (A) · Luton (H),,,,,,,upcoming,1.0862762519228553,1.0522927519366139
E2,Bromley,11,41,44,4,2027-04-13 19:45:00,2027-04-27 19:45:00,0,2,4.217006107545043,0.0,0.0,4.091098083479951,0.0,0.0,0.0,0.0,0.0,0,0.0,0.0,0.05483642991281547,8.75,0,0,MK Dons (H) · Huddersfield (A) · Mansfield (H) · Wycombe (A),,,,,,,upcoming,1.0542515268862607,1.0227745208699877
E2,Bromley,12,45,46,2,2027-05-01 15:00:00,2027-05-08 12:30:00,0,1,2.2407963543103184,0.0,0.0,2.2043994594120706,0.0,0.0,0.0,0.0,0.0,0,0.0,0.0,-0.02755025010662525,13.5,0,0,Burton (A) · Plymouth (H),,,,,,,upcoming,1.1203981771551592,1.1021997297060353
E2,Burton,1,1,4,4,2026-08-15 15:00:00,2026-09-02 19:45:00,4,2,4.777187656525789,4.777187656525789,6.018971913409638,0.0,7.0,3.05,5.55,4.16697558927169,4.635098884075869,4,8.0,5.0,0.008222243355163653,14.75,0,0,Stevenage (H) · Leicester (A) · Notts County (A) · AFC Wimbledon (H),2.222812343474211,-0.6102120672540989,2.83302441072831,0.9060280459815767,-0.32110273760042285,0.3649210080311469,complete,1.1942969141314472,
E2,Burton,2,5,8,4,2026-09-05 15:00:00,2026-09-26 15:00:00,2,2,4.856173985330445,2.5260571436358954,3.1711629185304133,2.3523863475158695,1.0,2.19,2.25,2.591187181071825,0.9618591701350909,1,2.0,5.0,-0.024971986139985927,13.25,0,0,Cambridge (H) · Oxford (A) · Mansfield (H) · Plymouth (A),-1.5260571436358954,0.06513003743592982,-1.5911871810718252,-0.856961910010364,0.047216786393032346,0.39146593570456933,in progress,1.2140434963326112,1.1761931737579348
E2,Burton,3,9,12,4,2026-10-03 15:00:00,2026-10-20 19:45:00,0,2,4.692104323948219,0.0,0.0,4.59107099121999,0.0,0.0,0.0,0.0,0.0,0,0.0,0.0,0.01445156098373327,11.5,0,0,Huddersfield (H) · Doncaster (A) · Peterborough (A) · Bradford (H),,,,,,,upcoming,1.1730260809870547,1.1477677478049975
E2,Burton,4,13,16,4,2026-10-24 15:00:00,2026-11-21 15:00:00,0,2,4.539877390060589,0.0,0.0,4.527332157100941,0.0,0.0,0.0,0.0,0.0,0,0.0,0.0,0.0612506787881757,9.5,0,0,Leyton Orient (H) · Wycombe (A) · MK Dons (A) · Luton (H),,,,,,,upcoming,1.1349693475151472,1.1318330392752352
E2,Burton,5,17,20,4,2026-11-28 15:00:00,2026-12-19 15:00:00,0,2,5.05627412777389,0.0,0.0,4.977866384707281,0.0,0.0,0.0,0.0,0.0,0,0.0,0.0,-0.08438286686810655,15.0,0,0,Bromley (A) · Wigan (H) · Reading (H) · Blackpool (A),,,,,,,upcoming,1.2640685319434726,1.2444665961768202
E2,Burton,6,21,24,4,2026-12-26 15:00:00,2027-01-08 20:00:00,0,2,4.474808651059841,0.0,0.0,4.365523149331862,0.0,0.0,0.0,0.0,0.0,0,0.0,0.0,0.07745552099504241,8.0,0,0,Sheffield Wed (H) · Barnsley (A) · Stockport (A) · Blackpool (H),,,,,,,upcoming,1.1187021627649603,1.0913807873329655
E2,Burton,7,25,28,4,2027-01-16 15:00:00,2027-01-30 15:00:00,0,2,4.825008413094814,0.0,0.0,4.819216353764282,0.0,0.0,0.0,0.0,0.0,0,0.0,0.0,-0.019625787734744125,14.0,0,0,Peterborough (H) · Bradford (A) · Leyton Orient (A) · Wycombe (H),,,,,,,upcoming,1.2062521032737035,1.2048040884410705
E2,Burton,8,29,32,4,2027-02-06 15:00:00,2027-02-20 15:00:00,0,2,5.192516775660624,0.0,0.0,5.169137571983569,0.0,0.0,0.0,0.0,0.0,0,0.0,0.0,-0.12333879999707564,18.25,0,0,Notts County (H) · AFC Wimbledon (A) · Cambridge (A) · Oxford (H),,,,,,,upcoming,1.298129193915156,1.2922843929958923
E2,Burton,9,33,36,4,2027-02-27 15:00:00,2027-03-20 15:00:00,0,2,4.168197151624412,0.0,0.0,4.158407082978004,0.0,0.0,0.0,0.0,0.0,0,0.0,0.0,0.16633668290713413,6.75,0,0,MK Dons (H) · Stevenage (A) · Leicester (H) · Luton (A),,,,,,,upcoming,1.042049287906103,1.039601770744501
E2,Burton,10,37,40,4,2027-03-26 15:00:00,2027-04-10 15:00:00,0,2,4.51918856574488,0.0,0.0,4.375839137575621,0.0,0.0,0.0,0.0,0.0,0,0.0,0.0,0.06911768350220557,8.5,0,0,Stockport (H) · Sheffield Wed (A) · Barnsley (H) · Reading (A),,,,,,,upcoming,1.12979714143622,1.0939597843939053
E2,Burton,11,41,44,4,2027-04-13 19:45:00,2027-04-27 19:45:00,0,2,4.629511604859694,0.0,0.0,4.586798440546541,0.0,0.0,0.0,0.0,0.0,0,0.0,0.0,0.03558040181177234,10.0,0,0,Plymouth (H) · Mansfield (A) · Doncaster (H) · Huddersfield (A),,,,,,,upcoming,1.1573779012149235,1.1466996101366353
E2,Burton,12,45,46,2,2027-05-01 15:00:00,2027-05-08 12:30:00,0,1,2.692810685975374,0.0,0.0,2.6891765246275954,0.0,0.0,0.0,0.0,0.0,0,0.0,0.0,-0.17183955563107303,19.0,0,0,Bromley (H) · Wigan (A),,,,,,,upcoming,1.346405342987687,1.3445882623137977
E2,Cambridge,1,1,4,4,2026-08-15 15:00:00,2026-09-01 19:45:00,4,2,4.9787668180110405,4.9787668180110405,6.39488887945077,0.0,7.0,5.04,6.96,4.603278432677796,5.262067127139684,4,7.0,6.0,-0.033272203086224944,12.5,0,0,Wigan (H) · Bromley (A) · Huddersfield (H) · Bradford (A),2.0212331819889595,-0.37548838533324425,2.3967215673222038,0.7992817891689696,-0.19169217343115297,0.4241270359201379,complete,1.2446917045027601,
E2,Cambridge,2,5,8,4,2026-09-05 15:00:00,2026-09-26 15:00:00,2,2,5.270812522539347,2.6090153987381473,3.2746125980178036,2.6370508278103326,4.0,1.71,3.38,1.5872241072461415,1.3652268976375295,1,4.0,3.0,-0.11295643124475596,17.0,0,0,Burton (A) · Reading (H) · Oxford (A) · AFC Wimbledon (H),1.3909846012618527,-1.0217912914920058,2.4127758927538583,0.7686742947466992,-0.7289648836892667,0.44208668841396914,in progress,1.3177031306348368,1.3185254139051663
E2,Cambridge,3,9,12,4,2026-10-03 15:00:00,2026-10-20 19:45:00,0,2,4.641612498105168,0.0,0.0,4.527296243080453,0.0,0.0,0.0,0.0,0.0,0,0.0,0.0,0.06342882462968533,8.5,0,0,Sheffield Wed (A) · Blackpool (H) · Barnsley (A) · Wycombe (H),,,,,,,upcoming,1.160403124526292,1.1318240607701133
E2,Cambridge,4,13,16,4,2026-10-24 15:00:00,2026-11-21 15:00:00,0,2,4.565147025426205,0.0,0.0,4.487564981658192,0.0,0.0,0.0,0.0,0.0,0,0.0,0.0,0.08257460886678987,8.75,0,0,Plymouth (H) · Leyton Orient (A) · Luton (A) · Stockport (H),,,,,,,upcoming,1.1412867563565512,1.121891245414548
E2,Cambridge,5,17,20,4,2026-11-28 12:30:00,2026-12-18 19:45:00,0,2,4.527952280371698,0.0,0.0,4.459461495933359,0.0,0.0,0.0,0.0,0.0,0,0.0,0.0,0.09401395231102072,10.75,0,0,Peterborough (A) · Leicester (H) · MK Dons (A) · Stevenage (H),,,,,,,upcoming,1.1319880700929246,1.1148653739833398
E2,Cambridge,6,21,24,4,2026-12-26 15:00:00,2027-01-09 12:30:00,0,2,5.1229381129901785,0.0,0.0,5.034020681350587,0.0,0.0,0.0,0.0,0.0,0,0.0,0.0,-0.0735458660420075,16.5,0,0,Notts County (A) · Doncaster (H) · Mansfield (H) · Stevenage (A),,,,,,,upcoming,1.2807345282475446,1.2585051703376466
E2,Cambridge,7,25,28,4,2027-01-16 15:00:00,2027-01-30 15:00:00,0,2,4.8437177951305825,0.0,0.0,4.809020786808839,0.0,0.0,0.0,0.0,0.0,0,0.0,0.0,0.007448825547348048,11.75,0,0,Barnsley (H) · Wycombe (A) · Plymouth (A) · Leyton Orient (H),,,,,,,upcoming,1.2109294487826456,1.2022551967022097
E2,Cambridge,8,29,32,4,2027-02-06 15:00:00,2027-02-20 15:00:00,0,2,4.861113479879623,0.0,0.0,4.705838003552776,0.0,0.0,0.0,0.0,0.0,0,0.0,0.0,0.002159334562719075,11.5,0,0,Huddersfield (A) · Bradford (H) · Burton (H) · Reading (A),,,,,,,upcoming,1.2152783699699057,1.176459500888194
E2,Cambridge,9,33,36,4,2027-02-27 12:30:00,2027-03-20 15:00:00,0,2,5.173980685366745,0.0,0.0,5.069467246023688,0.0,0.0,0.0,0.0,0.0,0,0.0,0.0,-0.08353583338145752,16.0,0,0,Peterborough (H) · Wigan (A) · Bromley (H) · Stockport (A),,,,,,,upcoming,1.2934951713416862,1.267366811505922
E2,Cambridge,10,37,40,4,2027-03-26 15:00:00,2027-04-10 15:00:00,0,2,4.956129783097699,0.0,0.0,4.852066819386476,0.0,0.0,0.0,0.0,0.0,0,0.0,0.0,-0.028070371557232722,13.75,0,0,Mansfield (A) · MK Dons (H) · Doncaster (A) · Notts County (H),,,,,,,upcoming,1.2390324457744248,1.213016704846619
E2,Cambridge,11,41,44,4,2027-04-13 19:45:00,2027-04-27 19:45:00,0,2,4.849442364257864,0.0,0.0,4.740249107252018,0.0,0.0,0.0,0.0,0.0,0,0.0,0.0,0.0013797418407712758,11.5,0,0,AFC Wimbledon (A) · Oxford (H) · Blackpool (A) · Sheffield Wed (H),,,,,,,upcoming,1.212360591064466,1.1850622768130046
E2,Cambridge,12,45,46,2,2027-05-01 15:00:00,2027-05-08 12:30:00,0,1,1.893668291217086,0.0,0.0,1.8722066154860495,0.0,0.0,0.0,0.0,0.0,0,0.0,0.0,0.3195626822745404,2.0,0,0,Luton (H) · Leicester (A),,,,,,,upcoming,0.946834145608543,0.9361033077430247
E2,Doncaster,1,1,4,4,2026-08-15 15:00:00,2026-09-01 19:45:00,4,2,5.473537103871308,5.473537103871308,6.573421921449782,0.0,3.0,4.21,3.67,5.717218549617618,5.777272587248874,4,4.0,5.0,-0.07050402076244025,16.0,0,0,Mansfield (A) · Barnsley (H) · Stevenage (A) · Notts County (H),-2.4735371038713083,0.24368144574630968,-2.717218549617618,-0.9647675219844601,0.12270184218394094,0.3346612666712887,complete,1.368384275967827,
E2,Doncaster,2,5,8,4,2026-09-05 15:00:00,2026-09-26 15:00:00,2,2,5.402897426700497,2.7091986817598666,3.3166319010501235,2.721935700730315,0.0,4.8,3.6899999999999995,3.459202466679459,1.3701292989708862,1,2.0,4.0,-0.052344445291606874,14.5,0,0,Plymouth (H) · AFC Wimbledon (A) · Peterborough (A) · Oxford (H),-2.7091986817598666,0.7500037849195924,-3.459202466679459,-1.4876207202323644,0.5316663733107493,0.1368509459200642,in progress,1.3507243566751244,1.3609678503651574
E2,Doncaster,3,9,12,4,2026-10-03 15:00:00,2026-10-20 19:45:00,0,2,4.756937137151427,0.0,0.0,4.808231473942797,0.0,0.0,0.0,0.0,0.0,0,0.0,0.0,0.13826641473148,8.25,0,0,Luton (A) · Burton (H) · Leicester (A) · Stockport (H),,,,,,,upcoming,1.1892342842878567,1.2020578684856993
E2,Doncaster,4,13,16,4,2026-10-24 15:00:00,2026-11-21 15:00:00,0,2,4.939694324503287,0.0,0.0,4.9857359215792565,0.0,0.0,0.0,0.0,0.0,0,0.0,0.0,0.07694294102265466,9.0,0,0,Sheffield Wed (H) · MK Dons (A) · Leyton Orient (H) · Bradford (A),,,,,,,upcoming,1.2349235811258217,1.2464339803948141
E2,Doncaster,5,17,20,4,2026-11-26 20:00:00,2026-12-19 15:00:00,0,2,5.325003977341681,0.0,0.0,5.350503886297378,0.0,0.0,0.0,0.0,0.0,0,0.0,0.0,-0.028835307324195803,12.25,0,0,Huddersfield (H) · Reading (A) · Bromley (H) · Wycombe (A),,,,,,,upcoming,1.3312509943354203,1.3376259715743446
E2,Doncaster,6,21,24,4,2026-12-26 15:00:00,2027-01-09 15:00:00,0,2,5.35002131265902,0.0,0.0,5.42258774801711,0.0,0.0,0.0,0.0,0.0,0,0.0,0.0,-0.0369723205615914,13.5,0,0,Wigan (H) · Cambridge (A) · Blackpool (A) · Wycombe (H),,,,,,,upcoming,1.337505328164755,1.3556469370042774
E2,Doncaster,7,25,28,4,2027-01-16 15:00:00,2027-01-30 15:00:00,0,2,4.4232455623295905,0.0,0.0,4.445579384619785,0.0,0.0,0.0,0.0,0.0,0,0.0,0.0,0.2211463439093962,4.0,0,0,Leicester (H) · Stockport (A) · Sheffield Wed (A) · MK Dons (H),,,,,,,upcoming,1.1058113905823976,1.1113948461549463
E2,Doncaster,8,29,32,4,2027-02-06 15:00:00,2027-02-20 15:00:00,0,2,5.478188807318237,0.0,0.0,5.541075518132353,0.0,0.0,0.0,0.0,0.0,0,0.0,0.0,-0.06911262139943655,15.75,0,0,Stevenage (H) · Notts County (A) · Plymouth (A) · AFC Wimbledon (H),,,,,,,upcoming,1.3695472018295594,1.3852688795330883
E2,Doncaster,9,33,36,4,2027-02-27 15:00:00,2027-03-20 15:00:00,0,2,5.351881840557066,0.0,0.0,5.453818305237364,0.0,0.0,0.0,0.0,0.0,0,0.0,0.0,-0.03785933308150155,14.25,0,0,Leyton Orient (A) · Mansfield (H) · Barnsley (A) · Bradford (H),,,,,,,upcoming,1.3379704601392666,1.363454576309341
E2,Doncaster,10,37,40,4,2027-03-26 15:00:00,2027-04-10 15:00:00,0,2,5.6584823060882385,0.0,0.0,5.7550815281011225,0.0,0.0,0.0,0.0,0.0,0,0.0,0.0,-0.12068536538736596,17.25,0,0,Blackpool (H) · Bromley (A) · Cambridge (H) · Wigan (A),,,,,,,upcoming,1.4146205765220596,1.4387703820252806
E2,Doncaster,11,41,44,4,2027-04-13 19:45:00,2027-04-27 19:45:00,0,2,5.293428317538895,0.0,0.0,5.3502177580491335,0.0,0.0,0.0,0.0,0.0,0,0.0,0.0,-0.021813499728370593,13.75,0,0,Oxford (A) · Peterborough (H) · Burton (A) · Luton (H),,,,,,,upcoming,1.3233570793847238,1.3375544395122834
E2,Doncaster,12,45,46,2,2027-05-01 15:00:00,2027-05-08 12:30:00,0,1,2.4972975459461133,0.0,0.0,2.447228143004285,0.0,0.0,0.0,0.0,0.0,0,0.0,0.0,0.06357085851219044,8.0,0,0,Huddersfield (A) · Reading (H),,,,,,,upcoming,1.2486487729730567,1.2236140715021424
E2,Huddersfield,1,1,4,4,2026-08-15 15:00:00,2026-09-01 19:45:00,4,2,6.236679174873345,6.236679174873345,6.563773694910941,0.0,10.0,7.73,4.06,7.511192479656923,6.604929274492562,4,9.0,3.0,-0.07615573474280697,15.25,0,0,AFC Wimbledon (H) · MK Dons (A) · Cambridge (A) · Oxford (H),3.7633208251266552,1.2745133047835786,2.4888075203430766,1.468907486215178,0.6422320114128566,0.14185788385038567,complete,1.5591697937183362,
E2,Huddersfield,2,5,8,4,2026-09-05 15:00:00,2026-09-26 15:00:00,2,2,6.18524407598095,3.122376018230935,3.3257377886019324,3.1644611156653513,2.0,4.13,1.83,4.201392501104072,1.643114815275532,1,1.0,1.0,-0.06211174815393287,15.25,0,0,Notts County (H) · Mansfield (A) · Bromley (A) · Luton (H),-1.122376018230935,1.0790164828731372,-2.2013925011040723,-0.6154522673798472,0.7638506476500353,0.5382560828856149,in progress,1.5463110189952376,1.5822305578326756
E2,Huddersfield,3,9,12,4,2026-10-03 15:00:00,2026-10-20 19:45:00,0,2,5.874468023534429,0.0,0.0,6.015008713487557,0.0,0.0,0.0,0.0,0.0,0,0.0,0.0,0.021946527591468878,12.0,0,0,Burton (A) · Sheffield Wed (H) · Plymouth (A) · Peterborough (H),,,,,,,upcoming,1.4686170058836072,1.5037521783718892
E2,Huddersfield,4,13,16,4,2026-10-24 12:30:00,2026-11-21 15:00:00,0,2,5.488764414727638,0.0,0.0,5.674763018243944,0.0,0.0,0.0,0.0,0.0,0,0.0,0.0,0.12590246580592762,8.0,0,0,Wigan (H) · Bradford (A) · Wycombe (A) · Leicester (H),,,,,,,upcoming,1.3721911036819094,1.418690754560986
E2,Huddersfield,5,17,20,4,2026-11-26 20:00:00,2026-12-19 12:30:00,0,2,6.221373397111922,0.0,0.0,6.381447572671077,0.0,0.0,0.0,0.0,0.0,0,0.0,0.0,-0.07187716446498404,16.25,0,0,Doncaster (A) · Stevenage (H) · Leyton Orient (H) · Barnsley (A),,,,,,,upcoming,1.5553433492779805,1.5953618931677693
E2,Huddersfield,6,21,24,4,2026-12-26 15:00:00,2027-01-09 15:00:00,0,2,5.674192496476889,0.0,0.0,5.7562882375653235,0.0,0.0,0.0,0.0,0.0,0,0.0,0.0,0.07745552099504241,8.0,0,0,Blackpool (H) · Stockport (A) · Sheffield Wed (A) · Barnsley (H),,,,,,,upcoming,1.4185481241192222,1.4390720593913309
E2,Huddersfield,7,25,28,4,2027-01-16 15:00:00,2027-01-30 12:30:00,0,2,5.902355644655531,0.0,0.0,6.045435234140888,0.0,0.0,0.0,0.0,0.0,0,0.0,0.0,0.013832540874565797,11.5,0,0,Plymouth (H) · Peterborough (A) · Wigan (A) · Bradford (H),,,,,,,upcoming,1.4755889111638827,1.511358808535222
E2,Huddersfield,8,29,32,4,2027-02-06 15:00:00,2027-02-20 15:00:00,0,2,6.249125727959552,0.0,0.0,6.437565488413088,0.0,0.0,0.0,0.0,0.0,0,0.0,0.0,-0.0794522851075117,16.5,0,0,Cambridge (H) · Oxford (A) · Notts County (A) · Mansfield (H),,,,,,,upcoming,1.562281431989888,1.609391372103272
E2,Huddersfield,9,33,36,4,2027-02-27 15:00:00,2027-03-20 15:00:00,0,2,5.654180798983848,0.0,0.0,5.85874740919833,0.0,0.0,0.0,0.0,0.0,0,0.0,0.0,0.08641153908962952,9.75,0,0,Wycombe (H) · AFC Wimbledon (A) · MK Dons (H) · Leicester (A),,,,,,,upcoming,1.413545199745962,1.4646868522995824
E2,Huddersfield,10,37,40,4,2027-03-26 15:00:00,2027-04-10 15:00:00,0,2,5.948397648977158,0.0,0.0,6.052307078801994,0.0,0.0,0.0,0.0,0.0,0,0.0,0.0,0.0016650434315498503,12.25,0,0,Reading (H) · Leyton Orient (A) · Stockport (H) · Blackpool (A),,,,,,,upcoming,1.4870994122442895,1.5130767697004985
E2,Huddersfield,11,41,44,4,2027-04-13 19:45:00,2027-04-27 19:45:00,0,2,6.226776735639822,0.0,0.0,6.359901396052815,0.0,0.0,0.0,0.0,0.0,0,0.0,0.0,-0.07352130632753175,15.25,0,0,Luton (A) · Bromley (H) · Reading (A) · Burton (H),,,,,,,upcoming,1.5566941839099555,1.5899753490132038
E2,Huddersfield,12,45,46,2,2027-05-01 15:00:00,2027-05-08 12:30:00,0,1,3.105340863027376,0.0,0.0,3.1706866462673995,0.0,0.0,0.0,0.0,0.0,0,0.0,0.0,-0.06893436809802775,16.0,0,0,Doncaster (H) · Stevenage (A),,,,,,,upcoming,1.552670431513688,1.5853433231336997
E2,Leicester,1,1,4,4,2026-08-15 12:30:00,2026-09-01 19:45:00,4,2,7.093607725419071,7.09360772541907,6.4262244637092145,0.0,5.0,5.6899999999999995,4.65,6.251998781434241,6.688359044366312,4,4.0,3.0,-0.008927354052942593,12.75,0,0,Notts County (A) · Burton (H) · MK Dons (A) · Plymouth (H),-2.09360772541907,-0.8416089439848289,-1.2519987814342413,-0.8258807939954603,-0.42860454438952245,0.4088717164874902,complete,1.7734019313547678,
E2,Leicester,2,5,8,4,2026-09-05 15:00:00,2026-09-26 15:00:00,2,2,7.068957759480636,3.4412982334592854,3.2499238077670265,3.5441599809956035,3.0,2.21,4.09,1.6592876778908308,1.0027044569450456,1,4.0,7.0,-0.0008159403589513003,11.25,0,0,Oxford (H) · Stockport (A) · Barnsley (A) · Wigan (H),-0.4412982334592854,-1.7820105555684547,1.3407123221091692,-0.24479108612275546,-1.276139223378904,0.8066181962236827,in progress,1.767239439870159,1.7720799904978017
E2,Leicester,3,9,12,4,2026-10-03 15:00:00,2026-10-20 19:45:00,0,2,7.45064089469682,0.0,0.0,7.32679620338656,0.0,0.0,0.0,0.0,0.0,0,0.0,0.0,-0.1054255302284777,17.0,0,0,Blackpool (A) · Peterborough (H) · Doncaster (H) · Bromley (A),,,,,,,upcoming,1.862660223674205,1.83169905084664
E2,Leicester,4,13,16,4,2026-10-24 12:30:00,2026-11-21 15:00:00,0,2,6.7599074966045105,0.0,0.0,6.565296396247931,0.0,0.0,0.0,0.0,0.0,0,0.0,0.0,0.0823213229139497,8.0,0,0,Luton (A) · Stevenage (H) · Bradford (H) · Huddersfield (A),,,,,,,upcoming,1.6899768741511276,1.6413240990619828
E2,Leicester,5,17,20,4,2026-11-28 15:00:00,2026-12-19 15:00:00,0,2,7.077747481725564,0.0,0.0,6.917259369688578,0.0,0.0,0.0,0.0,0.0,0,0.0,0.0,-0.0021039012319092228,12.75,0,0,Mansfield (H) · Cambridge (A) · Sheffield Wed (H) · Reading (A),,,,,,,upcoming,1.769436870431391,1.7293148424221445
E2,Leicester,6,21,24,4,2026-12-26 15:00:00,2027-01-09 15:00:00,0,2,7.344807180330324,0.0,0.0,7.219666772759609,0.0,0.0,0.0,0.0,0.0,0,0.0,0.0,-0.07909657690954888,16.0,0,0,AFC Wimbledon (H) · Leyton Orient (A) · Wycombe (A) · Reading (H),,,,,,,upcoming,1.836201795082581,1.8049166931899023
E2,Leicester,7,25,28,4,2027-01-16 15:00:00,2027-01-30 15:00:00,0,2,7.265224583351658,0.0,0.0,7.136110647781397,0.0,0.0,0.0,0.0,0.0,0,0.0,0.0,-0.05750025020995313,14.75,0,0,Doncaster (A) · Bromley (H) · Luton (H) · Stevenage (A),,,,,,,upcoming,1.8163061458379146,1.7840276619453492
E2,Leicester,8,29,32,4,2027-02-06 15:00:00,2027-02-20 15:00:00,0,2,6.761396478525947,0.0,0.0,6.621190583758914,0.0,0.0,0.0,0.0,0.0,0,0.0,0.0,0.08423027913343942,7.25,0,0,MK Dons (H) · Plymouth (A) · Oxford (A) · Stockport (H),,,,,,,upcoming,1.6903491196314868,1.6552976459397284
E2,Leicester,9,33,36,4,2027-02-27 15:00:00,2027-03-20 15:00:00,0,2,7.125632351052283,0.0,0.0,6.9290265769153105,0.0,0.0,0.0,0.0,0.0,0,0.0,0.0,-0.015607849291526824,13.0,0,0,Bradford (A) · Notts County (H) · Burton (A) · Huddersfield (H),,,,,,,upcoming,1.7814080877630707,1.7322566442288276
E2,Leicester,10,37,40,4,2027-03-26 15:00:00,2027-04-10 15:00:00,0,2,7.125251922837154,0.0,0.0,7.01125521868638,0.0,0.0,0.0,0.0,0.0,0,0.0,0.0,-0.016785554938044095,13.5,0,0,Wycombe (H) · AFC Wimbledon (A) · Leyton Orient (H) · Sheffield Wed (A),,,,,,,upcoming,1.7813129807092885,1.752813804671595
E2,Leicester,11,41,44,4,2027-04-13 19:45:00,2027-04-27 19:45:00,0,2,7.231205866412695,0.0,0.0,7.072883388768799,0.0,0.0,0.0,0.0,0.0,0,0.0,0.0,-0.04396968135838138,14.0,0,0,Wigan (A) · Barnsley (H) · Peterborough (A) · Blackpool (H),,,,,,,upcoming,1.8078014666031736,1.7682208471921999
E2,Leicester,12,45,46,2,2027-05-01 15:00:00,2027-05-08 12:30:00,0,1,3.739445932440577,0.0,0.0,3.7201650274686804,0.0,0.0,0.0,0.0,0.0,0,0.0,0.0,-0.1152279933160143,18.5,0,0,Mansfield (A) · Cambridge (H),,,,,,,upcoming,1.8697229662202886,1.8600825137343402
E2,Leyton Orient,1,1,4,4,2026-08-15 15:00:00,2026-09-01 19:45:00,4,2,5.202459182070113,5.202459182070112,6.514309137503215,0.0,6.0,3.91,7.03,3.74802444414467,5.366846416033888,4,9.0,5.0,-0.038974481528726374,13.25,0,0,Sheffield Wed (H) · Wigan (A) · Barnsley (H) · Bromley (A),0.797540817929888,-1.454434737925442,2.25197555585533,0.3124774898626564,-0.735672346462389,0.7546776677000981,complete,1.3006147955175282,
E2,Leyton Orient,2,5,8,4,2026-09-05 15:00:00,2026-09-26 15:00:00,2,2,4.988529579157209,2.3203524114615224,3.0722648253930527,2.6370406466619984,1.0,1.8900000000000001,3.32,1.8279491407511361,1.3946895637413423,1,3.0,4.0,0.023308867441335597,11.25,0,0,Luton (A) · Wycombe (H) · Stevenage (H) · Mansfield (A),-1.3203524114615224,-0.49240327071038625,-0.8279491407511361,-0.7532871146274981,-0.36267363027160526,0.4512774001620734,in progress,1.2471323947893023,1.3185203233309992
E2,Leyton Orient,3,9,12,4,2026-10-03 15:00:00,2026-10-21 20:00:00,0,2,4.872959245958089,0.0,0.0,4.727195166569328,0.0,0.0,0.0,0.0,0.0,0,0.0,0.0,0.05231124498851935,8.75,0,0,Plymouth (H) · Bradford (A) · Blackpool (H) · Reading (A),,,,,,,upcoming,1.2182398114895223,1.181798791642332
E2,Leyton Orient,4,13,16,4,2026-10-24 15:00:00,2026-11-21 15:00:00,0,2,5.665516395251094,0.0,0.0,5.576645662335377,0.0,0.0,0.0,0.0,0.0,0,0.0,0.0,-0.16359539613301863,20.25,0,0,Burton (A) · Cambridge (H) · Doncaster (A) · AFC Wimbledon (H),,,,,,,upcoming,1.4163790988127736,1.3941614155838442
E2,Leyton Orient,5,17,20,4,2026-11-28 15:00:00,2026-12-19 15:00:00,0,2,5.018489788724352,0.0,0.0,4.809434879068078,0.0,0.0,0.0,0.0,0.0,0,0.0,0.0,0.016402189835928324,12.0,0,0,Stockport (A) · Peterborough (H) · Huddersfield (A) · Notts County (H),,,,,,,upcoming,1.254622447181088,1.2023587197670196
E2,Leyton Orient,6,21,24,4,2026-12-26 15:00:00,2027-01-09 15:00:00,0,2,4.651803630128385,0.0,0.0,4.551780263917333,0.0,0.0,0.0,0.0,0.0,0,0.0,0.0,0.11482464627299144,9.0,0,0,MK Dons (A) · Leicester (H) · Oxford (H) · Notts County (A),,,,,,,upcoming,1.1629509075320963,1.1379450659793333
E2,Leyton Orient,7,25,28,4,2027-01-16 15:00:00,2027-01-30 15:00:00,0,2,5.377386776091765,0.0,0.0,5.233223819932367,0.0,0.0,0.0,0.0,0.0,0,0.0,0.0,-0.08525382773842194,16.25,0,0,Blackpool (A) · Reading (H) · Burton (H) · Cambridge (A),,,,,,,upcoming,1.3443466940229412,1.3083059549830918
E2,Leyton Orient,8,29,32,4,2027-02-06 15:00:00,2027-02-20 15:00:00,0,2,5.153690379978844,0.0,0.0,5.068452394906534,0.0,0.0,0.0,0.0,0.0,0,0.0,0.0,-0.023452174450188667,12.25,0,0,Barnsley (A) · Bromley (H) · Luton (H) · Wycombe (A),,,,,,,upcoming,1.288422594994711,1.2671130987266335
E2,Leyton Orient,9,33,36,4,2027-02-27 15:00:00,2027-03-20 15:00:00,0,2,5.193740393966527,0.0,0.0,5.032267784666224,0.0,0.0,0.0,0.0,0.0,0,0.0,0.0,-0.03164698586086907,13.5,0,0,Doncaster (H) · Sheffield Wed (A) · Wigan (H) · AFC Wimbledon (A),,,,,,,upcoming,1.2984350984916317,1.258066946166556
E2,Leyton Orient,10,37,40,4,2027-03-26 15:00:00,2027-04-10 15:00:00,0,2,4.476111500442323,0.0,0.0,4.360000790091005,0.0,0.0,0.0,0.0,0.0,0,0.0,0.0,0.17117818592873943,5.5,0,0,Oxford (A) · Huddersfield (H) · Leicester (A) · MK Dons (H),,,,,,,upcoming,1.1190278751105807,1.0900001975227513
E2,Leyton Orient,11,41,44,4,2027-04-13 19:45:00,2027-04-27 19:45:00,0,2,5.019539023730489,0.0,0.0,4.947780864919523,0.0,0.0,0.0,0.0,0.0,0,0.0,0.0,0.013403222817589645,11.5,0,0,Mansfield (H) · Stevenage (A) · Bradford (H) · Plymouth (A),,,,,,,upcoming,1.2548847559326222,1.2369452162298809
E2,Leyton Orient,12,45,46,2,2027-05-01 15:00:00,2027-05-08 12:30:00,0,1,2.519701205341188,0.0,0.0,2.4207040353339346,0.0,0.0,0.0,0.0,0.0,0,0.0,0.0,0.004767888868158002,13.0,0,0,Stockport (H) · Peterborough (A),,,,,,,upcoming,1.259850602670594,1.2103520176669673
E2,Luton,1,1,4,4,2026-08-15 12:30:00,2026-09-02 19:45:00,4,2,6.2240709425181375,6.224070942518138,6.667952732736696,0.0,7.0,6.890000000000001,5.08,6.66552463175829,6.48714455426003,4,10.0,10.0,-0.0169062947775982,13.25,0,0,Reading (A) · Notts County (H) · Mansfield (A) · Stockport (H),0.7759290574818616,0.44145368924015127,0.3344753682417103,0.3004870496793007,0.2207055575019774,0.7638056731505876,complete,1.5560177356295344,
E2,Luton,2,5,8,4,2026-09-05 15:00:00,2026-09-26 15:00:00,2,2,6.133634630745898,3.247106222868555,3.3125641329460493,2.8647076873123085,1.0,3.04,1.9699999999999998,3.4120486597989705,0.0,0,2.0,3.0,0.007742780367877171,12.25,0,0,Leyton Orient (H) · Stevenage (A) · Bradford (H) · Huddersfield (A),-2.247106222868555,0.16494243693041533,-2.4120486597989705,-1.2346431602663615,0.1169969752406738,0.21696333853943717,in progress,1.5334086576864745,1.4323538436561543
E2,Luton,3,9,12,4,2026-10-03 15:00:00,2026-10-20 19:45:00,0,2,6.122818752391405,0.0,0.0,6.153685768407666,0.0,0.0,0.0,0.0,0.0,0,0.0,0.0,0.010589202146511474,10.75,0,0,Doncaster (H) · Wycombe (A) · MK Dons (A) · Barnsley (H),,,,,,,upcoming,1.5307046880978512,1.5384214421019164
E2,Luton,4,13,16,4,2026-10-24 12:30:00,2026-11-21 15:00:00,0,2,6.157900438870587,0.0,0.0,6.256726596171467,0.0,0.0,0.0,0.0,0.0,0,0.0,0.0,0.000667871855304869,15.75,0,0,Leicester (H) · Peterborough (A) · Cambridge (H) · Burton (A),,,,,,,upcoming,1.5394751097176467,1.5641816490428668
E2,Luton,5,17,20,4,2026-11-28 15:00:00,2026-12-19 12:30:00,0,2,5.98165166893138,0.0,0.0,5.987438808228324,0.0,0.0,0.0,0.0,0.0,0,0.0,0.0,0.049424404483875806,9.25,0,0,Oxford (H) · Blackpool (A) · Wigan (H) · Sheffield Wed (A),,,,,,,upcoming,1.495412917232845,1.496859702057081
E2,Luton,6,21,24,4,2026-12-26 15:00:00,2027-01-09 15:00:00,0,2,6.311758861796142,0.0,0.0,6.385505835537854,0.0,0.0,0.0,0.0,0.0,0,0.0,0.0,-0.04174122991926325,13.5,0,0,Bromley (H) · AFC Wimbledon (A) · Plymouth (A) · Sheffield Wed (H),,,,,,,upcoming,1.5779397154490356,1.5963764588844636
E2,Luton,7,25,28,4,2027-01-16 15:00:00,2027-01-30 15:00:00,0,2,5.799381942519833,0.0,0.0,5.85652847547991,0.0,0.0,0.0,0.0,0.0,0,0.0,0.0,0.10150876625648494,9.75,0,0,MK Dons (H) · Barnsley (A) · Leicester (A) · Peterborough (H),,,,,,,upcoming,1.4498454856299583,1.4641321188699774
E2,Luton,8,29,32,4,2027-02-06 15:00:00,2027-02-20 15:00:00,0,2,6.300199914652981,0.0,0.0,6.368864946845338,0.0,0.0,0.0,0.0,0.0,0,0.0,0.0,-0.03724297873937985,15.0,0,0,Mansfield (H) · Stockport (A) · Leyton Orient (A) · Stevenage (H),,,,,,,upcoming,1.5750499786632453,1.5922162367113346
E2,Luton,9,33,36,4,2027-02-27 15:00:00,2027-03-20 15:00:00,0,2,6.428107971170381,0.0,0.0,6.41913267035533,0.0,0.0,0.0,0.0,0.0,0,0.0,0.0,-0.07232652861609705,15.75,0,0,Oxford (A) · Reading (H) · Notts County (A) · Burton (H),,,,,,,upcoming,1.6070269927925953,1.6047831675888324
E2,Luton,10,37,40,4,2027-03-26 15:00:00,2027-04-10 15:00:00,0,2,6.583221775532527,0.0,0.0,6.6743910956591925,0.0,0.0,0.0,0.0,0.0,0,0.0,0.0,-0.11440467573056833,16.5,0,0,Plymouth (H) · Wigan (A) · AFC Wimbledon (H) · Bromley (A),,,,,,,upcoming,1.6458054438831318,1.6685977739147981
E2,Luton,11,41,44,4,2027-04-13 19:45:00,2027-04-27 19:45:00,0,2,5.979202285289208,0.0,0.0,5.9843862454892784,0.0,0.0,0.0,0.0,0.0,0,0.0,0.0,0.049186621160494895,9.0,0,0,Huddersfield (H) · Bradford (A) · Wycombe (H) · Doncaster (A),,,,,,,upcoming,1.494800571322302,1.4960965613723196
E2,Luton,12,45,46,2,2027-05-01 15:00:00,2027-05-08 12:30:00,0,1,3.2106673393088294,0.0,0.0,3.256670798462907,0.0,0.0,0.0,0.0,0.0,0,0.0,0.0,-0.0695311751436589,15.5,0,0,Cambridge (A) · Blackpool (H),,,,,,,upcoming,1.6053336696544147,1.6283353992314535
E2,MK Dons,1,1,4,4,2026-08-15 12:30:00,2026-09-02 19:45:00,4,2,5.330991805471995,5.330991805471995,6.575811731854988,0.0,3.0,7.58,7.16,5.601494265047583,5.304856171563575,4,4.0,6.0,0.13140988068891635,7.5,0,0,Oxford (A) · Huddersfield (H) · Leicester (H) · Wigan (A),-2.330991805471995,0.27050245957558783,-2.6014942650475827,-0.9090045591155635,0.13618237621115376,0.363347719257493,complete,1.3327479513679987,
E2,MK Dons,2,5,8,4,2026-09-05 15:00:00,2026-09-26 15:00:00,2,2,6.358154445148908,2.9535957979286662,3.284949572593547,3.4720544788207386,2.0,2.95,2.5,3.032186283699856,1.6482787981997322,1,4.0,4.0,-0.14560719238991912,18.75,0,0,Wycombe (A) · Peterborough (H) · AFC Wimbledon (A) · Bromley (H),-0.9535957979286662,0.07859048577118966,-1.0321862836998559,-0.5261383701483815,0.05597962623572228,0.5987920707117949,in progress,1.589538611287227,1.7360272394103693
E2,MK Dons,3,9,12,4,2026-10-03 15:00:00,2026-10-20 19:45:00,0,2,5.674299644114179,0.0,0.0,5.642175337525535,0.0,0.0,0.0,0.0,0.0,0,0.0,0.0,0.038705473077532325,9.5,0,0,Barnsley (A) · Reading (H) · Luton (H) · Blackpool (A),,,,,,,upcoming,1.4185749110285448,1.4105438343813836
E2,MK Dons,4,13,16,4,2026-10-24 15:00:00,2026-11-21 15:00:00,0,2,6.1872549742143015,0.0,0.0,6.249547936844647,0.0,0.0,0.0,0.0,0.0,0,0.0,0.0,-0.09946599580894724,17.5,0,0,Stevenage (A) · Doncaster (H) · Burton (H) · Mansfield (A),,,,,,,upcoming,1.5468137435535754,1.5623869842111617
E2,MK Dons,5,17,20,4,2026-11-28 12:30:00,2026-12-19 15:00:00,0,2,5.888260378995401,0.0,0.0,5.893068323863436,0.0,0.0,0.0,0.0,0.0,0,0.0,0.0,-0.0178360762303004,13.5,0,0,Notts County (H) · Bradford (A) · Cambridge (H) · Stockport (A),,,,,,,upcoming,1.4720650947488503,1.473267080965859
E2,MK Dons,6,21,24,4,2026-12-26 15:00:00,2027-01-09 15:00:00,0,2,5.7097428591940895,0.0,0.0,5.7200998545416235,0.0,0.0,0.0,0.0,0.0,0,0.0,0.0,0.030040321051992898,11.0,0,0,Leyton Orient (H) · Plymouth (A) · Reading (A) · Stockport (H),,,,,,,upcoming,1.4274357147985224,1.4300249636354059
E2,MK Dons,7,25,28,4,2027-01-16 15:00:00,2027-01-30 15:00:00,0,2,5.751138744435258,0.0,0.0,5.763882267325926,0.0,0.0,0.0,0.0,0.0,0,0.0,0.0,0.019604014713213075,11.25,0,0,Luton (A) · Blackpool (H) · Stevenage (H) · Doncaster (A),,,,,,,upcoming,1.4377846861088146,1.4409705668314814
E2,MK Dons,8,29,32,4,2027-02-06 15:00:00,2027-02-20 15:00:00,0,2,5.525608513015268,0.0,0.0,5.588446803173547,0.0,0.0,0.0,0.0,0.0,0,0.0,0.0,0.08525187755139485,10.75,0,0,Leicester (A) · Wigan (H) · Wycombe (H) · Peterborough (A),,,,,,,upcoming,1.381402128253817,1.3971117007933866
E2,MK Dons,9,33,36,4,2027-02-27 15:00:00,2027-03-20 15:00:00,0,2,5.935258645457479,0.0,0.0,5.983597432092932,0.0,0.0,0.0,0.0,0.0,0,0.0,0.0,-0.03048356055368995,13.25,0,0,Burton (A) · Oxford (H) · Huddersfield (A) · Mansfield (H),,,,,,,upcoming,1.4838146613643697,1.495899358023233
E2,MK Dons,10,37,40,4,2027-03-26 15:00:00,2027-04-10 15:00:00,0,2,5.715850727025764,0.0,0.0,5.795543877472353,0.0,0.0,0.0,0.0,0.0,0,0.0,0.0,0.027075530743435973,12.0,0,0,Sheffield Wed (H) · Cambridge (A) · Plymouth (H) · Leyton Orient (A),,,,,,,upcoming,1.428962681756441,1.4488859693680882
E2,MK Dons,11,41,44,4,2027-04-13 19:45:00,2027-04-27 19:45:00,0,2,6.148295701581138,0.0,0.0,6.193961227877148,0.0,0.0,0.0,0.0,0.0,0,0.0,0.0,-0.08701914417183089,15.5,0,0,Bromley (A) · AFC Wimbledon (H) · Sheffield Wed (A) · Barnsley (H),,,,,,,upcoming,1.5370739253952845,1.548490306969287
E2,MK Dons,12,45,46,2,2027-05-01 15:00:00,2027-05-08 12:30:00,0,1,2.922484620340831,0.0,0.0,2.9132443121464835,0.0,0.0,0.0,0.0,0.0,0,0.0,0.0,-0.007411929852872798,13.0,0,0,Notts County (A) · Bradford (H),,,,,,,upcoming,1.4612423101704155,1.4566221560732417
E2,Mansfield,1,1,4,4,2026-08-15 15:00:00,2026-09-02 20:00:00,4,2,5.142779286153235,5.142779286153235,6.482852325391508,0.0,6.0,5.11,7.35,4.258560263560049,5.301812900440369,4,8.0,10.0,0.0075373475238118305,12.25,0,0,Doncaster (H) · Peterborough (A) · Luton (H) · Reading (A),0.8572207138467647,-0.8842190225931867,1.7414397364399514,0.3366740104870646,-0.4483334723100581,0.7363626573558371,complete,1.2856948215383088,
E2,Mansfield,2,5,8,4,2026-09-05 15:00:00,2026-09-26 15:00:00,2,2,5.246661638028559,2.3944995825084545,3.164241163347218,2.84083297048226,1.0,1.28,3.2299999999999995,1.4278970811412495,1.0930463988058217,1,0.0,1.0,-0.019884920168556475,13.5,0,0,Bradford (A) · Huddersfield (H) · Burton (A) · Leyton Orient (H),-1.3944995825084545,-0.966602501367205,-0.42789708114124947,-0.7839414007898304,-0.7015158719896595,0.4330744954586305,in progress,1.3116654095071398,1.42041648524113
E2,Mansfield,3,9,12,4,2026-10-03 15:00:00,2026-10-20 19:45:00,0,2,5.718725024574581,0.0,0.0,5.658200917271353,0.0,0.0,0.0,0.0,0.0,0,0.0,0.0,-0.14838796889369998,18.0,0,0,Wigan (A) · Bromley (H) · Oxford (H) · AFC Wimbledon (A),,,,,,,upcoming,1.4296812561436452,1.4145502293178382
E2,Mansfield,4,13,16,4,2026-10-24 15:00:00,2026-11-21 15:00:00,0,2,5.207797372109491,0.0,0.0,5.0715992556000975,0.0,0.0,0.0,0.0,0.0,0,0.0,0.0,-0.009674931136952,12.75,0,0,Blackpool (A) · Notts County (H) · Stevenage (A) · MK Dons (H),,,,,,,upcoming,1.3019493430273728,1.2678998139000244
E2,Mansfield,5,17,20,4,2026-11-28 15:00:00,2026-12-19 15:00:00,0,2,4.551527256428513,0.0,0.0,4.485294500118201,0.0,0.0,0.0,0.0,0.0,0,0.0,0.0,0.1810791730465937,5.5,0,0,Leicester (A) · Stockport (H) · Wycombe (H) · Plymouth (A),,,,,,,upcoming,1.1378818141071283,1.1213236250295502
E2,Mansfield,6,21,24,4,2026-12-26 15:00:00,2027-01-09 15:00:00,0,2,5.034913578686993,0.0,0.0,4.937773590507203,0.0,0.0,0.0,0.0,0.0,0,0.0,0.0,0.040554986335423746,10.25,0,0,Barnsley (H) · Sheffield Wed (A) · Cambridge (A) · Plymouth (H),,,,,,,upcoming,1.2587283946717482,1.2344433976268008
E2,Mansfield,7,25,28,4,2027-01-16 15:00:00,2027-01-30 15:00:00,0,2,5.463718605164431,0.0,0.0,5.354559071602903,0.0,0.0,0.0,0.0,0.0,0,0.0,0.0,-0.0786984639849794,15.5,0,0,Oxford (A) · AFC Wimbledon (H) · Blackpool (H) · Notts County (A),,,,,,,upcoming,1.3659296512911077,1.3386397679007258
E2,Mansfield,8,29,32,4,2027-02-06 15:00:00,2027-02-20 15:00:00,0,2,4.828038787537909,0.0,0.0,4.6384338980306925,0.0,0.0,0.0,0.0,0.0,0,0.0,0.0,0.0983809359987017,6.75,0,0,Luton (A) · Reading (H) · Bradford (H) · Huddersfield (A),,,,,,,upcoming,1.2070096968844772,1.1596084745076731
E2,Mansfield,9,33,36,4,2027-02-27 15:00:00,2027-03-20 15:00:00,0,2,5.2949578697672415,0.0,0.0,5.166618300759271,0.0,0.0,0.0,0.0,0.0,0,0.0,0.0,-0.03164067197571438,14.25,0,0,Stevenage (H) · Doncaster (A) · Peterborough (H) · MK Dons (A),,,,,,,upcoming,1.3237394674418104,1.2916545751898179
E2,Mansfield,10,37,40,4,2027-03-26 15:00:00,2027-04-10 15:00:00,0,2,5.106043651391535,0.0,0.0,5.004511395691338,0.0,0.0,0.0,0.0,0.0,0,0.0,0.0,0.018788488617589073,11.25,0,0,Cambridge (H) · Barnsley (A) · Sheffield Wed (H) · Wycombe (A),,,,,,,upcoming,1.2765109128478838,1.2511278489228346
E2,Mansfield,11,41,44,4,2027-04-13 19:45:00,2027-04-27 19:45:00,0,2,5.755124088874071,0.0,0.0,5.711359241722323,0.0,0.0,0.0,0.0,0.0,0,0.0,0.0,-0.15845227271340456,20.0,0,0,Leyton Orient (A) · Burton (H) · Bromley (A) · Wigan (H),,,,,,,upcoming,1.4387810222185178,1.4278398104305807
E2,Mansfield,12,45,46,2,2027-05-01 15:00:00,2027-05-08 12:30:00,0,1,2.0955030239028494,0.0,0.0,2.0507288458921487,0.0,0.0,0.0,0.0,0.0,0,0.0,0.0,0.272440734166551,4.0,0,0,Leicester (H) · Stockport (A),,,,,,,upcoming,1.0477515119514247,1.0253644229460743
E2,Notts County,1,1,4,4,2026-08-15 12:30:00,2026-09-01 19:45:00,4,2,4.785289780163304,4.785289780163304,6.173584579080009,0.0,6.0,6.49,4.6899999999999995,6.524120667177854,4.449072250012605,4,6.0,5.0,0.09768645655182268,10.25,0,0,Leicester (H) · Luton (A) · Burton (H) · Doncaster (A),1.2147102198366957,1.73883088701455,-0.5241206671778542,0.4888819288365202,0.9034685091264001,0.624925290251418,complete,1.196322445040826,
E2,Notts County,2,5,8,4,2026-09-05 15:00:00,2026-09-26 15:00:00,2,2,4.9321852908716455,2.375615807479632,3.1242929949260647,2.5530348922238097,1.0,1.6300000000000001,2.49,2.0672113812525987,1.243173647480314,1,1.0,2.0,0.05418448567674155,8.5,0,0,Huddersfield (A) · Bradford (H) · Reading (A) · Blackpool (H),-1.3756158074796319,-0.3084044262270331,-1.0672113812525987,-0.7782538543087689,-0.2252522302618282,0.4364193738136497,in progress,1.2330463227179114,1.2765174461119049
E2,Notts County,3,9,12,4,2026-10-03 15:00:00,2026-10-20 19:45:00,0,2,4.953521110362886,0.0,0.0,5.021808672316453,0.0,0.0,0.0,0.0,0.0,0,0.0,0.0,0.04659716544496805,10.25,0,0,Peterborough (A) · Oxford (H) · Wycombe (A) · Sheffield Wed (H),,,,,,,upcoming,1.2383802775907216,1.2554521680791133
E2,Notts County,4,13,16,4,2026-10-24 15:00:00,2026-11-21 15:00:00,0,2,5.430177514133534,0.0,0.0,5.548278852839038,0.0,0.0,0.0,0.0,0.0,0,0.0,0.0,-0.08396515143843367,16.0,0,0,Stockport (H) · Mansfield (A) · Bromley (A) · Stevenage (H),,,,,,,upcoming,1.3575443785333834,1.3870697132097596
E2,Notts County,5,17,20,4,2026-11-28 12:30:00,2026-12-19 15:00:00,0,2,5.233179487222687,0.0,0.0,5.367523389683603,0.0,0.0,0.0,0.0,0.0,0,0.0,0.0,-0.02791419779169143,13.5,0,0,MK Dons (A) · AFC Wimbledon (H) · Plymouth (H) · Leyton Orient (A),,,,,,,upcoming,1.3082948718056717,1.3418808474209007
E2,Notts County,6,21,24,4,2026-12-26 15:00:00,2027-01-09 15:00:00,0,2,5.460802229299334,0.0,0.0,5.57744998519562,0.0,0.0,0.0,0.0,0.0,0,0.0,0.0,-0.09086582932043676,17.0,0,0,Cambridge (H) · Wigan (A) · Barnsley (A) · Leyton Orient (H),,,,,,,upcoming,1.3652005573248336,1.394362496298905
E2,Notts County,7,25,28,4,2027-01-16 15:00:00,2027-01-30 15:00:00,0,2,4.858396371200496,0.0,0.0,4.925218082784551,0.0,0.0,0.0,0.0,0.0,0,0.0,0.0,0.07811852844359768,8.5,0,0,Wycombe (H) · Sheffield Wed (A) · Stockport (A) · Mansfield (H),,,,,,,upcoming,1.214599092800124,1.2313045206961377
E2,Notts County,8,29,32,4,2027-02-06 15:00:00,2027-02-20 15:00:00,0,2,5.1601646507228125,0.0,0.0,5.203761778967889,0.0,0.0,0.0,0.0,0.0,0,0.0,0.0,-0.009447309856135948,12.25,0,0,Burton (A) · Doncaster (H) · Huddersfield (H) · Bradford (A),,,,,,,upcoming,1.2900411626807031,1.3009404447419723
E2,Notts County,9,33,36,4,2027-02-27 15:00:00,2027-03-20 15:00:00,0,2,4.917427117719785,0.0,0.0,5.059372886890548,0.0,0.0,0.0,0.0,0.0,0,0.0,0.0,0.06815437407678197,11.25,0,0,Bromley (H) · Leicester (A) · Luton (H) · Stevenage (A),,,,,,,upcoming,1.2293567794299463,1.264843221722637
E2,Notts County,10,37,40,4,2027-03-26 15:00:00,2027-04-10 15:00:00,0,2,5.248866612876707,0.0,0.0,5.353682884121152,0.0,0.0,0.0,0.0,0.0,0,0.0,0.0,-0.03210845947588133,13.25,0,0,Barnsley (H) · Plymouth (A) · Wigan (H) · Cambridge (A),,,,,,,upcoming,1.3122166532191768,1.338420721030288
E2,Notts County,11,41,44,4,2027-04-13 19:45:00,2027-04-27 19:45:00,0,2,5.210007763192492,0.0,0.0,5.240829420867032,0.0,0.0,0.0,0.0,0.0,0,0.0,0.0,-0.0223226364291451,13.0,0,0,Blackpool (A) · Reading (H) · Oxford (A) · Peterborough (H),,,,,,,upcoming,1.302501940798123,1.310207355216758
E2,Notts County,12,45,46,2,2027-05-01 15:00:00,2027-05-08 12:30:00,0,1,2.690587229244675,0.0,0.0,2.7400444529024885,0.0,0.0,0.0,0.0,0.0,0,0.0,0.0,-0.0715642632565778,14.5,0,0,MK Dons (H) · AFC Wimbledon (A),,,,,,,upcoming,1.3452936146223375,1.3700222264512443
E2,Oxford,1,1,4,4,2026-08-15 12:30:00,2026-09-05 15:00:00,4,1,4.579598036032146,4.579598036032146,6.104021893941635,0.0,7.0,5.29,8.08,4.3290708300066285,3.737333200000782,3,9.0,6.0,0.15238875089383924,7.0,0,0,MK Dons (H) · Stevenage (A) · Huddersfield (A) · Leicester (A),2.420401963967854,-0.2505272060255175,2.6709291699933715,0.9796692020694596,-0.1309095194053553,0.32724943326023603,complete,1.1448995090080365,
E2,Oxford,2,5,8,4,2026-09-12 15:00:00,2026-10-03 15:00:00,1,3,6.027027584997261,1.6913817130985112,1.6669394533923598,4.292768314966408,3.0,1.35,0.49,2.0213218422282098,1.778072929244144,1,3.0,0.0,-0.07622499588931153,16.25,0,1,Burton (H) · Cambridge (H) · Doncaster (A) · Stockport (H),1.3086182869014888,0.3299401291296986,0.9786781577717902,1.013568423332673,0.3299131314574764,0.31078873137235563,in progress,1.5067568962493152,1.4309227716554693
E2,Oxford,3,9,12,4,2026-10-10 12:30:00,2026-10-24 15:00:00,0,2,5.553577713709506,0.0,0.0,5.509878920038587,0.0,0.0,0.0,0.0,0.0,0,0.0,0.0,-0.035369886904984424,14.0,0,1,Notts County (A) · Mansfield (A) · Wigan (H) · Bradford (H),,,,,,,upcoming,1.3883944284273766,1.3774697300096468
E2,Oxford,4,13,16,4,2026-10-31 15:00:00,2026-11-21 15:00:00,0,2,5.5226844767813095,0.0,0.0,5.446378770928643,0.0,0.0,0.0,0.0,0.0,0,0.0,0.0,-0.0270084776159727,13.25,0,1,Barnsley (A) · Reading (H) · Peterborough (A) · Wycombe (H),,,,,,,upcoming,1.3806711191953274,1.3615946927321607
E2,Oxford,5,17,20,4,2026-11-28 15:00:00,2026-12-19 15:00:00,0,2,5.242033399416173,0.0,0.0,5.178230640818645,0.0,0.0,0.0,0.0,0.0,0,0.0,0.0,0.05118420770542005,9.5,0,0,Luton (A) · Sheffield Wed (H) · Blackpool (H) · AFC Wimbledon (A),,,,,,,upcoming,1.3105083498540433,1.2945576602046613
E2,Oxford,6,21,24,4,2026-12-26 15:00:00,2027-01-09 12:30:00,0,2,5.889613908228591,0.0,0.0,5.951412336560567,0.0,0.0,0.0,0.0,0.0,0,0.0,0.0,-0.12609650662204358,18.0,0,0,Plymouth (H) · Bromley (A) · Leyton Orient (A) · AFC Wimbledon (H),,,,,,,upcoming,1.4724034770571477,1.4878530841401418
E2,Oxford,7,25,28,4,2027-01-16 15:00:00,2027-01-30 15:00:00,0,2,5.524452848103204,0.0,0.0,5.496913554658819,0.0,0.0,0.0,0.0,0.0,0,0.0,0.0,-0.026167502190026302,12.75,0,0,Mansfield (H) · Wigan (A) · Bradford (A) · Barnsley (H),,,,,,,upcoming,1.381113212025801,1.3742283886647046
E2,Oxford,8,29,32,4,2027-02-06 15:00:00,2027-02-20 15:00:00,0,2,5.073496420173532,0.0,0.0,5.00483429051985,0.0,0.0,0.0,0.0,0.0,0,0.0,0.0,0.0953451689573828,9.75,0,0,Reading (A) · Huddersfield (H) · Leicester (H) · Burton (A),,,,,,,upcoming,1.268374105043383,1.2512085726299624
E2,Oxford,9,33,36,4,2027-02-27 15:00:00,2027-03-20 15:00:00,0,2,5.181121612786852,0.0,0.0,5.147234820323544,0.0,0.0,0.0,0.0,0.0,0,0.0,0.0,0.06723532043469925,8.75,0,0,Luton (H) · MK Dons (A) · Stevenage (H) · Wycombe (A),,,,,,,upcoming,1.295280403196713,1.286808705080886
E2,Oxford,10,37,40,4,2027-03-26 15:00:00,2027-04-10 15:00:00,0,2,5.652514354814324,0.0,0.0,5.691977354093206,0.0,0.0,0.0,0.0,0.0,0,0.0,0.0,-0.05936158264630193,14.75,0,0,Leyton Orient (H) · Blackpool (A) · Bromley (H) · Plymouth (A),,,,,,,upcoming,1.413128588703581,1.4229943385233015
E2,Oxford,11,41,44,4,2027-04-13 19:45:00,2027-04-27 19:45:00,0,2,5.61453596644431,0.0,0.0,5.539170923081225,0.0,0.0,0.0,0.0,0.0,0,0.0,0.0,-0.05030486612237177,15.25,0,0,Doncaster (H) · Cambridge (A) · Notts County (H) · Stockport (A),,,,,,,upcoming,1.4036339916110776,1.3847927307703063
E2,Oxford,12,45,46,2,2027-05-01 15:00:00,2027-05-08 12:30:00,0,1,2.592778938785497,0.0,0.0,2.5380248953815503,0.0,0.0,0.0,0.0,0.0,0,0.0,0.0,0.071443305289563,10.5,0,0,Peterborough (H) · Sheffield Wed (A),,,,,,,upcoming,1.2963894693927485,1.2690124476907751
E2,Peterborough,1,1,4,4,2026-08-15 15:00:00,2026-09-01 19:45:00,4,2,5.157319008063576,5.157319008063576,6.405474472071752,0.0,4.0,5.6899999999999995,6.8999999999999995,5.403728017438388,4.901148581808393,4,2.0,7.0,-0.014972054802853404,12.75,0,0,Bradford (A) · Mansfield (H) · Blackpool (A) · Stevenage (H),-1.1573190080635758,0.24640900937481192,-1.4037280174383877,-0.45727497405057466,0.12569132521473356,0.647473415218496,complete,1.289329752015894,
E2,Peterborough,2,5,8,4,2026-09-05 12:30:00,2026-09-26 15:00:00,2,2,4.755589994914334,2.2405833953567105,3.0830756983444223,2.493167796079239,1.0,3.99,2.81,3.4017035612829485,1.1023598102420629,1,2.0,3.0,0.0954917196226611,7.5,0,0,Sheffield Wed (H) · MK Dons (A) · Doncaster (H) · Stockport (A),-1.2405833953567105,1.161120165926238,-2.4017035612829485,-0.7065353081661292,0.8537081915150909,0.47985530332938264,in progress,1.1888974987285834,1.2465838980396196
E2,Peterborough,3,9,12,4,2026-10-03 15:00:00,2026-10-20 19:45:00,0,2,4.864800213709977,0.0,0.0,4.885575940791902,0.0,0.0,0.0,0.0,0.0,0,0.0,0.0,0.0775779851031369,11.25,0,0,Notts County (H) · Leicester (A) · Burton (H) · Huddersfield (A),,,,,,,upcoming,1.2162000534274942,1.2213939851979756
E2,Peterborough,4,13,16,4,2026-10-24 15:00:00,2026-11-21 15:00:00,0,2,5.064220328877485,0.0,0.0,5.159462062360067,0.0,0.0,0.0,0.0,0.0,0,0.0,0.0,0.009608944357081976,10.75,0,0,Bromley (A) · Luton (H) · Oxford (H) · Plymouth (A),,,,,,,upcoming,1.2660550822193712,1.2898655155900167
E2,Peterborough,5,17,20,4,2026-11-28 12:30:00,2026-12-19 15:00:00,0,2,5.429308812869856,0.0,0.0,5.508387654177529,0.0,0.0,0.0,0.0,0.0,0,0.0,0.0,-0.09086582932043676,17.0,0,0,Cambridge (H) · Leyton Orient (A) · Barnsley (H) · Wigan (A),,,,,,,upcoming,1.357327203217464,1.3770969135443822
E2,Peterborough,6,21,24,4,2026-12-26 15:00:00,2027-01-09 15:00:00,0,2,5.340807480670159,0.0,0.0,5.360956746192848,0.0,0.0,0.0,0.0,0.0,0,0.0,0.0,-0.06740474601807363,14.5,0,0,Wycombe (H) · Reading (A) · AFC Wimbledon (A) · Wigan (H),,,,,,,upcoming,1.3352018701675397,1.340239186548212
E2,Peterborough,7,25,28,4,2027-01-16 15:00:00,2027-01-30 15:00:00,0,2,5.2361017485221195,0.0,0.0,5.2802348006942275,0.0,0.0,0.0,0.0,0.0,0,0.0,0.0,-0.03493495052602968,13.25,0,0,Burton (A) · Huddersfield (H) · Bromley (H) · Luton (A),,,,,,,upcoming,1.3090254371305299,1.3200587001735569
E2,Peterborough,8,29,32,4,2027-02-06 15:00:00,2027-02-20 15:00:00,0,2,4.849523544838328,0.0,0.0,4.856110748937517,0.0,0.0,0.0,0.0,0.0,0,0.0,0.0,0.07040327468879867,8.75,0,0,Blackpool (H) · Stevenage (A) · Sheffield Wed (A) · MK Dons (H),,,,,,,upcoming,1.212380886209582,1.2140276872343791
E2,Peterborough,9,33,36,4,2027-02-27 12:30:00,2027-03-20 15:00:00,0,2,5.114741719286818,0.0,0.0,5.222413613854608,0.0,0.0,0.0,0.0,0.0,0,0.0,0.0,-0.006839662616917777,12.5,0,0,Cambridge (A) · Bradford (H) · Mansfield (A) · Plymouth (H),,,,,,,upcoming,1.2786854298217045,1.305603403463652
E2,Peterborough,10,37,40,4,2027-03-26 15:00:00,2027-04-10 15:00:00,0,2,5.34175714534643,0.0,0.0,5.360891095267304,0.0,0.0,0.0,0.0,0.0,0,0.0,0.0,-0.0656171213175611,14.25,0,0,AFC Wimbledon (H) · Wycombe (A) · Reading (H) · Barnsley (A),,,,,,,upcoming,1.3354392863366076,1.340222773816826
E2,Peterborough,11,41,44,4,2027-04-13 19:45:00,2027-04-27 19:45:00,0,2,4.730577695573622,0.0,0.0,4.7407887165989555,0.0,0.0,0.0,0.0,0.0,0,0.0,0.0,0.10004561226476773,10.25,0,0,Stockport (H) · Doncaster (A) · Leicester (H) · Notts County (A),,,,,,,upcoming,1.1826444238934055,1.1851971791497389
E2,Peterborough,12,45,46,2,2027-05-01 15:00:00,2027-05-08 12:30:00,0,1,2.645594623747783,0.0,0.0,2.7071884576611573,0.0,0.0,0.0,0.0,0.0,0,0.0,0.0,-0.0522307186530684,15.5,0,0,Oxford (A) · Leyton Orient (H),,,,,,,upcoming,1.3227973118738916,1.3535942288305787
E2,Plymouth,1,1,4,4,2026-08-15 15:00:00,2026-09-01 19:45:00,4,2,5.334099078700749,5.33409907870075,6.399745661609802,0.0,4.0,4.92,6.09,4.893619348840895,5.341286408375555,4,4.0,6.0,0.1652282034065302,6.25,0,0,Stockport (H) · Wycombe (A) · Bradford (H) · Leicester (A),-1.33409907870075,-0.44047972985985506,-0.893619348840895,-0.5273594429630417,-0.22478583745502934,0.5979440021321138,complete,1.3335247696751873,
E2,Plymouth,2,5,8,4,2026-09-05 15:00:00,2026-09-26 15:00:00,2,2,6.182878138259321,3.063623229007276,3.332426509081655,3.083876110830839,6.0,2.9699999999999998,3.67,2.144540822932082,1.9302481311028317,1,6.0,2.0,-0.06912277277730533,15.0,0,0,Doncaster (A) · Barnsley (H) · Blackpool (A) · Burton (H),2.936376770992724,-0.9190824060751939,3.855459177067918,1.6085386089629126,-0.6499778201664774,0.10771726738986631,in progress,1.5457195345648302,1.5419380554154194
E2,Plymouth,3,9,12,4,2026-10-03 15:00:00,2026-10-20 19:45:00,0,2,6.189302199347252,0.0,0.0,6.129239173014063,0.0,0.0,0.0,0.0,0.0,0,0.0,0.0,-0.071516451588244,16.0,0,0,Leyton Orient (A) · AFC Wimbledon (H) · Huddersfield (H) · Stevenage (A),,,,,,,upcoming,1.547325549836813,1.5323097932535157
E2,Plymouth,4,13,16,4,2026-10-24 15:00:00,2026-11-21 15:00:00,0,2,5.96048040383928,0.0,0.0,5.836443837268165,0.0,0.0,0.0,0.0,0.0,0,0.0,0.0,-0.007381772419884771,13.5,0,0,Cambridge (A) · Reading (H) · Sheffield Wed (A) · Peterborough (H),,,,,,,upcoming,1.49012010095982,1.4591109593170413
E2,Plymouth,5,17,20,4,2026-11-28 15:00:00,2026-12-19 15:00:00,0,2,6.387382554354564,0.0,0.0,6.346644759094511,0.0,0.0,0.0,0.0,0.0,0,0.0,0.0,-0.12499845980853014,18.0,0,0,Wigan (A) · Bromley (H) · Notts County (A) · Mansfield (H),,,,,,,upcoming,1.596845638588641,1.5866611897736278
E2,Plymouth,6,21,24,4,2026-12-26 15:00:00,2027-01-09 15:00:00,0,2,5.7153766505378325,0.0,0.0,5.669773097410451,0.0,0.0,0.0,0.0,0.0,0,0.0,0.0,0.056567566480813375,9.0,0,0,Oxford (A) · MK Dons (H) · Luton (H) · Mansfield (A),,,,,,,upcoming,1.4288441626344581,1.4174432743526129
E2,Plymouth,7,25,28,4,2027-01-16 15:00:00,2027-01-30 15:00:00,0,2,6.030557748794491,0.0,0.0,5.9097918694529135,0.0,0.0,0.0,0.0,0.0,0,0.0,0.0,-0.027377608893323056,13.5,0,0,Huddersfield (A) · Stevenage (H) · Cambridge (H) · Reading (A),,,,,,,upcoming,1.5076394371986228,1.4774479673632284
E2,Plymouth,8,29,32,4,2027-02-06 15:00:00,2027-02-20 15:00:00,0,2,5.552602272659881,0.0,0.0,5.496038394381991,0.0,0.0,0.0,0.0,0.0,0,0.0,0.0,0.10113682869213991,9.25,0,0,Bradford (A) · Leicester (H) · Doncaster (H) · Barnsley (A),,,,,,,upcoming,1.3881505681649702,1.3740095985954976
E2,Plymouth,9,33,36,4,2027-02-27 15:00:00,2027-03-20 15:00:00,0,2,5.656564492119773,0.0,0.0,5.536703847467354,0.0,0.0,0.0,0.0,0.0,0,0.0,0.0,0.07284065725562212,9.25,0,0,Sheffield Wed (H) · Stockport (A) · Wycombe (H) · Peterborough (A),,,,,,,upcoming,1.4141411230299432,1.3841759618668386
E2,Plymouth,10,37,40,4,2027-03-26 15:00:00,2027-04-10 15:00:00,0,2,5.734876871488618,0.0,0.0,5.639326220898123,0.0,0.0,0.0,0.0,0.0,0,0.0,0.0,0.053310954219908356,9.5,0,0,Luton (A) · Notts County (H) · MK Dons (A) · Oxford (H),,,,,,,upcoming,1.4337192178721545,1.4098315552245309
E2,Plymouth,11,41,44,4,2027-04-13 19:45:00,2027-04-27 19:45:00,0,2,6.408281778505765,0.0,0.0,6.3901587404242886,0.0,0.0,0.0,0.0,0.0,0,0.0,0.0,-0.1293926704333429,18.75,0,0,Burton (A) · Blackpool (H) · AFC Wimbledon (A) · Leyton Orient (H),,,,,,,upcoming,1.6020704446264413,1.5975396851060721
E2,Plymouth,12,45,46,2,2027-05-01 15:00:00,2027-05-08 12:30:00,0,1,3.283514896491482,0.0,0.0,3.2750189850933147,0.0,0.0,0.0,0.0,0.0,0,0.0,0.0,-0.17183955563107303,19.0,0,0,Wigan (H) · Bromley (A),,,,,,,upcoming,1.641757448245741,1.6375094925466573
E2,Reading,1,1,4,4,2026-08-15 12:30:00,2026-09-05 15:00:00,4,3,5.796353050404998,5.796353050404997,6.689084339943147,0.0,7.0,8.49,3.87,8.147933221602024,4.330422968017154,3,11.0,5.0,-0.025637385859425602,13.0,0,0,Luton (H) · AFC Wimbledon (A) · Mansfield (H) · Blackpool (H),1.2036469495950026,2.3515801711970266,-1.147933221602024,0.4653886459431931,1.1738181715028888,0.6416531635927749,complete,1.4490882626012496,
E2,Reading,2,5,8,4,2026-09-12 15:00:00,2026-10-03 15:00:00,1,2,5.502801616005364,1.3319983525209023,1.6515786549227267,4.289791540669661,0.0,1.68,0.81,1.9714200924836436,1.352728638783013,1,1.0,2.0,-0.03186277259565748,14.0,0,1,Cambridge (A) · Notts County (H) · Wycombe (A) · Bradford (H),-1.3319983525209023,0.6394217399627413,-1.9714200924836436,-1.036463605852285,0.6423358212350248,0.2999859098023574,in progress,1.375700404001341,1.4299305135565537
E2,Reading,3,9,12,4,2026-10-10 15:00:00,2026-10-24 15:00:00,0,2,5.482387441301578,0.0,0.0,5.659959442133491,0.0,0.0,0.0,0.0,0.0,0,0.0,0.0,-0.02514744940115455,13.25,0,1,MK Dons (A) · Wigan (A) · Leyton Orient (H) · Barnsley (H),,,,,,,upcoming,1.3705968603253944,1.4149898605333728
E2,Reading,4,13,16,4,2026-10-31 12:30:00,2026-11-21 12:30:00,0,1,5.12863809184838,0.0,0.0,5.328735037514582,0.0,0.0,0.0,0.0,0.0,0,0.0,0.0,-0.013952029696912727,11.75,0,1,Plymouth (A) · Oxford (A) · Stockport (A) · Bromley (H),,,,,,,upcoming,1.282159522962095,1.3321837593786454
E2,Reading,5,17,20,4,2026-11-28 15:00:00,2026-12-19 15:00:00,0,2,5.002723980826469,0.0,0.0,5.172369600908965,0.0,0.0,0.0,0.0,0.0,0,0.0,0.0,0.10746319070853047,10.0,0,0,Sheffield Wed (A) · Doncaster (H) · Burton (A) · Leicester (H),,,,,,,upcoming,1.2506809952066174,1.2930924002272413
E2,Reading,6,21,24,4,2026-12-26 15:00:00,2027-01-09 15:00:00,0,2,5.071104910661419,0.0,0.0,5.264510438621799,0.0,0.0,0.0,0.0,0.0,0,0.0,0.0,0.09401395231102072,10.75,0,0,Stevenage (A) · Peterborough (H) · MK Dons (H) · Leicester (A),,,,,,,upcoming,1.2677762276653548,1.3161276096554497
E2,Reading,7,25,28,4,2027-01-16 15:00:00,2027-01-30 15:00:00,0,2,5.4482928093667935,0.0,0.0,5.655838711424222,0.0,0.0,0.0,0.0,0.0,0,0.0,0.0,-0.017850215687897457,13.0,0,0,Wigan (H) · Leyton Orient (A) · Barnsley (A) · Plymouth (H),,,,,,,upcoming,1.3620732023416984,1.4139596778560555
E2,Reading,8,29,32,4,2027-02-06 15:00:00,2027-02-20 15:00:00,0,2,5.583282011615401,0.0,0.0,5.810461776442686,0.0,0.0,0.0,0.0,0.0,0,0.0,0.0,-0.053347263760428976,14.5,0,0,Oxford (H) · Mansfield (A) · Blackpool (A) · Cambridge (H),,,,,,,upcoming,1.3958205029038502,1.4526154441106716
E2,Reading,9,33,36,4,2027-02-27 15:00:00,2027-03-20 15:00:00,0,2,5.612798671425449,0.0,0.0,5.793124923325284,0.0,0.0,0.0,0.0,0.0,0,0.0,0.0,-0.05925776542844865,14.25,0,0,Stockport (H) · Luton (A) · AFC Wimbledon (H) · Bromley (A),,,,,,,upcoming,1.4031996678563623,1.448281230831321
E2,Reading,10,37,40,4,2027-03-26 15:00:00,2027-04-10 15:00:00,0,2,5.593363287172559,0.0,0.0,5.731359310172662,0.0,0.0,0.0,0.0,0.0,0,0.0,0.0,-0.054550866776565704,15.5,0,0,Huddersfield (A) · Stevenage (H) · Peterborough (A) · Burton (H),,,,,,,upcoming,1.3983408217931397,1.4328398275431655
E2,Reading,11,41,44,4,2027-04-13 20:00:00,2027-04-27 19:45:00,0,2,5.225533109350555,0.0,0.0,5.357051336411761,0.0,0.0,0.0,0.0,0.0,0,0.0,0.0,0.043026081725104026,9.75,0,0,Wycombe (H) · Notts County (A) · Huddersfield (H) · Bradford (A),,,,,,,upcoming,1.3063832773376387,1.3392628341029402
E2,Reading,12,45,46,2,2027-05-01 15:00:00,2027-05-08 12:30:00,0,1,2.528350401920922,0.0,0.0,2.5718411929687717,0.0,0.0,0.0,0.0,0.0,0,0.0,0.0,0.08780690201448581,8.5,0,0,Sheffield Wed (H) · Doncaster (A),,,,,,,upcoming,1.264175200960461,1.2859205964843858
E2,Sheffield Wed,1,1,4,4,2026-08-15 15:00:00,2026-09-01 19:45:00,4,2,6.55400815642342,6.55400815642342,6.537510988750647,0.0,9.0,11.49,3.54,9.704477204761243,5.689525352321043,4,11.0,5.0,-0.06860377238375706,15.25,0,0,Leyton Orient (A) · Bradford (H) · Bromley (H) · Wycombe (A),2.4459918435765804,3.1504690483378237,-0.7044772047612433,0.9566405561692994,1.590718661904121,0.33874871116005356,complete,1.638502039105855,
E2,Sheffield Wed,2,5,8,4,2026-09-05 12:30:00,2026-09-26 15:00:00,2,2,6.421694709017707,3.2905293856102245,3.32031122573706,3.1764078306802106,4.0,1.98,3.83,1.59542856181859,1.921965068729369,1,2.0,1.0,-0.030829019035880152,14.25,0,0,Peterborough (A) · Wigan (H) · Stockport (H) · Stevenage (A),0.7094706143897755,-1.6951008237916345,2.40457143818141,0.38935433573052974,-1.2009654480850096,0.6970140469218804,in progress,1.6054236772544268,1.5882039153401053
E2,Sheffield Wed,3,9,12,4,2026-10-03 15:00:00,2026-10-20 19:45:00,0,2,6.623981426357779,0.0,0.0,6.736799327964926,0.0,0.0,0.0,0.0,0.0,0,0.0,0.0,-0.08748226614572177,16.5,0,0,Cambridge (H) · Huddersfield (A) · AFC Wimbledon (H) · Notts County (A),,,,,,,upcoming,1.6559953565894447,1.6841998319912315
E2,Sheffield Wed,4,13,16,4,2026-10-24 15:00:00,2026-11-20 20:00:00,0,2,6.2654747044711385,0.0,0.0,6.4084484387864435,0.0,0.0,0.0,0.0,0.0,0,0.0,0.0,0.011277655957160198,10.75,0,0,Doncaster (A) · Blackpool (H) · Plymouth (H) · Barnsley (A),,,,,,,upcoming,1.5663686761177846,1.6021121096966109
E2,Sheffield Wed,5,17,20,4,2026-11-28 15:00:00,2026-12-19 12:30:00,0,2,5.740393098148347,0.0,0.0,5.866225049219477,0.0,0.0,0.0,0.0,0.0,0,0.0,0.0,0.15571023654201155,6.75,0,0,Reading (H) · Oxford (A) · Leicester (A) · Luton (H),,,,,,,upcoming,1.4350982745370868,1.4665562623048694
E2,Sheffield Wed,6,21,24,4,2026-12-26 15:00:00,2027-01-09 15:00:00,0,2,6.236769762951149,0.0,0.0,6.365130128134815,0.0,0.0,0.0,0.0,0.0,0,0.0,0.0,0.01932090531095882,11.25,0,0,Burton (A) · Mansfield (H) · Huddersfield (H) · Luton (A),,,,,,,upcoming,1.5591924407377873,1.5912825320337038
E2,Sheffield Wed,7,25,28,4,2027-01-16 15:00:00,2027-01-30 15:00:00,0,2,6.652053533709568,0.0,0.0,6.764564165184137,0.0,0.0,0.0,0.0,0.0,0,0.0,0.0,-0.09303493035398262,16.5,0,0,AFC Wimbledon (A) · Notts County (H) · Doncaster (H) · Blackpool (A),,,,,,,upcoming,1.663013383427392,1.6911410412960342
E2,Sheffield Wed,8,29,32,4,2027-02-06 15:00:00,2027-02-20 15:00:00,0,2,6.6697273301688424,0.0,0.0,6.848465930506841,0.0,0.0,0.0,0.0,0.0,0,0.0,0.0,-0.09756252974681459,16.5,0,0,Bromley (A) · Wycombe (H) · Peterborough (H) · Wigan (A),,,,,,,upcoming,1.6674318325422106,1.7121164826267103
E2,Sheffield Wed,9,33,36,4,2027-02-27 15:00:00,2027-03-20 15:00:00,0,2,6.256097870040457,0.0,0.0,6.432556060689607,0.0,0.0,0.0,0.0,0.0,0,0.0,0.0,0.013364353625119197,11.5,0,0,Plymouth (A) · Leyton Orient (H) · Bradford (A) · Barnsley (H),,,,,,,upcoming,1.5640244675101143,1.6081390151724018
E2,Sheffield Wed,10,37,40,4,2027-03-26 15:00:00,2027-04-10 15:00:00,0,2,6.0367216981317044,0.0,0.0,6.235811454770168,0.0,0.0,0.0,0.0,0.0,0,0.0,0.0,0.07166412296256262,11.25,0,0,MK Dons (A) · Burton (H) · Mansfield (A) · Leicester (H),,,,,,,upcoming,1.5091804245329261,1.558952863692542
E2,Sheffield Wed,11,41,44,4,2027-04-13 19:45:00,2027-04-27 19:45:00,0,2,6.335298213276504,0.0,0.0,6.46780967489095,0.0,0.0,0.0,0.0,0.0,0,0.0,0.0,-0.007574769534000075,12.75,0,0,Stevenage (H) · Stockport (A) · MK Dons (H) · Cambridge (A),,,,,,,upcoming,1.583824553319126,1.6169524187227375
E2,Sheffield Wed,12,45,46,2,2027-05-01 15:00:00,2027-05-08 12:30:00,0,1,3.16857510652292,0.0,0.0,3.2067373354372326,0.0,0.0,0.0,0.0,0.0,0,0.0,0.0,-0.0081422091905173,11.5,0,0,Reading (A) · Oxford (H),,,,,,,upcoming,1.58428755326146,1.6033686677186163
E2,Stevenage,1,1,4,4,2026-08-15 15:00:00,2026-09-01 19:45:00,4,2,5.46260402135963,5.46260402135963,6.605288956977683,0.0,3.0,2.46,3.83,4.095550865541632,5.345263442190092,4,4.0,5.0,-0.0859544319620226,16.75,0,0,Burton (A) · Oxford (H) · Doncaster (H) · Peterborough (A),-2.4626040213596303,-1.367053155817998,-1.0955508655416324,-0.9581834685710017,-0.6866949696824648,0.3379702517605483,complete,1.3656510053399076,
E2,Stevenage,2,5,8,4,2026-09-05 15:00:00,2026-09-26 15:00:00,2,2,4.885655433201087,2.436328045386257,3.2059750731694896,2.4381599317410623,6.0,3.34,3.0599999999999996,2.9544329283131954,0.0,0,7.0,2.0,0.07063440282492472,9.5,0,0,Barnsley (A) · Luton (H) · Leyton Orient (A) · Sheffield Wed (H),3.563671954613743,0.5181048829269383,3.0455670716868046,1.9902959010187506,0.37356139582741804,0.04655834928927516,in progress,1.2214138583002718,1.2190799658705311
E2,Stevenage,3,9,12,4,2026-10-03 15:00:00,2026-10-20 19:45:00,0,2,5.241518063783264,0.0,0.0,5.234115959714476,0.0,0.0,0.0,0.0,0.0,0,0.0,0.0,-0.024776102827022604,12.5,0,0,AFC Wimbledon (A) · Wigan (H) · Bradford (A) · Plymouth (H),,,,,,,upcoming,1.310379515945816,1.308528989928619
E2,Stevenage,4,13,16,4,2026-10-24 15:00:00,2026-11-21 15:00:00,0,2,4.830263636183104,0.0,0.0,4.840159774114469,0.0,0.0,0.0,0.0,0.0,0,0.0,0.0,0.09758425272950237,10.25,0,0,MK Dons (H) · Leicester (A) · Mansfield (H) · Notts County (A),,,,,,,upcoming,1.207565909045776,1.2100399435286173
E2,Stevenage,5,17,20,4,2026-11-28 15:00:00,2026-12-18 19:45:00,0,2,5.057863164263214,0.0,0.0,4.9901394466027575,0.0,0.0,0.0,0.0,0.0,0,0.0,0.0,0.025993155445068042,10.5,0,0,Blackpool (H) · Huddersfield (A) · Stockport (H) · Cambridge (A),,,,,,,upcoming,1.2644657910658035,1.2475348616506894
E2,Stevenage,6,21,24,4,2026-12-26 15:00:00,2027-01-09 12:30:00,0,2,5.5339328614225956,0.0,0.0,5.534750955420844,0.0,0.0,0.0,0.0,0.0,0,0.0,0.0,-0.10372416164495729,16.5,0,0,Reading (H) · Wycombe (A) · Bromley (A) · Cambridge (H),,,,,,,upcoming,1.3834832153556489,1.383687738855211
E2,Stevenage,7,25,28,4,2027-01-16 15:00:00,2027-01-30 15:00:00,0,2,4.477433478243612,0.0,0.0,4.498489013322917,0.0,0.0,0.0,0.0,0.0,0,0.0,0.0,0.18743726876358535,5.0,0,0,Bradford (H) · Plymouth (A) · MK Dons (A) · Leicester (H),,,,,,,upcoming,1.119358369560903,1.1246222533307293
E2,Stevenage,8,29,32,4,2027-02-06 15:00:00,2027-02-20 15:00:00,0,2,5.1657716354234715,0.0,0.0,5.105191422270565,0.0,0.0,0.0,0.0,0.0,0,0.0,0.0,-0.0010274516154759467,12.5,0,0,Doncaster (A) · Peterborough (H) · Barnsley (H) · Luton (A),,,,,,,upcoming,1.2914429088558679,1.2762978555676412
E2,Stevenage,9,33,36,4,2027-02-27 15:00:00,2027-03-20 15:00:00,0,2,5.472037169535771,0.0,0.0,5.463751015417612,0.0,0.0,0.0,0.0,0.0,0,0.0,0.0,-0.08683710020943791,16.75,0,0,Mansfield (A) · Burton (H) · Oxford (A) · Notts County (H),,,,,,,upcoming,1.3680092923839426,1.365937753854403
E2,Stevenage,10,37,40,4,2027-03-26 15:00:00,2027-04-10 15:00:00,0,2,5.29927121648684,0.0,0.0,5.254243342061748,0.0,0.0,0.0,0.0,0.0,0,0.0,0.0,-0.03844834936489559,13.0,0,0,Bromley (H) · Reading (A) · Wycombe (H) · Stockport (A),,,,,,,upcoming,1.32481780412171,1.313560835515437
E2,Stevenage,11,41,44,4,2027-04-13 19:45:00,2027-04-27 19:45:00,0,2,5.323141997561283,0.0,0.0,5.293417093729325,0.0,0.0,0.0,0.0,0.0,0,0.0,0.0,-0.0420845961732896,14.75,0,0,Sheffield Wed (A) · Leyton Orient (H) · Wigan (A) · AFC Wimbledon (H),,,,,,,upcoming,1.3307854993903208,1.3233542734323311
E2,Stevenage,12,45,46,2,2027-05-01 15:00:00,2027-05-08 12:30:00,0,1,2.4273330928163244,0.0,0.0,2.3701343876022563,0.0,0.0,0.0,0.0,0.0,0,0.0,0.0,0.08024653349786409,7.0,0,0,Blackpool (A) · Huddersfield (H),,,,,,,upcoming,1.2136665464081622,1.1850671938011281
E2,Stockport,1,1,4,4,2026-08-15 15:00:00,2026-09-02 19:45:00,4,2,5.4528339360575675,5.4528339360575675,6.491900024853313,0.0,6.0,6.76,6.14,5.70040844337858,6.429774900932843,4,9.0,6.0,0.09893000472554517,6.75,0,0,Plymouth (A) · Blackpool (H) · Wycombe (H) · Luton (A),0.5471660639424325,0.24757450732101294,0.29959155662141956,0.21475003456992525,0.1254424093207341,0.8299622105748032,complete,1.3632084840143919,
E2,Stockport,2,5,8,4,2026-09-05 12:30:00,2026-09-26 15:00:00,2,2,5.328096280393135,2.547182771894091,3.252466391395348,2.805215251052194,3.0,4.31,1.65,4.422419139374783,1.7491345737775859,1,7.0,4.0,0.13261628212745444,9.0,0,0,Wigan (A) · Leicester (H) · Sheffield Wed (A) · Peterborough (H),0.45281722810590885,1.8752363674806922,-1.4224191393747834,0.2510825513768494,1.3423753942891112,0.8017502858687413,in progress,1.3320240700982837,1.402607625526097
E2,Stockport,3,9,12,4,2026-10-03 15:00:00,2026-10-20 19:45:00,0,2,6.180424417509423,0.0,0.0,6.332520778095784,0.0,0.0,0.0,0.0,0.0,0,0.0,0.0,-0.09980990212913768,15.75,0,0,Oxford (A) · Barnsley (H) · Bromley (H) · Doncaster (A),,,,,,,upcoming,1.5451061043773557,1.583130194523946
E2,Stockport,4,13,16,4,2026-10-24 15:00:00,2026-11-21 15:00:00,0,2,6.278440378668244,0.0,0.0,6.376425938210632,0.0,0.0,0.0,0.0,0.0,0,0.0,0.0,-0.12606862194722385,18.5,0,0,Notts County (A) · AFC Wimbledon (H) · Reading (H) · Cambridge (A),,,,,,,upcoming,1.569610094667061,1.594106484552658
E2,Stockport,5,17,20,4,2026-11-28 15:00:00,2026-12-19 15:00:00,0,2,5.9478648268409975,0.0,0.0,6.134226643925156,0.0,0.0,0.0,0.0,0.0,0,0.0,0.0,-0.03680041110015935,14.75,0,0,Leyton Orient (H) · Mansfield (A) · Stevenage (A) · MK Dons (H),,,,,,,upcoming,1.4869662067102494,1.533556660981289
E2,Stockport,6,21,24,4,2026-12-26 15:00:00,2027-01-09 15:00:00,0,2,5.697049745744795,0.0,0.0,5.783471929270849,0.0,0.0,0.0,0.0,0.0,0,0.0,0.0,0.03157521596274185,10.0,0,0,Bradford (A) · Huddersfield (H) · Burton (H) · MK Dons (A),,,,,,,upcoming,1.4242624364361987,1.4458679823177123
E2,Stockport,7,25,28,4,2027-01-16 15:00:00,2027-01-30 15:00:00,0,2,6.445139906972455,0.0,0.0,6.586798590009055,0.0,0.0,0.0,0.0,0.0,0,0.0,0.0,-0.17013919527714882,20.0,0,0,Bromley (A) · Doncaster (H) · Notts County (H) · AFC Wimbledon (A),,,,,,,upcoming,1.6112849767431137,1.6466996475022637
E2,Stockport,8,29,32,4,2027-02-06 15:00:00,2027-02-20 15:00:00,0,2,5.250979715236104,0.0,0.0,5.400847932355248,0.0,0.0,0.0,0.0,0.0,0,0.0,0.0,0.15757460814750823,6.75,0,0,Wycombe (A) · Luton (H) · Wigan (H) · Leicester (A),,,,,,,upcoming,1.312744928809026,1.350211983088812
E2,Stockport,9,33,36,4,2027-02-27 15:00:00,2027-03-20 15:00:00,0,2,5.829796304199222,0.0,0.0,5.950195896988481,0.0,0.0,0.0,0.0,0.0,0,0.0,0.0,-0.004853399003956427,12.0,0,0,Reading (A) · Plymouth (H) · Blackpool (A) · Cambridge (H),,,,,,,upcoming,1.4574490760498056,1.4875489742471202
E2,Stockport,10,37,40,4,2027-03-26 15:00:00,2027-04-10 15:00:00,0,2,5.8667477323920725,0.0,0.0,5.96282163871399,0.0,0.0,0.0,0.0,0.0,0,0.0,0.0,-0.013900278522032926,12.75,0,0,Burton (A) · Bradford (H) · Huddersfield (A) · Stevenage (H),,,,,,,upcoming,1.4666869330980181,1.4907054096784975
E2,Stockport,11,41,44,4,2027-04-13 19:45:00,2027-04-27 19:45:00,0,2,5.724889844358518,0.0,0.0,5.818844453335984,0.0,0.0,0.0,0.0,0.0,0,0.0,0.0,0.023085748910235074,11.25,0,0,Peterborough (A) · Sheffield Wed (H) · Barnsley (A) · Oxford (H),,,,,,,upcoming,1.4312224610896296,1.454711113333996
E2,Stockport,12,45,46,2,2027-05-01 15:00:00,2027-05-08 12:30:00,0,1,3.0669750202457875,0.0,0.0,3.189747669380929,0.0,0.0,0.0,0.0,0.0,0,0.0,0.0,-0.08671150574004655,18.0,0,0,Leyton Orient (A) · Mansfield (H),,,,,,,upcoming,1.5334875101228937,1.5948738346904645
E2,Wigan,1,1,4,4,2026-08-15 15:00:00,2026-09-02 19:45:00,4,2,5.601343827980791,5.60134382798079,6.649995114301406,0.0,3.0,8.83,6.98,6.82382788601133,5.698463162038461,4,5.0,7.0,-0.10092981142423073,17.5,0,0,Cambridge (A) · Leyton Orient (H) · AFC Wimbledon (A) · MK Dons (H),-2.6013438279807897,1.22248405803054,-3.8238278860113297,-1.0087582393307355,0.6120077419596581,0.31309059338266865,complete,1.4003359569951976,
E2,Wigan,2,5,8,4,2026-09-05 12:30:00,2026-09-26 15:00:00,2,2,4.522595092046533,2.31806604859943,3.0758712401418,2.2770009893665053,1.0,1.99,2.58,2.40371070622593,0.8418793417746465,1,0.0,4.0,0.20667707990481862,4.75,0,0,Stockport (H) · Sheffield Wed (A) · Wycombe (H) · Leicester (A),-1.3180660485994302,0.08564465762649975,-1.40371070622593,-0.7515417257401009,0.06304353784472945,0.452326699087783,in progress,1.1306487730116332,1.1385004946832527
E2,Wigan,3,9,12,4,2026-10-03 15:00:00,2026-10-20 19:45:00,0,2,5.385837130426767,0.0,0.0,5.448469056748556,0.0,0.0,0.0,0.0,0.0,0,0.0,0.0,-0.04144221581875838,14.0,0,0,Mansfield (H) · Stevenage (A) · Reading (H) · Oxford (A),,,,,,,upcoming,1.3464592826066917,1.362117264187139
E2,Wigan,4,13,16,4,2026-10-24 12:30:00,2026-11-21 12:30:00,0,2,5.406548148217261,0.0,0.0,5.453137135708841,0.0,0.0,0.0,0.0,0.0,0,0.0,0.0,-0.04400888636609195,12.75,0,0,Huddersfield (A) · Bromley (H) · Barnsley (H) · Blackpool (A),,,,,,,upcoming,1.3516370370543151,1.3632842839272103
E2,Wigan,5,17,20,4,2026-11-28 15:00:00,2026-12-19 15:00:00,0,2,5.196802214655098,0.0,0.0,5.270510711653705,0.0,0.0,0.0,0.0,0.0,0,0.0,0.0,0.012169793434761076,12.25,0,0,Plymouth (H) · Burton (A) · Luton (A) · Peterborough (H),,,,,,,upcoming,1.2992005536637745,1.3176276779134262
E2,Wigan,6,21,24,4,2026-12-26 15:00:00,2027-01-09 15:00:00,0,2,5.3852570879996,0.0,0.0,5.39936440307781,0.0,0.0,0.0,0.0,0.0,0,0.0,0.0,-0.0419019786720147,15.0,0,0,Doncaster (A) · Notts County (H) · Bradford (H) · Peterborough (A),,,,,,,upcoming,1.3463142719999,1.3498411007694524
E2,Wigan,7,25,28,4,2027-01-16 15:00:00,2027-01-30 15:00:00,0,2,5.38166115400331,0.0,0.0,5.413157604335082,0.0,0.0,0.0,0.0,0.0,0,0.0,0.0,-0.041052102769492796,12.75,0,0,Reading (A) · Oxford (H) · Huddersfield (H) · Bromley (A),,,,,,,upcoming,1.3454152885008275,1.3532894010837706
E2,Wigan,8,29,32,4,2027-02-06 15:00:00,2027-02-20 15:00:00,0,2,5.06483588061403,0.0,0.0,5.06749196141405,0.0,0.0,0.0,0.0,0.0,0,0.0,0.0,0.048701277558611304,9.5,0,0,AFC Wimbledon (H) · MK Dons (A) · Stockport (A) · Sheffield Wed (H),,,,,,,upcoming,1.2662089701535075,1.2668729903535125
E2,Wigan,9,33,36,4,2027-02-27 15:00:00,2027-03-20 15:00:00,0,2,5.498370193151452,0.0,0.0,5.607851910413533,0.0,0.0,0.0,0.0,0.0,0,0.0,0.0,-0.07217556798779963,16.0,0,0,Barnsley (A) · Cambridge (H) · Leyton Orient (A) · Blackpool (H),,,,,,,upcoming,1.374592548287863,1.4019629776033833
E2,Wigan,10,37,40,4,2027-03-26 15:00:00,2027-04-10 15:00:00,0,2,5.122225586887731,0.0,0.0,5.137851038624079,0.0,0.0,0.0,0.0,0.0,0,0.0,0.0,0.030420751924098703,11.0,0,0,Bradford (A) · Luton (H) · Notts County (A) · Doncaster (H),,,,,,,upcoming,1.2805563967219327,1.2844627596560199
E2,Wigan,11,41,44,4,2027-04-13 19:45:00,2027-04-27 19:45:00,0,2,4.927503573731404,0.0,0.0,5.063326276403464,0.0,0.0,0.0,0.0,0.0,0,0.0,0.0,0.08482255949441869,10.75,0,0,Leicester (H) · Wycombe (A) · Stevenage (H) · Mansfield (A),,,,,,,upcoming,1.231875893432851,1.265831569100866
E2,Wigan,12,45,46,2,2027-05-01 15:00:00,2027-05-08 12:30:00,0,1,2.6759108233406605,0.0,0.0,2.7310408737641727,0.0,0.0,0.0,0.0,0.0,0,0.0,0.0,-0.02755025010662525,13.5,0,0,Plymouth (A) · Burton (H),,,,,,,upcoming,1.3379554116703303,1.3655204368820864
E2,Wycombe,1,1,4,4,2026-08-15 15:00:00,2026-09-01 19:45:00,4,2,5.151276477811725,5.151276477811725,6.50530695361468,0.0,2.0,5.739999999999999,7.59,4.618431375502816,5.258617313833256,4,4.0,9.0,0.12273343524761005,6.0,0,0,Blackpool (A) · Plymouth (H) · Stockport (A) · Sheffield Wed (H),-3.1512764778117246,-0.5328451023089089,-2.6184313755028157,-1.235528053909274,-0.2697065267564863,0.21663404225820648,complete,1.2878191194529311,
E2,Wycombe,2,5,8,4,2026-09-05 15:00:00,2026-09-26 15:00:00,2,2,5.664360221279125,2.7987379355713102,3.333272822320981,2.7815088088943662,4.0,2.46,2.76,2.503510235363004,1.3348449367480704,1,6.0,5.0,-0.016582650261866776,13.0,0,0,MK Dons (H) · Leyton Orient (A) · Wigan (A) · Reading (H),1.2012620644286898,-0.29522770020830613,1.496489764636996,0.6579643023028248,-0.20875940365642984,0.5105610698346656,in progress,1.4160900553197813,1.3907544044471831
E2,Wycombe,3,9,12,4,2026-10-03 15:00:00,2026-10-20 19:45:00,0,2,5.914279751632032,0.0,0.0,5.886693000234753,0.0,0.0,0.0,0.0,0.0,0,0.0,0.0,-0.08390367507985141,16.5,0,0,Bromley (A) · Luton (H) · Notts County (H) · Cambridge (A),,,,,,,upcoming,1.478569937908008,1.4716732500586882
E2,Wycombe,4,13,16,4,2026-10-24 15:00:00,2026-11-21 15:00:00,0,2,5.879900240196665,0.0,0.0,5.81727248769156,0.0,0.0,0.0,0.0,0.0,0,0.0,0.0,-0.0743700754432539,15.0,0,0,AFC Wimbledon (A) · Burton (H) · Huddersfield (H) · Oxford (A),,,,,,,upcoming,1.4699750600491663,1.45431812192289
E2,Wycombe,5,17,20,4,2026-11-28 15:00:00,2026-12-19 15:00:00,0,2,5.705324285248508,0.0,0.0,5.65200284170115,0.0,0.0,0.0,0.0,0.0,0,0.0,0.0,-0.027421722769081027,13.0,0,0,Bradford (H) · Barnsley (A) · Mansfield (A) · Doncaster (H),,,,,,,upcoming,1.426331071312127,1.4130007104252875
E2,Wycombe,6,21,24,4,2026-12-26 15:00:00,2027-01-09 15:00:00,0,2,5.4100274276132305,0.0,0.0,5.367895052996966,0.0,0.0,0.0,0.0,0.0,0,0.0,0.0,0.052991426492142925,13.0,0,0,Peterborough (A) · Stevenage (H) · Leicester (H) · Doncaster (A),,,,,,,upcoming,1.3525068569033076,1.3419737632492414
E2,Wycombe,7,25,28,4,2027-01-16 15:00:00,2027-01-30 15:00:00,0,2,6.23352720520143,0.0,0.0,6.2027585825805005,0.0,0.0,0.0,0.0,0.0,0,0.0,0.0,-0.1697559355684095,21.0,0,0,Notts County (A) · Cambridge (H) · AFC Wimbledon (H) · Burton (A),,,,,,,upcoming,1.5583818013003574,1.5506896456451251
E2,Wycombe,8,29,32,4,2027-02-06 15:00:00,2027-02-20 15:00:00,0,2,5.301834964918649,0.0,0.0,5.210075502519506,0.0,0.0,0.0,0.0,0.0,0,0.0,0.0,0.08505410931024057,8.75,0,0,Stockport (H) · Sheffield Wed (A) · MK Dons (A) · Leyton Orient (H),,,,,,,upcoming,1.3254587412296623,1.3025188756298764
E2,Wycombe,9,33,36,4,2027-02-27 15:00:00,2027-03-20 15:00:00,0,2,5.343393468858948,0.0,0.0,5.2787610690462206,0.0,0.0,0.0,0.0,0.0,0,0.0,0.0,0.07276527726695327,7.5,0,0,Huddersfield (A) · Blackpool (H) · Plymouth (A) · Oxford (H),,,,,,,upcoming,1.335848367214737,1.3196902672615551
E2,Wycombe,10,37,40,4,2027-03-26 15:00:00,2027-04-10 15:00:00,0,2,5.448696701855092,0.0,0.0,5.450789853364764,0.0,0.0,0.0,0.0,0.0,0,0.0,0.0,0.05008749931765707,13.25,0,0,Leicester (A) · Peterborough (H) · Stevenage (A) · Mansfield (H),,,,,,,upcoming,1.362174175463773,1.362697463341191
E2,Wycombe,11,41,44,4,2027-04-13 20:00:00,2027-04-27 19:45:00,0,2,5.760924371441435,0.0,0.0,5.679528716728273,0.0,0.0,0.0,0.0,0.0,0,0.0,0.0,-0.040186416546146395,13.25,0,0,Reading (A) · Wigan (H) · Luton (A) · Bromley (H),,,,,,,upcoming,1.4402310928603588,1.4198821791820682
E2,Wycombe,12,45,46,2,2027-05-01 15:00:00,2027-05-08 12:30:00,0,1,2.78420959728595,0.0,0.0,2.748753098880062,0.0,0.0,0.0,0.0,0.0,0,0.0,0.0,0.010992839577043449,10.5,0,0,Bradford (A) · Barnsley (H),,,,,,,upcoming,1.392104798642975,1.374376549440031
E3,Accrington,1,1,4,4,2026-08-15 15:00:00,2026-09-01 19:45:00,4,2,4.648259110086661,4.648259110086661,6.230742615369307,0.0,2.0,6.87,7.92,5.022640667335446,4.462041018813104,4,6.0,9.0,0.016138362791095272,11.25,0,0,Colchester (H) · Exeter (A) · Walsall (A) · Grimsby (H),-2.648259110086661,0.3743815572487845,-3.0226406673354456,-1.0609393784197882,0.19362833701115426,0.28871745196227305,complete,1.1620647775216653,
E3,Accrington,2,5,8,4,2026-09-05 15:00:00,2026-09-26 15:00:00,2,2,4.949582930695206,2.356254262886188,3.037518525178165,2.6419758245562828,3.0,2.5,2.87,2.4246085106414497,2.3872299048958334,2,4.0,4.0,-0.060891835033677254,14.5,0,0,Crawley (H) · Barnet (A) · Newport (H) · Swindon (A),0.6437457371138122,0.06835424775526189,0.5753914893585503,0.3693642838850531,0.05063262171551776,0.7118562160189048,in progress,1.2373957326738014,1.3209879122781414
E3,Accrington,3,9,12,4,2026-10-03 15:00:00,2026-10-20 19:45:00,0,2,4.730696306284553,0.0,0.0,4.7122033184776075,0.0,0.0,0.0,0.0,0.0,0,0.0,0.0,-0.0023156029744642766,12.25,0,0,Cheltenham (H) · Oldham (A) · Gillingham (H) · York (A),,,,,,,upcoming,1.1826740765711383,1.1780508296194019
E3,Accrington,4,13,16,4,2026-10-24 15:00:00,2026-11-21 15:00:00,0,2,4.370602238428209,0.0,0.0,4.4658262426723585,0.0,0.0,0.0,0.0,0.0,0,0.0,0.0,0.09688450916636093,9.0,0,0,Rochdale (A) · Northampton (H) · Port Vale (A) · Salford (H),,,,,,,upcoming,1.0926505596070522,1.1164565606680896
E3,Accrington,5,17,20,4,2026-11-28 15:00:00,2026-12-19 15:00:00,0,2,4.552472704498852,0.0,0.0,4.521520778927926,0.0,0.0,0.0,0.0,0.0,0,0.0,0.0,0.04620636413205348,10.25,0,0,Fleetwood (A) · Crewe (H) · Bristol Rovers (A) · Chesterfield (H),,,,,,,upcoming,1.138118176124713,1.1303801947319816
E3,Accrington,6,21,24,4,2026-12-26 15:00:00,2027-01-09 12:30:00,0,2,4.77218445396692,0.0,0.0,4.730063194473238,0.0,0.0,0.0,0.0,0.0,0,0.0,0.0,-0.015889280922356648,13.5,0,0,Tranmere (A) · Rotherham (H) · Shrewsbury (H) · Chesterfield (A),,,,,,,upcoming,1.19304611349173,1.1825157986183095
E3,Accrington,7,25,28,4,2027-01-16 15:00:00,2027-01-30 15:00:00,0,2,4.656546886744048,0.0,0.0,4.6970570062970936,0.0,0.0,0.0,0.0,0.0,0,0.0,0.0,0.014949736202632725,12.25,0,0,Gillingham (A) · York (H) · Rochdale (H) · Northampton (A),,,,,,,upcoming,1.164136721686012,1.1742642515742734
E3,Accrington,8,29,32,4,2027-02-06 15:00:00,2027-02-20 15:00:00,0,2,4.565640780179591,0.0,0.0,4.549763709342892,0.0,0.0,0.0,0.0,0.0,0,0.0,0.0,0.04084756066501137,9.75,0,0,Walsall (H) · Grimsby (A) · Crawley (A) · Barnet (H),,,,,,,upcoming,1.1414101950448978,1.137440927335723
E3,Accrington,9,33,36,4,2027-02-27 15:00:00,2027-03-20 15:00:00,0,2,4.420084093607248,0.0,0.0,4.441910058084514,0.0,0.0,0.0,0.0,0.0,0,0.0,0.0,0.08900299115508607,9.0,0,0,Port Vale (H) · Colchester (A) · Exeter (H) · Salford (A),,,,,,,upcoming,1.105021023401812,1.1104775145211285
E3,Accrington,10,37,40,4,2027-03-26 15:00:00,2027-04-10 15:00:00,0,2,4.7093835829325545,0.0,0.0,4.6643863110507064,0.0,0.0,0.0,0.0,0.0,0,0.0,0.0,7.114481129549821e-05,12.5,0,0,Shrewsbury (A) · Tranmere (H) · Rotherham (A) · Bristol Rovers (H),,,,,,,upcoming,1.1773458957331386,1.1660965777626766
E3,Accrington,11,41,44,4,2027-04-13 19:45:00,2027-04-27 19:45:00,0,2,5.04000629088338,0.0,0.0,5.101682953399432,0.0,0.0,0.0,0.0,0.0,0,0.0,0.0,-0.0949848540734155,16.0,0,0,Oldham (H) · Newport (A) · Swindon (H) · Cheltenham (A),,,,,,,upcoming,1.260001572720845,1.275420738349858
E3,Accrington,12,45,46,2,2027-05-01 15:00:00,2027-05-08 15:00:00,0,1,2.4630458485278366,0.0,0.0,2.483915715495632,0.0,0.0,0.0,0.0,0.0,0,0.0,0.0,-0.05956317528390155,16.5,0,0,Fleetwood (H) · Crewe (A),,,,,,,upcoming,1.2315229242639183,1.241957857747816
E3,Barnet,1,1,4,4,2026-08-15 15:00:00,2026-09-01 19:45:00,4,2,6.064858546736595,6.064858546736595,6.612953679490866,0.0,8.0,5.6899999999999995,4.97,5.8149364352223305,6.792941899548929,4,9.0,5.0,-0.021343909536228327,15.0,0,0,Salford (H) · Shrewsbury (A) · Cheltenham (H) · Exeter (A),1.9351414532634053,-0.24992211151426424,2.1850635647776695,0.7525146788053756,-0.12546752060992392,0.4517416058205994,complete,1.5162146366841487,
E3,Barnet,2,5,8,4,2026-09-05 15:00:00,2026-09-26 12:30:00,2,2,6.28751849051897,3.0682811453001726,3.215800899796978,3.2603862106207453,4.0,3.95,2.58,3.702406548364076,3.1602195695334947,2,5.0,4.0,-0.0812872315097582,17.0,0,0,Chesterfield (A) · Accrington (H) · Fleetwood (H) · Crawley (A),0.9317188546998274,0.6341254030639032,0.2975934516359242,0.5195655029616608,0.4565148927749048,0.6033664472277007,in progress,1.5718796226297425,1.6301931053103726
E3,Barnet,3,9,12,4,2026-10-03 15:00:00,2026-10-20 19:45:00,0,2,5.808690207997538,0.0,0.0,5.837517875366153,0.0,0.0,0.0,0.0,0.0,0,0.0,0.0,0.04968760728484822,9.5,0,0,York (H) · Bristol Rovers (A) · Tranmere (A) · Swindon (H),,,,,,,upcoming,1.4521725519993844,1.4593794688415382
E3,Barnet,4,13,16,4,2026-10-24 15:00:00,2026-11-21 15:00:00,0,2,5.806551301772965,0.0,0.0,5.810656180301364,0.0,0.0,0.0,0.0,0.0,0,0.0,0.0,0.049369190143514,9.75,0,0,Oldham (H) · Crewe (A) · Walsall (A) · Port Vale (H),,,,,,,upcoming,1.4516378254432412,1.452664045075341
E3,Barnet,5,17,20,4,2026-11-28 15:00:00,2026-12-19 15:00:00,0,2,5.879837589768319,0.0,0.0,5.926157157865726,0.0,0.0,0.0,0.0,0.0,0,0.0,0.0,0.030005936417998723,10.75,0,0,Rochdale (A) · Rotherham (H) · Northampton (H) · Grimsby (A),,,,,,,upcoming,1.4699593974420797,1.4815392894664314
E3,Barnet,6,21,24,4,2026-12-26 15:00:00,2027-01-09 12:30:00,0,2,6.109156337865118,0.0,0.0,6.144890972734962,0.0,0.0,0.0,0.0,0.0,0,0.0,0.0,-0.032624331864514404,13.25,0,0,Colchester (H) · Gillingham (A) · Newport (A) · Grimsby (H),,,,,,,upcoming,1.5272890844662794,1.5362227431837405
E3,Barnet,7,25,28,4,2027-01-16 15:00:00,2027-01-30 15:00:00,0,2,6.018679431379651,0.0,0.0,6.1143079852421325,0.0,0.0,0.0,0.0,0.0,0,0.0,0.0,-0.007993071548164426,13.0,0,0,Tranmere (H) · Swindon (A) · Oldham (A) · Crewe (H),,,,,,,upcoming,1.5046698578449127,1.5285769963105331
E3,Barnet,8,29,32,4,2027-02-06 15:00:00,2027-02-20 15:00:00,0,2,6.319737471704757,0.0,0.0,6.3170434078078666,0.0,0.0,0.0,0.0,0.0,0,0.0,0.0,-0.08998325488972385,17.0,0,0,Cheltenham (A) · Exeter (H) · Chesterfield (H) · Accrington (A),,,,,,,upcoming,1.5799343679261892,1.5792608519519666
E3,Barnet,9,33,36,4,2027-02-27 15:00:00,2027-03-20 15:00:00,0,2,5.683411371204614,0.0,0.0,5.6965499055489355,0.0,0.0,0.0,0.0,0.0,0,0.0,0.0,0.08579961908924061,9.25,0,0,Walsall (H) · Salford (A) · Shrewsbury (H) · Port Vale (A),,,,,,,upcoming,1.4208528428011535,1.4241374763872339
E3,Barnet,10,37,40,4,2027-03-26 15:00:00,2027-04-10 15:00:00,0,2,6.225514630084421,0.0,0.0,6.280297979995645,0.0,0.0,0.0,0.0,0.0,0,0.0,0.0,-0.06542046658664483,15.75,0,0,Newport (H) · Colchester (A) · Gillingham (H) · Northampton (A),,,,,,,upcoming,1.5563786575211052,1.5700744949989112
E3,Barnet,11,41,44,4,2027-04-13 19:45:00,2027-04-27 19:45:00,0,2,5.956675200949718,0.0,0.0,5.944829962413242,0.0,0.0,0.0,0.0,0.0,0,0.0,0.0,0.008602363731023376,12.0,0,0,Bristol Rovers (H) · Fleetwood (A) · Crawley (H) · York (A),,,,,,,upcoming,1.4891688002374295,1.4862074906033105
E3,Barnet,12,45,46,2,2027-05-01 15:00:00,2027-05-08 15:00:00,0,1,2.9998455471302656,0.0,0.0,3.0212041616644765,0.0,0.0,0.0,0.0,0.0,0,0.0,0.0,-0.0027690721285654994,12.5,0,0,Rochdale (H) · Rotherham (A),,,,,,,upcoming,1.4999227735651328,1.5106020808322382
E3,Bristol Rovers,1,1,4,4,2026-08-15 15:00:00,2026-09-01 19:45:00,4,2,6.394220775041452,6.394220775041452,6.524361676853072,0.0,9.0,10.96,4.6,8.867038864808013,6.720640758495201,4,11.0,6.0,-0.08064151200282385,16.25,0,0,York (A) · Newport (H) · Crawley (A) · Colchester (H),2.605779224958548,2.4728180897665606,0.13296113519198727,1.0201607333313067,1.2498201720820745,0.3076522369771211,complete,1.598555193760363,
E3,Bristol Rovers,2,5,8,4,2026-09-05 15:00:00,2026-09-26 15:00:00,2,2,6.0106446368268065,2.891719587406202,3.2864547142907816,3.1803222601470944,3.0,1.2000000000000002,1.9899999999999998,1.8658467714042168,3.2386470150619964,2,1.0,2.0,0.02496718453474425,10.5,0,0,Rotherham (H) · Grimsby (A) · Gillingham (A) · Exeter (H),0.10828041259379795,-1.0258728160019852,1.1341532285957832,0.059729114435932804,-0.7305569396317885,0.9523713831579435,in progress,1.5026611592067016,1.5901611300735472
E3,Bristol Rovers,3,9,12,4,2026-10-03 15:00:00,2026-10-20 19:45:00,0,2,5.794275283276153,0.0,0.0,5.937833044759713,0.0,0.0,0.0,0.0,0.0,0,0.0,0.0,0.0831943827134483,9.75,0,0,Crewe (A) · Barnet (H) · Shrewsbury (A) · Salford (H),,,,,,,upcoming,1.4485688208190381,1.4844582611899282
E3,Bristol Rovers,4,13,16,4,2026-10-24 12:30:00,2026-11-21 15:00:00,0,2,6.232889138311622,0.0,0.0,6.427996216988621,0.0,0.0,0.0,0.0,0.0,0,0.0,0.0,-0.03556648471056813,14.0,0,0,Swindon (H) · Fleetwood (A) · Chesterfield (H) · Cheltenham (A),,,,,,,upcoming,1.5582222845779055,1.6069990542471553
E3,Bristol Rovers,5,17,20,4,2026-11-28 12:30:00,2026-12-19 15:00:00,0,2,6.373147169956972,0.0,0.0,6.586317390685432,0.0,0.0,0.0,0.0,0.0,0,0.0,0.0,-0.07449019302310887,16.5,0,0,Tranmere (H) · Oldham (A) · Accrington (H) · Rochdale (A),,,,,,,upcoming,1.593286792489243,1.646579347671358
E3,Bristol Rovers,6,21,24,4,2026-12-26 15:00:00,2027-01-09 15:00:00,0,2,6.015579971197555,0.0,0.0,6.197658800725158,0.0,0.0,0.0,0.0,0.0,0,0.0,0.0,0.023696960721227525,11.5,0,0,Walsall (H) · Port Vale (A) · Northampton (A) · Rochdale (H),,,,,,,upcoming,1.5038949927993888,1.5494147001812895
E3,Bristol Rovers,7,25,28,4,2027-01-16 15:00:00,2027-01-30 15:00:00,0,2,5.9993483086101715,0.0,0.0,6.20605233183663,0.0,0.0,0.0,0.0,0.0,0,0.0,0.0,0.02951768929120903,12.25,0,0,Shrewsbury (H) · Salford (A) · Swindon (A) · Fleetwood (H),,,,,,,upcoming,1.4998370771525429,1.5515130829591575
E3,Bristol Rovers,8,29,32,4,2027-02-06 15:00:00,2027-02-20 15:00:00,0,2,6.06222147067966,0.0,0.0,6.1922933191718155,0.0,0.0,0.0,0.0,0.0,0,0.0,0.0,0.010412432453789523,11.75,0,0,Crawley (H) · Colchester (A) · Rotherham (A) · Grimsby (H),,,,,,,upcoming,1.515555367669915,1.5480733297929539
E3,Bristol Rovers,9,33,36,4,2027-02-27 15:00:00,2027-03-20 15:00:00,0,2,6.337126190551901,0.0,0.0,6.432459872997053,0.0,0.0,0.0,0.0,0.0,0,0.0,0.0,-0.06402952367237873,14.75,0,0,Chesterfield (A) · York (H) · Newport (A) · Cheltenham (H),,,,,,,upcoming,1.5842815476379752,1.6081149682492633
E3,Bristol Rovers,10,37,40,4,2027-03-26 15:00:00,2027-04-10 15:00:00,0,2,6.151917467641479,0.0,0.0,6.28961194538943,0.0,0.0,0.0,0.0,0.0,0,0.0,0.0,-0.013556320404355449,13.25,0,0,Northampton (H) · Walsall (A) · Port Vale (H) · Accrington (A),,,,,,,upcoming,1.5379793669103698,1.5724029863473574
E3,Bristol Rovers,11,41,44,4,2027-04-13 19:45:00,2027-04-27 19:45:00,0,2,6.044420676919345,0.0,0.0,6.171234077652532,0.0,0.0,0.0,0.0,0.0,0,0.0,0.0,0.01605297246218075,11.75,0,0,Barnet (A) · Gillingham (H) · Exeter (A) · Crewe (H),,,,,,,upcoming,1.5111051692298363,1.542808519413133
E3,Bristol Rovers,12,45,46,2,2027-05-01 15:00:00,2027-05-08 15:00:00,0,1,3.0932486838852666,0.0,0.0,3.191532900387069,0.0,0.0,0.0,0.0,0.0,0,0.0,0.0,-0.0230119317420417,13.5,0,0,Tranmere (A) · Oldham (H),,,,,,,upcoming,1.5466243419426333,1.5957664501935345
E3,Cheltenham,1,1,4,4,2026-08-15 15:00:00,2026-09-01 19:45:00,4,2,4.479177470569533,4.479177470569532,6.089182276814932,0.0,7.0,4.529999999999999,6.98,4.047989536666213,4.151255770539604,4,8.0,7.0,0.08071630349419964,7.25,0,0,Rotherham (H) · Swindon (A) · Barnet (A) · York (H),2.5208225294304683,-0.43118793390331867,2.952010463333787,1.021557423965417,-0.2255856588519369,0.3069904174467004,complete,1.1197943676423832,
E3,Cheltenham,2,5,8,4,2026-09-05 15:00:00,2026-09-26 15:00:00,2,2,4.650013673975021,2.385438255825977,3.168639989518247,2.2390265318331926,4.0,3.3899999999999997,3.19,2.847028893173438,2.4631355682190623,2,5.0,3.0,0.0289452585249958,11.0,0,0,Grimsby (H) · Crawley (A) · Colchester (A) · Chesterfield (H),1.614561744174023,0.4615906373474612,1.1529711068265618,0.9070228092119514,0.3347687545712949,0.36439473549190815,in progress,1.1625034184937553,1.1195132659165963
E3,Cheltenham,3,9,12,4,2026-10-03 15:00:00,2026-10-20 19:45:00,0,2,4.697919177523174,0.0,0.0,4.7272382183945485,0.0,0.0,0.0,0.0,0.0,0,0.0,0.0,0.018138041662265077,12.5,0,0,Accrington (A) · Salford (H) · Oldham (A) · Fleetwood (H),,,,,,,upcoming,1.1744797943807934,1.1818095545986371
E3,Cheltenham,4,13,16,4,2026-10-24 12:30:00,2026-11-21 15:00:00,0,2,5.031899160166412,0.0,0.0,4.998058320009114,0.0,0.0,0.0,0.0,0.0,0,0.0,0.0,-0.07586651685171462,15.5,0,0,Newport (H) · Tranmere (A) · Exeter (A) · Bristol Rovers (H),,,,,,,upcoming,1.257974790041603,1.2495145800022784
E3,Cheltenham,5,17,20,4,2026-11-28 15:00:00,2026-12-19 15:00:00,0,2,4.908732117235274,0.0,0.0,4.925422549805257,0.0,0.0,0.0,0.0,0.0,0,0.0,0.0,-0.04193193777710887,15.75,0,0,Shrewsbury (A) · Rochdale (H) · Crewe (H) · Gillingham (A),,,,,,,upcoming,1.2271830293088184,1.2313556374513142
E3,Cheltenham,6,21,24,4,2026-12-26 15:00:00,2027-01-09 15:00:00,0,2,4.6109313554096385,0.0,0.0,4.606905770778382,0.0,0.0,0.0,0.0,0.0,0,0.0,0.0,0.04127005870199585,10.5,0,0,Port Vale (H) · Northampton (A) · Walsall (A) · Gillingham (H),,,,,,,upcoming,1.1527328388524096,1.1517264426945955
E3,Cheltenham,7,25,28,4,2027-01-16 15:00:00,2027-01-30 15:00:00,0,2,5.145235147259135,0.0,0.0,5.176624803483281,0.0,0.0,0.0,0.0,0.0,0,0.0,0.0,-0.10895165859896956,17.25,0,0,Oldham (H) · Fleetwood (A) · Newport (A) · Tranmere (H),,,,,,,upcoming,1.2863087868147838,1.2941562008708203
E3,Cheltenham,8,29,32,4,2027-02-06 15:00:00,2027-02-20 15:00:00,0,2,4.562217095718246,0.0,0.0,4.513702403690123,0.0,0.0,0.0,0.0,0.0,0,0.0,0.0,0.05916309469996412,8.75,0,0,Barnet (H) · York (A) · Grimsby (A) · Crawley (H),,,,,,,upcoming,1.1405542739295615,1.1284256009225309
E3,Cheltenham,9,33,36,4,2027-02-27 15:00:00,2027-03-20 15:00:00,0,2,4.627612986868596,0.0,0.0,4.58741576626471,0.0,0.0,0.0,0.0,0.0,0,0.0,0.0,0.04127935322944078,9.5,0,0,Exeter (H) · Rotherham (A) · Swindon (H) · Bristol Rovers (A),,,,,,,upcoming,1.156903246717149,1.1468539415661776
E3,Cheltenham,10,37,40,4,2027-03-26 15:00:00,2027-04-10 15:00:00,0,2,4.648066976732489,0.0,0.0,4.636633687342729,0.0,0.0,0.0,0.0,0.0,0,0.0,0.0,0.0329364195467464,11.25,0,0,Walsall (H) · Port Vale (A) · Northampton (H) · Crewe (A),,,,,,,upcoming,1.1620167441831222,1.1591584218356823
E3,Cheltenham,11,41,44,4,2027-04-13 19:45:00,2027-04-27 19:45:00,0,2,4.581865119525687,0.0,0.0,4.578167307784301,0.0,0.0,0.0,0.0,0.0,0,0.0,0.0,0.06044229749931055,10.75,0,0,Salford (A) · Colchester (H) · Chesterfield (A) · Accrington (H),,,,,,,upcoming,1.1454662798814217,1.1445418269460752
E3,Cheltenham,12,45,46,2,2027-05-01 15:00:00,2027-05-08 15:00:00,0,1,2.5349394767058397,0.0,0.0,2.5486323278065557,0.0,0.0,0.0,0.0,0.0,0,0.0,0.0,-0.08602709711378205,18.0,0,0,Shrewsbury (H) · Rochdale (A),,,,,,,upcoming,1.2674697383529199,1.2743161639032778
E3,Chesterfield,1,1,4,4,2026-08-15 15:00:00,2026-09-01 19:45:00,4,2,5.6259729235108855,5.6259729235108855,6.4320660461288455,0.0,4.0,7.33,5.32,6.940339459018945,6.502708457016963,4,3.0,4.0,0.06871541824074302,10.0,0,0,Fleetwood (H) · Salford (A) · Rotherham (A) · Gillingham (H),-1.6259729235108855,1.3143665355080598,-2.9403394590189453,-0.6411181348429904,0.6690608537761126,0.5214459326845835,complete,1.4064932308777214,
E3,Chesterfield,2,5,8,4,2026-09-05 15:00:00,2026-09-26 15:00:00,2,2,5.751855934872114,2.7350540614981913,3.2919069546270805,3.0394581544211308,4.0,4.08,3.0700000000000003,3.451453991340935,2.7411721770263497,2,5.0,4.0,0.031262814724365796,10.0,0,0,Barnet (H) · Oldham (A) · York (H) · Cheltenham (A),1.2649459385018087,0.7163999298427437,0.548546008659065,0.6971852481541881,0.5097487080505994,0.4856868696840262,in progress,1.4379639837180285,1.5197290772105654
E3,Chesterfield,3,9,12,4,2026-10-03 12:30:00,2026-10-20 19:45:00,0,2,5.974575415523285,0.0,0.0,6.122778327227945,0.0,0.0,0.0,0.0,0.0,0,0.0,0.0,-0.028627329924186828,14.5,0,0,Tranmere (H) · Crawley (A) · Port Vale (A) · Colchester (H),,,,,,,upcoming,1.4936438538808212,1.5306945818069861
E3,Chesterfield,4,13,16,4,2026-10-24 15:00:00,2026-11-21 15:00:00,0,2,6.089186230044268,0.0,0.0,6.1359160433573825,0.0,0.0,0.0,0.0,0.0,0,0.0,0.0,-0.05909002025127552,15.25,0,0,Crewe (H) · Newport (A) · Bristol Rovers (A) · Shrewsbury (H),,,,,,,upcoming,1.522296557511067,1.5339790108393456
E3,Chesterfield,5,17,20,4,2026-11-28 15:00:00,2026-12-19 15:00:00,0,2,5.992854533775347,0.0,0.0,6.122491910520225,0.0,0.0,0.0,0.0,0.0,0,0.0,0.0,-0.03420122300998675,13.5,0,0,Swindon (A) · Exeter (H) · Grimsby (H) · Accrington (A),,,,,,,upcoming,1.4982136334438367,1.5306229776300562
E3,Chesterfield,6,21,24,4,2026-12-26 15:00:00,2027-01-09 12:30:00,0,2,6.080476902717017,0.0,0.0,6.221574267104306,0.0,0.0,0.0,0.0,0.0,0,0.0,0.0,-0.058192176938671326,16.0,0,0,Northampton (H) · Walsall (A) · Rochdale (A) · Accrington (H),,,,,,,upcoming,1.5201192256792542,1.5553935667760765
E3,Chesterfield,7,25,28,4,2027-01-16 15:00:00,2027-01-30 15:00:00,0,2,6.015794920130794,0.0,0.0,6.120787751163512,0.0,0.0,0.0,0.0,0.0,0,0.0,0.0,-0.04128089110090645,14.25,0,0,Port Vale (H) · Colchester (A) · Crewe (A) · Newport (H),,,,,,,upcoming,1.5039487300326986,1.530196937790878
E3,Chesterfield,8,29,32,4,2027-02-06 15:00:00,2027-02-20 15:00:00,0,2,5.611859190746932,0.0,0.0,5.684182847466605,0.0,0.0,0.0,0.0,0.0,0,0.0,0.0,0.07020454405967458,8.0,0,0,Rotherham (H) · Gillingham (A) · Barnet (A) · Oldham (H),,,,,,,upcoming,1.402964797686733,1.4210457118666513
E3,Chesterfield,9,33,36,4,2027-02-27 15:00:00,2027-03-20 15:00:00,0,2,5.613567391122896,0.0,0.0,5.706336604574444,0.0,0.0,0.0,0.0,0.0,0,0.0,0.0,0.06835296953444714,10.25,0,0,Bristol Rovers (H) · Fleetwood (A) · Salford (H) · Shrewsbury (A),,,,,,,upcoming,1.403391847780724,1.426584151143611
E3,Chesterfield,10,37,40,4,2027-03-26 15:00:00,2027-04-10 15:00:00,0,2,5.781292094333045,0.0,0.0,5.916890555967701,0.0,0.0,0.0,0.0,0.0,0,0.0,0.0,0.024019880802370122,11.25,0,0,Rochdale (H) · Northampton (A) · Walsall (H) · Grimsby (A),,,,,,,upcoming,1.4453230235832613,1.4792226389919252
E3,Chesterfield,11,41,44,4,2027-04-13 19:45:00,2027-04-27 19:45:00,0,2,6.180297432820215,0.0,0.0,6.290906240714644,0.0,0.0,0.0,0.0,0.0,0,0.0,0.0,-0.08501573970356881,17.25,0,0,Crawley (H) · York (A) · Cheltenham (H) · Tranmere (A),,,,,,,upcoming,1.5450743582050537,1.572726560178661
E3,Chesterfield,12,45,46,2,2027-05-01 15:00:00,2027-05-08 15:00:00,0,1,2.992703165729739,0.0,0.0,3.0774786782525085,0.0,0.0,0.0,0.0,0.0,0,0.0,0.0,-0.0323515449467144,13.5,0,0,Swindon (H) · Exeter (A),,,,,,,upcoming,1.4963515828648695,1.5387393391262543
E3,Colchester,1,1,4,4,2026-08-15 15:00:00,2026-09-01 19:45:00,4,2,5.46610430067455,5.46610430067455,6.5066108650852,0.0,7.0,5.8100000000000005,5.99,5.434064192685932,5.482688628541131,4,5.0,5.0,-0.0012800989214167002,12.25,0,0,Accrington (A) · Oldham (H) · Rochdale (H) · Bristol Rovers (A),1.5338956993254502,-0.03204010798861745,1.5659358073140677,0.6013376731328285,-0.01621589520039053,0.5476151022303368,complete,1.3665260751686374,
E3,Colchester,2,5,8,4,2026-09-05 15:00:00,2026-09-26 15:00:00,2,2,5.724654124687284,2.715840163761143,3.259733632994261,2.9911085298644933,1.0,3.4800000000000004,3.6900000000000004,2.7201692868115273,3.0113772494826527,2,2.0,4.0,-0.07319876400789921,16.75,0,0,Swindon (A) · Crewe (H) · Cheltenham (H) · Shrewsbury (A),-1.715840163761143,0.004329123050384354,-1.7201692868115273,-0.9503548002932131,0.003095517391942201,0.34193200254456446,in progress,1.431163531171821,1.4955542649322466
E3,Colchester,3,9,12,4,2026-10-03 15:00:00,2026-10-20 19:45:00,0,2,5.5788446997560674,0.0,0.0,5.5297490093071895,0.0,0.0,0.0,0.0,0.0,0,0.0,0.0,-0.032820653716439455,13.0,0,0,Port Vale (H) · Newport (A) · Exeter (H) · Chesterfield (A),,,,,,,upcoming,1.3947111749390169,1.3824372523267974
E3,Colchester,4,13,16,4,2026-10-24 12:30:00,2026-11-21 15:00:00,0,2,5.518952532911838,0.0,0.0,5.53619264724094,0.0,0.0,0.0,0.0,0.0,0,0.0,0.0,-0.017736230166931474,14.0,0,0,Northampton (A) · Walsall (H) · Gillingham (H) · Tranmere (A),,,,,,,upcoming,1.3797381332279595,1.384048161810235
E3,Colchester,5,17,20,4,2026-11-28 15:00:00,2026-12-19 12:30:00,0,2,5.080049481753248,0.0,0.0,5.068378571549145,0.0,0.0,0.0,0.0,0.0,0,0.0,0.0,0.10843057529475732,7.5,0,0,York (H) · Grimsby (A) · Salford (A) · Fleetwood (H),,,,,,,upcoming,1.270012370438312,1.2670946428872862
E3,Colchester,6,21,24,4,2026-12-26 15:00:00,2027-01-09 15:00:00,0,2,5.502444210545855,0.0,0.0,5.4856892068539,0.0,0.0,0.0,0.0,0.0,0,0.0,0.0,-0.011415260775783101,12.75,0,0,Barnet (A) · Crawley (H) · Rotherham (H) · Fleetwood (A),,,,,,,upcoming,1.3756110526364638,1.371422301713475
E3,Colchester,7,25,28,4,2027-01-16 15:00:00,2027-01-30 15:00:00,0,2,5.412051592603457,0.0,0.0,5.360463385299137,0.0,0.0,0.0,0.0,0.0,0,0.0,0.0,0.011491132249645476,12.0,0,0,Exeter (A) · Chesterfield (H) · Northampton (H) · Walsall (A),,,,,,,upcoming,1.3530128981508642,1.3401158463247842
E3,Colchester,8,29,32,4,2027-02-06 15:00:00,2027-02-20 15:00:00,0,2,5.319212217817828,0.0,0.0,5.356512128182391,0.0,0.0,0.0,0.0,0.0,0,0.0,0.0,0.0366216100634321,10.75,0,0,Rochdale (A) · Bristol Rovers (H) · Swindon (H) · Crewe (A),,,,,,,upcoming,1.329803054454457,1.3391280320455978
E3,Colchester,9,33,36,4,2027-02-27 15:00:00,2027-03-20 15:00:00,0,2,5.668740223841024,0.0,0.0,5.690247576668455,0.0,0.0,0.0,0.0,0.0,0,0.0,0.0,-0.05691709504234055,15.5,0,0,Gillingham (A) · Accrington (H) · Oldham (A) · Tranmere (H),,,,,,,upcoming,1.417185055960256,1.4225618941671136
E3,Colchester,10,37,40,4,2027-03-26 15:00:00,2027-04-10 15:00:00,0,2,5.1122956123205325,0.0,0.0,5.100016378277415,0.0,0.0,0.0,0.0,0.0,0,0.0,0.0,0.0934227424569086,8.5,0,0,Rotherham (A) · Barnet (H) · Crawley (A) · Salford (H),,,,,,,upcoming,1.2780739030801331,1.2750040945693537
E3,Colchester,11,41,44,4,2027-04-13 19:45:00,2027-04-27 19:45:00,0,2,5.886412315861287,0.0,0.0,5.861253201862734,0.0,0.0,0.0,0.0,0.0,0,0.0,0.0,-0.11623139408342385,17.75,0,0,Newport (H) · Cheltenham (A) · Shrewsbury (H) · Port Vale (A),,,,,,,upcoming,1.4716030789653218,1.4653133004656835
E3,Colchester,12,45,46,2,2027-05-01 15:00:00,2027-05-08 15:00:00,0,1,2.5250119014989645,0.0,0.0,2.47563243384079,0.0,0.0,0.0,0.0,0.0,0,0.0,0.0,0.11180743794099975,5.5,0,0,York (A) · Grimsby (H),,,,,,,upcoming,1.2625059507494822,1.237816216920395
E3,Crawley,1,1,4,4,2026-08-15 15:00:00,2026-09-01 19:45:00,4,2,4.817138550461397,4.817138550461397,6.320544521061065,0.0,4.0,6.37,6.76,5.560324035741667,3.8936751438072146,4,3.0,5.0,0.02877987043291755,11.75,0,0,Crewe (H) · Rochdale (A) · Bristol Rovers (H) · Northampton (A),-0.8171385504613973,0.7431854852802697,-1.560324035741667,-0.32502626143113383,0.3816316161691526,0.7451611960855411,complete,1.2042846376153493,
E3,Crawley,2,5,8,4,2026-09-05 15:00:00,2026-09-26 12:30:00,2,2,5.024548613803743,2.811255762551263,3.295871907409361,2.1866122100192653,0.0,2.8899999999999997,4.06,2.0479784749063823,2.573633900491499,2,3.0,6.0,-0.026302990657400806,13.0,0,0,Accrington (A) · Cheltenham (H) · Grimsby (A) · Barnet (H),-2.811255762551263,-0.7632772876448808,-2.0479784749063823,-1.5485142146014093,-0.5427771446296576,0.12149854206659483,in progress,1.2561371534509358,1.0933061050096327
E3,Crawley,3,9,12,4,2026-10-03 15:00:00,2026-10-20 19:45:00,0,2,4.647101947175095,0.0,0.0,4.577854875361314,0.0,0.0,0.0,0.0,0.0,0,0.0,0.0,0.08404299858835329,9.5,0,0,Walsall (A) · Chesterfield (H) · Salford (A) · Shrewsbury (H),,,,,,,upcoming,1.1617754867937737,1.1444637188403286
E3,Crawley,4,13,16,4,2026-10-24 15:00:00,2026-11-21 15:00:00,0,2,5.026925184334281,0.0,0.0,5.011696696215941,0.0,0.0,0.0,0.0,0.0,0,0.0,0.0,-0.026180602376268198,13.5,0,0,Tranmere (H) · Oldham (A) · Rotherham (A) · Fleetwood (H),,,,,,,upcoming,1.2567312960835701,1.2529241740539852
E3,Crawley,5,17,20,4,2026-11-28 12:30:00,2026-12-19 15:00:00,0,2,5.071283533674162,0.0,0.0,4.99714958233765,0.0,0.0,0.0,0.0,0.0,0,0.0,0.0,-0.03902400136832157,13.25,0,0,Exeter (A) · Port Vale (H) · Newport (H) · York (A),,,,,,,upcoming,1.2678208834185405,1.2492873955844126
E3,Crawley,6,21,24,4,2026-12-26 15:00:00,2027-01-09 15:00:00,0,2,4.788194598698026,0.0,0.0,4.7725077395387,0.0,0.0,0.0,0.0,0.0,0,0.0,0.0,0.03752180768589522,10.5,0,0,Gillingham (H) · Colchester (A) · Swindon (A) · York (H),,,,,,,upcoming,1.1970486496745065,1.193126934884675
E3,Crawley,7,25,28,4,2027-01-16 15:00:00,2027-01-30 15:00:00,0,2,4.784812391374979,0.0,0.0,4.786697779100728,0.0,0.0,0.0,0.0,0.0,0,0.0,0.0,0.03702838836381522,12.0,0,0,Salford (H) · Shrewsbury (A) · Tranmere (A) · Oldham (H),,,,,,,upcoming,1.1962030978437448,1.196674444775182
E3,Crawley,8,29,32,4,2027-02-06 15:00:00,2027-02-20 15:00:00,0,2,5.121047218720748,0.0,0.0,5.085932250414981,0.0,0.0,0.0,0.0,0.0,0,0.0,0.0,-0.0514109792920489,15.25,0,0,Bristol Rovers (A) · Northampton (H) · Accrington (H) · Cheltenham (A),,,,,,,upcoming,1.280261804680187,1.2714830626037452
E3,Crawley,9,33,36,4,2027-02-27 15:00:00,2027-03-20 15:00:00,0,2,5.033141385139372,0.0,0.0,5.030952390814537,0.0,0.0,0.0,0.0,0.0,0,0.0,0.0,-0.031166123706233523,14.5,0,0,Rotherham (H) · Crewe (A) · Rochdale (H) · Fleetwood (A),,,,,,,upcoming,1.258285346284843,1.2577380977036343
E3,Crawley,10,37,40,4,2027-03-26 15:00:00,2027-04-10 15:00:00,0,2,5.128763156497962,0.0,0.0,5.160551751482986,0.0,0.0,0.0,0.0,0.0,0,0.0,0.0,-0.05757872695613028,14.75,0,0,Swindon (H) · Gillingham (A) · Colchester (H) · Newport (A),,,,,,,upcoming,1.2821907891244906,1.2901379378707465
E3,Crawley,11,41,44,4,2027-04-13 19:45:00,2027-04-27 19:45:00,0,2,4.554567922085578,0.0,0.0,4.469697554831036,0.0,0.0,0.0,0.0,0.0,0,0.0,0.0,0.10588799062206905,6.0,0,0,Chesterfield (A) · Grimsby (H) · Barnet (A) · Walsall (H),,,,,,,upcoming,1.1386419805213945,1.117424388707759
E3,Crawley,12,45,46,2,2027-05-01 15:00:00,2027-05-08 15:00:00,0,1,2.439699714948738,0.0,0.0,2.4150011347299003,0.0,0.0,0.0,0.0,0.0,0,0.0,0.0,0.016911405074232153,11.0,0,0,Exeter (H) · Port Vale (A),,,,,,,upcoming,1.219849857474369,1.2075005673649502
E3,Crewe,1,1,4,4,2026-08-15 15:00:00,2026-09-01 19:45:00,4,2,5.37294855989342,5.37294855989342,6.507955378538931,0.0,8.0,6.359999999999999,4.77,6.416918339821949,5.766029476351568,4,4.0,2.0,0.0015357667975984266,12.75,0,0,Crawley (A) · Northampton (H) · Port Vale (A) · Walsall (H),2.6270514401065803,1.0439697799285295,1.5830816601780509,1.0297843643850773,0.5283114446033138,0.30311124211165863,complete,1.343237139973355,
E3,Crewe,2,5,8,4,2026-09-05 15:00:00,2026-09-26 15:00:00,2,2,5.3522032271991105,2.5934338611255088,3.2459874165936426,2.7133460968415966,2.0,2.16,3.76,1.768530427389409,2.4113012715767077,2,2.0,2.0,0.007008135613120626,12.25,0,0,York (H) · Colchester (A) · Shrewsbury (H) · Rotherham (A),-0.5934338611255088,-0.8249034337360999,0.2314695726105911,-0.3293812758346716,-0.5910906236155139,0.7418675186363379,in progress,1.3380508067997776,1.3566730484207983
E3,Crewe,3,9,12,4,2026-10-03 15:00:00,2026-10-20 19:45:00,0,2,5.312793549351685,0.0,0.0,5.359468142208362,0.0,0.0,0.0,0.0,0.0,0,0.0,0.0,0.016932943267218475,11.25,0,0,Bristol Rovers (H) · Swindon (A) · Rochdale (H) · Exeter (A),,,,,,,upcoming,1.3281983873379213,1.3398670355520905
E3,Crewe,4,13,16,4,2026-10-24 15:00:00,2026-11-21 12:30:00,0,2,5.375179511703657,0.0,0.0,5.363333167131496,0.0,0.0,0.0,0.0,0.0,0,0.0,0.0,0.0017173113803061494,11.25,0,0,Chesterfield (A) · Barnet (H) · Newport (H) · Gillingham (A),,,,,,,upcoming,1.3437948779259143,1.340833291782874
E3,Crewe,5,17,20,4,2026-11-28 15:00:00,2026-12-17 20:00:00,0,2,5.320178466060163,0.0,0.0,5.356633843104496,0.0,0.0,0.0,0.0,0.0,0,0.0,0.0,0.014093396454727902,12.5,0,0,Grimsby (H) · Accrington (A) · Cheltenham (A) · Salford (H),,,,,,,upcoming,1.3300446165150408,1.339158460776124
E3,Crewe,6,21,24,4,2026-12-26 15:00:00,2027-01-09 15:00:00,0,2,5.243144533785881,0.0,0.0,5.321824359291826,0.0,0.0,0.0,0.0,0.0,0,0.0,0.0,0.041020890453236605,11.5,0,0,Fleetwood (A) · Tranmere (H) · Oldham (H) · Salford (A),,,,,,,upcoming,1.3107861334464703,1.3304560898229565
E3,Crewe,7,25,28,4,2027-01-16 15:00:00,2027-01-30 15:00:00,0,2,5.263441356706267,0.0,0.0,5.2713552841430475,0.0,0.0,0.0,0.0,0.0,0,0.0,0.0,0.032119651689322126,10.5,0,0,Rochdale (A) · Exeter (H) · Chesterfield (H) · Barnet (A),,,,,,,upcoming,1.3158603391765666,1.3178388210357619
E3,Crewe,8,29,32,4,2027-02-06 15:00:00,2027-02-20 15:00:00,0,2,5.1483489645713325,0.0,0.0,5.107224242447982,0.0,0.0,0.0,0.0,0.0,0,0.0,0.0,0.06294053906219388,9.0,0,0,Port Vale (H) · Walsall (A) · York (A) · Colchester (H),,,,,,,upcoming,1.2870872411428331,1.2768060606119955
E3,Crewe,9,33,36,4,2027-02-27 15:00:00,2027-03-20 15:00:00,0,2,5.75010927924509,0.0,0.0,5.800026357257069,0.0,0.0,0.0,0.0,0.0,0,0.0,0.0,-0.10231199236302188,17.75,0,0,Newport (A) · Crawley (H) · Northampton (A) · Gillingham (H),,,,,,,upcoming,1.4375273198112726,1.4500065893142673
E3,Crewe,10,37,40,4,2027-03-26 15:00:00,2027-04-10 15:00:00,0,2,5.6870963749494035,0.0,0.0,5.7425076029151,0.0,0.0,0.0,0.0,0.0,0,0.0,0.0,-0.0842251221123551,16.75,0,0,Oldham (A) · Fleetwood (H) · Tranmere (A) · Cheltenham (H),,,,,,,upcoming,1.4217740937373509,1.435626900728775
E3,Crewe,11,41,44,4,2027-04-13 19:45:00,2027-04-27 19:45:00,0,2,5.25530330621315,0.0,0.0,5.23187239460415,0.0,0.0,0.0,0.0,0.0,0,0.0,0.0,0.03444595866974955,10.25,0,0,Swindon (H) · Shrewsbury (A) · Rotherham (H) · Bristol Rovers (A),,,,,,,upcoming,1.3138258265532874,1.3079680986510376
E3,Crewe,12,45,46,2,2027-05-01 15:00:00,2027-05-08 15:00:00,0,1,2.760332240571892,0.0,0.0,2.763102448342951,0.0,0.0,0.0,0.0,0.0,0,0.0,0.0,-0.0360509010732591,13.5,0,0,Grimsby (A) · Accrington (H),,,,,,,upcoming,1.380166120285946,1.3815512241714756
E3,Exeter,1,1,4,4,2026-08-15 15:00:00,2026-09-01 19:45:00,4,2,4.943508031393753,4.943508031393753,6.248910288079246,0.0,4.0,5.49,4.1,6.338054364893208,4.536885913596832,4,4.0,4.0,0.044071007498010246,9.25,0,0,Grimsby (A) · Accrington (H) · York (A) · Barnet (H),-0.9435080313937529,1.3945463334994548,-2.3380543648932077,-0.3774361177227942,0.7202034178980024,0.7058495301883538,complete,1.2358770078484382,
E3,Exeter,2,5,8,4,2026-09-05 15:00:00,2026-09-26 15:00:00,2,2,4.905195045181497,2.4159720666194398,3.12722017672628,2.505196093018688,1.0,1.61,2.73,1.8852020074429843,2.4878428205981735,2,0.0,1.0,0.056003548260368755,9.25,0,0,Walsall (H) · Port Vale (A) · Tranmere (H) · Bristol Rovers (A),-1.4159720666194398,-0.5307700591764555,-0.8852020074429843,-0.8007103757570825,-0.3874820255460084,0.4232993344175169,in progress,1.2262987612953742,1.252598046509344
E3,Exeter,3,9,12,4,2026-10-03 15:00:00,2026-10-20 19:45:00,0,2,5.16295390542992,0.0,0.0,5.166835578462716,0.0,0.0,0.0,0.0,0.0,0,0.0,0.0,-0.020428293942906947,14.25,0,0,Rotherham (H) · Shrewsbury (A) · Colchester (A) · Crewe (H),,,,,,,upcoming,1.29073847635748,1.291708894615679
E3,Exeter,4,13,16,4,2026-10-24 15:00:00,2026-11-21 15:00:00,0,2,5.042218093177289,0.0,0.0,5.135908841538761,0.0,0.0,0.0,0.0,0.0,0,0.0,0.0,0.02169321301398345,12.25,0,0,Fleetwood (H) · Salford (A) · Cheltenham (H) · Oldham (A),,,,,,,upcoming,1.2605545232943223,1.2839772103846903
E3,Exeter,5,17,20,4,2026-11-28 12:30:00,2026-12-19 12:30:00,0,2,5.167260648202965,0.0,0.0,5.263283933542071,0.0,0.0,0.0,0.0,0.0,0,0.0,0.0,-0.018581208049882576,14.25,0,0,Crawley (H) · Chesterfield (A) · Rochdale (H) · Northampton (A),,,,,,,upcoming,1.2918151620507412,1.3158209833855177
E3,Exeter,6,21,24,4,2026-12-26 15:00:00,2027-01-09 15:00:00,0,2,5.315859574596541,0.0,0.0,5.427818680283034,0.0,0.0,0.0,0.0,0.0,0,0.0,0.0,-0.06014641691555018,15.0,0,0,Newport (H) · Swindon (A) · Gillingham (A) · Northampton (H),,,,,,,upcoming,1.3289648936491352,1.3569546700707584
E3,Exeter,7,25,28,4,2027-01-16 15:00:00,2027-01-30 15:00:00,0,2,4.905173514184143,0.0,0.0,5.002319808191644,0.0,0.0,0.0,0.0,0.0,0,0.0,0.0,0.05076570097601923,11.75,0,0,Colchester (H) · Crewe (A) · Fleetwood (A) · Salford (H),,,,,,,upcoming,1.2262933785460357,1.250579952047911
E3,Exeter,8,29,32,4,2027-02-06 15:00:00,2027-02-20 15:00:00,0,2,4.736816961551003,0.0,0.0,4.724381151390418,0.0,0.0,0.0,0.0,0.0,0,0.0,0.0,0.09936172288904432,6.5,0,0,York (H) · Barnet (A) · Walsall (A) · Port Vale (H),,,,,,,upcoming,1.1842042403877509,1.1810952878476044
E3,Exeter,9,33,36,4,2027-02-27 15:00:00,2027-03-20 15:00:00,0,2,5.2613537306777,0.0,0.0,5.306774923613984,0.0,0.0,0.0,0.0,0.0,0,0.0,0.0,-0.048859093846903554,14.25,0,0,Cheltenham (A) · Grimsby (H) · Accrington (A) · Oldham (H),,,,,,,upcoming,1.315338432669425,1.326693730903496
E3,Exeter,10,37,40,4,2027-03-26 15:00:00,2027-04-10 15:00:00,0,2,5.349653673003846,0.0,0.0,5.486668755392609,0.0,0.0,0.0,0.0,0.0,0,0.0,0.0,-0.07230905880887822,15.5,0,0,Gillingham (H) · Newport (A) · Swindon (H) · Rochdale (A),,,,,,,upcoming,1.3374134182509616,1.3716671888481522
E3,Exeter,11,41,44,4,2027-04-13 19:45:00,2027-04-27 19:45:00,0,2,5.091345215010721,0.0,0.0,5.078332316750551,0.0,0.0,0.0,0.0,0.0,0,0.0,0.0,7.114481129549821e-05,12.5,0,0,Shrewsbury (H) · Tranmere (A) · Bristol Rovers (H) · Rotherham (A),,,,,,,upcoming,1.2728363037526802,1.2695830791876377
E3,Exeter,12,45,46,2,2027-05-01 15:00:00,2027-05-08 15:00:00,0,1,2.560159914707258,0.0,0.0,2.570955710674732,0.0,0.0,0.0,0.0,0.0,0,0.0,0.0,-0.01002580783341115,13.5,0,0,Crawley (A) · Chesterfield (H),,,,,,,upcoming,1.280079957353629,1.285477855337366
E3,Fleetwood,1,1,4,4,2026-08-15 15:00:00,2026-09-01 19:45:00,4,2,4.762015207269011,4.762015207269011,6.22904851880599,0.0,6.0,4.390000000000001,6.42,4.262652721043898,4.944971778516619,4,4.0,3.0,0.08254463106674093,7.5,0,0,Chesterfield (A) · Gillingham (H) · Grimsby (A) · Oldham (H),1.2379847927309893,-0.49936248622511314,1.7373472789561024,0.49602601339911717,-0.25830298891075404,0.6198760577085294,complete,1.1905038018172527,
E3,Fleetwood,2,5,8,4,2026-09-05 12:30:00,2026-09-26 15:00:00,2,2,5.3344882744331565,2.8927550904786434,3.3347586991774554,2.441808190946945,4.0,1.97,2.75,2.2223320253188037,3.335253898125516,2,3.0,1.0,-0.07601762516427672,15.75,0,0,Shrewsbury (H) · Newport (A) · Barnet (A) · Rochdale (H),1.1072449095213566,-0.6704230651598397,1.7776679746811963,0.6063333904474325,-0.4739593716440412,0.5442933902052502,in progress,1.3336220686082891,1.2209040954734725
E3,Fleetwood,3,9,12,4,2026-10-03 15:00:00,2026-10-20 19:45:00,0,2,4.891755210092694,0.0,0.0,4.8053904757629775,0.0,0.0,0.0,0.0,0.0,0,0.0,0.0,0.049094665273668396,10.75,0,0,Salford (A) · Walsall (H) · Rotherham (H) · Cheltenham (A),,,,,,,upcoming,1.2229388025231736,1.2013476189407444
E3,Fleetwood,4,13,16,4,2026-10-24 15:00:00,2026-11-21 15:00:00,0,2,5.189956638050921,0.0,0.0,5.108138269674419,0.0,0.0,0.0,0.0,0.0,0,0.0,0.0,-0.03960306451486467,14.75,0,0,Exeter (A) · Bristol Rovers (H) · Tranmere (H) · Crawley (A),,,,,,,upcoming,1.2974891595127303,1.2770345674186048
E3,Fleetwood,5,17,20,4,2026-11-28 15:00:00,2026-12-19 12:30:00,0,2,5.205461424752331,0.0,0.0,5.209163212523018,0.0,0.0,0.0,0.0,0.0,0,0.0,0.0,-0.041817817908674476,15.0,0,0,Accrington (H) · Northampton (A) · Swindon (H) · Colchester (A),,,,,,,upcoming,1.3013653561880827,1.3022908031307545
E3,Fleetwood,6,21,24,4,2026-12-26 15:00:00,2027-01-09 15:00:00,0,2,4.865762979256533,0.0,0.0,4.770069580264759,0.0,0.0,0.0,0.0,0.0,0,0.0,0.0,0.05381964354111905,10.0,0,0,Crewe (H) · York (A) · Port Vale (A) · Colchester (H),,,,,,,upcoming,1.2164407448141332,1.1925173950661898
E3,Fleetwood,7,25,28,4,2027-01-16 15:00:00,2027-01-30 15:00:00,0,2,5.112281735295749,0.0,0.0,4.975717921716976,0.0,0.0,0.0,0.0,0.0,0,0.0,0.0,-0.012423138068266427,12.5,0,0,Rotherham (A) · Cheltenham (H) · Exeter (H) · Bristol Rovers (A),,,,,,,upcoming,1.2780704338239373,1.243929480429244
E3,Fleetwood,8,29,32,4,2027-02-06 15:00:00,2027-02-20 15:00:00,0,2,5.248581512480862,0.0,0.0,5.15779335578515,0.0,0.0,0.0,0.0,0.0,0,0.0,0.0,-0.053614951738321,14.0,0,0,Grimsby (H) · Oldham (A) · Shrewsbury (A) · Newport (H),,,,,,,upcoming,1.3121453781202155,1.2894483389462874
E3,Fleetwood,9,33,36,4,2027-02-27 15:00:00,2027-03-20 15:00:00,0,2,5.149925520746935,0.0,0.0,5.09815684302033,0.0,0.0,0.0,0.0,0.0,0,0.0,0.0,-0.02754118429705375,14.5,0,0,Tranmere (A) · Chesterfield (H) · Gillingham (A) · Crawley (H),,,,,,,upcoming,1.2874813801867337,1.2745392107550826
E3,Fleetwood,10,37,40,4,2027-03-26 15:00:00,2027-04-10 15:00:00,0,2,4.834682625934091,0.0,0.0,4.771895569229926,0.0,0.0,0.0,0.0,0.0,0,0.0,0.0,0.0590936932122137,9.25,0,0,Port Vale (H) · Crewe (A) · York (H) · Swindon (A),,,,,,,upcoming,1.2086706564835228,1.1929738923074815
E3,Fleetwood,11,41,44,4,2027-04-13 19:45:00,2027-04-27 19:45:00,0,2,4.652379588127053,0.0,0.0,4.625840548122592,0.0,0.0,0.0,0.0,0.0,0,0.0,0.0,0.10959788076490909,7.75,0,0,Walsall (A) · Barnet (H) · Rochdale (A) · Salford (H),,,,,,,upcoming,1.1630948970317632,1.156460137030648
E3,Fleetwood,12,45,46,2,2027-05-01 15:00:00,2027-05-08 15:00:00,0,1,2.7066837321718706,0.0,0.0,2.6879204475837812,0.0,0.0,0.0,0.0,0.0,0,0.0,0.0,-0.10164317051751995,18.5,0,0,Accrington (A) · Northampton (H),,,,,,,upcoming,1.3533418660859353,1.3439602237918906
E3,Gillingham,1,1,4,4,2026-08-15 15:00:00,2026-09-01 19:45:00,4,2,5.467741622462621,5.467741622462622,6.534811879100083,0.0,3.0,4.2,5.050000000000001,5.108505962395174,4.416423735027505,4,2.0,5.0,0.008650239779375627,12.25,0,0,Walsall (H) · Fleetwood (A) · Northampton (H) · Chesterfield (A),-2.467741622462622,-0.3592356600674478,-2.1085059623951743,-0.9653463110256943,-0.18142088071617063,0.3343713831239792,complete,1.3669354056156553,
E3,Gillingham,2,5,8,4,2026-09-05 15:00:00,2026-09-26 15:00:00,2,2,5.3901172066471705,2.8956537310435158,3.2936672686724346,2.4137402458082438,6.0,2.88,2.3,3.1204268076054316,2.4645879708486387,2,6.0,1.0,0.02968322576100562,11.0,0,0,Rochdale (A) · Tranmere (H) · Bristol Rovers (H) · York (A),3.1043462689564842,0.2247730765619158,2.8795731923945684,1.7105284265625023,0.1598927613382585,0.08716820146367277,in progress,1.3475293016617926,1.2068701229041219
E3,Gillingham,3,9,12,4,2026-10-03 15:00:00,2026-10-20 20:00:00,0,2,5.783327938295643,0.0,0.0,5.7274915310043,0.0,0.0,0.0,0.0,0.0,0,0.0,0.0,-0.07815755294253396,15.25,0,0,Newport (H) · Rotherham (A) · Accrington (A) · Port Vale (H),,,,,,,upcoming,1.4458319845739107,1.431872882751075
E3,Gillingham,4,13,16,4,2026-10-24 15:00:00,2026-11-21 12:30:00,0,2,5.494572479231777,0.0,0.0,5.4491722256987085,0.0,0.0,0.0,0.0,0.0,0,0.0,0.0,0.00018407271032922466,13.0,0,0,Grimsby (H) · Shrewsbury (A) · Colchester (A) · Crewe (H),,,,,,,upcoming,1.3736431198079442,1.3622930564246771
E3,Gillingham,5,17,20,4,2026-11-28 15:00:00,2026-12-19 15:00:00,0,2,5.314575684495696,0.0,0.0,5.367480636426321,0.0,0.0,0.0,0.0,0.0,0,0.0,0.0,0.05498769497879065,10.25,0,0,Salford (A) · Swindon (H) · Oldham (A) · Cheltenham (H),,,,,,,upcoming,1.328643921123924,1.3418701591065803
E3,Gillingham,6,21,24,4,2026-12-26 15:00:00,2027-01-09 15:00:00,0,2,5.738442911404345,0.0,0.0,5.705109008694267,0.0,0.0,0.0,0.0,0.0,0,0.0,0.0,-0.06661888804160015,15.75,0,0,Crawley (A) · Barnet (H) · Exeter (H) · Cheltenham (A),,,,,,,upcoming,1.4346107278510862,1.4262772521735667
E3,Gillingham,7,25,28,4,2027-01-16 15:00:00,2027-01-30 15:00:00,0,2,5.567435805885572,0.0,0.0,5.520360355041072,0.0,0.0,0.0,0.0,0.0,0,0.0,0.0,-0.0164031425592047,13.0,0,0,Accrington (H) · Port Vale (A) · Grimsby (A) · Shrewsbury (H),,,,,,,upcoming,1.391858951471393,1.380090088760268
E3,Gillingham,8,29,32,4,2027-02-06 15:00:00,2027-02-20 15:00:00,0,2,5.534993262751556,0.0,0.0,5.569536719503588,0.0,0.0,0.0,0.0,0.0,0,0.0,0.0,-0.010790446460864925,13.75,0,0,Northampton (A) · Chesterfield (H) · Rochdale (H) · Tranmere (A),,,,,,,upcoming,1.383748315687889,1.392384179875897
E3,Gillingham,9,33,36,4,2027-02-27 15:00:00,2027-03-20 15:00:00,0,2,5.580380785756327,0.0,0.0,5.556162621370087,0.0,0.0,0.0,0.0,0.0,0,0.0,0.0,-0.022421847469114173,14.25,0,0,Colchester (H) · Walsall (A) · Fleetwood (H) · Crewe (A),,,,,,,upcoming,1.3950951964390816,1.3890406553425219
E3,Gillingham,10,37,40,4,2027-03-26 15:00:00,2027-04-10 15:00:00,0,2,5.5175706244703235,0.0,0.0,5.487047578280766,0.0,0.0,0.0,0.0,0.0,0,0.0,0.0,-0.0043253657776399015,12.25,0,0,Exeter (A) · Crawley (H) · Barnet (A) · Oldham (H),,,,,,,upcoming,1.3793926561175809,1.3717618945701915
E3,Gillingham,11,41,44,4,2027-04-13 19:45:00,2027-04-27 19:45:00,0,2,5.4655419310655144,0.0,0.0,5.345144606301821,0.0,0.0,0.0,0.0,0.0,0,0.0,0.0,0.009975421797360329,10.5,0,0,Rotherham (H) · Bristol Rovers (A) · York (H) · Newport (A),,,,,,,upcoming,1.3663854827663786,1.3362861515754552
E3,Gillingham,12,45,46,2,2027-05-01 15:00:00,2027-05-08 15:00:00,0,1,2.4346307321443037,0.0,0.0,2.49442890715257,0.0,0.0,0.0,0.0,0.0,0,0.0,0.0,0.1716426765781293,5.5,0,0,Salford (H) · Swindon (A),,,,,,,upcoming,1.2173153660721518,1.247214453576285
E3,Grimsby,1,1,4,4,2026-08-15 15:00:00,2026-09-01 19:45:00,4,2,6.244216960702536,6.244216960702535,6.618946160202386,0.0,6.0,7.050000000000001,6.0,6.128211329702371,6.801398287457233,4,5.0,4.0,-0.09409412724365873,17.25,0,0,Exeter (H) · Walsall (A) · Fleetwood (H) · Accrington (A),-0.24421696070253507,-0.11600563100016448,-0.1282113297023706,-0.09492517312491633,-0.05821153095156567,0.924374261537438,complete,1.561054240175634,
E3,Grimsby,2,5,8,4,2026-09-05 15:00:00,2026-09-26 15:00:00,2,2,6.290454560526109,2.950218031834755,3.3514026530072605,3.365787794282603,4.0,2.39,1.4,3.547639065106899,3.019457543304588,2,4.0,2.0,-0.10690618024390214,17.25,0,0,Cheltenham (A) · Bristol Rovers (H) · Crawley (H) · Newport (A),1.0497819681652452,0.5974210332721444,0.4523609348931008,0.5734371222436545,0.42130011618781765,0.5663487613643381,in progress,1.5726136401315272,1.6828938971413014
E3,Grimsby,3,9,12,4,2026-10-03 15:00:00,2026-10-20 19:45:00,0,2,5.9435158115105775,0.0,0.0,5.997780028027544,0.0,0.0,0.0,0.0,0.0,0,0.0,0.0,-0.011945996155752148,13.75,0,0,Shrewsbury (H) · Port Vale (A) · Northampton (H) · Rochdale (A),,,,,,,upcoming,1.4858789528776444,1.499445007006886
E3,Grimsby,4,13,16,4,2026-10-24 15:00:00,2026-11-21 15:00:00,0,2,5.724336949026475,0.0,0.0,5.7344016392725505,0.0,0.0,0.0,0.0,0.0,0,0.0,0.0,0.04713788579536957,9.5,0,0,Gillingham (A) · York (H) · Swindon (A) · Rotherham (H),,,,,,,upcoming,1.4310842372566188,1.4336004098181376
E3,Grimsby,5,17,20,4,2026-11-28 15:00:00,2026-12-19 15:00:00,0,2,5.654171425867147,0.0,0.0,5.654799453392445,0.0,0.0,0.0,0.0,0.0,0,0.0,0.0,0.0665386503382837,9.25,0,0,Crewe (A) · Colchester (H) · Chesterfield (A) · Barnet (H),,,,,,,upcoming,1.4135428564667867,1.4136998633481113
E3,Grimsby,6,21,24,4,2026-12-26 15:00:00,2027-01-09 12:30:00,0,2,5.522820002615206,0.0,0.0,5.591759134244146,0.0,0.0,0.0,0.0,0.0,0,0.0,0.0,0.1054625065737996,7.75,0,0,Salford (A) · Oldham (H) · Tranmere (H) · Barnet (A),,,,,,,upcoming,1.3807050006538015,1.3979397835610365
E3,Grimsby,7,25,28,4,2027-01-16 15:00:00,2027-01-30 15:00:00,0,2,5.844236140008899,0.0,0.0,5.89055638744227,0.0,0.0,0.0,0.0,0.0,0,0.0,0.0,0.014949736202632725,12.25,0,0,Northampton (A) · Rochdale (H) · Gillingham (H) · York (A),,,,,,,upcoming,1.4610590350022248,1.4726390968605676
E3,Grimsby,8,29,32,4,2027-02-06 15:00:00,2027-02-20 15:00:00,0,2,6.182286220872836,0.0,0.0,6.198573004270645,0.0,0.0,0.0,0.0,0.0,0,0.0,0.0,-0.07686372162634156,16.25,0,0,Fleetwood (A) · Accrington (H) · Cheltenham (H) · Bristol Rovers (A),,,,,,,upcoming,1.545571555218209,1.5496432510676612
E3,Grimsby,9,33,36,4,2027-02-27 15:00:00,2027-03-20 15:00:00,0,2,5.894962420888449,0.0,0.0,5.9035896028313,0.0,0.0,0.0,0.0,0.0,0,0.0,0.0,0.0008000458089537504,11.75,0,0,Swindon (H) · Exeter (A) · Walsall (H) · Rotherham (A),,,,,,,upcoming,1.4737406052221123,1.475897400707825
E3,Grimsby,10,37,40,4,2027-03-26 15:00:00,2027-04-10 15:00:00,0,2,5.539417848880736,0.0,0.0,5.592179808110634,0.0,0.0,0.0,0.0,0.0,0,0.0,0.0,0.09719022692762977,8.5,0,0,Tranmere (A) · Salford (H) · Oldham (A) · Chesterfield (H),,,,,,,upcoming,1.384854462220184,1.3980449520276585
E3,Grimsby,11,41,44,4,2027-04-13 19:45:00,2027-04-27 19:45:00,0,2,6.2788675302452255,0.0,0.0,6.29065870287189,0.0,0.0,0.0,0.0,0.0,0,0.0,0.0,-0.10469447823318834,17.5,0,0,Port Vale (H) · Crawley (A) · Newport (H) · Shrewsbury (A),,,,,,,upcoming,1.5697168825613064,1.5726646757179725
E3,Grimsby,12,45,46,2,2027-05-01 15:00:00,2027-05-08 15:00:00,0,1,2.9555315798753115,0.0,0.0,2.971083575780864,0.0,0.0,0.0,0.0,0.0,0,0.0,0.0,-0.00352231069647645,14.0,0,0,Crewe (H) · Colchester (A),,,,,,,upcoming,1.4777657899376557,1.485541787890432
E3,Newport,1,1,4,4,2026-08-15 12:30:00,2026-09-01 19:45:00,4,2,4.166768350998469,4.166768350998469,5.706998800310657,0.0,4.0,4.02,7.51,4.223915294494389,3.9481375426239387,4,9.0,9.0,0.08455524017118628,9.5,0,0,Rochdale (H) · Bristol Rovers (A) · Tranmere (H) · Salford (A),-0.16676835099846876,0.05714694349591998,-0.22391529449438874,-0.06980873107887257,0.03088257403959111,0.9443458977381776,complete,1.0416920877496172,
E3,Newport,2,5,8,4,2026-09-05 15:00:00,2026-09-26 15:00:00,2,2,4.567708477284224,2.3041142781981288,3.0675491317767243,2.2544478346379626,1.0,2.55,1.52,3.3444978053391408,1.9948980938759848,2,1.0,2.0,-0.04488385511077115,14.75,0,0,Northampton (A) · Fleetwood (H) · Accrington (A) · Grimsby (H),-1.3041142781981288,1.040383527141012,-2.3444978053391408,-0.7445946066480975,0.7668705824233647,0.4565168293639632,in progress,1.141927119321056,1.1272239173189813
E3,Newport,3,9,12,4,2026-10-03 15:00:00,2026-10-20 19:45:00,0,2,4.268302244473007,0.0,0.0,4.213244063516417,0.0,0.0,0.0,0.0,0.0,0,0.0,0.0,0.041863836124274925,10.25,0,0,Gillingham (A) · Colchester (H) · York (H) · Rotherham (A),,,,,,,upcoming,1.0670755611182519,1.0533110158791041
E3,Newport,4,13,16,4,2026-10-24 12:30:00,2026-11-21 12:30:00,0,2,4.451540193303136,0.0,0.0,4.4708590588020884,0.0,0.0,0.0,0.0,0.0,0,0.0,0.0,-0.013036925444084652,13.25,0,0,Cheltenham (A) · Chesterfield (H) · Crewe (A) · Swindon (H),,,,,,,upcoming,1.112885048325784,1.1177147647005221
E3,Newport,5,17,20,4,2026-11-28 15:00:00,2026-12-19 15:00:00,0,2,4.35304014103827,0.0,0.0,4.34056216096133,0.0,0.0,0.0,0.0,0.0,0,0.0,0.0,0.017968537394366026,11.25,0,0,Port Vale (A) · Walsall (H) · Crawley (A) · Oldham (H),,,,,,,upcoming,1.0882600352595675,1.0851405402403325
E3,Newport,6,21,24,4,2026-12-26 15:00:00,2027-01-09 15:00:00,0,2,4.4139204929224665,0.0,0.0,4.3751572041731634,0.0,0.0,0.0,0.0,0.0,0,0.0,0.0,0.0005532256156032256,12.0,0,0,Exeter (A) · Shrewsbury (H) · Barnet (H) · Oldham (A),,,,,,,upcoming,1.1034801232306166,1.0937893010432909
E3,Newport,7,25,28,4,2027-01-16 15:00:00,2027-01-30 15:00:00,0,2,4.367342482736012,0.0,0.0,4.281918290585318,0.0,0.0,0.0,0.0,0.0,0,0.0,0.0,0.018741532550322623,11.0,0,0,York (A) · Rotherham (H) · Cheltenham (H) · Chesterfield (A),,,,,,,upcoming,1.091835620684003,1.0704795726463294
E3,Newport,8,29,32,4,2027-02-06 15:00:00,2027-02-20 15:00:00,0,2,4.321713495825913,0.0,0.0,4.402264345659296,0.0,0.0,0.0,0.0,0.0,0,0.0,0.0,0.024588119856469,13.0,0,0,Tranmere (A) · Salford (H) · Northampton (H) · Fleetwood (A),,,,,,,upcoming,1.0804283739564782,1.100566086414824
E3,Newport,9,33,36,4,2027-02-27 15:00:00,2027-03-20 15:00:00,0,2,4.283134652401268,0.0,0.0,4.324655007951526,0.0,0.0,0.0,0.0,0.0,0,0.0,0.0,0.0366216100634321,10.75,0,0,Crewe (H) · Rochdale (A) · Bristol Rovers (H) · Swindon (A),,,,,,,upcoming,1.070783663100317,1.0811637519878814
E3,Newport,10,37,40,4,2027-03-26 15:00:00,2027-04-10 15:00:00,0,2,4.6041926928864445,0.0,0.0,4.577503907852986,0.0,0.0,0.0,0.0,0.0,0,0.0,0.0,-0.050203380798121526,15.25,0,0,Barnet (A) · Exeter (H) · Shrewsbury (A) · Crawley (H),,,,,,,upcoming,1.1510481732216111,1.1443759769632464
E3,Newport,11,41,44,4,2027-04-13 19:45:00,2027-04-27 19:45:00,0,2,4.469556703082782,0.0,0.0,4.470308344911161,0.0,0.0,0.0,0.0,0.0,0,0.0,0.0,-0.011452966729618323,13.0,0,0,Colchester (A) · Accrington (H) · Grimsby (A) · Gillingham (H),,,,,,,upcoming,1.1173891757706955,1.1175770862277903
E3,Newport,12,45,46,2,2027-05-01 15:00:00,2027-05-08 15:00:00,0,1,2.0753441910803234,0.0,0.0,2.0553822744520196,0.0,0.0,0.0,0.0,0.0,0,0.0,0.0,0.07453052970880905,8.0,0,0,Port Vale (H) · Walsall (A),,,,,,,upcoming,1.0376720955401617,1.0276911372260098
E3,Northampton,1,1,4,4,2026-08-15 15:00:00,2026-09-01 19:45:00,4,2,5.51772914452692,5.51772914452692,6.524623724008453,0.0,3.0,3.03,4.23,4.727637009396495,6.1441999275951025,4,2.0,3.0,-0.0268061476465094,14.5,0,0,Swindon (H) · Crewe (A) · Gillingham (A) · Crawley (H),-2.5177291445269203,-0.7900921351304255,-1.7276370093964948,-0.985669394570616,-0.39932304860387485,0.32429537273508346,complete,1.37943228613173,
E3,Northampton,2,5,8,4,2026-09-05 15:00:00,2026-09-26 15:00:00,2,2,5.635291321019638,3.0804732103250085,3.2747710191464368,2.485864556503672,3.0,0.85,1.44,1.9973219528067228,3.2015694289426415,2,1.0,2.0,-0.05818687434733695,14.5,0,0,Newport (H) · Shrewsbury (A) · Rotherham (H) · Port Vale (A),-0.08047321032500854,-1.0831512575182858,1.0026780471932772,-0.04446935781819336,-0.7727215316459012,0.9645302767233819,in progress,1.4088228302549095,1.242932278251836
E3,Northampton,3,9,12,4,2026-10-03 15:00:00,2026-10-20 19:45:00,0,2,5.263755706888288,0.0,0.0,5.157891843061241,0.0,0.0,0.0,0.0,0.0,0,0.0,0.0,0.04439775309947902,9.5,0,0,Oldham (H) · York (A) · Grimsby (A) · Tranmere (H),,,,,,,upcoming,1.315938926722072,1.2894729607653101
E3,Northampton,4,13,16,4,2026-10-24 12:30:00,2026-11-21 15:00:00,0,2,5.370606200561297,0.0,0.0,5.348258267607147,0.0,0.0,0.0,0.0,0.0,0,0.0,0.0,0.017563061465881977,13.25,0,0,Colchester (H) · Accrington (A) · Salford (A) · Rochdale (H),,,,,,,upcoming,1.3426515501403242,1.3370645669017867
E3,Northampton,5,17,20,4,2026-11-28 15:00:00,2026-12-19 12:30:00,0,2,5.447365664741095,0.0,0.0,5.330887296713856,0.0,0.0,0.0,0.0,0.0,0,0.0,0.0,-0.005689330438477351,12.25,0,0,Walsall (A) · Fleetwood (H) · Barnet (A) · Exeter (H),,,,,,,upcoming,1.3618414161852737,1.332721824178464
E3,Northampton,6,21,24,4,2026-12-26 15:00:00,2027-01-09 15:00:00,0,2,5.399219836734053,0.0,0.0,5.245111475831829,0.0,0.0,0.0,0.0,0.0,0,0.0,0.0,0.006109688002939848,11.75,0,0,Chesterfield (A) · Cheltenham (H) · Bristol Rovers (H) · Exeter (A),,,,,,,upcoming,1.3498049591835133,1.3112778689579572
E3,Northampton,7,25,28,4,2027-01-16 15:00:00,2027-01-30 15:00:00,0,2,5.576614796851361,0.0,0.0,5.5042852436260254,0.0,0.0,0.0,0.0,0.0,0,0.0,0.0,-0.0433964970449981,14.75,0,0,Grimsby (H) · Tranmere (A) · Colchester (A) · Accrington (H),,,,,,,upcoming,1.3941536992128403,1.3760713109065064
E3,Northampton,8,29,32,4,2027-02-06 15:00:00,2027-02-20 15:00:00,0,2,5.89901609587314,0.0,0.0,5.7889879108932725,0.0,0.0,0.0,0.0,0.0,0,0.0,0.0,-0.1317572367867359,19.25,0,0,Gillingham (H) · Crawley (A) · Newport (A) · Shrewsbury (H),,,,,,,upcoming,1.474754023968285,1.4472469777233181
E3,Northampton,9,33,36,4,2027-02-27 15:00:00,2027-03-20 15:00:00,0,2,5.164740816042955,0.0,0.0,5.183316413362608,0.0,0.0,0.0,0.0,0.0,0,0.0,0.0,0.06932985108807847,10.5,0,0,Salford (H) · Swindon (A) · Crewe (H) · Rochdale (A),,,,,,,upcoming,1.2911852040107388,1.295829103340652
E3,Northampton,10,37,40,4,2027-03-26 15:00:00,2027-04-10 15:00:00,0,2,5.1744188009988745,0.0,0.0,5.031876273031323,0.0,0.0,0.0,0.0,0.0,0,0.0,0.0,0.067710411653233,8.25,0,0,Bristol Rovers (A) · Chesterfield (H) · Cheltenham (A) · Barnet (H),,,,,,,upcoming,1.2936047002497186,1.2579690682578308
E3,Northampton,11,41,44,4,2027-04-13 19:45:00,2027-04-27 19:45:00,0,2,5.116592856440913,0.0,0.0,4.965417271404103,0.0,0.0,0.0,0.0,0.0,0,0.0,0.0,0.08279167531517018,7.25,0,0,York (H) · Rotherham (A) · Port Vale (H) · Oldham (A),,,,,,,upcoming,1.2791482141102282,1.2413543178510258
E3,Northampton,12,45,46,2,2027-05-01 15:00:00,2027-05-08 15:00:00,0,1,2.783182497508668,0.0,0.0,2.733555397405863,0.0,0.0,0.0,0.0,0.0,0,0.0,0.0,-0.0413213842417519,14.5,0,0,Walsall (H) · Fleetwood (A),,,,,,,upcoming,1.391591248754334,1.3667776987029314
E3,Oldham,1,1,4,4,2026-08-15 12:30:00,2026-09-01 19:45:00,4,2,5.6027039151690445,5.6027039151690445,6.619470308702918,0.0,7.0,5.7299999999999995,4.529999999999999,6.036806783546046,6.106126696437102,4,7.0,3.0,0.014618577416931726,11.5,0,0,Port Vale (H) · Colchester (A) · Swindon (H) · Fleetwood (A),1.3972960848309555,0.4341028683770016,0.9631932164539538,0.5430962735920498,0.21782384056683127,0.5870635181997959,complete,1.4006759787922611,
E3,Oldham,2,5,8,4,2026-09-05 15:00:00,2026-09-26 17:30:00,2,2,5.403563844129319,2.817223652857044,3.327427655930264,2.6554164599313212,0.0,3.3200000000000003,3.9499999999999997,2.3315580614192295,3.093131856819177,2,1.0,4.0,0.06859481443753412,10.5,0,0,Tranmere (A) · Chesterfield (H) · Rochdale (A) · Salford (H),-2.817223652857044,-0.4856655914378143,-2.3315580614192295,-1.544425682703528,-0.34372205481509793,0.12248524222358625,in progress,1.3508909610323296,1.3277082299656606
E3,Oldham,3,9,12,4,2026-10-03 15:00:00,2026-10-20 19:45:00,0,2,5.996665275584074,0.0,0.0,6.011287094487964,0.0,0.0,0.0,0.0,0.0,0,0.0,0.0,-0.09189028671253592,17.5,0,0,Northampton (A) · Accrington (H) · Cheltenham (H) · Walsall (A),,,,,,,upcoming,1.4991663188960185,1.502821773621991
E3,Oldham,4,13,16,4,2026-10-24 15:00:00,2026-11-21 15:00:00,0,2,5.8468518066227,0.0,0.0,5.825582350301089,0.0,0.0,0.0,0.0,0.0,0,0.0,0.0,-0.050203380798121526,15.25,0,0,Barnet (A) · Crawley (H) · Shrewsbury (A) · Exeter (H),,,,,,,upcoming,1.461712951655675,1.4563955875752723
E3,Oldham,5,17,20,4,2026-11-28 15:00:00,2026-12-19 15:00:00,0,2,5.691152004092052,0.0,0.0,5.639682888614147,0.0,0.0,0.0,0.0,0.0,0,0.0,0.0,-0.009127368603417806,11.75,0,0,Rotherham (A) · Bristol Rovers (H) · Gillingham (H) · Newport (A),,,,,,,upcoming,1.422788001023013,1.4099207221535368
E3,Oldham,6,21,24,4,2026-12-26 15:00:00,2027-01-09 15:00:00,0,2,5.7296492844608755,0.0,0.0,5.693320883518567,0.0,0.0,0.0,0.0,0.0,0,0.0,0.0,-0.019012414490965357,12.5,0,0,York (H) · Grimsby (A) · Crewe (A) · Newport (H),,,,,,,upcoming,1.4324123211152189,1.4233302208796417
E3,Oldham,7,25,28,4,2027-01-16 15:00:00,2027-01-30 15:00:00,0,2,5.794260923514862,0.0,0.0,5.791020934204816,0.0,0.0,0.0,0.0,0.0,0,0.0,0.0,-0.037809325724311706,14.25,0,0,Cheltenham (A) · Walsall (H) · Barnet (H) · Crawley (A),,,,,,,upcoming,1.4485652308787156,1.447755233551204
E3,Oldham,8,29,32,4,2027-02-06 15:00:00,2027-02-20 15:00:00,0,2,5.722217781955829,0.0,0.0,5.791410274096353,0.0,0.0,0.0,0.0,0.0,0,0.0,0.0,-0.01623880727131497,13.25,0,0,Swindon (A) · Fleetwood (H) · Tranmere (H) · Chesterfield (A),,,,,,,upcoming,1.4305544454889572,1.4478525685240882
E3,Oldham,9,33,36,4,2027-02-27 15:00:00,2027-03-20 15:00:00,0,2,5.733804819843955,0.0,0.0,5.712853326902283,0.0,0.0,0.0,0.0,0.0,0,0.0,0.0,-0.019827514167026997,13.75,0,0,Shrewsbury (H) · Port Vale (A) · Colchester (H) · Exeter (A),,,,,,,upcoming,1.4334512049609887,1.4282133317255707
E3,Oldham,10,37,40,4,2027-03-26 15:00:00,2027-04-10 15:00:00,0,2,5.4505580029776555,0.0,0.0,5.41815643511113,0.0,0.0,0.0,0.0,0.0,0,0.0,0.0,0.05698532975028202,9.5,0,0,Crewe (H) · York (A) · Grimsby (H) · Gillingham (A),,,,,,,upcoming,1.3626395007444139,1.3545391087777825
E3,Oldham,11,41,44,4,2027-04-13 19:45:00,2027-04-27 19:45:00,0,2,5.6166302595953566,0.0,0.0,5.701770086961092,0.0,0.0,0.0,0.0,0.0,0,0.0,0.0,0.014995371506462074,13.5,0,0,Accrington (A) · Rochdale (H) · Salford (A) · Northampton (H),,,,,,,upcoming,1.4041575648988391,1.425442521740273
E3,Oldham,12,45,46,2,2027-05-01 15:00:00,2027-05-08 15:00:00,0,1,2.623335997858073,0.0,0.0,2.5640223792689976,0.0,0.0,0.0,0.0,0.0,0,0.0,0.0,0.11491025140559595,5.5,0,0,Rotherham (H) · Bristol Rovers (A),,,,,,,upcoming,1.3116679989290365,1.2820111896344988
E3,Port Vale,1,1,4,4,2026-08-15 12:30:00,2026-09-01 19:45:00,4,2,5.923572729496622,5.923572729496622,6.57162174149339,0.0,2.0,4.34,5.05,4.902889209760489,6.042674354990047,4,2.0,6.0,-0.007993071548164424,13.0,0,0,Oldham (A) · Tranmere (H) · Crewe (H) · Swindon (A),-3.9235727294966223,-1.0206835197361332,-2.902889209760489,-1.5305426229971304,-0.5140190309159618,0.12588247160179256,complete,1.4808931823741556,
E3,Port Vale,2,5,8,4,2026-09-05 12:30:00,2026-09-26 15:00:00,2,2,5.682551923830764,2.7533813867599832,3.1397156307878546,2.91594369770925,3.0,2.33,0.93,3.7600397923102316,2.6132486781439903,2,1.0,1.0,0.060159799007944,10.75,0,0,Salford (A) · Exeter (H) · Walsall (A) · Northampton (H),0.24661861324001677,1.0066584055502483,-0.7600397923102316,0.1391812375604184,0.7334345111821975,0.8893069344479168,in progress,1.420637980957691,1.457971848854625
E3,Port Vale,3,9,12,4,2026-10-03 15:00:00,2026-10-20 20:00:00,0,2,5.639572694768537,0.0,0.0,5.612835093110054,0.0,0.0,0.0,0.0,0.0,0,0.0,0.0,0.06867955042939322,8.75,0,0,Colchester (A) · Grimsby (H) · Chesterfield (H) · Gillingham (A),,,,,,,upcoming,1.4098931736921343,1.4032087732775136
E3,Port Vale,4,13,16,4,2026-10-24 15:00:00,2026-11-21 15:00:00,0,2,5.89966570134875,0.0,0.0,5.883603677587143,0.0,0.0,0.0,0.0,0.0,0,0.0,0.0,-0.0008877691174482283,12.25,0,0,York (A) · Rochdale (H) · Accrington (H) · Barnet (A),,,,,,,upcoming,1.4749164253371876,1.4709009193967857
E3,Port Vale,5,17,20,4,2026-11-28 15:00:00,2026-12-19 15:00:00,0,2,6.349206233806953,0.0,0.0,6.292554197956965,0.0,0.0,0.0,0.0,0.0,0,0.0,0.0,-0.12498392480528192,18.5,0,0,Newport (H) · Crawley (A) · Shrewsbury (A) · Rotherham (H),,,,,,,upcoming,1.5873015584517383,1.5731385494892411
E3,Port Vale,6,21,24,4,2026-12-26 15:00:00,2027-01-09 15:00:00,0,2,5.948848736493343,0.0,0.0,5.893356469311111,0.0,0.0,0.0,0.0,0.0,0,0.0,0.0,-0.015264030538536276,12.75,0,0,Cheltenham (A) · Bristol Rovers (H) · Fleetwood (H) · Rotherham (A),,,,,,,upcoming,1.4872121841233357,1.4733391173277777
E3,Port Vale,7,25,28,4,2027-01-16 15:00:00,2027-01-30 15:00:00,0,2,5.726321095124272,0.0,0.0,5.699713180787094,0.0,0.0,0.0,0.0,0.0,0,0.0,0.0,0.04566633034273325,10.25,0,0,Chesterfield (A) · Gillingham (H) · York (H) · Rochdale (A),,,,,,,upcoming,1.431580273781068,1.4249282951967734
E3,Port Vale,8,29,32,4,2027-02-06 15:00:00,2027-02-20 15:00:00,0,2,5.67520517619034,0.0,0.0,5.71987624075263,0.0,0.0,0.0,0.0,0.0,0,0.0,0.0,0.058880643117383724,10.75,0,0,Crewe (A) · Swindon (H) · Salford (H) · Exeter (A),,,,,,,upcoming,1.418801294047585,1.4299690601881574
E3,Port Vale,9,33,36,4,2027-02-27 15:00:00,2027-03-20 15:00:00,0,2,5.97772668446164,0.0,0.0,5.981487168964577,0.0,0.0,0.0,0.0,0.0,0,0.0,0.0,-0.023338677343510472,13.25,0,0,Accrington (A) · Oldham (H) · Tranmere (A) · Barnet (H),,,,,,,upcoming,1.49443167111541,1.4953717922411442
E3,Port Vale,10,37,40,4,2027-03-26 15:00:00,2027-04-10 15:00:00,0,2,6.105058211424032,0.0,0.0,6.055807708092485,0.0,0.0,0.0,0.0,0.0,0,0.0,0.0,-0.05689304303114455,15.5,0,0,Fleetwood (A) · Cheltenham (H) · Bristol Rovers (A) · Shrewsbury (H),,,,,,,upcoming,1.526264552856008,1.5139519270231212
E3,Port Vale,11,41,44,4,2027-04-13 19:45:00,2027-04-27 19:45:00,0,2,5.752632768337185,0.0,0.0,5.743199060099692,0.0,0.0,0.0,0.0,0.0,0,0.0,0.0,0.03875021265511808,10.5,0,0,Grimsby (A) · Walsall (H) · Northampton (A) · Colchester (H),,,,,,,upcoming,1.4381581920842963,1.435799765024923
E3,Port Vale,12,45,46,2,2027-05-01 15:00:00,2027-05-08 15:00:00,0,1,3.3378657537334355,0.0,0.0,3.3403941848368244,0.0,0.0,0.0,0.0,0.0,0,0.0,0.0,-0.2126335724212264,22.5,0,0,Newport (A) · Crawley (H),,,,,,,upcoming,1.6689328768667178,1.6701970924184122
E3,Rochdale,1,1,4,4,2026-08-15 12:30:00,2026-09-01 19:45:00,4,2,5.734768507145489,5.73476850714549,6.583617753329454,0.0,3.0,2.9699999999999998,5.77,3.4040991597369867,5.807406914546576,4,4.0,6.0,-0.13460000291475627,19.5,0,0,Newport (A) · Crawley (H) · Colchester (A) · Shrewsbury (H),-2.73476850714549,-2.330669347408503,-0.40409915973698673,-1.065830800063587,-1.172661684875546,0.28650013511030936,complete,1.4336921267863723,
E3,Rochdale,2,5,8,4,2026-09-05 15:00:00,2026-09-26 15:00:00,2,2,5.2407268080019875,2.5842494012227712,3.2256460390427986,2.5930297124061035,1.0,1.65,3.3499999999999996,1.6190447030343427,2.505920597550257,2,1.0,4.0,-0.000223127676517023,12.25,0,0,Gillingham (H) · Walsall (A) · Oldham (H) · Fleetwood (A),-1.5842494012227712,-0.9652046981884286,-0.6190447030343427,-0.8820946684252539,-0.6938018402942624,0.37772561515941483,in progress,1.3101817020004969,1.2965148562030517
E3,Rochdale,3,9,12,4,2026-10-03 15:00:00,2026-10-20 19:45:00,0,2,5.207821549605201,0.0,0.0,5.107491989349986,0.0,0.0,0.0,0.0,0.0,0,0.0,0.0,0.008370292577198402,12.0,0,0,Swindon (H) · Tranmere (A) · Crewe (A) · Grimsby (H),,,,,,,upcoming,1.3019553874013003,1.2768729973374966
E3,Rochdale,4,13,16,4,2026-10-24 15:00:00,2026-11-21 15:00:00,0,2,5.231410929756379,0.0,0.0,5.063656182005872,0.0,0.0,0.0,0.0,0.0,0,0.0,0.0,0.004759213630597301,12.25,0,0,Accrington (H) · Port Vale (A) · York (H) · Northampton (A),,,,,,,upcoming,1.3078527324390947,1.265914045501468
E3,Rochdale,5,17,20,4,2026-11-28 15:00:00,2026-12-19 15:00:00,0,2,5.183416952874971,0.0,0.0,4.976660152374123,0.0,0.0,0.0,0.0,0.0,0,0.0,0.0,0.014381967649109671,11.0,0,0,Barnet (H) · Cheltenham (A) · Exeter (A) · Bristol Rovers (H),,,,,,,upcoming,1.2958542382187428,1.2441650380935307
E3,Rochdale,6,21,24,4,2026-12-26 15:00:00,2027-01-09 15:00:00,0,2,4.6459417135689645,0.0,0.0,4.439642129868311,0.0,0.0,0.0,0.0,0.0,0,0.0,0.0,0.1661513185014486,4.5,0,0,Rotherham (A) · Salford (H) · Chesterfield (H) · Bristol Rovers (A),,,,,,,upcoming,1.1614854283922411,1.1099105324670777
E3,Rochdale,7,25,28,4,2027-01-16 15:00:00,2027-01-30 15:00:00,0,2,5.207304522855811,0.0,0.0,5.040808729885361,0.0,0.0,0.0,0.0,0.0,0,0.0,0.0,0.010118918796700148,11.75,0,0,Crewe (H) · Grimsby (A) · Accrington (A) · Port Vale (H),,,,,,,upcoming,1.3018261307139527,1.2602021824713403
E3,Rochdale,8,29,32,4,2027-02-06 15:00:00,2027-02-20 15:00:00,0,2,5.306142364098659,0.0,0.0,5.120814843576513,0.0,0.0,0.0,0.0,0.0,0,0.0,0.0,-0.0180807104032861,14.0,0,0,Colchester (H) · Shrewsbury (A) · Gillingham (A) · Walsall (H),,,,,,,upcoming,1.3265355910246648,1.2802037108941282
E3,Rochdale,9,33,36,4,2027-02-27 15:00:00,2027-03-20 15:00:00,0,2,5.549968100956129,0.0,0.0,5.377467601567686,0.0,0.0,0.0,0.0,0.0,0,0.0,0.0,-0.08320920196224375,16.5,0,0,York (A) · Newport (H) · Crawley (A) · Northampton (H),,,,,,,upcoming,1.3874920252390321,1.3443669003919214
E3,Rochdale,10,37,40,4,2027-03-26 15:00:00,2027-04-10 15:00:00,0,2,4.914586089465125,0.0,0.0,4.721136525391193,0.0,0.0,0.0,0.0,0.0,0,0.0,0.0,0.09686244876367313,8.25,0,0,Chesterfield (A) · Rotherham (H) · Salford (A) · Exeter (H),,,,,,,upcoming,1.2286465223662812,1.1802841313477983
E3,Rochdale,11,41,44,4,2027-04-13 19:45:00,2027-04-27 19:45:00,0,2,5.359124666709079,0.0,0.0,5.2816121067763495,0.0,0.0,0.0,0.0,0.0,0,0.0,0.0,-0.0305226308146479,13.75,0,0,Tranmere (H) · Oldham (A) · Fleetwood (H) · Swindon (A),,,,,,,upcoming,1.3397811666772697,1.3204030266940874
E3,Rochdale,12,45,46,2,2027-05-01 15:00:00,2027-05-08 15:00:00,0,1,2.660279091305064,0.0,0.0,2.580946097883217,0.0,0.0,0.0,0.0,0.0,0,0.0,0.0,-0.016555080241542508,12.5,0,0,Barnet (A) · Cheltenham (H),,,,,,,upcoming,1.330139545652532,1.2904730489416085
E3,Rotherham,1,1,4,4,2026-08-15 15:00:00,2026-09-01 19:45:00,4,2,5.665830989955049,5.665830989955049,6.662247119454991,0.0,5.0,7.21,4.77,7.078741297277681,4.9936416494567775,4,6.0,6.0,-0.019975309746511127,13.5,0,0,Cheltenham (A) · York (H) · Chesterfield (H) · Tranmere (A),-0.6658309899550492,1.4129103073226315,-2.0787412972776806,-0.2579607529536923,0.706689436045575,0.7964371969299668,complete,1.4164577474887623,
E3,Rotherham,2,5,8,4,2026-09-05 15:00:00,2026-09-26 15:00:00,2,2,5.160251236281413,2.3462820973904908,3.135711194717363,2.894408050888946,1.0,3.48,2.66,3.2145506319337107,2.069934236554773,2,3.0,4.0,0.12032777322464465,8.0,0,0,Bristol Rovers (A) · Salford (H) · Northampton (A) · Crewe (H),-1.3462820973904908,0.86826853454322,-2.2145506319337107,-0.7602703303745554,0.6330097645967087,0.44709301289650893,in progress,1.2900628090703532,1.447204025444473
E3,Rotherham,3,9,12,4,2026-10-03 15:00:00,2026-10-20 19:45:00,0,2,6.019721130170631,0.0,0.0,6.153270369555281,0.0,0.0,0.0,0.0,0.0,0,0.0,0.0,-0.11605274874438018,17.75,0,0,Exeter (A) · Gillingham (H) · Fleetwood (A) · Newport (H),,,,,,,upcoming,1.5049302825426578,1.5383175923888202
E3,Rotherham,4,13,16,4,2026-10-24 15:00:00,2026-11-21 15:00:00,0,2,5.696750965616349,0.0,0.0,5.849109433718093,0.0,0.0,0.0,0.0,0.0,0,0.0,0.0,-0.0259425303677241,13.75,0,0,Shrewsbury (H) · Swindon (A) · Crawley (H) · Grimsby (A),,,,,,,upcoming,1.4241877414040873,1.4622773584295232
E3,Rotherham,5,17,20,4,2026-11-28 15:00:00,2026-12-19 15:00:00,0,2,5.26845175632505,0.0,0.0,5.367794647762167,0.0,0.0,0.0,0.0,0.0,0,0.0,0.0,0.09128124699759352,6.75,0,0,Oldham (H) · Barnet (A) · Walsall (H) · Port Vale (A),,,,,,,upcoming,1.3171129390812626,1.3419486619405419
E3,Rotherham,6,21,24,4,2026-12-26 15:00:00,2027-01-09 15:00:00,0,2,5.702450159326486,0.0,0.0,5.868995542799857,0.0,0.0,0.0,0.0,0.0,0,0.0,0.0,-0.029348984791529253,14.25,0,0,Rochdale (H) · Accrington (A) · Colchester (A) · Port Vale (H),,,,,,,upcoming,1.4256125398316215,1.4672488856999641
E3,Rotherham,7,25,28,4,2027-01-16 15:00:00,2027-01-30 15:00:00,0,2,6.037069677580191,0.0,0.0,6.207701914798617,0.0,0.0,0.0,0.0,0.0,0,0.0,0.0,-0.12045485976099712,18.0,0,0,Fleetwood (H) · Newport (A) · Shrewsbury (A) · Swindon (H),,,,,,,upcoming,1.5092674193950477,1.5519254786996544
E3,Rotherham,8,29,32,4,2027-02-06 15:00:00,2027-02-20 15:00:00,0,2,5.146076717027731,0.0,0.0,5.260293176970618,0.0,0.0,0.0,0.0,0.0,0,0.0,0.0,0.12743447620461484,7.0,0,0,Chesterfield (A) · Tranmere (H) · Bristol Rovers (H) · Salford (A),,,,,,,upcoming,1.2865191792569328,1.3150732942426544
E3,Rotherham,9,33,36,4,2027-02-27 15:00:00,2027-03-20 15:00:00,0,2,5.691418983125385,0.0,0.0,5.788762466113331,0.0,0.0,0.0,0.0,0.0,0,0.0,0.0,-0.02568653075349888,13.5,0,0,Crawley (A) · Cheltenham (H) · York (A) · Grimsby (H),,,,,,,upcoming,1.4228547457813463,1.4471906165283328
E3,Rotherham,10,37,40,4,2027-03-26 15:00:00,2027-04-10 15:00:00,0,2,5.800524959657537,0.0,0.0,5.953990787530446,0.0,0.0,0.0,0.0,0.0,0,0.0,0.0,-0.055624486979251424,15.75,0,0,Colchester (H) · Rochdale (A) · Accrington (H) · Walsall (A),,,,,,,upcoming,1.4501312399143842,1.4884976968826116
E3,Rotherham,11,41,44,4,2027-04-13 19:45:00,2027-04-27 19:45:00,0,2,5.680946395139989,0.0,0.0,5.807926765130887,0.0,0.0,0.0,0.0,0.0,0,0.0,0.0,-0.0229359013240896,14.5,0,0,Gillingham (A) · Northampton (H) · Crewe (A) · Exeter (H),,,,,,,upcoming,1.4202365987849972,1.4519816912827217
E3,Rotherham,12,45,46,2,2027-05-01 15:00:00,2027-05-08 15:00:00,0,1,2.600180186748225,0.0,0.0,2.655047223896018,0.0,0.0,0.0,0.0,0.0,0,0.0,0.0,0.108031964286378,5.5,0,0,Oldham (A) · Barnet (H),,,,,,,upcoming,1.3000900933741124,1.327523611948009
E3,Salford,1,1,4,4,2026-08-15 15:00:00,2026-09-01 19:45:00,4,2,6.693230379932496,6.693230379932496,6.460520056366942,0.0,3.0,5.01,4.859999999999999,5.388381337334077,6.760525257769931,4,3.0,6.0,-0.033138389130848156,13.25,0,0,Barnet (A) · Chesterfield (H) · Shrewsbury (A) · Newport (H),-3.693230379932496,-1.304849042598419,-2.388381337334077,-1.453023572045887,-0.6627517856443992,0.14621720935077742,complete,1.673307594983124,
E3,Salford,2,5,8,4,2026-09-05 12:30:00,2026-09-26 17:30:00,2,2,6.339311416022057,3.132462549206949,3.3354194463054494,3.1946626823388913,4.0,1.96,3.12,1.8634179867733498,3.2832469748807975,2,4.0,3.0,0.06612016845746632,8.0,0,0,Port Vale (H) · Rotherham (A) · Swindon (H) · Oldham (A),0.8675374507930509,-1.2690445624335993,2.13658201322665,0.4750212123419726,-0.8970693514285165,0.6347718539490019,in progress,1.5848278540055143,1.5973313411694456
E3,Salford,3,9,12,4,2026-10-03 15:00:00,2026-10-20 19:45:00,0,2,6.803662790395029,0.0,0.0,6.690276577098643,0.0,0.0,0.0,0.0,0.0,0,0.0,0.0,-0.06177163442438768,15.75,0,0,Fleetwood (H) · Cheltenham (A) · Crawley (H) · Bristol Rovers (A),,,,,,,upcoming,1.7009156975987572,1.6725691442746609
E3,Salford,4,13,16,4,2026-10-26 20:00:00,2026-11-21 15:00:00,0,2,6.832798728243668,0.0,0.0,6.694177126823955,0.0,0.0,0.0,0.0,0.0,0,0.0,0.0,-0.06864138490936608,16.25,0,0,Walsall (A) · Exeter (H) · Northampton (H) · Accrington (A),,,,,,,upcoming,1.708199682060917,1.6735442817059887
E3,Salford,5,17,20,4,2026-11-28 15:00:00,2026-12-17 20:00:00,0,2,6.672040407899787,0.0,0.0,6.589247210636883,0.0,0.0,0.0,0.0,0.0,0,0.0,0.0,-0.024289435728586398,14.75,0,0,Gillingham (H) · Tranmere (A) · Colchester (H) · Crewe (A),,,,,,,upcoming,1.6680101019749467,1.6473118026592208
E3,Salford,6,21,24,4,2026-12-26 15:00:00,2027-01-09 15:00:00,0,2,6.437378294568974,0.0,0.0,6.31845270382564,0.0,0.0,0.0,0.0,0.0,0,0.0,0.0,0.039412231769513695,10.5,0,0,Grimsby (H) · Rochdale (A) · York (A) · Crewe (H),,,,,,,upcoming,1.6093445736422436,1.57961317595641
E3,Salford,7,25,28,4,2027-01-16 15:00:00,2027-01-30 15:00:00,0,2,6.6092939398879365,0.0,0.0,6.441249581058013,0.0,0.0,0.0,0.0,0.0,0,0.0,0.0,-0.006872277833659526,12.75,0,0,Crawley (A) · Bristol Rovers (H) · Walsall (H) · Exeter (A),,,,,,,upcoming,1.6523234849719841,1.6103123952645033
E3,Salford,8,29,32,4,2027-02-06 15:00:00,2027-02-20 15:00:00,0,2,6.793546790716191,0.0,0.0,6.626310684515,0.0,0.0,0.0,0.0,0.0,0,0.0,0.0,-0.05818687434733694,14.5,0,0,Shrewsbury (H) · Newport (A) · Port Vale (A) · Rotherham (H),,,,,,,upcoming,1.6983866976790478,1.65657767112875
E3,Salford,9,33,36,4,2027-02-27 15:00:00,2027-03-20 15:00:00,0,2,6.511636934505913,0.0,0.0,6.391170403683586,0.0,0.0,0.0,0.0,0.0,0,0.0,0.0,0.017478220427761954,11.5,0,0,Northampton (A) · Barnet (H) · Chesterfield (A) · Accrington (H),,,,,,,upcoming,1.6279092336264782,1.5977926009208965
E3,Salford,10,37,40,4,2027-03-26 15:00:00,2027-04-10 15:00:00,0,2,6.416103563569135,0.0,0.0,6.304643540126877,0.0,0.0,0.0,0.0,0.0,0,0.0,0.0,0.044903104796742775,10.0,0,0,York (H) · Grimsby (A) · Rochdale (H) · Colchester (A),,,,,,,upcoming,1.6040258908922838,1.5761608850317192
E3,Salford,11,41,44,4,2027-04-13 19:45:00,2027-04-27 19:45:00,0,2,6.760470740680496,0.0,0.0,6.713959084585408,0.0,0.0,0.0,0.0,0.0,0,0.0,0.0,-0.04985030825390105,14.5,0,0,Cheltenham (H) · Swindon (A) · Oldham (H) · Fleetwood (A),,,,,,,upcoming,1.690117685170124,1.678489771146352
E3,Salford,12,45,46,2,2027-05-01 15:00:00,2027-05-08 15:00:00,0,1,3.3710865707567885,0.0,0.0,3.3428873513353423,0.0,0.0,0.0,0.0,0.0,0,0.0,0.0,-0.04505656076069635,15.5,0,0,Gillingham (A) · Tranmere (H),,,,,,,upcoming,1.6855432853783943,1.6714436756676712
E3,Shrewsbury,1,1,4,4,2026-08-15 15:00:00,2026-09-01 19:45:00,4,2,4.711063258967409,4.711063258967409,6.29799312364134,0.0,3.0,4.9,4.109999999999999,5.951490621818633,4.394012083282451,4,2.0,8.0,0.07686709408370394,9.75,0,0,Tranmere (A) · Barnet (H) · Salford (H) · Rochdale (A),-1.7110632589674086,1.2404273628512241,-2.9514906218186328,-0.6818125247872219,0.6381086349986915,0.4953575035173241,complete,1.1777658147418522,
E3,Shrewsbury,2,5,8,4,2026-09-05 12:30:00,2026-09-26 15:00:00,2,2,5.093805924856922,2.5913746361668513,3.2473589200833666,2.540283911664897,3.0,1.6400000000000001,1.3,2.9165505127393985,2.3714205833608135,2,2.0,2.0,-0.028619559922379825,15.0,0,0,Fleetwood (A) · Northampton (H) · Crewe (A) · Colchester (H),0.40862536383314874,0.3251758765725472,0.08344948726060153,0.22675672401596295,0.23295795660437457,0.8206129163687708,in progress,1.2734514812142306,1.2701419558324485
E3,Shrewsbury,3,9,12,4,2026-10-03 15:00:00,2026-10-20 19:45:00,0,2,4.926017912767649,0.0,0.0,4.950576197051102,0.0,0.0,0.0,0.0,0.0,0,0.0,0.0,0.019726144435205248,11.0,0,0,Grimsby (A) · Exeter (H) · Bristol Rovers (H) · Crawley (A),,,,,,,upcoming,1.2315044781919122,1.2376440492627756
E3,Shrewsbury,4,13,16,4,2026-10-24 15:00:00,2026-11-21 15:00:00,0,2,4.775846986296887,0.0,0.0,4.799486839949233,0.0,0.0,0.0,0.0,0.0,0,0.0,0.0,0.06193226441350475,8.75,0,0,Rotherham (A) · Gillingham (H) · Oldham (H) · Chesterfield (A),,,,,,,upcoming,1.1939617465742218,1.1998717099873082
E3,Shrewsbury,5,17,20,4,2026-11-28 15:00:00,2026-12-19 15:00:00,0,2,4.948333827901411,0.0,0.0,4.964470924685781,0.0,0.0,0.0,0.0,0.0,0,0.0,0.0,0.014512097435581323,11.25,0,0,Cheltenham (H) · York (A) · Port Vale (H) · Walsall (A),,,,,,,upcoming,1.2370834569753528,1.2411177311714452
E3,Shrewsbury,6,21,24,4,2026-12-26 15:00:00,2027-01-09 12:30:00,0,2,5.380536259340114,0.0,0.0,5.471122871624642,0.0,0.0,0.0,0.0,0.0,0,0.0,0.0,-0.10877508356863583,17.0,0,0,Swindon (H) · Newport (A) · Accrington (A) · Walsall (H),,,,,,,upcoming,1.3451340648350285,1.3677807179061605
E3,Shrewsbury,7,25,28,4,2027-01-16 15:00:00,2027-01-30 15:00:00,0,2,4.908321662253111,0.0,0.0,4.933333081429455,0.0,0.0,0.0,0.0,0.0,0,0.0,0.0,0.02713608373343215,11.0,0,0,Bristol Rovers (A) · Crawley (H) · Rotherham (H) · Gillingham (A),,,,,,,upcoming,1.2270804155632777,1.2333332703573638
E3,Shrewsbury,8,29,32,4,2027-02-06 15:00:00,2027-02-20 15:00:00,0,2,4.878807488626364,0.0,0.0,5.0484969439722045,0.0,0.0,0.0,0.0,0.0,0,0.0,0.0,0.03895855219108045,12.25,0,0,Salford (A) · Rochdale (H) · Fleetwood (H) · Northampton (A),,,,,,,upcoming,1.219701872156591,1.2621242359930511
E3,Shrewsbury,9,33,36,4,2027-02-27 15:00:00,2027-03-20 15:00:00,0,2,4.799382162532718,0.0,0.0,4.864007478141719,0.0,0.0,0.0,0.0,0.0,0,0.0,0.0,0.056793839815501075,9.0,0,0,Oldham (A) · Tranmere (H) · Barnet (A) · Chesterfield (H),,,,,,,upcoming,1.1998455406331796,1.2160018695354298
E3,Shrewsbury,10,37,40,4,2027-03-26 15:00:00,2027-04-10 15:00:00,0,2,5.308436360472693,0.0,0.0,5.4192588482733095,0.0,0.0,0.0,0.0,0.0,0,0.0,0.0,-0.08249958138091365,15.5,0,0,Accrington (H) · Swindon (A) · Newport (H) · Port Vale (A),,,,,,,upcoming,1.3271090901181732,1.3548147120683274
E3,Shrewsbury,11,41,44,4,2027-04-13 19:45:00,2027-04-27 19:45:00,0,2,4.964874538291712,0.0,0.0,5.0187607543871815,0.0,0.0,0.0,0.0,0.0,0,0.0,0.0,0.00701746727002045,12.25,0,0,Exeter (A) · Crewe (H) · Colchester (A) · Grimsby (H),,,,,,,upcoming,1.241218634572928,1.2546901885967954
E3,Shrewsbury,12,45,46,2,2027-05-01 15:00:00,2027-05-08 15:00:00,0,1,2.5748413605245677,0.0,0.0,2.576285087996569,0.0,0.0,0.0,0.0,0.0,0,0.0,0.0,-0.045506334837646406,14.5,0,0,Cheltenham (A) · York (H),,,,,,,upcoming,1.2874206802622838,1.2881425439982845
E3,Swindon,1,1,4,4,2026-08-15 15:00:00,2026-09-01 19:45:00,4,2,5.533368423840005,5.533368423840005,6.5032841558662895,0.0,7.0,2.6399999999999997,6.32,3.343552963856058,4.970100005937168,4,5.0,5.0,0.00023390909086487555,12.25,0,0,Northampton (A) · Cheltenham (H) · Oldham (A) · Port Vale (H),1.4666315761599948,-2.189815459983947,3.656447036143942,0.5751149613410748,-1.1085761401736065,0.5652135500693398,complete,1.3833421059600013,
E3,Swindon,2,5,8,4,2026-09-05 15:00:00,2026-09-26 15:00:00,2,2,5.353102348438182,2.6746651698097894,3.236216250156269,2.623181864122812,3.0,3.4000000000000004,4.85,2.044880379421098,2.1222569293095797,2,3.0,5.0,0.05423894984742843,11.0,0,0,Colchester (H) · York (A) · Salford (A) · Accrington (H),0.3253348301902106,-0.6297847903886913,0.9551196205789019,0.18084720202989818,-0.4519576852205527,0.8564875120497735,in progress,1.3382755871095455,1.311590932061406
E3,Swindon,3,9,12,4,2026-10-03 15:00:00,2026-10-20 19:45:00,0,2,5.436726566765836,0.0,0.0,5.276746945950407,0.0,0.0,0.0,0.0,0.0,0,0.0,0.0,0.027289436798700873,11.25,0,0,Rochdale (A) · Crewe (H) · Walsall (H) · Barnet (A),,,,,,,upcoming,1.359181641691459,1.3191867364876018
E3,Swindon,4,13,16,4,2026-10-24 12:30:00,2026-11-21 12:30:00,0,2,5.470316674950805,0.0,0.0,5.231052853860005,0.0,0.0,0.0,0.0,0.0,0,0.0,0.0,0.018258310031272346,9.75,0,0,Bristol Rovers (A) · Rotherham (H) · Grimsby (H) · Newport (A),,,,,,,upcoming,1.3675791687377012,1.3077632134650012
E3,Swindon,5,17,20,4,2026-11-28 15:00:00,2026-12-19 15:00:00,0,2,5.6002728142618965,0.0,0.0,5.45201902207563,0.0,0.0,0.0,0.0,0.0,0,0.0,0.0,-0.018670090814389247,13.75,0,0,Chesterfield (H) · Gillingham (A) · Fleetwood (A) · Tranmere (H),,,,,,,upcoming,1.4000682035654741,1.3630047555189075
E3,Swindon,6,21,24,4,2026-12-26 15:00:00,2027-01-09 15:00:00,0,2,5.956267737084746,0.0,0.0,5.782718025331512,0.0,0.0,0.0,0.0,0.0,0,0.0,0.0,-0.11572532881233137,19.25,0,0,Shrewsbury (A) · Exeter (H) · Crawley (H) · Tranmere (A),,,,,,,upcoming,1.4890669342711864,1.445679506332878
E3,Swindon,7,25,28,4,2027-01-16 15:00:00,2027-01-30 15:00:00,0,2,5.160868425343006,0.0,0.0,4.898731332075676,0.0,0.0,0.0,0.0,0.0,0,0.0,0.0,0.10123604970248502,6.25,0,0,Walsall (A) · Barnet (H) · Bristol Rovers (H) · Rotherham (A),,,,,,,upcoming,1.2902171063357515,1.224682833018919
E3,Swindon,8,29,32,4,2027-02-06 15:00:00,2027-02-20 15:00:00,0,2,5.267020017309289,0.0,0.0,5.064960146590373,0.0,0.0,0.0,0.0,0.0,0,0.0,0.0,0.07317559720569583,8.25,0,0,Oldham (H) · Port Vale (A) · Colchester (A) · York (H),,,,,,,upcoming,1.3167550043273222,1.2662400366475932
E3,Swindon,9,33,36,4,2027-02-27 15:00:00,2027-03-20 15:00:00,0,2,5.852835325029189,0.0,0.0,5.695520499288675,0.0,0.0,0.0,0.0,0.0,0,0.0,0.0,-0.08646322957856722,16.0,0,0,Grimsby (A) · Northampton (H) · Cheltenham (A) · Newport (H),,,,,,,upcoming,1.4632088312572973,1.4238801248221689
E3,Swindon,10,37,40,4,2027-03-26 15:00:00,2027-04-10 15:00:00,0,2,5.952334443416999,0.0,0.0,5.76900903934674,0.0,0.0,0.0,0.0,0.0,0,0.0,0.0,-0.11464499691868452,19.0,0,0,Crawley (A) · Shrewsbury (H) · Exeter (A) · Fleetwood (H),,,,,,,upcoming,1.4880836108542497,1.442252259836685
E3,Swindon,11,41,44,4,2027-04-13 19:45:00,2027-04-27 19:45:00,0,2,5.487250508136517,0.0,0.0,5.375889220597995,0.0,0.0,0.0,0.0,0.0,0,0.0,0.0,0.012072188438652905,13.75,0,0,Crewe (A) · Salford (H) · Accrington (A) · Rochdale (H),,,,,,,upcoming,1.3718126270341293,1.3439723051494987
E3,Swindon,12,45,46,2,2027-05-01 15:00:00,2027-05-08 15:00:00,0,1,2.642343473232438,0.0,0.0,2.5378170922130776,0.0,0.0,0.0,0.0,0.0,0,0.0,0.0,0.0694427759753837,9.0,0,0,Chesterfield (A) · Gillingham (H),,,,,,,upcoming,1.321171736616219,1.2689085461065388
E3,Tranmere,1,1,4,4,2026-08-15 15:00:00,2026-09-01 19:45:00,4,2,5.251126420218504,5.251126420218504,6.441149058894015,0.0,6.0,4.58,6.8100000000000005,3.9686176703352127,5.584502839447026,4,7.0,5.0,-0.05818687434733695,14.5,0,0,Shrewsbury (H) · Port Vale (A) · Newport (A) · Rotherham (H),0.7488735797814963,-1.282508749883291,2.0313823296647873,0.2950712076822723,-0.6523836027398678,0.7679394839392673,complete,1.312781605054626,
E3,Tranmere,2,5,8,4,2026-09-05 15:00:00,2026-09-26 15:00:00,2,2,5.022899906915075,2.443355617644329,3.1738000011541083,2.506488421678783,3.0,3.05,4.04,2.1716400498154447,2.549150876140096,2,2.0,2.0,0.0026177647937528263,12.0,0,0,Oldham (H) · Gillingham (A) · Exeter (A) · Walsall (H),0.556644382355671,-0.2717155678288843,0.8283599501845553,0.312455412810326,-0.19690154264563978,0.7546944433717127,in progress,1.2557249767287688,1.2532442108393915
E3,Tranmere,3,9,12,4,2026-10-03 12:30:00,2026-10-20 19:45:00,0,2,4.841947604054596,0.0,0.0,4.791704042685531,0.0,0.0,0.0,0.0,0.0,0,0.0,0.0,0.05473150155334493,9.75,0,0,Chesterfield (A) · Rochdale (H) · Barnet (H) · Northampton (A),,,,,,,upcoming,1.210486901013649,1.1979260106713827
E3,Tranmere,4,13,16,4,2026-10-24 15:00:00,2026-11-21 15:00:00,0,2,5.4167963428196195,0.0,0.0,5.370507206656086,0.0,0.0,0.0,0.0,0.0,0,0.0,0.0,-0.10588096433872045,18.5,0,0,Crawley (A) · Cheltenham (H) · Fleetwood (A) · Colchester (H),,,,,,,upcoming,1.3541990857049049,1.3426268016640215
E3,Tranmere,5,17,20,4,2026-11-28 12:30:00,2026-12-19 15:00:00,0,2,4.4824736851341145,0.0,0.0,4.399641265375894,0.0,0.0,0.0,0.0,0.0,0,0.0,0.0,0.15560594241118678,5.0,0,0,Bristol Rovers (A) · Salford (H) · York (H) · Swindon (A),,,,,,,upcoming,1.1206184212835286,1.0999103163439734
E3,Tranmere,6,21,24,4,2026-12-26 15:00:00,2027-01-09 15:00:00,0,2,5.096608433810161,0.0,0.0,5.054244119024932,0.0,0.0,0.0,0.0,0.0,0,0.0,0.0,-0.014512556213773129,13.0,0,0,Accrington (H) · Crewe (A) · Grimsby (A) · Swindon (H),,,,,,,upcoming,1.2741521084525402,1.263561029756233
E3,Tranmere,7,25,28,4,2027-01-16 15:00:00,2027-01-30 15:00:00,0,2,5.201982638914715,0.0,0.0,5.147017550209441,0.0,0.0,0.0,0.0,0.0,0,0.0,0.0,-0.044007038177577354,15.0,0,0,Barnet (A) · Northampton (H) · Crawley (H) · Cheltenham (A),,,,,,,upcoming,1.3004956597286788,1.2867543875523602
E3,Tranmere,8,29,32,4,2027-02-06 15:00:00,2027-02-20 15:00:00,0,2,5.186759250807485,0.0,0.0,5.081140982932697,0.0,0.0,0.0,0.0,0.0,0,0.0,0.0,-0.03937161788040288,13.25,0,0,Newport (H) · Rotherham (A) · Oldham (A) · Gillingham (H),,,,,,,upcoming,1.2966898127018713,1.2702852457331741
E3,Tranmere,9,33,36,4,2027-02-27 15:00:00,2027-03-20 15:00:00,0,2,5.115477994941121,0.0,0.0,5.037252543501756,0.0,0.0,0.0,0.0,0.0,0,0.0,0.0,-0.022668406637296846,14.0,0,0,Fleetwood (H) · Shrewsbury (A) · Port Vale (H) · Colchester (A),,,,,,,upcoming,1.2788694987352802,1.259313135875439
E3,Tranmere,10,37,40,4,2027-03-26 15:00:00,2027-04-10 15:00:00,0,2,5.0275498909176815,0.0,0.0,4.899250348905946,0.0,0.0,0.0,0.0,0.0,0,0.0,0.0,0.002158950643930721,12.25,0,0,Grimsby (H) · Accrington (A) · Crewe (H) · York (A),,,,,,,upcoming,1.2568874727294204,1.2248125872264866
E3,Tranmere,11,41,44,4,2027-04-13 19:45:00,2027-04-27 19:45:00,0,2,5.037250958957054,0.0,0.0,4.936085026559062,0.0,0.0,0.0,0.0,0.0,0,0.0,0.0,-0.0006715096436825767,12.5,0,0,Rochdale (A) · Exeter (H) · Walsall (A) · Chesterfield (H),,,,,,,upcoming,1.2593127397392636,1.2340212566397655
E3,Tranmere,12,45,46,2,2027-05-01 15:00:00,2027-05-08 15:00:00,0,1,2.087927695369105,0.0,0.0,2.038565762398168,0.0,0.0,0.0,0.0,0.0,0,0.0,0.0,0.24931323706460556,1.5,0,0,Bristol Rovers (H) · Salford (A),,,,,,,upcoming,1.0439638476845525,1.019282881199084
E3,Walsall,1,1,4,4,2026-08-15 15:00:00,2026-09-01 19:45:00,4,2,5.571140405307215,5.571140405307215,6.520337271360333,0.0,8.0,8.28,6.84,6.440291001956264,5.315118272054164,4,8.0,4.0,-0.016943839756847406,13.5,0,0,Gillingham (A) · Grimsby (H) · Accrington (H) · Crewe (A),2.428859594692785,0.8691505966490487,1.5597089980437362,0.9511902279322568,0.439424611178073,0.3415078181752178,complete,1.3927851013268038,
E3,Walsall,2,5,8,4,2026-09-05 15:00:00,2026-09-26 15:00:00,2,2,5.62181195590845,2.8862474266980582,3.3148185500211156,2.80386562659296,2.0,3.12,1.56,3.774326343309043,3.155524161168805,2,0.0,0.0,-0.03164567582400042,14.25,0,0,Exeter (A) · Rochdale (H) · Port Vale (H) · Tranmere (A),-0.8862474266980582,0.8880789166109846,-1.7743263433090428,-0.48677145979896674,0.6297179230536879,0.6264202978351394,in progress,1.4054529889771126,1.40193281329648
E3,Walsall,3,9,12,4,2026-10-03 15:00:00,2026-10-20 19:45:00,0,2,5.649023163020844,0.0,0.0,5.817378183983204,0.0,0.0,0.0,0.0,0.0,0,0.0,0.0,-0.03831339240366555,14.25,0,0,Crawley (H) · Fleetwood (A) · Swindon (A) · Oldham (H),,,,,,,upcoming,1.412255790755211,1.454344545995801
E3,Walsall,4,13,16,4,2026-10-26 20:00:00,2026-11-21 15:00:00,0,2,4.987479986772636,0.0,0.0,5.06327176922939,0.0,0.0,0.0,0.0,0.0,0,0.0,0.0,0.14264374665260982,6.0,0,0,Salford (H) · Colchester (A) · Barnet (H) · York (A),,,,,,,upcoming,1.246869996693159,1.2658179423073475
E3,Walsall,5,17,20,4,2026-11-28 15:00:00,2026-12-19 15:00:00,0,2,5.842304372682335,0.0,0.0,5.901772688995031,0.0,0.0,0.0,0.0,0.0,0,0.0,0.0,-0.09066008898832478,16.75,0,0,Northampton (H) · Newport (A) · Rotherham (A) · Shrewsbury (H),,,,,,,upcoming,1.4605760931705838,1.4754431722487578
E3,Walsall,6,21,24,4,2026-12-26 15:00:00,2027-01-09 12:30:00,0,2,5.517012294056487,0.0,0.0,5.54019477836455,0.0,0.0,0.0,0.0,0.0,0,0.0,0.0,-0.0007237065567513787,12.5,0,0,Bristol Rovers (A) · Chesterfield (H) · Cheltenham (H) · Shrewsbury (A),,,,,,,upcoming,1.3792530735141217,1.3850486945911376
E3,Walsall,7,25,28,4,2027-01-16 15:00:00,2027-01-30 15:00:00,0,2,5.147047012262248,0.0,0.0,5.3132373843920515,0.0,0.0,0.0,0.0,0.0,0,0.0,0.0,0.1034161366054032,8.0,0,0,Swindon (H) · Oldham (A) · Salford (A) · Colchester (H),,,,,,,upcoming,1.286761753065562,1.3283093460980129
E3,Walsall,8,29,32,4,2027-02-06 15:00:00,2027-02-20 15:00:00,0,2,5.837171317775098,0.0,0.0,5.955644326990523,0.0,0.0,0.0,0.0,0.0,0,0.0,0.0,-0.08992492232376895,17.75,0,0,Accrington (A) · Crewe (H) · Exeter (H) · Rochdale (A),,,,,,,upcoming,1.4592928294437746,1.4889110817476308
E3,Walsall,9,33,36,4,2027-02-27 15:00:00,2027-03-20 15:00:00,0,2,5.154306549662647,0.0,0.0,5.199852999724393,0.0,0.0,0.0,0.0,0.0,0,0.0,0.0,0.09889738660436154,6.5,0,0,Barnet (A) · Gillingham (H) · Grimsby (A) · York (H),,,,,,,upcoming,1.2885766374156618,1.2999632499310982
E3,Walsall,10,37,40,4,2027-03-26 15:00:00,2027-04-10 15:00:00,0,2,5.359618202319567,0.0,0.0,5.369075870071674,0.0,0.0,0.0,0.0,0.0,0,0.0,0.0,0.040905305935856895,9.75,0,0,Cheltenham (A) · Bristol Rovers (H) · Chesterfield (A) · Rotherham (H),,,,,,,upcoming,1.3399045505798917,1.3422689675179185
E3,Walsall,11,41,44,4,2027-04-13 19:45:00,2027-04-27 19:45:00,0,2,5.720589714578277,0.0,0.0,5.867825554696336,0.0,0.0,0.0,0.0,0.0,0,0.0,0.0,-0.05664776221789937,15.75,0,0,Fleetwood (H) · Port Vale (A) · Tranmere (H) · Crawley (A),,,,,,,upcoming,1.4301474286445692,1.466956388674084
E3,Walsall,12,45,46,2,2027-05-01 15:00:00,2027-05-08 15:00:00,0,1,3.0188765998813683,0.0,0.0,3.086829094403683,0.0,0.0,0.0,0.0,0.0,0,0.0,0.0,-0.1439859007873121,19.0,0,0,Northampton (A) · Newport (H),,,,,,,upcoming,1.5094382999406841,1.5434145472018415
E3,York,1,1,4,4,2026-08-15 15:00:00,2026-09-01 19:45:00,4,2,5.8216687636867,5.8216687636867,6.618674886118978,0.0,7.0,7.72,5.8,6.717197880088543,6.645516221242191,4,8.0,7.0,-0.012423138068266427,12.5,0,0,Bristol Rovers (H) · Rotherham (A) · Exeter (H) · Cheltenham (A),1.1783312363132996,0.8955291164018426,0.282802119911457,0.45801728298871436,0.44938498867553006,0.6469400245298851,complete,1.455417190921675,
E3,York,2,5,8,4,2026-09-05 15:00:00,2026-09-26 15:00:00,2,2,5.6378971455373765,2.8750037290284625,3.3133336598861742,2.823717168119627,4.0,5.13,1.8699999999999999,4.6334108639763425,3.416556234721568,2,5.0,1.0,0.038234282310548276,10.75,0,0,Crewe (A) · Swindon (H) · Chesterfield (A) · Gillingham (H),1.1249962709715375,1.75840713494788,-0.6334108639763425,0.6180427220890474,1.2471285626023334,0.536547177292366,in progress,1.4094742863843441,1.4118585840598135
E3,York,3,9,12,4,2026-10-03 15:00:00,2026-10-20 19:45:00,0,2,6.08793513987171,0.0,0.0,6.265083934290415,0.0,0.0,0.0,0.0,0.0,0,0.0,0.0,-0.08382566186614568,16.0,0,0,Barnet (A) · Northampton (H) · Newport (A) · Accrington (H),,,,,,,upcoming,1.5219837849679274,1.5662709835726039
E3,York,4,13,16,4,2026-10-24 15:00:00,2026-11-21 15:00:00,0,2,5.570164765921113,0.0,0.0,5.745989220683122,0.0,0.0,0.0,0.0,0.0,0,0.0,0.0,0.05649309544335795,9.0,0,0,Port Vale (H) · Grimsby (A) · Rochdale (A) · Walsall (H),,,,,,,upcoming,1.3925411914802783,1.4364973051707806
E3,York,5,17,20,4,2026-11-28 15:00:00,2026-12-19 15:00:00,0,2,6.109161468536235,0.0,0.0,6.294097397029858,0.0,0.0,0.0,0.0,0.0,0,0.0,0.0,-0.09054578898888868,18.25,0,0,Colchester (A) · Shrewsbury (H) · Tranmere (A) · Crawley (H),,,,,,,upcoming,1.5272903671340587,1.5735243492574644
E3,York,6,21,24,4,2026-12-26 15:00:00,2027-01-09 15:00:00,0,2,5.6542962338314275,0.0,0.0,5.870093771641243,0.0,0.0,0.0,0.0,0.0,0,0.0,0.0,0.033230128864218944,12.0,0,0,Oldham (A) · Fleetwood (H) · Salford (H) · Crawley (A),,,,,,,upcoming,1.4135740584578569,1.4675234429103108
E3,York,7,25,28,4,2027-01-16 15:00:00,2027-01-30 15:00:00,0,2,5.987712981164579,0.0,0.0,6.148154337466669,0.0,0.0,0.0,0.0,0.0,0,0.0,0.0,-0.05754518628929778,14.0,0,0,Newport (H) · Accrington (A) · Port Vale (A) · Grimsby (H),,,,,,,upcoming,1.4969282452911448,1.5370385843666672
E3,York,8,29,32,4,2027-02-06 15:00:00,2027-02-20 15:00:00,0,2,6.020104721474439,0.0,0.0,6.2209157506089845,0.0,0.0,0.0,0.0,0.0,0,0.0,0.0,-0.06636536944820798,16.0,0,0,Exeter (A) · Cheltenham (H) · Crewe (H) · Swindon (A),,,,,,,upcoming,1.5050261803686098,1.5552289376522461
E3,York,9,33,36,4,2027-02-27 15:00:00,2027-03-20 15:00:00,0,2,5.597257409489073,0.0,0.0,5.712279422944814,0.0,0.0,0.0,0.0,0.0,0,0.0,0.0,0.05008453402288662,9.5,0,0,Rochdale (H) · Bristol Rovers (A) · Rotherham (H) · Walsall (A),,,,,,,upcoming,1.3993143523722682,1.4280698557362035
E3,York,10,37,40,4,2027-03-26 15:00:00,2027-04-10 15:00:00,0,2,5.637121032306973,0.0,0.0,5.8668464389042505,0.0,0.0,0.0,0.0,0.0,0,0.0,0.0,0.041020890453236605,11.5,0,0,Salford (A) · Oldham (H) · Fleetwood (A) · Tranmere (H),,,,,,,upcoming,1.4092802580767432,1.4667116097260626
E3,York,11,41,44,4,2027-04-13 19:45:00,2027-04-27 19:45:00,0,2,5.509302956323241,0.0,0.0,5.668283153764021,0.0,0.0,0.0,0.0,0.0,0,0.0,0.0,0.07230459953411325,8.75,0,0,Northampton (A) · Chesterfield (H) · Gillingham (A) · Barnet (H),,,,,,,upcoming,1.3773257390808102,1.4170707884410052
E3,York,12,45,46,2,2027-05-01 15:00:00,2027-05-08 15:00:00,0,1,2.9915857050125725,0.0,0.0,3.0618521913808636,0.0,0.0,0.0,0.0,0.0,0,0.0,0.0,-0.05656643340828615,16.5,0,0,Colchester (H) · Shrewsbury (A),,,,,,,upcoming,1.4957928525062862,1.5309260956904318
