div,team,block,first_game,last_game,games,start,end,played,home_games,mkt_xP,mkt_xP_played,mkt_var_played,now_xP,pts,xg,xga,xg_xP,cl_xP,cl_n,gf,ga,avg_opp_rating,avg_opp_rank,congested,moved,fixtures,pts_vs_mkt,xgxp_vs_mkt,luck,z,z_xg,p_chance,status,mkt_ppg,now_ppg
E0,Arsenal,1,1,4,4,2026-08-21 20:00:00,2026-09-12 20:00:00,4,2,8.255161635101315,8.255161635101315,5.622892505055366,0.0,12.0,7.73,2.88,8.7171135854136,6.813768843617489,3,8.0,1.0,-0.05223835178075828,11.75,1,0,Coventry (H) · Aston Villa (A) · Chelsea (H) · Sunderland (A),3.744838364898685,0.46195195031228486,3.2828864145864003,1.579258368375554,0.2515019109807728,0.11427680676868168,complete,2.0637904087753287,
E0,Arsenal,2,5,8,4,2026-09-19 15:00:00,2026-10-24 15:00:00,1,2,8.451913708735944,1.858110715037952,1.6323845387263165,6.528050354880629,0.0,1.37,1.52,1.264156384177747,0.0,0,0.0,3.0,-0.0859056726531292,11.25,2,0,Brighton (A) · Leeds (H) · Nott'm Forest (A) · Everton (H),-1.858110715037952,-0.5939543308602051,-1.264156384177747,-1.454321255039178,-0.6001588185138116,0.14585726025425583,in progress,2.112978427183986,2.17601678496021
E0,Arsenal,3,9,12,4,2026-11-01 16:30:00,2026-11-29 16:30:00,0,2,7.644845686509201,0.0,0.0,7.670748147269624,0.0,0.0,0.0,0.0,0.0,0,0.0,0.0,0.07301376184196283,8.5,2,0,Liverpool (A) · Hull (H) · Newcastle (A) · Man City (H),,,,,,,upcoming,1.9112114216273002,1.917687036817406
E0,Arsenal,4,13,16,4,2026-12-02 20:00:00,2026-12-19 15:00:00,0,2,7.697193804882968,0.0,0.0,7.650626816917665,0.0,0.0,0.0,0.0,0.0,0,0.0,0.0,0.12249639257981262,8.25,1,0,Brentford (A) · Tottenham (A) · Bournemouth (H) · Man Utd (H),,,,,,,upcoming,1.924298451220742,1.9126567042294162
E0,Arsenal,5,17,20,4,2026-12-27 19:00:00,2027-01-05 19:30:00,0,2,8.998128661408149,0.0,0.0,8.927963382699229,0.0,0.0,0.0,0.0,0.0,0,0.0,0.0,-0.2577070676435099,15.5,0,0,Crystal Palace (A) · Fulham (A) · Ipswich (H) · Brentford (H),,,,,,,upcoming,2.2495321653520373,2.231990845674807
E0,Arsenal,6,21,24,4,2027-01-16 15:00:00,2027-02-06 15:00:00,0,2,7.766186308333978,0.0,0.0,7.7762765093391595,0.0,0.0,0.0,0.0,0.0,0,0.0,0.0,0.07301376184196283,8.5,2,0,Hull (A) · Newcastle (H) · Man City (A) · Liverpool (H),,,,,,,upcoming,1.9415465770834945,1.9440691273347899
E0,Arsenal,7,25,28,4,2027-02-10 20:00:00,2027-03-03 20:00:00,0,2,8.50741292501897,0.0,0.0,8.450824926716997,0.0,0.0,0.0,0.0,0.0,0,0.0,0.0,-0.1216101268655231,13.5,0,0,Ipswich (A) · Fulham (H) · Man Utd (A) · Crystal Palace (H),,,,,,,upcoming,2.1268532312547426,2.1127062316792493
E0,Arsenal,8,29,32,4,2027-03-13 15:00:00,2027-04-17 15:00:00,0,2,8.277555178840286,0.0,0.0,8.280155817742862,0.0,0.0,0.0,0.0,0.0,0,0.0,0.0,-0.05223835178075828,11.75,0,0,Chelsea (A) · Sunderland (H) · Coventry (A) · Aston Villa (H),,,,,,,upcoming,2.0693887947100715,2.0700389544357156
E0,Arsenal,9,33,36,4,2027-04-24 15:00:00,2027-05-15 15:00:00,0,2,8.30467384182543,0.0,0.0,8.243672023564391,0.0,0.0,0.0,0.0,0.0,0,0.0,0.0,-0.03900281658174052,11.0,0,0,Bournemouth (A) · Tottenham (H) · Leeds (A) · Nott'm Forest (H),,,,,,,upcoming,2.0761684604563575,2.060918005891098
E0,Arsenal,10,37,38,2,2027-05-23 15:00:00,2027-05-30 16:00:00,0,1,4.130026705180435,0.0,0.0,4.101639819234533,0.0,0.0,0.0,0.0,0.0,0,0.0,0.0,-0.024499719683897803,9.0,0,0,Everton (A) · Brighton (H),,,,,,,upcoming,2.0650133525902175,2.0508199096172666
E0,Aston Villa,1,1,4,4,2026-08-23 14:00:00,2026-09-12 15:00:00,4,2,6.239996774653907,6.239996774653907,6.270739207927621,0.0,1.0,3.18,7.57,3.2549818082368676,3.2787931522213607,3,1.0,7.0,-0.048758827641661,10.5,1,0,Brighton (A) · Arsenal (H) · Hull (A) · Nott'm Forest (H),-5.239996774653907,-2.9850149664170393,-2.2549818082368676,-2.092529792345673,-1.5389039630634045,0.03639114955869727,complete,1.5599991936634767,
E0,Aston Villa,2,5,8,4,2026-09-19 12:30:00,2026-10-24 12:30:00,1,2,5.335606770823723,1.1263427522866762,1.5851158250491504,4.113449031354829,3.0,1.53,1.45,1.419796502572205,0.0,0,3.0,2.0,0.18684747630980603,7.25,2,0,Tottenham (A) · Brentford (H) · Newcastle (A) · Man City (H),1.8736572477133238,0.2934537502855288,1.580203497427795,1.488194333155849,0.3009078641095093,0.13669965129736417,in progress,1.3339016927059308,1.3711496771182763
E0,Aston Villa,3,9,12,4,2026-10-31 20:00:00,2026-11-28 17:30:00,0,2,6.625614909991336,0.0,0.0,6.350890825017711,0.0,0.0,0.0,0.0,0.0,0,0.0,0.0,-0.14225208254777583,14.0,2,0,Fulham (H) · Man Utd (A) · Sunderland (H) · Ipswich (A),,,,,,,upcoming,1.656403727497834,1.5877227062544277
E0,Aston Villa,4,13,16,4,2026-12-02 20:00:00,2026-12-19 15:00:00,0,2,6.422177485882857,0.0,0.0,6.304532008490655,0.0,0.0,0.0,0.0,0.0,0,0.0,0.0,-0.08946848844116086,12.0,1,0,Everton (H) · Crystal Palace (H) · Coventry (A) · Chelsea (A),,,,,,,upcoming,1.6055443714707143,1.5761330021226638
E0,Aston Villa,5,17,20,4,2026-12-26 12:30:00,2027-01-05 19:30:00,0,2,5.9159299618625765,0.0,0.0,5.715260441465891,0.0,0.0,0.0,0.0,0.0,0,0.0,0.0,0.035759829978136315,9.5,0,0,Leeds (H) · Liverpool (H) · Bournemouth (A) · Everton (A),,,,,,,upcoming,1.4789824904656441,1.4288151103664728
E0,Aston Villa,6,21,24,4,2027-01-16 15:00:00,2027-02-06 15:00:00,0,2,6.5890850311221865,0.0,0.0,6.3078042275973285,0.0,0.0,0.0,0.0,0.0,0,0.0,0.0,-0.14225208254777583,14.0,2,0,Man Utd (H) · Fulham (A) · Ipswich (H) · Sunderland (A),,,,,,,upcoming,1.6472712577805466,1.5769510568993321
E0,Aston Villa,7,25,28,4,2027-02-10 20:00:00,2027-03-03 20:00:00,0,2,5.455280645037916,0.0,0.0,5.291624923988017,0.0,0.0,0.0,0.0,0.0,0,0.0,0.0,0.15990878370177625,8.25,0,0,Bournemouth (H) · Leeds (A) · Chelsea (H) · Liverpool (A),,,,,,,upcoming,1.363820161259479,1.3229062309970043
E0,Aston Villa,8,29,32,4,2027-03-13 15:00:00,2027-04-17 15:00:00,0,2,6.2287052645509675,0.0,0.0,5.976078083281528,0.0,0.0,0.0,0.0,0.0,0,0.0,0.0,-0.04875882764166101,10.5,0,0,Hull (H) · Nott'm Forest (A) · Brighton (H) · Arsenal (A),,,,,,,upcoming,1.5571763161377419,1.494019520820382
E0,Aston Villa,9,33,36,4,2027-04-24 15:00:00,2027-05-15 15:00:00,0,2,6.822061872889346,0.0,0.0,6.6789747354471825,0.0,0.0,0.0,0.0,0.0,0,0.0,0.0,-0.2011746616465229,13.5,0,0,Coventry (H) · Crystal Palace (A) · Brentford (A) · Newcastle (H),,,,,,,upcoming,1.7055154682223366,1.6697436838617956
E0,Aston Villa,10,37,38,2,2027-05-23 15:00:00,2027-05-30 16:00:00,0,1,2.23191672441769,0.0,0.0,2.2189619312548845,0.0,0.0,0.0,0.0,0.0,0,0.0,0.0,0.42929559732147893,4.0,0,0,Man City (A) · Tottenham (H),,,,,,,upcoming,1.115958362208845,1.1094809656274423
E0,Bournemouth,1,1,4,4,2026-08-23 14:00:00,2026-09-12 15:00:00,4,2,4.781932237349878,4.781932237349878,6.050223415137863,0.0,3.0,6.72,4.55,6.887394913511127,3.6359862359767785,3,6.0,7.0,0.10915040337165752,8.25,0,0,Man City (A) · Everton (H) · Newcastle (A) · Brentford (H),-1.7819322373498778,2.105462676161249,-3.8873949135111268,-0.7244450992000198,1.1050609079585625,0.46879252071709754,complete,1.1954830593374695,
E0,Bournemouth,2,5,8,4,2026-09-20 14:00:00,2026-10-25 14:00:00,1,2,4.168570698136393,0.9781170046331842,1.4727116666243103,3.266165557825233,0.0,1.12,1.53,1.0768332540654963,0.0,0,0.0,1.0,0.2704372945315726,7.25,2,0,Liverpool (H) · Chelsea (A) · Sunderland (H) · Man Utd (A),-0.9781170046331842,0.09871624943231216,-1.0768332540654963,-0.8059942537949496,0.10501568217160315,0.4202461623601599,in progress,1.0421426745340983,1.088721852608411
E0,Bournemouth,3,9,12,4,2026-10-31 15:00:00,2026-11-29 14:05:00,0,2,6.125732030422364,0.0,0.0,6.151404564273362,0.0,0.0,0.0,0.0,0.0,0,0.0,0.0,-0.25997203749058423,15.5,2,0,Leeds (H) · Ipswich (A) · Nott'm Forest (H) · Fulham (A),,,,,,,upcoming,1.531433007605591,1.5378511410683404
E0,Bournemouth,4,13,16,4,2026-12-02 20:00:00,2026-12-19 15:00:00,0,3,6.0914854409488095,0.0,0.0,6.122796356557572,0.0,0.0,0.0,0.0,0.0,0,0.0,0.0,-0.14475512679983638,11.75,1,0,Brighton (H) · Hull (H) · Arsenal (A) · Coventry (H),,,,,,,upcoming,1.5228713602372024,1.530699089139393
E0,Bournemouth,5,17,20,4,2026-12-26 15:00:00,2027-01-05 19:30:00,0,1,4.5823809961968704,0.0,0.0,4.80931048224261,0.0,0.0,0.0,0.0,0.0,0,0.0,0.0,0.05593368325395023,9.0,0,0,Tottenham (A) · Crystal Palace (A) · Aston Villa (H) · Brighton (A),,,,,,,upcoming,1.1455952490492176,1.2023276205606526
E0,Bournemouth,6,21,24,4,2027-01-16 15:00:00,2027-02-06 15:00:00,0,2,6.120611650524236,0.0,0.0,6.147995385279727,0.0,0.0,0.0,0.0,0.0,0,0.0,0.0,-0.25997203749058423,15.5,2,0,Ipswich (H) · Nott'm Forest (A) · Fulham (H) · Leeds (A),,,,,,,upcoming,1.530152912631059,1.5369988463199318
E0,Bournemouth,7,25,28,4,2027-02-10 20:00:00,2027-03-03 20:00:00,0,2,5.42873897806144,0.0,0.0,5.6713730906654,0.0,0.0,0.0,0.0,0.0,0,0.0,0.0,-0.07804827688399697,11.5,0,0,Aston Villa (A) · Crystal Palace (H) · Coventry (A) · Tottenham (H),,,,,,,upcoming,1.35718474451536,1.41784327266635
E0,Bournemouth,8,29,32,4,2027-03-13 15:00:00,2027-04-17 15:00:00,0,2,4.7108847514616725,0.0,0.0,4.875464622545718,0.0,0.0,0.0,0.0,0.0,0,0.0,0.0,0.10915040337165752,8.25,0,0,Newcastle (H) · Brentford (A) · Man City (H) · Everton (A),,,,,,,upcoming,1.1777211878654181,1.2188661556364295
E0,Bournemouth,9,33,36,4,2027-04-24 15:00:00,2027-05-15 15:00:00,0,2,5.086373965214614,0.0,0.0,5.118127514619399,0.0,0.0,0.0,0.0,0.0,0,0.0,0.0,0.01754759228442543,10.5,0,0,Arsenal (H) · Hull (A) · Man Utd (H) · Sunderland (A),,,,,,,upcoming,1.2715934913036535,1.2795318786548497
E0,Bournemouth,10,37,38,2,2027-05-23 15:00:00,2027-05-30 16:00:00,0,1,1.7400653651455422,0.0,0.0,1.8503490388084416,0.0,0.0,0.0,0.0,0.0,0,0.0,0.0,0.4527463047998891,4.0,0,0,Chelsea (H) · Liverpool (A),,,,,,,upcoming,0.8700326825727711,0.9251745194042208
E0,Brentford,1,1,4,4,2026-08-22 17:30:00,2026-09-12 15:00:00,4,2,5.3913447681434885,5.3913447681434885,6.619734484186426,0.0,6.0,7.78,6.17,5.848018467676817,4.399802193941236,3,7.0,4.0,-0.0767948736271772,12.0,0,0,Tottenham (H) · Leeds (A) · Sunderland (H) · Bournemouth (A),0.6086552318565115,0.4566736995333285,0.151981532323183,0.23656531783493004,0.2291448443877373,0.812994028872251,complete,1.3478361920358721,
E0,Brentford,2,5,8,4,2026-09-18 20:00:00,2026-10-25 14:00:00,1,2,4.8832924900594294,1.039872814708031,1.5236326899283288,3.9455638550325127,3.0,2.13,0.89,2.1618004987253068,0.0,0,3.0,0.0,0.061392978018976585,8.75,0,0,Chelsea (H) · Aston Villa (A) · Liverpool (H) · Hull (A),1.960127185291969,1.1219276840172758,0.8381995012746932,1.5879766457945956,1.1734081447094915,0.11229162021180139,in progress,1.2208231225148574,1.3151879516775042
E0,Brentford,3,9,12,4,2026-10-31 15:00:00,2026-11-28 15:00:00,0,2,4.878612032823803,0.0,0.0,4.944193579395099,0.0,0.0,0.0,0.0,0.0,0,0.0,0.0,0.06960633933511587,8.75,0,0,Nott'm Forest (H) · Brighton (A) · Everton (H) · Man Utd (A),,,,,,,upcoming,1.2196530082059507,1.2360483948487748
E0,Brentford,4,13,16,4,2026-12-02 20:00:00,2026-12-19 15:00:00,0,3,4.4119244545314595,0.0,0.0,4.570854473583355,0.0,0.0,0.0,0.0,0.0,0,0.0,0.0,0.2756416513599495,7.0,0,0,Arsenal (H) · Man City (H) · Fulham (A) · Newcastle (H),,,,,,,upcoming,1.1029811136328649,1.1427136183958388
E0,Brentford,5,17,20,4,2026-12-26 15:00:00,2027-01-05 19:30:00,0,1,5.387237693847977,0.0,0.0,5.515856193572437,0.0,0.0,0.0,0.0,0.0,0,0.0,0.0,-0.1295051574312428,13.25,0,0,Ipswich (A) · Coventry (A) · Crystal Palace (H) · Arsenal (A),,,,,,,upcoming,1.3468094234619943,1.3789640483931092
E0,Brentford,6,21,24,4,2027-01-16 15:00:00,2027-02-06 15:00:00,0,2,4.828006582518272,0.0,0.0,4.901673614157284,0.0,0.0,0.0,0.0,0.0,0,0.0,0.0,0.06960633933511587,8.75,0,0,Brighton (H) · Everton (A) · Man Utd (H) · Nott'm Forest (A),,,,,,,upcoming,1.207001645629568,1.225418403539321
E0,Brentford,7,25,28,4,2027-02-10 20:00:00,2027-03-03 20:00:00,0,2,6.294252297048567,0.0,0.0,6.469754192012482,0.0,0.0,0.0,0.0,0.0,0,0.0,0.0,-0.3093928730101842,15.25,0,0,Crystal Palace (A) · Coventry (H) · Newcastle (A) · Ipswich (H),,,,,,,upcoming,1.5735630742621418,1.6174385480031206
E0,Brentford,8,29,32,4,2027-03-13 15:00:00,2027-04-17 15:00:00,0,2,5.411284536292661,0.0,0.0,5.504941506438447,0.0,0.0,0.0,0.0,0.0,0,0.0,0.0,-0.0767948736271772,12.0,0,0,Sunderland (A) · Bournemouth (H) · Tottenham (A) · Leeds (H),,,,,,,upcoming,1.3528211340731653,1.3762353766096118
E0,Brentford,9,33,36,4,2027-04-24 15:00:00,2027-05-15 15:00:00,0,2,4.223303399709635,0.0,0.0,4.379586507555472,0.0,0.0,0.0,0.0,0.0,0,0.0,0.0,0.2631973270742209,7.0,0,0,Fulham (H) · Man City (A) · Aston Villa (H) · Liverpool (A),,,,,,,upcoming,1.0558258499274087,1.094896626888868
E0,Brentford,10,37,38,2,2027-05-23 15:00:00,2027-05-30 16:00:00,0,1,2.950419031752596,0.0,0.0,2.990323879139248,0.0,0.0,0.0,0.0,0.0,0,0.0,0.0,-0.1974066259999667,12.5,0,0,Hull (H) · Chelsea (A),,,,,,,upcoming,1.475209515876298,1.495161939569624
E0,Brighton,1,1,4,4,2026-08-23 14:00:00,2026-09-13 14:00:00,4,2,5.729160190306621,5.729160190306621,6.430830148382007,0.0,7.0,9.45,7.21,6.833614769006594,4.388267198054549,3,13.0,5.0,-0.02787416877227175,11.0,0,0,Aston Villa (H) · Chelsea (A) · Leeds (H) · Coventry (A),1.2708398096933786,1.1044545786999729,0.16638523099340574,0.501137949094319,0.5622619768913114,0.6162740406917881,complete,1.4322900475766553,
E0,Brighton,2,5,8,4,2026-09-19 15:00:00,2026-10-25 14:00:00,1,2,4.936152687159276,0.8972031964377032,1.3972638365663879,4.132655788715152,3.0,1.52,1.37,1.4652237245015678,0.0,0,3.0,0.0,0.18338981836987445,9.0,2,0,Arsenal (H) · Sunderland (A) · Crystal Palace (H) · Liverpool (A),2.102796803562297,0.5680205280638646,1.5347762754984322,1.7789268850932323,0.6203677268188234,0.07525174971348525,in progress,1.234038171789819,1.3775519295717171
E0,Brighton,3,9,12,4,2026-10-31 15:00:00,2026-11-29 14:05:00,0,2,5.936939855513908,0.0,0.0,6.030094967138374,0.0,0.0,0.0,0.0,0.0,0,0.0,0.0,-0.07345876048275443,10.75,2,0,Man City (A) · Brentford (H) · Hull (A) · Newcastle (H),,,,,,,upcoming,1.484234963878477,1.5075237417845935
E0,Brighton,4,13,16,4,2026-12-02 20:00:00,2026-12-19 15:00:00,0,2,6.379656784474852,0.0,0.0,6.412137060465536,0.0,0.0,0.0,0.0,0.0,0,0.0,0.0,-0.2055030296732921,13.25,2,0,Bournemouth (A) · Nott'm Forest (A) · Everton (H) · Ipswich (H),,,,,,,upcoming,1.594914196118713,1.603034265116384
E0,Brighton,5,17,20,4,2026-12-26 15:00:00,2027-01-05 19:30:00,0,2,5.2410092045648184,0.0,0.0,5.320793581233583,0.0,0.0,0.0,0.0,0.0,0,0.0,0.0,0.09265192369168401,9.25,0,0,Fulham (A) · Tottenham (A) · Man Utd (H) · Bournemouth (H),,,,,,,upcoming,1.3102523011412046,1.3301983953083958
E0,Brighton,6,21,24,4,2027-01-16 15:00:00,2027-02-06 15:00:00,0,2,5.839730880673514,0.0,0.0,5.932994349897168,0.0,0.0,0.0,0.0,0.0,0,0.0,0.0,-0.07345876048275443,10.75,0,0,Brentford (A) · Man City (H) · Newcastle (A) · Hull (H),,,,,,,upcoming,1.4599327201683785,1.483248587474292
E0,Brighton,7,25,28,4,2027-02-10 20:00:00,2027-03-03 20:00:00,0,2,5.689676503429231,0.0,0.0,5.784541654042969,0.0,0.0,0.0,0.0,0.0,0,0.0,0.0,-0.016770534611681202,11.25,0,0,Man Utd (A) · Tottenham (H) · Ipswich (A) · Fulham (H),,,,,,,upcoming,1.4224191258573078,1.4461354135107423
E0,Brighton,8,29,32,4,2027-03-13 15:00:00,2027-04-17 15:00:00,0,2,5.69431910151192,0.0,0.0,5.85858408592588,0.0,0.0,0.0,0.0,0.0,0,0.0,0.0,-0.02787416877227175,11.0,0,0,Leeds (A) · Coventry (H) · Aston Villa (A) · Chelsea (H),,,,,,,upcoming,1.42357977537798,1.46464602148147
E0,Brighton,9,33,36,4,2027-04-24 15:00:00,2027-05-15 15:00:00,0,2,6.235856729671337,0.0,0.0,6.32850407346593,0.0,0.0,0.0,0.0,0.0,0,0.0,0.0,-0.1654056180045715,13.75,0,0,Everton (A) · Nott'm Forest (H) · Sunderland (H) · Crystal Palace (A),,,,,,,upcoming,1.5589641824178342,1.5821260183664825
E0,Brighton,10,37,38,2,2027-05-23 15:00:00,2027-05-30 16:00:00,0,1,1.7174236360167159,0.0,0.0,1.7800747305169529,0.0,0.0,0.0,0.0,0.0,0,0.0,0.0,0.5971198311054504,2.0,0,0,Liverpool (H) · Arsenal (A),,,,,,,upcoming,0.8587118180083579,0.8900373652584764
E0,Chelsea,1,1,4,4,2026-08-24 20:00:00,2026-09-12 15:00:00,4,2,7.233708994503084,7.233708994503084,5.536630232347507,0.0,7.0,6.7700000000000005,6.52,5.448136939869261,5.928711978402437,3,10.0,9.0,-0.07261609935648153,11.25,0,0,Fulham (A) · Brighton (H) · Arsenal (A) · Hull (H),-0.23370899450308436,-1.785572054633823,1.5518630601307386,-0.09932364911982253,-0.9796681641842853,0.9208813019737749,complete,1.808427248625771,
E0,Chelsea,2,5,8,4,2026-09-18 20:00:00,2026-10-24 17:30:00,1,2,7.125946749023353,1.7028020435784885,1.694221047693428,5.333607961546627,0.0,0.89,2.13,0.6241194957207673,0.0,0,0.0,3.0,-0.009595327418972878,9.75,0,0,Brentford (A) · Bournemouth (H) · Everton (A) · Tottenham (H),-1.7028020435784885,-1.078682547857721,-0.6241194957207673,-1.3082150056561572,-1.069874880073652,0.19080039384929548,in progress,1.7814866872558381,1.7778693205155423
E0,Chelsea,3,9,12,4,2026-10-31 12:30:00,2026-11-27 20:00:00,0,2,7.193899659109996,0.0,0.0,6.964222229222742,0.0,0.0,0.0,0.0,0.0,0,0.0,0.0,-0.0295916706795522,12.0,0,0,Man Utd (H) · Sunderland (A) · Leeds (H) · Nott'm Forest (A),,,,,,,upcoming,1.798474914777499,1.7410555573056854
E0,Chelsea,4,13,16,4,2026-12-02 20:00:00,2026-12-19 15:00:00,0,3,6.364799949311349,0.0,0.0,6.338004980874196,0.0,0.0,0.0,0.0,0.0,0,0.0,0.0,0.2699044974258575,6.75,0,0,Crystal Palace (H) · Liverpool (H) · Man City (A) · Aston Villa (H),,,,,,,upcoming,1.5911999873278373,1.584501245218549
E0,Chelsea,5,17,20,4,2026-12-27 14:00:00,2027-01-06 19:30:00,0,1,7.936475679626369,0.0,0.0,7.838781916196261,0.0,0.0,0.0,0.0,0.0,0,0.0,0.0,-0.3093928730101842,15.25,0,0,Coventry (A) · Ipswich (A) · Newcastle (H) · Crystal Palace (A),,,,,,,upcoming,1.9841189199065923,1.9596954790490653
E0,Chelsea,6,21,24,4,2027-01-16 15:00:00,2027-02-06 15:00:00,0,2,7.174867123331438,0.0,0.0,6.955783215372021,0.0,0.0,0.0,0.0,0.0,0,0.0,0.0,-0.029591670679552207,12.0,0,0,Sunderland (H) · Leeds (A) · Nott'm Forest (H) · Man Utd (A),,,,,,,upcoming,1.7937167808328596,1.7389458038430052
E0,Chelsea,7,25,28,4,2027-02-10 20:00:00,2027-03-03 20:00:00,0,2,7.8309480883228355,0.0,0.0,7.753999970042354,0.0,0.0,0.0,0.0,0.0,0,0.0,0.0,-0.22437826135183553,13.25,0,0,Newcastle (A) · Ipswich (H) · Aston Villa (A) · Coventry (H),,,,,,,upcoming,1.9577370220807089,1.9384999925105886
E0,Chelsea,8,29,32,4,2027-03-13 15:00:00,2027-04-17 15:00:00,0,2,7.2983689172783635,0.0,0.0,7.068073212415024,0.0,0.0,0.0,0.0,0.0,0,0.0,0.0,-0.07261609935648154,11.25,0,0,Arsenal (H) · Hull (A) · Fulham (H) · Brighton (A),,,,,,,upcoming,1.8245922293195909,1.767018303103756
E0,Chelsea,9,33,36,4,2027-04-24 15:00:00,2027-05-15 15:00:00,0,2,5.847913113727254,0.0,0.0,5.792475160103111,0.0,0.0,0.0,0.0,0.0,0,0.0,0.0,0.3168719973370441,5.25,0,0,Man City (H) · Liverpool (A) · Tottenham (A) · Everton (H),,,,,,,upcoming,1.4619782784318136,1.4481187900257777
E0,Chelsea,10,37,38,2,2027-05-23 15:00:00,2027-05-30 16:00:00,0,1,3.722995649739996,0.0,0.0,3.589996824874907,0.0,0.0,0.0,0.0,0.0,0,0.0,0.0,-0.09409859497582015,11.5,0,0,Bournemouth (A) · Brentford (H),,,,,,,upcoming,1.861497824869998,1.7949984124374534
E0,Coventry,1,1,4,4,2026-08-21 20:00:00,2026-09-13 14:00:00,4,2,3.504517082902569,3.504517082902569,4.35713990733149,0.0,0.0,3.59,6.87,3.584769757712141,3.218675357629621,3,0.0,10.0,0.13842741890265067,7.75,0,0,Arsenal (A) · Hull (H) · Man City (A) · Brighton (H),-3.504517082902569,0.08025267480957199,-3.584769757712141,-1.6789100493751157,0.049634441385063226,0.09316957570304951,complete,0.8761292707256423,
E0,Coventry,2,5,8,4,2026-09-19 17:30:00,2026-10-24 15:00:00,1,2,3.7492206007787554,0.8542526454962813,1.3532389597650512,2.97354373394488,3.0,0.57,1.37,0.7323568001813691,0.0,0,1.0,0.0,-0.03018323912263427,11.0,0,0,Nott'm Forest (A) · Newcastle (H) · Tottenham (A) · Fulham (H),2.145747354503719,-0.12189584531491227,2.267643199818631,1.8445538537031267,-0.13527764429402248,0.06510246503210415,in progress,0.9373051501946889,0.9911812446482933
E0,Coventry,3,9,12,4,2026-10-31 15:00:00,2026-11-28 15:00:00,0,2,4.249849214171496,0.0,0.0,4.280679977384491,0.0,0.0,0.0,0.0,0.0,0,0.0,0.0,-0.17883349204152166,14.0,0,0,Sunderland (H) · Everton (A) · Crystal Palace (H) · Leeds (A),,,,,,,upcoming,1.062462303542874,1.0701699943461227
E0,Coventry,4,13,16,4,2026-12-02 20:00:00,2026-12-19 15:00:00,0,2,3.7442539983498073,0.0,0.0,3.764775338669507,0.0,0.0,0.0,0.0,0.0,0,0.0,0.0,-0.005546799379341872,10.25,0,0,Ipswich (H) · Man Utd (A) · Aston Villa (H) · Bournemouth (A),,,,,,,upcoming,0.9360634995874518,0.9411938346673767
E0,Coventry,5,17,20,4,2026-12-27 14:00:00,2027-01-06 19:30:00,0,2,3.477859582418826,0.0,0.0,3.5006725592797285,0.0,0.0,0.0,0.0,0.0,0,0.0,0.0,0.06990139660866923,9.75,0,0,Chelsea (H) · Brentford (H) · Liverpool (A) · Ipswich (A),,,,,,,upcoming,0.8694648956047065,0.8751681398199321
E0,Coventry,6,21,24,4,2027-01-16 15:00:00,2027-02-06 15:00:00,0,2,4.230776696295734,0.0,0.0,4.258495842245811,0.0,0.0,0.0,0.0,0.0,0,0.0,0.0,-0.17883349204152166,14.0,0,0,Everton (H) · Sunderland (A) · Leeds (H) · Crystal Palace (A),,,,,,,upcoming,1.0576941740739334,1.0646239605614527
E0,Coventry,7,25,28,4,2027-02-10 20:00:00,2027-03-03 20:00:00,0,2,3.0707045402710413,0.0,0.0,3.0901623520385706,0.0,0.0,0.0,0.0,0.0,0,0.0,0.0,0.17932385491203445,7.75,0,0,Liverpool (H) · Brentford (A) · Bournemouth (H) · Chelsea (A),,,,,,,upcoming,0.7676761350677603,0.7725405880096426
E0,Coventry,8,29,32,4,2027-03-13 15:00:00,2027-04-17 15:00:00,0,2,3.269319365942407,0.0,0.0,3.255264062236261,0.0,0.0,0.0,0.0,0.0,0,0.0,0.0,0.13842741890265067,7.75,0,0,Man City (H) · Brighton (A) · Arsenal (H) · Hull (A),,,,,,,upcoming,0.8173298414856017,0.8138160155590652
E0,Coventry,9,33,36,4,2027-04-24 15:00:00,2027-05-15 15:00:00,0,2,2.9245609164858766,0.0,0.0,3.0833553865299033,0.0,0.0,0.0,0.0,0.0,0,0.0,0.0,0.20362268083864593,6.5,0,0,Aston Villa (A) · Man Utd (H) · Newcastle (A) · Tottenham (H),,,,,,,upcoming,0.7311402291214691,0.7708388466324758
E0,Coventry,10,37,38,2,2027-05-23 15:00:00,2027-05-30 16:00:00,0,1,2.095676583799756,0.0,0.0,2.056825081655011,0.0,0.0,0.0,0.0,0.0,0,0.0,0.0,-0.1681704209781014,14.5,0,0,Fulham (A) · Nott'm Forest (H),,,,,,,upcoming,1.047838291899878,1.0284125408275056
E0,Crystal Palace,1,1,4,4,2026-08-22 15:00:00,2026-09-12 15:00:00,4,2,4.967596244982483,4.9675962449824835,6.1053002919016635,0.0,3.0,4.37,9.16,3.1118416641385984,3.797762955786739,3,6.0,11.0,-0.04936549895681297,11.75,0,0,Everton (A) · Man City (H) · Fulham (A) · Ipswich (H),-1.9675962449824835,-1.8557545808438851,-0.11184166413859842,-0.7963105511427548,-0.9695973083110541,0.4258515543818482,complete,1.2418990612456207,
E0,Crystal Palace,2,5,8,4,2026-09-20 14:00:00,2026-10-25 14:00:00,1,2,5.010252505241344,1.1871238644112037,1.6214106564521886,3.709241804364509,1.0,0.88,1.35,0.9986372855641433,0.0,0,0.0,0.0,-0.06945767135564997,11.0,2,0,Leeds (A) · Nott'm Forest (H) · Brighton (A) · Newcastle (H),-0.18712386441120366,-0.18848657884706033,0.0013627144358566712,-0.14695442447867224,-0.1910989474768793,0.8831679936657542,in progress,1.252563126310336,1.2364139347881695
E0,Crystal Palace,3,9,12,4,2026-10-31 17:30:00,2026-11-29 14:05:00,0,2,5.348462640796297,0.0,0.0,5.218579799800172,0.0,0.0,0.0,0.0,0.0,0,0.0,0.0,-0.14891971221985495,11.75,2,0,Tottenham (A) · Liverpool (H) · Coventry (A) · Hull (H),,,,,,,upcoming,1.3371156601990744,1.304644949950043
E0,Crystal Palace,4,13,16,4,2026-12-02 20:00:00,2026-12-19 15:00:00,0,1,3.7785992015718968,0.0,0.0,3.6740464131946586,0.0,0.0,0.0,0.0,0.0,0,0.0,0.0,0.18584208532871202,8.25,1,0,Chelsea (A) · Aston Villa (A) · Man Utd (H) · Sunderland (A),,,,,,,upcoming,0.9446498003929742,0.9185116032986647
E0,Crystal Palace,5,17,20,4,2026-12-27 19:00:00,2027-01-06 19:30:00,0,3,4.224052473857398,0.0,0.0,4.066679175200671,0.0,0.0,0.0,0.0,0.0,0,0.0,0.0,0.23319227024293915,7.25,0,0,Arsenal (H) · Bournemouth (H) · Brentford (A) · Chelsea (H),,,,,,,upcoming,1.0560131184643495,1.0166697938001676
E0,Crystal Palace,6,21,24,4,2027-01-16 15:00:00,2027-02-06 15:00:00,0,2,5.399228831308248,0.0,0.0,5.266450287148123,0.0,0.0,0.0,0.0,0.0,0,0.0,0.0,-0.14891971221985495,11.75,2,0,Liverpool (A) · Tottenham (H) · Hull (A) · Coventry (H),,,,,,,upcoming,1.349807207827062,1.3166125717870307
E0,Crystal Palace,7,25,28,4,2027-02-10 20:00:00,2027-03-03 20:00:00,0,2,4.644550486676213,0.0,0.0,4.420236927106881,0.0,0.0,0.0,0.0,0.0,0,0.0,0.0,0.06125884152135312,10.25,0,0,Brentford (H) · Bournemouth (A) · Sunderland (H) · Arsenal (A),,,,,,,upcoming,1.1611376216690532,1.1050592317767203
E0,Crystal Palace,8,29,32,4,2027-03-13 15:00:00,2027-04-17 15:00:00,0,2,5.046510616924792,0.0,0.0,4.872339774533369,0.0,0.0,0.0,0.0,0.0,0,0.0,0.0,-0.04936549895681297,11.75,0,0,Fulham (H) · Ipswich (A) · Everton (H) · Man City (A),,,,,,,upcoming,1.261627654231198,1.2180849436333423
E0,Crystal Palace,9,33,36,4,2027-04-24 15:00:00,2027-05-15 15:00:00,0,2,4.307501450200066,0.0,0.0,4.161357236562288,0.0,0.0,0.0,0.0,0.0,0,0.0,0.0,0.12747843167777118,8.0,0,0,Man Utd (A) · Aston Villa (H) · Nott'm Forest (A) · Brighton (H),,,,,,,upcoming,1.0768753625500165,1.040339309140572
E0,Crystal Palace,10,37,38,2,2027-05-23 15:00:00,2027-05-30 16:00:00,0,1,2.5566109234709296,0.0,0.0,2.520929822263839,0.0,0.0,0.0,0.0,0.0,0,0.0,0.0,-0.0944307871223833,11.5,0,0,Newcastle (A) · Leeds (H),,,,,,,upcoming,1.2783054617354648,1.2604649111319195
E0,Everton,1,1,4,4,2026-08-22 15:00:00,2026-09-12 17:30:00,4,2,4.7942661276274094,4.7942661276274094,6.271647092957087,0.0,6.0,4.97,5.99,5.062880738901196,3.7201887623120315,3,5.0,3.0,0.0993590940433206,9.0,0,0,Crystal Palace (H) · Bournemouth (A) · Man Utd (H) · Tottenham (A),1.2057338723725906,0.2686146112737866,0.937119261098804,0.481460492053797,0.13847239410037135,0.6301892524656445,complete,1.1985665319068524,
E0,Everton,2,5,8,4,2026-09-19 15:00:00,2026-10-24 15:00:00,1,2,5.482358650118744,1.9664759319006284,1.566047965293913,3.49520391322439,3.0,1.57,1.27,1.5666332023480023,0.0,0,1.0,0.0,-0.05483413113563668,11.25,0,0,Ipswich (H) · Hull (A) · Chelsea (H) · Arsenal (A),1.0335240680993716,-0.3998427295526261,1.4333667976519977,0.8258821218104994,-0.41248774342301725,0.40887096319122396,in progress,1.370589662529686,1.1650679710747966
E0,Everton,3,9,12,4,2026-11-02 20:00:00,2026-11-29 12:00:00,0,2,5.287049601921946,0.0,0.0,5.2869118152159285,0.0,0.0,0.0,0.0,0.0,0,0.0,0.0,-0.0315648407853136,10.5,0,0,Newcastle (A) · Coventry (H) · Brentford (A) · Liverpool (H),,,,,,,upcoming,1.3217624004804864,1.3217279538039821
E0,Everton,4,13,16,4,2026-12-02 20:00:00,2026-12-19 15:00:00,0,1,4.988457800431279,0.0,0.0,4.92551892580083,0.0,0.0,0.0,0.0,0.0,0,0.0,0.0,-0.0384629779883443,11.0,0,0,Aston Villa (A) · Fulham (H) · Brighton (A) · Nott'm Forest (A),,,,,,,upcoming,1.2471144501078197,1.2313797314502075
E0,Everton,5,17,20,4,2026-12-26 15:00:00,2027-01-05 19:30:00,0,3,5.184623182345801,0.0,0.0,5.181837950254172,0.0,0.0,0.0,0.0,0.0,0,0.0,0.0,0.08337494820862927,10.0,0,0,Sunderland (H) · Man City (H) · Leeds (A) · Aston Villa (H),,,,,,,upcoming,1.2961557955864502,1.295459487563543
E0,Everton,6,21,24,4,2027-01-16 15:00:00,2027-02-06 15:00:00,0,2,5.3367658253351795,0.0,0.0,5.338384790339536,0.0,0.0,0.0,0.0,0.0,0,0.0,0.0,-0.03156484078531361,10.5,0,0,Coventry (A) · Brentford (H) · Liverpool (A) · Newcastle (H),,,,,,,upcoming,1.3341914563337949,1.334596197584884
E0,Everton,7,25,28,4,2027-02-10 20:00:00,2027-03-03 20:00:00,0,2,5.185841463403515,0.0,0.0,5.103999729324885,0.0,0.0,0.0,0.0,0.0,0,0.0,0.0,0.015510437913464542,11.5,0,0,Leeds (H) · Sunderland (A) · Nott'm Forest (H) · Man City (A),,,,,,,upcoming,1.2964603658508786,1.2759999323312212
E0,Everton,8,29,32,4,2027-03-13 15:00:00,2027-04-17 15:00:00,0,2,4.815392231278777,0.0,0.0,4.845651766924119,0.0,0.0,0.0,0.0,0.0,0,0.0,0.0,0.0993590940433206,9.0,0,0,Man Utd (A) · Tottenham (H) · Crystal Palace (A) · Bournemouth (H),,,,,,,upcoming,1.2038480578196942,1.2114129417310298
E0,Everton,9,33,36,4,2027-04-24 15:00:00,2027-05-15 15:00:00,0,2,5.730971186414258,0.0,0.0,5.637754138025341,0.0,0.0,0.0,0.0,0.0,0,0.0,0.0,-0.14480286250926222,12.25,0,0,Brighton (H) · Fulham (A) · Hull (H) · Chelsea (A),,,,,,,upcoming,1.4327427966035644,1.4094385345063352
E0,Everton,10,37,38,2,2027-05-23 15:00:00,2027-05-30 16:00:00,0,1,2.4434266431120495,0.0,0.0,2.413953177296181,0.0,0.0,0.0,0.0,0.0,0,0.0,0.0,0.08773836372869331,10.0,0,0,Arsenal (H) · Ipswich (A),,,,,,,upcoming,1.2217133215560247,1.2069765886480905
E0,Fulham,1,1,4,4,2026-08-24 20:00:00,2026-09-12 15:00:00,4,2,4.2986421413548,4.2986421413548,5.847737705560704,0.0,1.0,6.97,5.41,5.7763867750636635,2.852079574139119,3,4.0,7.0,0.11120305521709377,10.0,0,0,Chelsea (H) · Sunderland (A) · Crystal Palace (H) · Liverpool (A),-3.2986421413548,1.4777446337088636,-4.7763867750636635,-1.364084457853924,0.7889142913378192,0.1725409857590794,complete,1.0746605353387,
E0,Fulham,2,5,8,4,2026-09-20 16:30:00,2026-10-24 15:00:00,1,2,5.993324058647112,0.905488671488573,1.4054408948561914,5.1005150203206036,1.0,1.49,2.1,1.0200014871959404,0.0,0,1.0,1.0,-0.3492157988475965,15.25,0,0,Man Utd (H) · Ipswich (A) · Hull (H) · Coventry (A),0.09451132851142696,0.11451281570736738,-0.020001487195940415,0.07972188791426577,0.12470164288834824,0.936458450819861,in progress,1.498331014661778,1.7001716734402013
E0,Fulham,3,9,12,4,2026-10-31 20:00:00,2026-11-29 14:05:00,0,2,4.124881522468683,0.0,0.0,4.314045083499311,0.0,0.0,0.0,0.0,0.0,0,0.0,0.0,0.16822674265401674,7.25,0,0,Aston Villa (A) · Newcastle (H) · Man City (A) · Bournemouth (H),,,,,,,upcoming,1.0312203806171707,1.0785112708748277
E0,Fulham,4,13,16,4,2026-12-02 20:00:00,2026-12-19 15:00:00,0,1,4.45365590341152,0.0,0.0,4.588236132565905,0.0,0.0,0.0,0.0,0.0,0,0.0,0.0,-0.030214645568935026,10.5,0,0,Tottenham (A) · Everton (A) · Brentford (H) · Leeds (A),,,,,,,upcoming,1.11341397585288,1.1470590331414763
E0,Fulham,5,17,20,4,2026-12-26 15:00:00,2027-01-06 19:30:00,0,3,4.1984137498687675,0.0,0.0,4.325517447358883,0.0,0.0,0.0,0.0,0.0,0,0.0,0.0,0.21154740915089948,7.0,0,0,Brighton (H) · Arsenal (H) · Nott'm Forest (A) · Tottenham (H),,,,,,,upcoming,1.0496034374671919,1.0813793618397207
E0,Fulham,6,21,24,4,2027-01-16 15:00:00,2027-02-06 15:00:00,0,2,4.029782946340636,0.0,0.0,4.228528896981543,0.0,0.0,0.0,0.0,0.0,0,0.0,0.0,0.16822674265401674,7.25,0,0,Newcastle (A) · Aston Villa (H) · Bournemouth (A) · Man City (H),,,,,,,upcoming,1.007445736585159,1.0571322242453858
E0,Fulham,7,25,28,4,2027-02-10 20:00:00,2027-03-03 20:00:00,0,2,4.365952155664983,0.0,0.0,4.424762764710765,0.0,0.0,0.0,0.0,0.0,0,0.0,0.0,0.11043004422329139,9.0,0,0,Nott'm Forest (H) · Arsenal (A) · Leeds (H) · Brighton (A),,,,,,,upcoming,1.0914880389162458,1.1061906911776913
E0,Fulham,8,29,32,4,2027-03-13 15:00:00,2027-04-17 15:00:00,0,2,4.291022073361207,0.0,0.0,4.4565649078485325,0.0,0.0,0.0,0.0,0.0,0,0.0,0.0,0.11120305521709377,10.0,0,0,Crystal Palace (A) · Liverpool (H) · Chelsea (A) · Sunderland (H),,,,,,,upcoming,1.0727555183403017,1.1141412269621331
E0,Fulham,9,33,36,4,2027-04-24 15:00:00,2027-05-15 15:00:00,0,2,6.110350275666917,0.0,0.0,6.138677309057254,0.0,0.0,0.0,0.0,0.0,0,0.0,0.0,-0.37932402251489855,15.25,0,0,Brentford (A) · Everton (H) · Ipswich (H) · Hull (A),,,,,,,upcoming,1.5275875689167293,1.5346693272643135
E0,Fulham,10,37,38,2,2027-05-23 15:00:00,2027-05-30 16:00:00,0,1,2.4492258818337835,0.0,0.0,2.489132265653486,0.0,0.0,0.0,0.0,0.0,0,0.0,0.0,-0.028280199962221197,11.0,0,0,Coventry (H) · Man Utd (A),,,,,,,upcoming,1.2246129409168918,1.244566132826743
E0,Hull,1,1,4,4,2026-08-22 12:30:00,2026-09-12 15:00:00,4,2,2.3494220399245425,2.3494220399245425,3.9350746195726987,0.0,8.0,3.6,5.7700000000000005,3.904125260080585,1.7497198962998652,3,5.0,2.0,0.12763784321597332,8.5,0,0,Man Utd (H) · Coventry (A) · Aston Villa (H) · Chelsea (A),5.6505779600754575,1.5547032201560427,4.095874739919415,2.848501058049748,1.0118016581919245,0.0043925707309011575,complete,0.5873555099811356,
E0,Hull,2,5,8,4,2026-09-19 15:00:00,2026-10-25 14:00:00,1,2,2.9379662056961844,0.541969137642769,0.9533376432271631,2.471885804194415,0.0,1.64,1.36,1.552838903448808,0.0,0,1.0,2.0,-0.1018931148874747,11.75,0,0,Newcastle (A) · Everton (H) · Fulham (A) · Brentford (H),-0.541969137642769,1.010869765806039,-1.552838903448808,-0.5550743838325222,1.3365838563935455,0.5788437832838451,in progress,0.7344915514240461,0.8239619347314716
E0,Hull,3,9,12,4,2026-10-31 15:00:00,2026-11-29 14:05:00,0,2,2.8660034560643988,0.0,0.0,2.9959101055055566,0.0,0.0,0.0,0.0,0.0,0,0.0,0.0,0.0044768027067043845,10.75,0,0,Ipswich (H) · Arsenal (A) · Brighton (H) · Crystal Palace (A),,,,,,,upcoming,0.7165008640160997,0.7489775263763891
E0,Hull,4,13,16,4,2026-12-02 20:00:00,2026-12-19 15:00:00,0,2,2.297509701406068,0.0,0.0,2.445392904543723,0.0,0.0,0.0,0.0,0.0,0,0.0,0.0,0.16161130399952128,8.0,0,0,Nott'm Forest (H) · Bournemouth (A) · Tottenham (H) · Man City (A),,,,,,,upcoming,0.574377425351517,0.6113482261359308
E0,Hull,5,17,20,4,2026-12-26 17:30:00,2027-01-05 19:30:00,0,2,2.7110964967547297,0.0,0.0,2.822485804572962,0.0,0.0,0.0,0.0,0.0,0,0.0,0.0,-0.01921608913282178,11.75,0,0,Liverpool (H) · Leeds (H) · Sunderland (A) · Nott'm Forest (A),,,,,,,upcoming,0.6777741241886824,0.7056214511432405
E0,Hull,6,21,24,4,2027-01-16 15:00:00,2027-02-06 15:00:00,0,2,2.720271473525539,0.0,0.0,2.8666915258072145,0.0,0.0,0.0,0.0,0.0,0,0.0,0.0,0.0044768027067043845,10.75,0,0,Arsenal (H) · Ipswich (A) · Crystal Palace (H) · Brighton (A),,,,,,,upcoming,0.6800678683813848,0.7166728814518036
E0,Hull,7,25,28,4,2027-02-10 20:00:00,2027-03-03 20:00:00,0,2,2.299730926796978,0.0,0.0,2.421217017230226,0.0,0.0,0.0,0.0,0.0,0,0.0,0.0,0.1679701574114899,9.0,0,0,Sunderland (H) · Liverpool (A) · Man City (H) · Leeds (A),,,,,,,upcoming,0.5749327316992445,0.6053042543075565
E0,Hull,8,29,32,4,2027-03-13 15:00:00,2027-04-17 15:00:00,0,2,2.440608555530328,0.0,0.0,2.626008292982566,0.0,0.0,0.0,0.0,0.0,0,0.0,0.0,0.12763784321597332,8.5,0,0,Aston Villa (A) · Chelsea (H) · Man Utd (A) · Coventry (H),,,,,,,upcoming,0.610152138882582,0.6565020732456415
E0,Hull,9,33,36,4,2027-04-24 15:00:00,2027-05-15 15:00:00,0,2,2.803932764054486,0.0,0.0,2.9412828760788985,0.0,0.0,0.0,0.0,0.0,0,0.0,0.0,-0.039439796307101496,10.75,0,0,Tottenham (A) · Bournemouth (H) · Everton (A) · Fulham (H),,,,,,,upcoming,0.7009831910136215,0.7353207190197246
E0,Hull,10,37,38,2,2027-05-23 15:00:00,2027-05-30 16:00:00,0,1,1.3921613957555392,0.0,0.0,1.4884888391196607,0.0,0.0,0.0,0.0,0.0,0,0.0,0.0,-0.055600644701866854,10.5,0,0,Brentford (A) · Newcastle (H),,,,,,,upcoming,0.6960806978777696,0.7442444195598303
E0,Ipswich,1,1,4,4,2026-08-22 15:00:00,2026-09-12 15:00:00,4,2,3.2241036121888644,3.2241036121888644,4.904491938289995,0.0,6.0,5.13,6.87,5.415382494041253,2.796087997414089,3,7.0,10.0,0.11914582149223935,9.75,0,0,Sunderland (H) · Man Utd (A) · Liverpool (H) · Crystal Palace (A),2.7758963878111356,2.191278881852389,0.5846175059587466,1.2534477619955855,1.2773944226278533,0.210042798727458,complete,0.8060259030472161,
E0,Ipswich,2,5,8,4,2026-09-19 15:00:00,2026-10-23 20:00:00,1,2,3.495629522676603,0.8003479482676079,1.2941347668431273,2.7132215987034787,0.0,1.27,1.57,1.162473618651172,0.0,0,0.0,1.0,0.05286551523354025,10.25,0,0,Everton (A) · Fulham (H) · Man City (A) · Nott'm Forest (H),-0.8003479482676079,0.362125670383564,-1.162473618651172,-0.7035404684689293,0.41095468385229983,0.4817189962379884,in progress,0.8739073806691507,0.9044071995678262
E0,Ipswich,3,9,12,4,2026-10-31 15:00:00,2026-11-28 17:30:00,0,2,4.042117094844488,0.0,0.0,4.135577569097025,0.0,0.0,0.0,0.0,0.0,0,0.0,0.0,-0.1303271781515282,11.0,0,0,Hull (A) · Bournemouth (H) · Tottenham (A) · Aston Villa (H),,,,,,,upcoming,1.010529273711122,1.0338943922742563
E0,Ipswich,4,13,16,4,2026-12-02 20:00:00,2026-12-19 15:00:00,0,1,3.805526035318649,0.0,0.0,3.9055147720679493,0.0,0.0,0.0,0.0,0.0,0,0.0,0.0,-0.16545397051382535,12.25,0,0,Coventry (A) · Leeds (A) · Newcastle (H) · Brighton (A),,,,,,,upcoming,0.9513815088296622,0.9763786930169873
E0,Ipswich,5,17,20,4,2026-12-26 15:00:00,2027-01-06 19:30:00,0,3,3.5955947755602438,0.0,0.0,3.673685981846908,0.0,0.0,0.0,0.0,0.0,0,0.0,0.0,0.13000452697175177,9.0,0,0,Brentford (H) · Chelsea (H) · Arsenal (A) · Coventry (H),,,,,,,upcoming,0.8988986938900609,0.918421495461727
E0,Ipswich,6,21,24,4,2027-01-16 15:00:00,2027-02-06 15:00:00,0,2,4.064247893347666,0.0,0.0,4.158115369536876,0.0,0.0,0.0,0.0,0.0,0,0.0,0.0,-0.1303271781515282,11.0,0,0,Bournemouth (A) · Hull (H) · Aston Villa (A) · Tottenham (H),,,,,,,upcoming,1.0160619733369165,1.039528842384219
E0,Ipswich,7,25,28,4,2027-02-10 20:00:00,2027-03-03 20:00:00,0,2,2.736631682277476,0.0,0.0,2.793458550827038,0.0,0.0,0.0,0.0,0.0,0,0.0,0.0,0.26398648710969896,6.5,0,0,Arsenal (H) · Chelsea (A) · Brighton (H) · Brentford (A),,,,,,,upcoming,0.684157920569369,0.6983646377067595
E0,Ipswich,8,29,32,4,2027-03-13 15:00:00,2027-04-17 15:00:00,0,2,3.2235185457740663,0.0,0.0,3.317128276473362,0.0,0.0,0.0,0.0,0.0,0,0.0,0.0,0.11914582149223935,9.75,0,0,Liverpool (A) · Crystal Palace (H) · Sunderland (A) · Man Utd (H),,,,,,,upcoming,0.8058796364435166,0.8292820691183405
E0,Ipswich,9,33,36,4,2027-04-24 15:00:00,2027-05-15 15:00:00,0,2,3.376269080955402,0.0,0.0,3.482890117501602,0.0,0.0,0.0,0.0,0.0,0,0.0,0.0,0.055885642494069326,10.25,0,0,Newcastle (A) · Leeds (H) · Fulham (A) · Man City (H),,,,,,,upcoming,0.8440672702388505,0.8707225293754005
E0,Ipswich,10,37,38,2,2027-05-23 15:00:00,2027-05-30 16:00:00,0,1,1.9319004133106712,0.0,0.0,1.9618970046149327,0.0,0.0,0.0,0.0,0.0,0,0.0,0.0,-0.10047104164344145,11.5,0,0,Nott'm Forest (A) · Everton (H),,,,,,,upcoming,0.9659502066553356,0.9809485023074663
E0,Leeds,1,1,4,4,2026-08-22 15:00:00,2026-09-14 20:00:00,4,2,4.992560466107625,4.992560466107625,6.509512759602267,0.0,8.0,5.85,5.85,5.476901350330082,4.01856641953303,3,7.0,3.0,-0.05004260014539175,10.5,0,0,Nott'm Forest (A) · Brentford (H) · Brighton (A) · Newcastle (H),3.0074395338923754,0.48434088422245747,2.523098649669918,1.1787525983691913,0.24507627109389818,0.2384967044508124,complete,1.2481401165269062,
E0,Leeds,2,5,8,4,2026-09-20 14:00:00,2026-10-25 16:30:00,1,2,4.272954727842716,1.54752720192538,1.7170432977503114,2.713770743357945,1.0,1.35,0.88,1.6972036082312911,0.0,0,0.0,0.0,0.173014236823144,9.25,0,0,Crystal Palace (H) · Arsenal (A) · Man Utd (H) · Sunderland (A),-0.5475272019253801,0.14967640630591106,-0.6972036082312911,-0.41784487240411894,0.1474643696692474,0.6760605405487534,in progress,1.068238681960679,0.9045902477859817
E0,Leeds,3,9,12,4,2026-10-31 15:00:00,2026-11-28 15:00:00,0,2,4.807192294701945,0.0,0.0,4.876135673367786,0.0,0.0,0.0,0.0,0.0,0,0.0,0.0,0.012570129973183602,10.0,0,0,Bournemouth (A) · Tottenham (H) · Chelsea (A) · Coventry (H),,,,,,,upcoming,1.2017980736754863,1.2190339183419465
E0,Leeds,4,13,16,4,2026-12-02 20:00:00,2026-12-19 15:00:00,0,2,4.624844073818869,0.0,0.0,4.628588172418016,0.0,0.0,0.0,0.0,0.0,0,0.0,0.0,0.09310180258870296,10.0,0,0,Man City (A) · Ipswich (H) · Liverpool (A) · Fulham (H),,,,,,,upcoming,1.1562110184547172,1.157147043104504
E0,Leeds,5,17,20,4,2026-12-26 12:30:00,2027-01-06 20:15:00,0,2,4.957154568464601,0.0,0.0,5.0040787336094965,0.0,0.0,0.0,0.0,0.0,0,0.0,0.0,-0.028029448658377032,9.75,0,0,Aston Villa (A) · Hull (A) · Everton (H) · Man City (H),,,,,,,upcoming,1.2392886421161502,1.2510196834023741
E0,Leeds,6,21,24,4,2027-01-16 15:00:00,2027-02-06 15:00:00,0,2,4.781932035898239,0.0,0.0,4.852896121121859,0.0,0.0,0.0,0.0,0.0,0,0.0,0.0,0.012570129973183599,10.0,0,0,Tottenham (A) · Chelsea (H) · Coventry (A) · Bournemouth (H),,,,,,,upcoming,1.1954830089745598,1.2132240302804647
E0,Leeds,7,25,28,4,2027-02-10 20:00:00,2027-03-03 20:00:00,0,2,5.704550870028103,0.0,0.0,5.705591761151457,0.0,0.0,0.0,0.0,0.0,0,0.0,0.0,-0.23907296691750923,13.25,0,0,Everton (A) · Aston Villa (H) · Fulham (A) · Hull (H),,,,,,,upcoming,1.4261377175070258,1.4263979402878642
E0,Leeds,8,29,32,4,2027-03-13 15:00:00,2027-04-17 15:00:00,0,2,4.9905304311354834,0.0,0.0,4.986777252181311,0.0,0.0,0.0,0.0,0.0,0,0.0,0.0,-0.05004260014539175,10.5,0,0,Brighton (H) · Newcastle (A) · Nott'm Forest (H) · Brentford (A),,,,,,,upcoming,1.2476326077838709,1.2466943130453279
E0,Leeds,9,33,36,4,2027-04-24 15:00:00,2027-05-15 15:00:00,0,2,3.84671875331566,0.0,0.0,3.8748610394813747,0.0,0.0,0.0,0.0,0.0,0,0.0,0.0,0.2781851005394368,6.75,0,0,Liverpool (H) · Ipswich (A) · Arsenal (H) · Man Utd (A),,,,,,,upcoming,0.961679688328915,0.9687152598703437
E0,Leeds,10,37,38,2,2027-05-23 15:00:00,2027-05-30 16:00:00,0,1,2.844409520823257,0.0,0.0,2.8600250614230145,0.0,0.0,0.0,0.0,0.0,0,0.0,0.0,-0.23034019436570155,16.0,0,0,Sunderland (H) · Crystal Palace (A),,,,,,,upcoming,1.4222047604116286,1.4300125307115072
E0,Liverpool,1,1,4,4,2026-08-23 16:30:00,2026-09-12 15:00:00,4,2,8.171248170682691,8.171248170682691,5.897134279579303,0.0,6.0,7.46,5.48,6.411855407970995,6.027974622020087,3,6.0,4.0,-0.22010374420364542,14.25,0,0,Newcastle (A) · Nott'm Forest (H) · Ipswich (A) · Fulham (H),-2.1712481706826914,-1.7593927627116965,-0.41185540797099485,-0.8941058925868306,-0.935333883689933,0.37126523681964807,complete,2.042812042670673,
E0,Liverpool,2,5,8,4,2026-09-20 14:00:00,2026-10-25 14:00:00,1,2,6.91432190186225,1.7694197591054908,1.6724865208808897,5.058766219108689,3.0,1.53,1.12,1.6443594466747296,0.0,0,1.0,0.0,0.11789467126194328,8.25,2,0,Bournemouth (A) · Man City (H) · Brentford (A) · Brighton (H),1.2305802408945092,-0.1250603124307612,1.3556405533252704,0.951543450381717,-0.12484253277980155,0.3413285725196544,in progress,1.7285804754655625,1.686255406369563
E0,Liverpool,3,9,12,4,2026-11-01 16:30:00,2026-11-29 12:00:00,0,2,6.516440506093637,0.0,0.0,6.4731807422292125,0.0,0.0,0.0,0.0,0.0,0,0.0,0.0,0.22079871182109012,7.5,2,0,Arsenal (H) · Crystal Palace (A) · Man Utd (H) · Everton (A),,,,,,,upcoming,1.6291101265234091,1.6182951855573031
E0,Liverpool,4,13,16,4,2026-12-02 20:00:00,2026-12-19 15:00:00,0,3,7.4565417412585,0.0,0.0,7.427748360779662,0.0,0.0,0.0,0.0,0.0,0,0.0,0.0,0.05015505393596015,10.5,1,0,Sunderland (H) · Chelsea (A) · Leeds (H) · Tottenham (H),,,,,,,upcoming,1.864135435314625,1.8569370901949156
E0,Liverpool,5,17,20,4,2026-12-26 17:30:00,2027-01-05 20:15:00,0,1,8.286170465030553,0.0,0.0,8.165839005844628,0.0,0.0,0.0,0.0,0.0,0,0.0,0.0,-0.35899646935881013,15.5,0,0,Hull (A) · Aston Villa (A) · Coventry (H) · Sunderland (A),,,,,,,upcoming,2.0715426162576382,2.041459751461157
E0,Liverpool,6,21,24,4,2027-01-16 15:00:00,2027-02-06 15:00:00,0,2,6.489606403163382,0.0,0.0,6.449552123632622,0.0,0.0,0.0,0.0,0.0,0,0.0,0.0,0.22079871182109012,7.5,2,0,Crystal Palace (H) · Man Utd (A) · Everton (H) · Arsenal (A),,,,,,,upcoming,1.6224016007908455,1.6123880309081555
E0,Liverpool,7,25,28,4,2027-02-10 20:00:00,2027-03-03 20:00:00,0,2,8.08111062061961,0.0,0.0,8.052146183249238,0.0,0.0,0.0,0.0,0.0,0,0.0,0.0,-0.23351492142271557,12.75,0,0,Coventry (A) · Hull (H) · Tottenham (A) · Aston Villa (H),,,,,,,upcoming,2.0202776551549024,2.0130365458123096
E0,Liverpool,8,29,32,4,2027-03-13 15:00:00,2027-04-17 15:00:00,0,2,8.13949232719648,0.0,0.0,8.026839147241748,0.0,0.0,0.0,0.0,0.0,0,0.0,0.0,-0.22010374420364542,14.25,0,0,Ipswich (H) · Fulham (A) · Newcastle (H) · Nott'm Forest (A),,,,,,,upcoming,2.03487308179912,2.006709786810437
E0,Liverpool,9,33,36,4,2027-04-24 15:00:00,2027-05-15 15:00:00,0,2,6.615390364106652,0.0,0.0,6.559705945709179,0.0,0.0,0.0,0.0,0.0,0,0.0,0.0,0.19343106380835864,8.25,0,0,Leeds (A) · Chelsea (H) · Man City (A) · Brentford (H),,,,,,,upcoming,1.653847591026663,1.6399264864272947
E0,Liverpool,10,37,38,2,2027-05-23 15:00:00,2027-05-30 16:00:00,0,1,3.735504220398932,0.0,0.0,3.643421706726887,0.0,0.0,0.0,0.0,0.0,0,0.0,0.0,-0.030101667362892652,9.5,0,0,Brighton (A) · Bournemouth (H),,,,,,,upcoming,1.867752110199466,1.8217108533634434
E0,Man City,1,1,4,4,2026-08-23 14:00:00,2026-09-13 16:30:00,4,2,8.088625209824235,8.088625209824233,5.536429373245616,0.0,12.0,6.63,2.78,7.9645632944372124,5.723680437006438,3,8.0,2.0,-0.08432669600551268,12.0,1,0,Bournemouth (H) · Crystal Palace (A) · Coventry (H) · Man Utd (A),3.911374790175767,-0.1240619153870206,4.0354367055627876,1.6623196944267273,-0.068068781237706,0.09644869100285725,complete,2.0221563024560587,
E0,Man City,2,5,8,4,2026-09-20 14:00:00,2026-10-24 12:30:00,1,2,7.883092369975403,2.3497529321193102,1.1785357699156735,5.5193510777737504,3.0,2.47,2.77,1.255047340056788,0.0,0,5.0,3.0,-0.04015471899106013,11.5,2,0,Sunderland (H) · Liverpool (A) · Ipswich (H) · Aston Villa (A),0.6502470678806898,-1.0947055920625222,1.744952659943212,0.5989726859127653,-1.301818164982972,0.5491910990865485,in progress,1.9707730924938507,1.83978369259125
E0,Man City,3,9,12,4,2026-10-31 15:00:00,2026-11-29 16:30:00,0,2,7.4651345086934615,0.0,0.0,7.3189689312091755,0.0,0.0,0.0,0.0,0.0,0,0.0,0.0,0.10000064654542101,9.5,2,0,Brighton (H) · Nott'm Forest (A) · Fulham (H) · Arsenal (A),,,,,,,upcoming,1.8662836271733654,1.8297422328022939
E0,Man City,4,13,16,4,2026-12-02 20:00:00,2026-12-19 15:00:00,0,3,8.609825434705375,0.0,0.0,8.501604812628177,0.0,0.0,0.0,0.0,0.0,0,0.0,0.0,-0.16637192863785558,12.75,1,0,Leeds (H) · Brentford (A) · Chelsea (H) · Hull (H),,,,,,,upcoming,2.1524563586763437,2.125401203157044
E0,Man City,5,17,20,4,2026-12-26 20:00:00,2027-01-06 20:15:00,0,1,7.618997648287196,0.0,0.0,7.617411736445082,0.0,0.0,0.0,0.0,0.0,0,0.0,0.0,-0.00976142349225445,9.75,0,0,Newcastle (A) · Everton (A) · Tottenham (H) · Leeds (A),,,,,,,upcoming,1.904749412071799,1.9043529341112706
E0,Man City,6,21,24,4,2027-01-16 15:00:00,2027-02-06 15:00:00,0,2,7.489290933598498,0.0,0.0,7.330688482300761,0.0,0.0,0.0,0.0,0.0,0,0.0,0.0,0.10000064654542101,9.5,2,0,Nott'm Forest (H) · Brighton (A) · Arsenal (H) · Fulham (A),,,,,,,upcoming,1.8723227333996244,1.8326721205751904
E0,Man City,7,25,28,4,2027-02-10 20:00:00,2027-03-03 20:00:00,0,2,8.41932638032931,0.0,0.0,8.391467201820255,0.0,0.0,0.0,0.0,0.0,0,0.0,0.0,-0.16895029535720685,11.25,0,0,Tottenham (A) · Newcastle (H) · Hull (A) · Everton (H),,,,,,,upcoming,2.1048315950823273,2.097866800455064
E0,Man City,8,29,32,4,2027-03-13 15:00:00,2027-04-17 15:00:00,0,2,8.16396509552869,0.0,0.0,8.057404804760177,0.0,0.0,0.0,0.0,0.0,0,0.0,0.0,-0.0843266960055127,12.0,0,0,Coventry (A) · Man Utd (H) · Bournemouth (A) · Crystal Palace (H),,,,,,,upcoming,2.0409912738821725,2.014351201190044
E0,Man City,9,33,36,4,2027-04-24 15:00:00,2027-05-15 15:00:00,0,2,7.572696449177082,0.0,0.0,7.502620890836599,0.0,0.0,0.0,0.0,0.0,0,0.0,0.0,0.06990139660866923,9.75,0,0,Chelsea (A) · Brentford (H) · Liverpool (H) · Ipswich (A),,,,,,,upcoming,1.8931741122942705,1.8756552227091499
E0,Man City,10,37,38,2,2027-05-23 15:00:00,2027-05-30 16:00:00,0,1,4.060325139821751,0.0,0.0,4.024092582362174,0.0,0.0,0.0,0.0,0.0,0,0.0,0.0,-0.06031097104900421,12.0,0,0,Aston Villa (H) · Sunderland (A),,,,,,,upcoming,2.0301625699108756,2.012046291181087
E0,Man Utd,1,1,4,4,2026-08-22 12:30:00,2026-09-13 16:30:00,4,2,7.844849300202627,7.844849300202627,5.641010602769218,0.0,4.0,8.19,3.71,7.429309469474164,5.7425596484531525,3,7.0,7.0,-0.19812497314389496,12.75,1,0,Hull (A) · Ipswich (H) · Everton (A) · Man City (H),-3.844849300202627,-0.4155398307284628,-3.4293094694741644,-1.618828583875506,-0.22587001220669803,0.10548415018106683,complete,1.9612123250506568,
E0,Man Utd,2,5,8,4,2026-09-20 16:30:00,2026-10-25 14:00:00,1,2,7.453618564699191,1.8489536358037337,1.6371159746439683,5.627611676050473,1.0,2.1,1.49,1.7525132050150931,0.0,0,1.0,1.0,-0.06286008829656108,11.75,2,0,Fulham (A) · Tottenham (H) · Leeds (A) · Bournemouth (H),-0.8489536358037337,-0.09644043078864062,-0.7525132050150931,-0.6635050756790878,-0.0973069350167627,0.5070071298189265,in progress,1.8634046411747978,1.8758705586834912
E0,Man Utd,3,9,12,4,2026-10-31 12:30:00,2026-11-28 15:00:00,0,2,6.270207895662887,0.0,0.0,6.367014427812557,0.0,0.0,0.0,0.0,0.0,0,0.0,0.0,0.2399969210941872,6.75,2,0,Chelsea (A) · Aston Villa (H) · Liverpool (A) · Brentford (H),,,,,,,upcoming,1.5675519739157218,1.5917536069531393
E0,Man Utd,4,13,16,4,2026-12-02 20:00:00,2026-12-19 15:00:00,0,1,6.830143495443616,0.0,0.0,6.92681814407703,0.0,0.0,0.0,0.0,0.0,0,0.0,0.0,-0.0008337239909009253,10.75,1,0,Newcastle (A) · Coventry (H) · Crystal Palace (A) · Arsenal (A),,,,,,,upcoming,1.707535873860904,1.7317045360192576
E0,Man Utd,5,17,20,4,2026-12-27 16:30:00,2027-01-07 20:00:00,0,3,7.868123066249743,0.0,0.0,7.852633679785013,0.0,0.0,0.0,0.0,0.0,0,0.0,0.0,-0.09382185436413651,11.75,0,0,Nott'm Forest (H) · Sunderland (H) · Brighton (A) · Newcastle (H),,,,,,,upcoming,1.9670307665624358,1.9631584199462533
E0,Man Utd,6,21,24,4,2027-01-16 15:00:00,2027-02-06 15:00:00,0,2,6.280358373323743,0.0,0.0,6.379107460446084,0.0,0.0,0.0,0.0,0.0,0,0.0,0.0,0.2399969210941872,6.75,2,0,Aston Villa (A) · Liverpool (H) · Brentford (A) · Chelsea (H),,,,,,,upcoming,1.5700895933309358,1.594776865111521
E0,Man Utd,7,25,28,4,2027-02-10 20:00:00,2027-03-03 20:00:00,0,2,6.876041799594042,0.0,0.0,6.820501398042494,0.0,0.0,0.0,0.0,0.0,0,0.0,0.0,0.08606586121480489,9.75,0,0,Brighton (H) · Nott'm Forest (A) · Arsenal (H) · Sunderland (A),,,,,,,upcoming,1.7190104498985106,1.7051253495106236
E0,Man Utd,8,29,32,4,2027-03-13 15:00:00,2027-04-17 15:00:00,0,2,7.799233239657259,0.0,0.0,7.7783207411560396,0.0,0.0,0.0,0.0,0.0,0,0.0,0.0,-0.19812497314389496,12.75,0,0,Everton (H) · Man City (A) · Hull (H) · Ipswich (A),,,,,,,upcoming,1.9498083099143146,1.9445801852890099
E0,Man Utd,9,33,36,4,2027-04-24 15:00:00,2027-05-15 15:00:00,0,2,8.100787611030174,0.0,0.0,8.095978639728948,0.0,0.0,0.0,0.0,0.0,0,0.0,0.0,-0.23983870799375778,14.5,0,0,Crystal Palace (H) · Coventry (A) · Bournemouth (A) · Leeds (H),,,,,,,upcoming,2.0251969027575436,2.023994659932237
E0,Man Utd,10,37,38,2,2027-05-23 15:00:00,2027-05-30 16:00:00,0,1,3.5708401680659447,0.0,0.0,3.604664767587009,0.0,0.0,0.0,0.0,0.0,0,0.0,0.0,0.007208560803214456,11.0,0,0,Tottenham (A) · Fulham (H),,,,,,,upcoming,1.7854200840329724,1.8023323837935046
E0,Newcastle,1,1,4,4,2026-08-23 16:30:00,2026-09-14 20:00:00,4,2,4.986682510682788,4.986682510682788,6.4038746723442,0.0,5.0,3.6799999999999997,8.11,2.973693616170107,3.474886239795011,3,7.0,8.0,0.11345690291628482,8.5,0,0,Liverpool (H) · Tottenham (A) · Bournemouth (H) · Leeds (A),0.013317489317212328,-2.012988894512681,2.026306383829893,0.00526260707335875,-1.0269382774407998,0.9958010664482047,complete,1.246670627670697,
E0,Newcastle,2,5,8,4,2026-09-19 15:00:00,2026-10-25 14:00:00,1,2,6.688816677911348,2.2686112505852822,1.2803975219298325,4.344713349089184,3.0,1.36,1.64,1.1845136743502291,0.0,0,2.0,1.0,-0.33835451367655744,15.0,0,0,Hull (H) · Coventry (A) · Aston Villa (H) · Crystal Palace (A),0.7313887494147178,-1.084097576235053,1.8154863256497709,0.6463620698874437,-1.236859405070631,0.5180448987089454,in progress,1.672204169477837,1.448237783029728
E0,Newcastle,3,9,12,4,2026-11-02 20:00:00,2026-11-29 14:05:00,0,2,5.0093385977378,0.0,0.0,4.77726039095198,0.0,0.0,0.0,0.0,0.0,0,0.0,0.0,0.10999306449793042,8.75,0,0,Everton (H) · Fulham (A) · Arsenal (H) · Brighton (A),,,,,,,upcoming,1.25233464943445,1.194315097737995
E0,Newcastle,4,13,16,4,2026-12-02 20:00:00,2026-12-19 15:00:00,0,2,5.8551554665348435,0.0,0.0,5.565213005387363,0.0,0.0,0.0,0.0,0.0,0,0.0,0.0,-0.1124076136596472,13.0,0,0,Man Utd (H) · Sunderland (H) · Ipswich (A) · Brentford (A),,,,,,,upcoming,1.4637888666337109,1.3913032513468409
E0,Newcastle,5,17,20,4,2026-12-26 20:00:00,2027-01-07 20:00:00,0,2,4.164990008203637,0.0,0.0,4.010395430313799,0.0,0.0,0.0,0.0,0.0,0,0.0,0.0,0.3429558786232957,6.0,0,0,Man City (H) · Nott'm Forest (H) · Chelsea (A) · Man Utd (A),,,,,,,upcoming,1.0412475020509093,1.0025988575784497
E0,Newcastle,6,21,24,4,2027-01-16 15:00:00,2027-02-06 15:00:00,0,2,5.076545495209253,0.0,0.0,4.854592566449573,0.0,0.0,0.0,0.0,0.0,0,0.0,0.0,0.10999306449793042,8.75,0,0,Fulham (H) · Arsenal (A) · Brighton (H) · Everton (A),,,,,,,upcoming,1.2691363738023131,1.2136481416123932
E0,Newcastle,7,25,28,4,2027-02-10 20:00:00,2027-03-03 20:00:00,0,2,4.681401343933515,0.0,0.0,4.498372940004677,0.0,0.0,0.0,0.0,0.0,0,0.0,0.0,0.20685893784530882,8.0,0,0,Chelsea (H) · Man City (A) · Brentford (H) · Nott'm Forest (A),,,,,,,upcoming,1.1703503359833787,1.1245932350011691
E0,Newcastle,8,29,32,4,2027-03-13 15:00:00,2027-04-17 15:00:00,0,2,5.0133053418267846,0.0,0.0,4.856327721354926,0.0,0.0,0.0,0.0,0.0,0,0.0,0.0,0.11345690291628482,8.5,0,0,Bournemouth (A) · Leeds (H) · Liverpool (A) · Tottenham (H),,,,,,,upcoming,1.2533263354566961,1.2140819303387316
E0,Newcastle,9,33,36,4,2027-04-24 15:00:00,2027-05-15 15:00:00,0,2,6.528339386440102,0.0,0.0,6.307720044140815,0.0,0.0,0.0,0.0,0.0,0,0.0,0.0,-0.28861073764726086,15.25,0,0,Ipswich (H) · Sunderland (A) · Coventry (H) · Aston Villa (A),,,,,,,upcoming,1.6320848466100255,1.5769300110352038
E0,Newcastle,10,37,38,2,2027-05-23 15:00:00,2027-05-30 16:00:00,0,1,3.677755150190864,0.0,0.0,3.569792044456325,0.0,0.0,0.0,0.0,0.0,0,0.0,0.0,-0.49998957207863326,17.5,0,0,Crystal Palace (H) · Hull (A),,,,,,,upcoming,1.838877575095432,1.7848960222281625
E0,Nott'm Forest,1,1,4,4,2026-08-22 15:00:00,2026-09-12 15:00:00,4,2,4.402043344714281,4.402043344714281,5.926476469574466,0.0,5.0,6.41,4.94,6.229233795562365,3.283262361970959,3,4.0,4.0,0.17412996909843753,7.5,0,0,Leeds (H) · Liverpool (A) · Tottenham (H) · Aston Villa (A),0.597956655285719,1.827190450848084,-1.2292337955623651,0.24562435187578535,0.9689690591135158,0.8059730365579254,complete,1.1005108361785703,
E0,Nott'm Forest,2,5,8,4,2026-09-19 17:30:00,2026-10-23 20:00:00,1,2,5.544664265663066,1.9058616573105196,1.6055049207387615,3.735213208212467,0.0,1.37,0.57,1.9653726372274416,0.0,0,0.0,1.0,-0.12950515743124283,13.25,0,0,Coventry (H) · Crystal Palace (A) · Arsenal (H) · Ipswich (A),-1.9058616573105196,0.059510979916922,-1.9653726372274416,-1.5041306199539253,0.06063392131206833,0.1325477375487334,in progress,1.3861660664157665,1.2450710694041558
E0,Nott'm Forest,3,9,12,4,2026-10-31 15:00:00,2026-11-27 20:00:00,0,2,4.203916213281168,0.0,0.0,4.305132280429389,0.0,0.0,0.0,0.0,0.0,0,0.0,0.0,0.21405038195832082,7.5,0,0,Brentford (A) · Man City (H) · Bournemouth (A) · Chelsea (H),,,,,,,upcoming,1.050979053320292,1.0762830701073471
E0,Nott'm Forest,4,13,16,4,2026-12-02 20:00:00,2026-12-19 15:00:00,0,2,6.098342231661119,0.0,0.0,6.098056258452713,0.0,0.0,0.0,0.0,0.0,0,0.0,0.0,-0.2828866015635183,13.75,0,0,Hull (A) · Brighton (H) · Sunderland (A) · Everton (H),,,,,,,upcoming,1.5245855579152798,1.5245140646131783
E0,Nott'm Forest,5,17,20,4,2026-12-27 16:30:00,2027-01-05 19:30:00,0,2,5.615293098258636,0.0,0.0,5.676557774782418,0.0,0.0,0.0,0.0,0.0,0,0.0,0.0,-0.14840533796389982,12.25,0,0,Man Utd (A) · Newcastle (A) · Fulham (H) · Hull (H),,,,,,,upcoming,1.403823274564659,1.4191394436956044
E0,Nott'm Forest,6,21,24,4,2027-01-16 15:00:00,2027-02-06 15:00:00,0,2,4.317938389832819,0.0,0.0,4.403695686299734,0.0,0.0,0.0,0.0,0.0,0,0.0,0.0,0.2140503819583208,7.5,0,0,Man City (A) · Bournemouth (H) · Chelsea (A) · Brentford (H),,,,,,,upcoming,1.0794845974582048,1.1009239215749336
E0,Nott'm Forest,7,25,28,4,2027-02-10 20:00:00,2027-03-03 20:00:00,0,2,4.874528128805438,0.0,0.0,5.0002370933985,0.0,0.0,0.0,0.0,0.0,0,0.0,0.0,0.03420382589051215,9.75,0,0,Fulham (A) · Man Utd (H) · Everton (A) · Newcastle (H),,,,,,,upcoming,1.2186320322013595,1.250059273349625
E0,Nott'm Forest,8,29,32,4,2027-03-13 15:00:00,2027-04-17 15:00:00,0,2,4.354717261309506,0.0,0.0,4.564346185763364,0.0,0.0,0.0,0.0,0.0,0,0.0,0.0,0.17412996909843753,7.5,0,0,Tottenham (A) · Aston Villa (H) · Leeds (A) · Liverpool (H),,,,,,,upcoming,1.0886793153273766,1.141086546440841
E0,Nott'm Forest,9,33,36,4,2027-04-24 15:00:00,2027-05-15 15:00:00,0,2,4.863904114739411,0.0,0.0,4.9480471069678265,0.0,0.0,0.0,0.0,0.0,0,0.0,0.0,0.06891575985162093,10.25,0,0,Sunderland (H) · Brighton (A) · Crystal Palace (H) · Arsenal (A),,,,,,,upcoming,1.2159760286848527,1.2370117767419566
E0,Nott'm Forest,10,37,38,2,2027-05-23 15:00:00,2027-05-30 16:00:00,0,1,3.505698513997031,0.0,0.0,3.5192085668239743,0.0,0.0,0.0,0.0,0.0,0,0.0,0.0,-0.5169105042455175,18.5,0,0,Ipswich (H) · Coventry (A),,,,,,,upcoming,1.7528492569985155,1.7596042834119872
E0,Sunderland,1,1,4,4,2026-08-22 15:00:00,2026-09-12 20:00:00,4,2,4.621590272798727,4.621590272798727,6.061043403358371,0.0,4.0,6.24,5.49,5.92619386618861,3.58923515128493,3,3.0,5.0,-0.034228831451395964,12.0,0,0,Ipswich (A) · Fulham (H) · Brentford (A) · Arsenal (H),-0.621590272798727,1.3046035933898832,-1.9261938661886102,-0.25248205282392655,0.6841152130877336,0.8006684846240126,complete,1.1553975681996818,
E0,Sunderland,2,5,8,4,2026-09-20 14:00:00,2026-10-25 16:30:00,1,2,4.182105706836697,0.4755549756612093,0.8511282076685333,3.7572163572446096,0.0,2.77,2.47,1.5600199151971719,0.0,0,3.0,5.0,0.09847960005168505,8.75,2,0,Man City (A) · Brighton (H) · Bournemouth (A) · Leeds (H),-0.4755549756612093,1.0844649395359625,-1.5600199151971719,-0.5154698140291945,1.517547867602167,0.6062247580043723,in progress,1.0455264267091742,1.2524054524148698
E0,Sunderland,3,9,12,4,2026-10-31 15:00:00,2026-11-29 14:05:00,0,2,4.183865397006066,0.0,0.0,4.439336026866674,0.0,0.0,0.0,0.0,0.0,0,0.0,0.0,0.07324319615533632,9.0,2,0,Coventry (A) · Chelsea (H) · Aston Villa (A) · Tottenham (H),,,,,,,upcoming,1.0459663492515165,1.1098340067166685
E0,Sunderland,4,13,16,4,2026-12-02 20:00:00,2026-12-19 15:00:00,0,2,4.365296338101001,0.0,0.0,4.574063094555499,0.0,0.0,0.0,0.0,0.0,0,0.0,0.0,0.04129415983636975,10.0,1,0,Liverpool (A) · Newcastle (A) · Nott'm Forest (H) · Crystal Palace (H),,,,,,,upcoming,1.0913240845252503,1.1435157736388748
E0,Sunderland,5,17,20,4,2026-12-26 15:00:00,2027-01-05 20:15:00,0,2,4.489761327308785,0.0,0.0,4.591980559985639,0.0,0.0,0.0,0.0,0.0,0,0.0,0.0,0.011463651951466855,9.25,0,0,Everton (A) · Man Utd (A) · Hull (H) · Liverpool (H),,,,,,,upcoming,1.1224403318271963,1.1479951399964097
E0,Sunderland,6,21,24,4,2027-01-16 15:00:00,2027-02-06 15:00:00,0,2,4.25869705917754,0.0,0.0,4.497989756411053,0.0,0.0,0.0,0.0,0.0,0,0.0,0.0,0.07324319615533632,9.0,2,0,Chelsea (A) · Coventry (H) · Tottenham (A) · Aston Villa (H),,,,,,,upcoming,1.064674264794385,1.1244974391027633
E0,Sunderland,7,25,28,4,2027-02-10 20:00:00,2027-03-03 20:00:00,0,2,5.054873650345998,0.0,0.0,5.189734449726266,0.0,0.0,0.0,0.0,0.0,0,0.0,0.0,-0.15814616890974245,12.25,0,0,Hull (A) · Everton (H) · Crystal Palace (A) · Man Utd (H),,,,,,,upcoming,1.2637184125864995,1.2974336124315664
E0,Sunderland,8,29,32,4,2027-03-13 15:00:00,2027-04-17 15:00:00,0,2,4.724209765017687,0.0,0.0,4.779635792707718,0.0,0.0,0.0,0.0,0.0,0,0.0,0.0,-0.03422883145139596,12.0,0,0,Brentford (H) · Arsenal (A) · Ipswich (H) · Fulham (A),,,,,,,upcoming,1.1810524412544217,1.1949089481769295
E0,Sunderland,9,33,36,4,2027-04-24 15:00:00,2027-05-15 15:00:00,0,2,4.620040776337454,0.0,0.0,4.732334161198631,0.0,0.0,0.0,0.0,0.0,0,0.0,0.0,-0.04883835320568783,10.25,0,0,Nott'm Forest (A) · Newcastle (H) · Brighton (A) · Bournemouth (H),,,,,,,upcoming,1.1550101940843636,1.1830835402996578
E0,Sunderland,10,37,38,2,2027-05-23 15:00:00,2027-05-30 16:00:00,0,1,1.8212653455992367,0.0,0.0,1.8972200161730886,0.0,0.0,0.0,0.0,0.0,0,0.0,0.0,0.22706086746626275,8.0,0,0,Leeds (A) · Man City (H),,,,,,,upcoming,0.9106326727996183,0.9486100080865443
E0,Tottenham,1,1,4,4,2026-08-22 17:30:00,2026-09-12 17:30:00,4,2,6.673052829934768,6.673052829934768,6.7486618182228195,0.0,2.0,3.76,7.15,4.303673778631816,4.3171859685425815,3,0.0,5.0,-0.07803584317265415,11.0,0,0,Brentford (A) · Newcastle (H) · Nott'm Forest (A) · Everton (H),-4.673052829934768,-2.3693790513029525,-2.3036737786318158,-1.7988371906790406,-1.1774706383248148,0.07204443842941033,complete,1.668263207483692,
E0,Tottenham,2,5,8,4,2026-09-19 12:30:00,2026-10-24 17:30:00,1,2,5.856744136428456,1.611025029622247,1.7124090066152253,4.121967312162917,0.0,1.45,1.53,1.3139489360133112,0.0,0,2.0,3.0,0.12763784321597332,8.5,0,0,Aston Villa (H) · Man Utd (A) · Coventry (H) · Chelsea (A),-1.611025029622247,-0.29707609360893583,-1.3139489360133112,-1.2311147543813683,-0.2930814473956396,0.21827994798953743,in progress,1.464186034107114,1.3739891040543055
E0,Tottenham,3,9,12,4,2026-10-31 17:30:00,2026-11-29 14:05:00,0,2,7.466902257610847,0.0,0.0,7.230407099930844,0.0,0.0,0.0,0.0,0.0,0,0.0,0.0,-0.2910569241843843,16.25,0,0,Crystal Palace (H) · Leeds (A) · Ipswich (H) · Sunderland (A),,,,,,,upcoming,1.8667255644027116,1.807601774982711
E0,Tottenham,4,13,16,4,2026-12-02 20:00:00,2026-12-19 15:00:00,0,2,6.191508009203849,0.0,0.0,5.946171021501301,0.0,0.0,0.0,0.0,0.0,0,0.0,0.0,0.04185795916177197,10.0,0,0,Fulham (H) · Arsenal (H) · Hull (A) · Liverpool (A),,,,,,,upcoming,1.5478770023009623,1.4865427553753252
E0,Tottenham,5,17,20,4,2026-12-26 15:00:00,2027-01-06 19:30:00,0,2,6.0554034169197894,0.0,0.0,5.788757357038175,0.0,0.0,0.0,0.0,0.0,0,0.0,0.0,0.08805020237381464,9.25,0,0,Bournemouth (H) · Brighton (H) · Man City (A) · Fulham (A),,,,,,,upcoming,1.5138508542299474,1.4471893392595438
E0,Tottenham,6,21,24,4,2027-01-16 15:00:00,2027-02-06 15:00:00,0,2,7.4910784398668895,0.0,0.0,7.253513052880047,0.0,0.0,0.0,0.0,0.0,0,0.0,0.0,-0.2910569241843843,16.25,0,0,Leeds (H) · Crystal Palace (A) · Sunderland (H) · Ipswich (A),,,,,,,upcoming,1.8727696099667224,1.8133782632200117
E0,Tottenham,7,25,28,4,2027-02-10 20:00:00,2027-03-03 20:00:00,0,2,5.334259437852376,0.0,0.0,5.114467488000484,0.0,0.0,0.0,0.0,0.0,0,0.0,0.0,0.26436719358666055,6.0,0,0,Man City (H) · Brighton (A) · Liverpool (H) · Bournemouth (A),,,,,,,upcoming,1.333564859463094,1.278616872000121
E0,Tottenham,8,29,32,4,2027-03-13 15:00:00,2027-04-17 15:00:00,0,2,6.669697156064206,0.0,0.0,6.455812820683457,0.0,0.0,0.0,0.0,0.0,0,0.0,0.0,-0.07803584317265415,11.0,0,0,Nott'm Forest (H) · Everton (A) · Brentford (H) · Newcastle (A),,,,,,,upcoming,1.6674242890160516,1.6139532051708643
E0,Tottenham,9,33,36,4,2027-04-24 15:00:00,2027-05-15 15:00:00,0,2,6.498186013205704,0.0,0.0,6.304194397357104,0.0,0.0,0.0,0.0,0.0,0,0.0,0.0,-0.048599416103458845,11.0,0,0,Hull (H) · Arsenal (A) · Chelsea (H) · Coventry (A),,,,,,,upcoming,1.624546503301426,1.576048599339276
E0,Tottenham,10,37,38,2,2027-05-23 15:00:00,2027-05-30 16:00:00,0,1,2.596593428836239,0.0,0.0,2.5338209634287336,0.0,0.0,0.0,0.0,0.0,0,0.0,0.0,0.29944141894445897,5.5,0,0,Man Utd (H) · Aston Villa (A),,,,,,,upcoming,1.2982967144181194,1.2669104817143668
E1,Birmingham,1,1,4,4,2026-08-15 17:30:00,2026-09-01 20:00:00,4,2,5.667796588805977,5.667796588805977,6.569421257699853,0.0,6.0,5.82,4.96,6.105717152930294,5.4980644986970955,4,5.0,4.0,0.06949925191267545,9.0,0,0,Sheffield United (A) · Bristol City (H) · Wrexham (A) · Southampton (H),0.33220341119402264,0.43792056412431624,-0.1057171529302936,0.12961060323135548,0.22057493432679182,0.8968745138501497,complete,1.4169491472014943,
E1,Birmingham,2,5,8,4,2026-09-06 12:00:00,2026-09-19 15:00:00,4,2,5.363579989752555,5.363579989752555,6.576807648898754,0.0,5.0,7.63,6.34,6.328415048571241,3.8351713836184422,3,7.0,7.0,0.15118596613390548,6.0,0,0,Wolves (H) · Norwich (A) · Derby (A) · Middlesbrough (H),-0.3635799897525551,0.9648350588186858,-1.328415048571241,-0.14177263227396247,0.48570198740277826,0.8872596019635923,complete,1.3408949974381388,
E1,Birmingham,3,9,12,4,2026-10-10 12:30:00,2026-10-24 15:00:00,0,2,6.417522495976676,0.0,0.0,6.418310143063522,0.0,0.0,0.0,0.0,0.0,0,0.0,0.0,-0.1341287240250802,17.75,0,0,West Brom (A) · Preston (H) · QPR (H) · Cardiff (A),,,,,,,upcoming,1.604380623994169,1.6045775357658805
E1,Birmingham,4,13,16,4,2026-10-31 12:30:00,2026-11-21 15:00:00,0,2,6.22518661304327,0.0,0.0,6.2222472048513175,0.0,0.0,0.0,0.0,0.0,0,0.0,0.0,-0.0814759557514683,15.0,0,0,Lincoln (A) · Millwall (H) · Swansea (H) · Stoke (A),,,,,,,upcoming,1.5562966532608176,1.5555618012128294
E1,Birmingham,5,17,20,4,2026-11-25 19:45:00,2026-12-08 20:00:00,0,2,6.329549430877024,0.0,0.0,6.516128501429211,0.0,0.0,0.0,0.0,0.0,0,0.0,0.0,-0.10948742353380114,16.25,0,0,Burnley (A) · Bolton (H) · Charlton (A) · Watford (H),,,,,,,upcoming,1.582387357719256,1.6290321253573028
E1,Birmingham,6,21,24,4,2026-12-12 15:00:00,2026-12-29 20:00:00,0,2,5.878281715401607,0.0,0.0,5.90964473507757,0.0,0.0,0.0,0.0,0.0,0,0.0,0.0,0.01176500119717111,14.75,0,0,Portsmouth (A) · West Ham (H) · Blackburn (A) · Cardiff (H),,,,,,,upcoming,1.4695704288504017,1.4774111837693924
E1,Birmingham,7,25,28,4,2027-01-01 15:00:00,2027-01-26 19:45:00,0,2,6.392184860152869,0.0,0.0,6.346356160305621,0.0,0.0,0.0,0.0,0.0,0,0.0,0.0,-0.12878437400667153,17.25,0,0,Portsmouth (H) · QPR (A) · Lincoln (H) · Millwall (A),,,,,,,upcoming,1.5980462150382173,1.5865890400764053
E1,Birmingham,8,29,32,4,2027-01-30 15:00:00,2027-02-16 19:45:00,0,2,6.11873195787059,0.0,0.0,6.261551644978923,0.0,0.0,0.0,0.0,0.0,0,0.0,0.0,-0.05308773798118877,14.5,0,0,Swansea (A) · Stoke (H) · Derby (H) · Preston (A),,,,,,,upcoming,1.5296829894676476,1.5653879112447306
E1,Birmingham,9,33,36,4,2027-02-20 15:00:00,2027-03-06 15:00:00,0,2,5.693119820286647,0.0,0.0,5.78828728078241,0.0,0.0,0.0,0.0,0.0,0,0.0,0.0,0.06324568773334135,9.5,0,0,Middlesbrough (A) · West Brom (H) · Bristol City (A) · Sheffield United (H),,,,,,,upcoming,1.4232799550716617,1.4470718201956025
E1,Birmingham,10,37,40,4,2027-03-13 15:00:00,2027-04-03 15:00:00,0,2,6.06984799306302,0.0,0.0,6.190972747413433,0.0,0.0,0.0,0.0,0.0,0,0.0,0.0,-0.03223669942593832,16.25,0,0,Bolton (A) · Charlton (H) · Blackburn (H) · West Ham (A),,,,,,,upcoming,1.517461998265755,1.5477431868533582
E1,Birmingham,11,41,44,4,2027-04-07 20:00:00,2027-04-20 19:45:00,0,2,5.365323307234182,0.0,0.0,5.409143991389521,0.0,0.0,0.0,0.0,0.0,0,0.0,0.0,0.15425061096461593,5.75,0,0,Norwich (H) · Wolves (A) · Wrexham (H) · Southampton (A),,,,,,,upcoming,1.3413308268085455,1.3522859978473802
E1,Birmingham,12,45,46,2,2027-04-24 15:00:00,2027-05-01 12:30:00,0,1,2.8767820012006267,0.0,0.0,2.9758939015414887,0.0,0.0,0.0,0.0,0.0,0,0.0,0.0,0.045130402820690196,10.0,0,0,Watford (A) · Burnley (H),,,,,,,upcoming,1.4383910006003133,1.4879469507707443
E1,Blackburn,1,1,4,4,2026-08-14 20:00:00,2026-09-01 19:45:00,4,2,4.986375253697705,4.986375253697705,6.249005812312495,0.0,5.0,3.23,6.71,3.081501267823952,4.209292996553381,4,5.0,5.0,0.00708248699775188,11.5,0,0,Wolves (A) · Middlesbrough (H) · QPR (H) · Lincoln (A),0.01362474630229471,-1.9048739858737531,1.9184987321760478,0.005450332030397956,-0.9837509422794185,0.9956512857522775,complete,1.2465938134244263,
E1,Blackburn,2,5,8,4,2026-09-05 12:30:00,2026-09-19 15:00:00,4,2,5.113765654153321,5.113765654153321,6.500309695686824,0.0,4.0,4.63,5.96,4.644651297187878,3.8049151476942944,3,7.0,7.0,-0.03682534832102967,14.0,0,0,Preston (A) · Sheffield United (H) · Millwall (H) · Portsmouth (A),-1.1137656541533207,-0.46911435696544235,-0.6446512971878784,-0.43684442437497006,-0.23753962970286555,0.6622241789212984,complete,1.2784414135383302,
E1,Blackburn,3,9,12,4,2026-10-10 15:00:00,2026-10-24 15:00:00,0,2,5.157497466915077,0.0,0.0,5.005563653525194,0.0,0.0,0.0,0.0,0.0,0,0.0,0.0,-0.045544534037946394,14.25,0,0,Cardiff (H) · Bristol City (A) · West Brom (A) · Wrexham (H),,,,,,,upcoming,1.2893743667287692,1.2513909133812986
E1,Blackburn,4,13,16,4,2026-10-31 15:00:00,2026-11-22 12:00:00,0,2,4.397989911958639,0.0,0.0,4.302365103773718,0.0,0.0,0.0,0.0,0.0,0,0.0,0.0,0.16784503332336126,7.75,0,0,Swansea (A) · Stoke (H) · West Ham (H) · Burnley (A),,,,,,,upcoming,1.0994974779896598,1.0755912759434294
E1,Blackburn,5,17,20,4,2026-11-25 19:45:00,2026-12-08 19:45:00,0,2,5.463447899366853,0.0,0.0,5.431954830807948,0.0,0.0,0.0,0.0,0.0,0,0.0,0.0,-0.13112948622637993,17.0,0,0,Watford (A) · Charlton (H) · Bolton (A) · Norwich (H),,,,,,,upcoming,1.3658619748417133,1.357988707701987
E1,Blackburn,6,21,24,4,2026-12-12 15:00:00,2026-12-29 18:00:00,0,2,4.678608842743814,0.0,0.0,4.608226226113636,0.0,0.0,0.0,0.0,0.0,0,0.0,0.0,0.08795893808757899,8.0,0,0,Derby (H) · Southampton (A) · Birmingham (H) · Wrexham (A),,,,,,,upcoming,1.1696522106859535,1.152056556528409
E1,Blackburn,7,25,28,4,2027-01-01 15:00:00,2027-01-26 19:45:00,0,2,5.020402073507699,0.0,0.0,4.972038001206086,0.0,0.0,0.0,0.0,0.0,0,0.0,0.0,-0.007731767452444473,12.75,0,0,Derby (A) · West Brom (H) · Swansea (H) · Stoke (A),,,,,,,upcoming,1.2551005183769248,1.2430095003015216
E1,Blackburn,8,29,32,4,2027-01-30 15:00:00,2027-02-16 19:45:00,0,2,4.3610949645112225,0.0,0.0,4.2327618509662965,0.0,0.0,0.0,0.0,0.0,0,0.0,0.0,0.18990673905998262,7.25,0,0,West Ham (A) · Burnley (H) · Millwall (A) · Bristol City (H),,,,,,,upcoming,1.0902737411278056,1.0581904627415741
E1,Blackburn,9,33,36,4,2027-02-20 15:00:00,2027-03-06 15:00:00,0,2,4.868193415309023,0.0,0.0,4.645200210492604,0.0,0.0,0.0,0.0,0.0,0,0.0,0.0,0.036081458286030606,11.0,0,0,Portsmouth (H) · Cardiff (A) · Middlesbrough (A) · Wolves (H),,,,,,,upcoming,1.2170483538272558,1.161300052623151
E1,Blackburn,10,37,40,4,2027-03-13 15:00:00,2027-04-03 15:00:00,0,2,5.232986815334546,0.0,0.0,5.156529237566687,0.0,0.0,0.0,0.0,0.0,0,0.0,0.0,-0.06507006372423543,14.0,0,0,Charlton (A) · Bolton (H) · Birmingham (A) · Southampton (H),,,,,,,upcoming,1.3082467038336365,1.2891323093916718
E1,Blackburn,11,41,44,4,2027-04-07 19:45:00,2027-04-21 19:45:00,0,2,5.517196311322707,0.0,0.0,5.37193507733476,0.0,0.0,0.0,0.0,0.0,0,0.0,0.0,-0.1421407655329892,17.25,0,0,Sheffield United (A) · Preston (H) · QPR (A) · Lincoln (H),,,,,,,upcoming,1.3792990778306768,1.34298376933369
E1,Blackburn,12,45,46,2,2027-04-24 15:00:00,2027-05-01 12:30:00,0,1,2.49812047789114,0.0,0.0,2.4779878892639142,0.0,0.0,0.0,0.0,0.0,0,0.0,0.0,0.0018462774355325964,11.5,0,0,Norwich (A) · Watford (H),,,,,,,upcoming,1.24906023894557,1.2389939446319571
E1,Bolton,1,1,4,4,2026-08-15 12:30:00,2026-09-01 19:45:00,4,2,5.066924739081702,5.066924739081702,6.22512414144925,0.0,4.0,4.89,6.470000000000001,4.497386047466051,4.739567576002803,4,4.0,5.0,-0.1421407655329892,17.25,0,0,Preston (H) · QPR (A) · Lincoln (H) · Sheffield United (A),-1.0669247390817018,-0.5695386916156506,-0.4973860474660512,-0.42762174072773873,-0.29469556481773784,0.6689265349444011,complete,1.2667311847704255,
E1,Bolton,2,5,8,4,2026-09-05 15:00:00,2026-09-20 13:30:00,4,2,4.171458462950852,4.171458462950852,5.730707542084772,0.0,6.0,4.29,7.95,3.4064518127370538,3.1890132262592026,3,7.0,10.0,0.11300209516329339,9.75,0,0,Millwall (A) · West Ham (H) · Cardiff (H) · Norwich (A),1.8285415370491478,-0.7650066502137984,2.5935481872629462,0.7638370278610057,-0.412558427043808,0.44496436792427874,complete,1.042864615737713,
E1,Bolton,3,9,12,4,2026-10-10 15:00:00,2026-10-23 20:00:00,0,2,3.9858881266685997,0.0,0.0,3.878731226267038,0.0,0.0,0.0,0.0,0.0,0,0.0,0.0,0.16654127507062072,5.25,0,0,Stoke (H) · Wolves (A) · Southampton (A) · Middlesbrough (H),,,,,,,upcoming,0.9964720316671499,0.9696828065667595
E1,Bolton,4,13,16,4,2026-10-31 15:00:00,2026-11-21 15:00:00,0,2,4.896687327587699,0.0,0.0,4.907616891494393,0.0,0.0,0.0,0.0,0.0,0,0.0,0.0,-0.10030655672486152,16.75,0,0,Bristol City (H) · Charlton (A) · Derby (A) · Portsmouth (H),,,,,,,upcoming,1.2241718318969248,1.2269042228735982
E1,Bolton,5,17,20,4,2026-11-25 19:45:00,2026-12-08 19:45:00,0,2,4.608236159780982,0.0,0.0,4.5289715112795665,0.0,0.0,0.0,0.0,0.0,0,0.0,0.0,-0.016103214917865594,13.25,0,0,West Brom (H) · Birmingham (A) · Blackburn (H) · Swansea (A),,,,,,,upcoming,1.1520590399452455,1.1322428778198916
E1,Bolton,6,21,24,4,2026-12-11 20:00:00,2026-12-29 19:45:00,0,2,4.234099982626438,0.0,0.0,4.181094064332687,0.0,0.0,0.0,0.0,0.0,0,0.0,0.0,0.08828966894966891,8.0,0,0,Wrexham (H) · Watford (A) · Burnley (H) · Middlesbrough (A),,,,,,,upcoming,1.0585249956566094,1.0452735160831716
E1,Bolton,7,25,28,4,2027-01-01 15:00:00,2027-01-26 19:45:00,0,2,4.628711654494158,0.0,0.0,4.586453964002899,0.0,0.0,0.0,0.0,0.0,0,0.0,0.0,-0.021472981648953983,12.75,0,0,Wrexham (A) · Southampton (H) · Bristol City (A) · Charlton (H),,,,,,,upcoming,1.1571779136235394,1.1466134910007248
E1,Bolton,8,29,32,4,2027-01-30 15:00:00,2027-02-17 19:45:00,0,2,4.561594106286926,0.0,0.0,4.458804149396624,0.0,0.0,0.0,0.0,0.0,0,0.0,0.0,-0.00866663238562504,13.25,0,0,Derby (H) · Portsmouth (A) · Cardiff (A) · Wolves (H),,,,,,,upcoming,1.1403985265717316,1.114701037349156
E1,Bolton,9,33,36,4,2027-02-20 15:00:00,2027-03-06 15:00:00,0,2,4.682286902543172,0.0,0.0,4.605692631392066,0.0,0.0,0.0,0.0,0.0,0,0.0,0.0,-0.040352409105489026,13.75,0,0,Norwich (H) · Stoke (A) · QPR (H) · Preston (A),,,,,,,upcoming,1.170571725635793,1.1514231578480165
E1,Bolton,10,37,40,4,2027-03-13 15:00:00,2027-04-03 15:00:00,0,2,4.461941896096869,0.0,0.0,4.4547368981685755,0.0,0.0,0.0,0.0,0.0,0,0.0,0.0,0.025231884507668723,11.25,0,0,Birmingham (H) · Blackburn (A) · Burnley (A) · Watford (H),,,,,,,upcoming,1.1154854740242173,1.1136842245421439
E1,Bolton,11,41,44,4,2027-04-06 19:45:00,2027-04-20 19:45:00,0,2,4.324426830248597,0.0,0.0,4.182046558176152,0.0,0.0,0.0,0.0,0.0,0,0.0,0.0,0.0792819540460333,10.75,0,0,West Ham (A) · Millwall (H) · Lincoln (A) · Sheffield United (H),,,,,,,upcoming,1.0811067075621492,1.045511639544038
E1,Bolton,12,45,46,2,2027-04-24 15:00:00,2027-05-01 12:30:00,0,1,2.338870276487584,0.0,0.0,2.284347083737214,0.0,0.0,0.0,0.0,0.0,0,0.0,0.0,-0.03753979603037845,14.0,0,0,Swansea (H) · West Brom (A),,,,,,,upcoming,1.169435138243792,1.142173541868607
E1,Bristol City,1,1,4,4,2026-08-15 15:00:00,2026-09-01 19:45:00,4,2,5.469147298622989,5.469147298622989,6.503011688285511,0.0,7.0,4.1,8.18,3.3033462716490303,5.240858369998985,4,7.0,6.0,-0.024667568955621715,13.5,0,0,Millwall (H) · Birmingham (A) · Portsmouth (H) · Preston (A),1.530852701377011,-2.1658010269739587,3.6966537283509697,0.6003107736312883,-1.096441999173194,0.5482991399722792,complete,1.3672868246557472,
E1,Bristol City,2,5,8,4,2026-09-05 15:00:00,2026-09-18 20:00:00,4,2,5.512977517566956,5.512977517566956,6.247940240146313,0.0,6.0,6.36,3.48,7.563693487832261,1.8695036969003507,2,4.0,6.0,-0.03321469898045796,12.25,0,0,Burnley (A) · Southampton (A) · Lincoln (H) · Watford (H),0.48702248243304425,2.050715970265305,-1.5636934878322606,0.19484110168921406,1.0591597169735385,0.845517344374298,complete,1.378244379391739,
E1,Bristol City,3,9,12,4,2026-10-10 12:30:00,2026-10-24 15:00:00,0,2,5.6336013916041985,0.0,0.0,5.716857600531274,0.0,0.0,0.0,0.0,0.0,0,0.0,0.0,-0.07050558257938538,15.25,0,0,Charlton (A) · Blackburn (H) · Sheffield United (H) · Stoke (A),,,,,,,upcoming,1.4084003479010496,1.4292144001328184
E1,Bristol City,4,13,16,4,2026-10-31 15:00:00,2026-11-21 15:00:00,0,2,5.061441392924321,0.0,0.0,4.991839757119099,0.0,0.0,0.0,0.0,0.0,0,0.0,0.0,0.0866515547976944,8.5,0,0,Bolton (A) · Wolves (H) · Norwich (H) · Middlesbrough (A),,,,,,,upcoming,1.2653603482310802,1.2479599392797747
E1,Bristol City,5,17,20,4,2026-11-24 19:45:00,2026-12-09 19:45:00,0,2,5.366806550152612,0.0,0.0,5.361712466548875,0.0,0.0,0.0,0.0,0.0,0,0.0,0.0,0.0022064788524789516,12.25,0,0,Wrexham (H) · West Brom (A) · Swansea (H) · Derby (A),,,,,,,upcoming,1.341701637538153,1.3404281166372187
E1,Bristol City,6,21,24,4,2026-12-12 15:00:00,2026-12-29 19:45:00,0,2,5.230939145136549,0.0,0.0,5.108083384063908,0.0,0.0,0.0,0.0,0.0,0,0.0,0.0,0.052335450971421366,12.5,0,0,West Ham (A) · Cardiff (H) · QPR (A) · Stoke (H),,,,,,,upcoming,1.3077347862841373,1.277020846015977
E1,Bristol City,7,25,28,4,2027-01-01 15:00:00,2027-01-27 19:45:00,0,2,4.793567993121094,0.0,0.0,4.771888495876052,0.0,0.0,0.0,0.0,0.0,0,0.0,0.0,0.1665305390267708,8.25,0,0,West Ham (H) · Sheffield United (A) · Bolton (H) · Wolves (A),,,,,,,upcoming,1.1983919982802735,1.192972123969013
E1,Bristol City,8,29,32,4,2027-01-30 15:00:00,2027-02-16 19:45:00,0,2,5.09892772454838,0.0,0.0,5.06203741338918,0.0,0.0,0.0,0.0,0.0,0,0.0,0.0,0.07476172314363434,8.5,0,0,Norwich (A) · Middlesbrough (H) · Southampton (H) · Blackburn (A),,,,,,,upcoming,1.274731931137095,1.265509353347295
E1,Bristol City,9,33,36,4,2027-02-20 15:00:00,2027-03-06 15:00:00,0,2,5.534877326340904,0.0,0.0,5.4934493745453095,0.0,0.0,0.0,0.0,0.0,0,0.0,0.0,-0.043284901187829905,13.75,0,0,Watford (A) · Charlton (H) · Birmingham (H) · Millwall (A),,,,,,,upcoming,1.383719331585226,1.3733623436363274
E1,Bristol City,10,37,40,4,2027-03-13 15:00:00,2027-04-03 15:00:00,0,2,5.760964911694237,0.0,0.0,5.614910002354481,0.0,0.0,0.0,0.0,0.0,0,0.0,0.0,-0.10569921608038847,16.5,0,0,West Brom (H) · Swansea (A) · QPR (H) · Cardiff (A),,,,,,,upcoming,1.4402412279235592,1.4037275005886203
E1,Bristol City,11,41,44,4,2027-04-06 19:45:00,2027-04-21 19:45:00,0,2,5.8058872395344245,0.0,0.0,5.760160374015688,0.0,0.0,0.0,0.0,0.0,0,0.0,0.0,-0.11802074552310415,16.5,0,0,Lincoln (A) · Burnley (H) · Portsmouth (A) · Preston (H),,,,,,,upcoming,1.4514718098836061,1.440040093503922
E1,Bristol City,12,45,46,2,2027-04-24 15:00:00,2027-05-01 12:30:00,0,1,2.612738937135334,0.0,0.0,2.64972444087648,0.0,0.0,0.0,0.0,0.0,0,0.0,0.0,0.04195275373533636,10.5,0,0,Derby (H) · Wrexham (A),,,,,,,upcoming,1.306369468567667,1.32486222043824
E1,Burnley,1,1,4,4,2026-08-16 16:00:00,2026-09-02 20:00:00,4,2,5.372153813414908,5.372153813414908,6.565490917095914,0.0,2.0,5.48,6.87,4.605874742665317,4.726798777297141,4,5.0,10.0,0.20137379658985657,6.0,0,0,West Ham (H) · West Brom (A) · Norwich (A) · Middlesbrough (H),-3.372153813414908,-0.766279070749591,-2.605874742665317,-1.3160541935279586,-0.3860803837952415,0.18815585386085854,complete,1.343038453353727,
E1,Burnley,2,5,8,4,2026-09-05 15:00:00,2026-09-19 15:00:00,4,2,6.119759209548551,6.119759209548551,6.623299347551432,0.0,2.0,3.96,5.46,4.19303311215633,3.928580762667554,3,4.0,7.0,-0.0009065086083929735,12.5,0,0,Bristol City (H) · Wrexham (A) · Swansea (A) · Derby (H),-4.119759209548551,-1.926726097392221,-2.1930331121563302,-1.6007910271420125,-0.9665118047324182,0.1094232116381868,complete,1.5299398023871378,
E1,Burnley,3,9,12,4,2026-10-10 15:00:00,2026-10-24 15:00:00,0,2,6.501733118917967,0.0,0.0,6.365172567912984,0.0,0.0,0.0,0.0,0.0,0,0.0,0.0,-0.10594943203931746,16.25,0,0,Watford (A) · Charlton (H) · Wolves (H) · Lincoln (A),,,,,,,upcoming,1.6254332797294917,1.591293141978246
E1,Burnley,4,13,16,4,2026-10-31 15:00:00,2026-11-22 12:00:00,0,2,6.65586624972721,0.0,0.0,6.468219854023943,0.0,0.0,0.0,0.0,0.0,0,0.0,0.0,-0.14636087059440864,18.75,0,0,Portsmouth (H) · QPR (A) · Cardiff (A) · Blackburn (H),,,,,,,upcoming,1.6639665624318025,1.6170549635059857
E1,Burnley,5,17,20,4,2026-11-25 19:45:00,2026-12-09 20:00:00,0,2,5.975630953171633,0.0,0.0,5.802823375296806,0.0,0.0,0.0,0.0,0.0,0,0.0,0.0,0.03772403251872831,10.25,0,0,Birmingham (H) · Millwall (A) · Preston (H) · Southampton (A),,,,,,,upcoming,1.4939077382929082,1.4507058438242015
E1,Burnley,6,21,24,4,2026-12-12 15:00:00,2026-12-29 19:45:00,0,2,6.557236626783062,0.0,0.0,6.481910549833003,0.0,0.0,0.0,0.0,0.0,0,0.0,0.0,-0.12172732637749434,16.25,0,0,Sheffield United (A) · Stoke (H) · Bolton (A) · Lincoln (H),,,,,,,upcoming,1.6393091566957656,1.6204776374582508
E1,Burnley,7,25,28,4,2027-01-01 17:30:00,2027-01-26 19:45:00,0,2,5.967939591053782,0.0,0.0,5.825973015195041,0.0,0.0,0.0,0.0,0.0,0,0.0,0.0,0.041918238997860686,11.25,0,0,Sheffield United (H) · Wolves (A) · Portsmouth (A) · QPR (H),,,,,,,upcoming,1.4919848977634456,1.4564932537987603
E1,Burnley,8,29,32,4,2027-01-30 15:00:00,2027-02-16 19:45:00,0,2,6.769161557424365,0.0,0.0,6.632510231443819,0.0,0.0,0.0,0.0,0.0,0,0.0,0.0,-0.1776087965098853,19.5,0,0,Cardiff (H) · Blackburn (A) · Swansea (H) · Charlton (A),,,,,,,upcoming,1.6922903893560912,1.6581275578609547
E1,Burnley,9,33,36,4,2027-02-20 15:00:00,2027-03-06 15:00:00,0,2,5.741549784170301,0.0,0.0,5.695604443084499,0.0,0.0,0.0,0.0,0.0,0,0.0,0.0,0.10797608084840174,10.5,0,0,Derby (A) · Watford (H) · West Brom (H) · West Ham (A),,,,,,,upcoming,1.4353874460425753,1.4239011107711248
E1,Burnley,10,37,40,4,2027-03-13 15:00:00,2027-04-03 15:00:00,0,2,6.4178901487167535,0.0,0.0,6.310272207662105,0.0,0.0,0.0,0.0,0.0,0,0.0,0.0,-0.08275480947464882,15.75,0,0,Millwall (H) · Preston (A) · Bolton (H) · Stoke (A),,,,,,,upcoming,1.6044725371791884,1.5775680519155262
E1,Burnley,11,41,44,4,2027-04-06 19:45:00,2027-04-20 19:45:00,0,2,5.798804281361762,0.0,0.0,5.6570459964250475,0.0,0.0,0.0,0.0,0.0,0,0.0,0.0,0.08647614425666632,8.25,0,0,Wrexham (H) · Bristol City (A) · Norwich (H) · Middlesbrough (A),,,,,,,upcoming,1.4497010703404405,1.4142614991062619
E1,Burnley,12,45,46,2,2027-04-24 15:00:00,2027-05-01 12:30:00,0,1,2.8114776869849782,0.0,0.0,2.738399154748047,0.0,0.0,0.0,0.0,0.0,0,0.0,0.0,0.13396512243982162,5.5,0,0,Southampton (H) · Birmingham (A),,,,,,,upcoming,1.4057388434924891,1.3691995773740235
E1,Cardiff,1,1,4,4,2026-08-17 20:00:00,2026-09-02 19:45:00,4,2,4.5235637646738365,4.5235637646738365,6.169342774000555,0.0,3.0,6.9,7.12,5.281993917205029,4.922057757238532,4,6.0,7.0,0.014531163503658552,11.5,0,0,Wrexham (H) · Derby (A) · Sheffield United (H) · QPR (A),-1.5235637646738365,0.7584301525311927,-2.281993917205029,-0.6133963463687351,0.3942035356283191,0.5396143012998404,complete,1.1308909411684591,
E1,Cardiff,2,5,8,4,2026-09-05 15:00:00,2026-09-19 12:30:00,4,2,5.123828602341405,5.123828602341404,6.417624487854418,0.0,4.0,9.12,3.71,8.570168270267253,4.3662702000668805,3,4.0,5.0,-0.15203533395494293,18.5,0,0,Portsmouth (A) · Stoke (H) · Bolton (A) · Charlton (H),-1.123828602341404,3.446339667925849,-4.570168270267253,-0.44362185158638606,1.7562862562322668,0.6573160045259692,complete,1.2809571505853512,
E1,Cardiff,3,9,12,4,2026-10-10 15:00:00,2026-10-24 15:00:00,0,2,4.50134128855682,0.0,0.0,4.730370866405399,0.0,0.0,0.0,0.0,0.0,0,0.0,0.0,0.025818732226018146,11.0,0,0,Blackburn (A) · Watford (H) · Middlesbrough (A) · Birmingham (H),,,,,,,upcoming,1.125335322139205,1.1825927166013497
E1,Cardiff,4,13,16,4,2026-10-31 15:00:00,2026-11-21 12:30:00,0,2,3.636272114729927,0.0,0.0,3.815421800161599,0.0,0.0,0.0,0.0,0.0,0,0.0,0.0,0.2788257568894319,3.5,0,0,Wolves (A) · West Ham (H) · Burnley (H) · Norwich (A),,,,,,,upcoming,0.9090680286824817,0.9538554500403997
E1,Cardiff,5,17,20,4,2026-11-24 19:45:00,2026-12-08 19:45:00,0,2,5.148425490005052,0.0,0.0,5.325951807123379,0.0,0.0,0.0,0.0,0.0,0,0.0,0.0,-0.1544654501841688,18.0,0,0,Preston (H) · Swansea (A) · Lincoln (H) · West Brom (A),,,,,,,upcoming,1.287106372501263,1.3314879517808447
E1,Cardiff,6,21,24,4,2026-12-12 15:00:00,2026-12-29 20:00:00,0,2,4.30208998097967,0.0,0.0,4.463907494695164,0.0,0.0,0.0,0.0,0.0,0,0.0,0.0,0.07996701558660067,8.75,0,0,Southampton (H) · Bristol City (A) · Millwall (H) · Birmingham (A),,,,,,,upcoming,1.0755224952449176,1.115976873673791
E1,Cardiff,7,25,28,4,2027-01-01 15:00:00,2027-01-27 19:45:00,0,2,3.633579878013532,0.0,0.0,3.73758224636912,0.0,0.0,0.0,0.0,0.0,0,0.0,0.0,0.2882641862478625,2.75,0,0,Southampton (A) · Middlesbrough (H) · Wolves (H) · West Ham (A),,,,,,,upcoming,0.908394969503383,0.93439556159228
E1,Cardiff,8,29,32,4,2027-01-30 15:00:00,2027-02-16 19:45:00,0,2,4.652969936020412,0.0,0.0,4.956253917268808,0.0,0.0,0.0,0.0,0.0,0,0.0,0.0,-0.014915626399027902,12.25,0,0,Burnley (A) · Norwich (H) · Bolton (H) · Watford (A),,,,,,,upcoming,1.163242484005103,1.239063479317202
E1,Cardiff,9,33,36,4,2027-02-20 15:00:00,2027-03-06 15:00:00,0,2,4.86877846810184,0.0,0.0,5.209059550031352,0.0,0.0,0.0,0.0,0.0,0,0.0,0.0,-0.07948695296204558,15.75,0,0,Charlton (A) · Blackburn (H) · Derby (H) · Wrexham (A),,,,,,,upcoming,1.21719461702546,1.302264887507838
E1,Cardiff,10,37,40,4,2027-03-13 15:00:00,2027-04-03 15:00:00,0,2,4.921257868361824,0.0,0.0,5.048896343825105,0.0,0.0,0.0,0.0,0.0,0,0.0,0.0,-0.09428158985759798,15.75,0,0,Swansea (H) · Lincoln (A) · Millwall (A) · Bristol City (H),,,,,,,upcoming,1.230314467090456,1.2622240859562763
E1,Cardiff,11,41,44,4,2027-04-06 19:45:00,2027-04-21 19:45:00,0,2,4.690467083497988,0.0,0.0,4.9377723288405315,0.0,0.0,0.0,0.0,0.0,0,0.0,0.0,-0.026427922374806324,13.5,0,0,Stoke (A) · Portsmouth (H) · Sheffield United (A) · QPR (H),,,,,,,upcoming,1.172616770874497,1.2344430822101329
E1,Cardiff,12,45,46,2,2027-04-24 15:00:00,2027-05-01 12:30:00,0,1,2.4543004612170654,0.0,0.0,2.581558986216484,0.0,0.0,0.0,0.0,0.0,0,0.0,0.0,-0.09439881191976189,16.5,0,0,West Brom (H) · Preston (A),,,,,,,upcoming,1.2271502306085327,1.290779493108242
E1,Charlton,1,1,4,4,2026-08-15 15:00:00,2026-09-02 19:45:00,4,2,4.214953219291738,4.214953219291738,5.659555617158108,0.0,10.0,3.6,6.71,3.873790458066317,4.413635802209159,4,6.0,3.0,0.08556163578010556,11.5,0,0,Derby (H) · West Ham (A) · Preston (H) · West Brom (A),5.785046780708262,-0.3411627612254211,6.126209541933683,2.4317319960384007,-0.18513768524017918,0.015026821522667433,complete,1.0537383048229345,
E1,Charlton,2,5,8,4,2026-09-05 12:30:00,2026-09-19 12:30:00,4,2,4.817333384371807,4.817333384371807,6.2667923270522605,0.0,2.0,2.91,6.35,3.6394681591231417,3.5159914959069303,3,1.0,7.0,-0.10691202707599595,16.75,0,0,Stoke (A) · QPR (H) · Portsmouth (H) · Cardiff (A),-2.817333384371807,-1.1778652252486652,-1.6394681591231417,-1.1254224909009671,-0.6074315191400953,0.26041004490940267,complete,1.2043333460929517,
E1,Charlton,3,9,12,4,2026-10-10 12:30:00,2026-10-24 12:30:00,0,2,4.29244947005218,0.0,0.0,4.253819434652966,0.0,0.0,0.0,0.0,0.0,0,0.0,0.0,0.0433168781276876,10.25,0,0,Bristol City (H) · Burnley (A) · Watford (A) · Norwich (H),,,,,,,upcoming,1.073112367513045,1.0634548586632415
E1,Charlton,4,13,16,4,2026-10-31 15:00:00,2026-11-21 15:00:00,0,2,4.198264403907398,0.0,0.0,4.104882791430272,0.0,0.0,0.0,0.0,0.0,0,0.0,0.0,0.08305199122455059,8.75,0,0,Middlesbrough (A) · Bolton (H) · Sheffield United (H) · Wolves (A),,,,,,,upcoming,1.0495661009768495,1.026220697857568
E1,Charlton,5,17,20,4,2026-11-24 19:45:00,2026-12-08 19:45:00,0,2,4.688785258731102,0.0,0.0,4.544903825563456,0.0,0.0,0.0,0.0,0.0,0,0.0,0.0,-0.06804200559273048,14.5,0,0,Lincoln (H) · Blackburn (A) · Birmingham (H) · Wrexham (A),,,,,,,upcoming,1.1721963146827754,1.136225956390864
E1,Charlton,6,21,24,4,2026-12-12 15:00:00,2026-12-29 19:45:00,0,2,4.243277328585586,0.0,0.0,4.072551985656107,0.0,0.0,0.0,0.0,0.0,0,0.0,0.0,0.05759532467115587,9.25,0,0,Swansea (H) · Millwall (A) · Southampton (H) · Norwich (A),,,,,,,upcoming,1.0608193321463966,1.0181379964140267
E1,Charlton,7,25,28,4,2027-01-01 15:00:00,2027-01-26 19:45:00,0,2,4.62880486578446,0.0,0.0,4.513702965430129,0.0,0.0,0.0,0.0,0.0,0,0.0,0.0,-0.056963340874082134,14.0,0,0,Swansea (A) · Watford (H) · Middlesbrough (H) · Bolton (A),,,,,,,upcoming,1.157201216446115,1.1284257413575323
E1,Charlton,8,29,32,4,2027-01-30 15:00:00,2027-02-16 19:45:00,0,2,4.024793123435907,0.0,0.0,3.9612736470615117,0.0,0.0,0.0,0.0,0.0,0,0.0,0.0,0.11597871526887081,8.0,0,0,Sheffield United (A) · Wolves (H) · Portsmouth (A) · Burnley (H),,,,,,,upcoming,1.0061982808589767,0.9903184117653779
E1,Charlton,9,33,36,4,2027-02-20 15:00:00,2027-03-06 15:00:00,0,2,4.213461206654385,0.0,0.0,4.089888232118365,0.0,0.0,0.0,0.0,0.0,0,0.0,0.0,0.0694290501829956,12.0,0,0,Cardiff (H) · Bristol City (A) · West Ham (H) · Derby (A),,,,,,,upcoming,1.0533653016635962,1.0224720580295912
E1,Charlton,10,37,40,4,2027-03-13 15:00:00,2027-04-03 12:30:00,0,2,4.269947161683873,0.0,0.0,4.1284020617858115,0.0,0.0,0.0,0.0,0.0,0,0.0,0.0,0.053323806174317645,10.0,0,0,Blackburn (H) · Birmingham (A) · Southampton (A) · Millwall (H),,,,,,,upcoming,1.0674867904209682,1.0321005154464529
E1,Charlton,11,41,44,4,2027-04-06 19:45:00,2027-04-20 19:45:00,0,2,4.658106535706301,0.0,0.0,4.548884333502961,0.0,0.0,0.0,0.0,0.0,0,0.0,0.0,-0.0660605087148401,15.25,0,0,QPR (A) · Stoke (H) · Preston (A) · West Brom (H),,,,,,,upcoming,1.1645266339265752,1.1372210833757403
E1,Charlton,12,45,46,2,2027-04-24 15:00:00,2027-05-01 12:30:00,0,1,2.4620094117455906,0.0,0.0,2.358814836433577,0.0,0.0,0.0,0.0,0.0,0,0.0,0.0,-0.1414173773801082,16.5,0,0,Wrexham (H) · Lincoln (A),,,,,,,upcoming,1.2310047058727953,1.1794074182167884
E1,Derby,1,1,4,4,2026-08-15 15:00:00,2026-09-01 19:45:00,4,2,6.112344557588045,6.112344557588045,6.6356258293978465,0.0,4.0,5.01,7.99,3.963091182370836,5.463831117343618,4,5.0,7.0,-0.17568451986164818,19.25,0,0,Charlton (A) · Cardiff (H) · Swansea (H) · Portsmouth (A),-2.1123445575880453,-2.149253375217209,0.03690881762916387,-0.8200188119753502,-1.0771372565716963,0.4122053830604415,complete,1.5280861393970113,
E1,Derby,2,5,8,4,2026-09-05 15:00:00,2026-09-19 15:00:00,4,2,4.748889052515393,4.748889052515393,6.047582557404606,0.0,1.0,3.99,8.05,4.1579619919985555,2.8068396378974088,3,2.0,7.0,0.20934516466377132,6.0,0,0,West Ham (A) · West Brom (H) · Birmingham (H) · Burnley (A),-3.748889052515393,-0.5909270605168375,-3.1579619919985555,-1.524444735637386,-0.31021825469595926,0.1273976521711242,complete,1.1872222631288483,
E1,Derby,3,9,12,4,2026-10-10 15:00:00,2026-10-24 12:30:00,0,2,5.389279281706463,0.0,0.0,5.192864737246053,0.0,0.0,0.0,0.0,0.0,0,0.0,0.0,0.021034890800292652,11.25,0,0,Wrexham (H) · QPR (A) · Stoke (H) · Sheffield United (A),,,,,,,upcoming,1.3473198204266157,1.2982161843115132
E1,Derby,4,13,16,4,2026-10-31 15:00:00,2026-11-21 12:30:00,0,2,5.425454170314383,0.0,0.0,5.191414804935008,0.0,0.0,0.0,0.0,0.0,0,0.0,0.0,0.01317629526762102,11.0,0,0,Millwall (A) · Norwich (H) · Bolton (H) · Southampton (A),,,,,,,upcoming,1.3563635425785958,1.297853701233752
E1,Derby,5,17,20,4,2026-11-24 20:00:00,2026-12-09 19:45:00,0,2,5.139374617792811,0.0,0.0,4.911681816797164,0.0,0.0,0.0,0.0,0.0,0,0.0,0.0,0.0962344342546107,8.75,0,0,Wolves (A) · Watford (H) · Middlesbrough (A) · Bristol City (H),,,,,,,upcoming,1.2848436544482027,1.227920454199291
E1,Derby,6,21,24,4,2026-12-12 15:00:00,2026-12-29 19:45:00,0,2,5.996487380373448,0.0,0.0,5.813786701991219,0.0,0.0,0.0,0.0,0.0,0,0.0,0.0,-0.14518664843706391,17.75,0,0,Blackburn (A) · Lincoln (H) · Preston (A) · Sheffield United (H),,,,,,,upcoming,1.499121845093362,1.4534466754978048
E1,Derby,7,25,28,4,2027-01-01 15:00:00,2027-01-26 19:45:00,0,2,5.3981173971324035,0.0,0.0,5.196147859907048,0.0,0.0,0.0,0.0,0.0,0,0.0,0.0,0.019898555777879027,11.75,0,0,Blackburn (H) · Stoke (A) · Millwall (H) · Norwich (A),,,,,,,upcoming,1.3495293492831009,1.299036964976762
E1,Derby,8,29,32,4,2027-01-30 15:00:00,2027-02-16 19:45:00,0,2,5.554248365753184,0.0,0.0,5.306690271006061,0.0,0.0,0.0,0.0,0.0,0,0.0,0.0,-0.022916680167893527,12.5,0,0,Bolton (A) · Southampton (H) · Birmingham (A) · QPR (H),,,,,,,upcoming,1.388562091438296,1.3266725677515152
E1,Derby,9,33,36,4,2027-02-20 15:00:00,2027-03-06 15:00:00,0,2,5.702304675138883,0.0,0.0,5.483645785392461,0.0,0.0,0.0,0.0,0.0,0,0.0,0.0,-0.06394508180056675,14.25,0,0,Burnley (H) · Wrexham (A) · Cardiff (A) · Charlton (H),,,,,,,upcoming,1.4255761687847208,1.3709114463481153
E1,Derby,10,37,40,4,2027-03-13 15:00:00,2027-04-03 15:00:00,0,2,5.878789226625443,0.0,0.0,5.6222296983320135,0.0,0.0,0.0,0.0,0.0,0,0.0,0.0,-0.11254350304028506,15.75,0,0,Watford (A) · Middlesbrough (H) · Preston (H) · Lincoln (A),,,,,,,upcoming,1.4696973066563608,1.4055574245830034
E1,Derby,11,41,44,4,2027-04-07 19:45:00,2027-04-20 19:45:00,0,2,5.166822184117686,0.0,0.0,4.910570912806374,0.0,0.0,0.0,0.0,0.0,0,0.0,0.0,0.08297030415125585,11.75,0,0,West Brom (A) · West Ham (H) · Swansea (A) · Portsmouth (H),,,,,,,upcoming,1.2917055460294216,1.2276427282015936
E1,Derby,12,45,46,2,2027-04-24 15:00:00,2027-05-01 12:30:00,0,1,2.4631443359574083,0.0,0.0,2.3359652048168353,0.0,0.0,0.0,0.0,0.0,0,0.0,0.0,0.14616477025183236,8.0,0,0,Bristol City (A) · Wolves (H),,,,,,,upcoming,1.2315721679787042,1.1679826024084177
E1,Lincoln,1,1,4,4,2026-08-15 15:00:00,2026-09-01 19:45:00,4,2,4.44484026919409,4.44484026919409,5.991984234260026,0.0,4.0,6.22,6.6499999999999995,5.630343832185359,4.928609927827209,4,3.0,5.0,-0.07468346992765418,15.5,0,0,Middlesbrough (A) · Portsmouth (H) · Bolton (A) · Blackburn (H),-0.44484026919409025,1.1855035629912685,-1.6303438321853587,-0.1817267098927162,0.6252330219180239,0.8557972035214017,complete,1.1112100672985226,
E1,Lincoln,2,5,8,4,2026-09-05 12:30:00,2026-09-19 15:00:00,4,2,4.277425661012712,4.277425661012712,5.987736996912559,0.0,7.0,5.95,3.67,6.669005827654321,2.1591190522701056,2,4.0,3.0,-0.03452261018650987,13.5,0,0,Southampton (H) · Preston (A) · Bristol City (A) · Swansea (H),2.722574338987288,2.391580166641609,0.33099417234567863,1.1126239103152196,1.261763499232223,0.2658699869803989,complete,1.069356415253178,
E1,Lincoln,3,9,12,4,2026-10-10 15:00:00,2026-10-24 15:00:00,0,2,3.4444877983765543,0.0,0.0,3.591156567138168,0.0,0.0,0.0,0.0,0.0,0,0.0,0.0,0.2151282625570618,5.75,0,0,Sheffield United (A) · West Ham (H) · Millwall (A) · Burnley (H),,,,,,,upcoming,0.8611219495941386,0.897789141784542
E1,Lincoln,4,13,16,4,2026-10-31 12:30:00,2026-11-21 15:00:00,0,2,4.149078925261449,0.0,0.0,4.281486674389209,0.0,0.0,0.0,0.0,0.0,0,0.0,0.0,0.000558498059994729,12.0,0,0,Birmingham (H) · Watford (A) · QPR (A) · Wrexham (H),,,,,,,upcoming,1.0372697313153623,1.0703716685973022
E1,Lincoln,5,17,20,4,2026-11-24 19:45:00,2026-12-09 19:45:00,0,2,4.301308160046395,0.0,0.0,4.436869460875348,0.0,0.0,0.0,0.0,0.0,0,0.0,0.0,-0.043194682389495295,14.25,0,0,Charlton (A) · Wolves (H) · Cardiff (A) · Stoke (H),,,,,,,upcoming,1.0753270400115988,1.109217365218837
E1,Lincoln,6,21,24,4,2026-12-13 14:00:00,2026-12-29 19:45:00,0,2,3.9292674837721018,0.0,0.0,4.169683829570061,0.0,0.0,0.0,0.0,0.0,0,0.0,0.0,0.0725603103976313,9.0,0,0,Norwich (H) · Derby (A) · West Brom (H) · Burnley (A),,,,,,,upcoming,0.9823168709430254,1.0424209573925152
E1,Lincoln,7,25,28,4,2027-01-01 15:00:00,2027-01-26 19:45:00,0,2,4.0082674034467685,0.0,0.0,4.135926214937964,0.0,0.0,0.0,0.0,0.0,0,0.0,0.0,0.05128689594694333,9.75,0,0,Norwich (A) · Millwall (H) · Birmingham (A) · Watford (H),,,,,,,upcoming,1.0020668508616921,1.033981553734491
E1,Lincoln,8,29,32,4,2027-01-30 15:00:00,2027-02-16 19:45:00,0,2,4.004390099844623,0.0,0.0,4.099991797928669,0.0,0.0,0.0,0.0,0.0,0,0.0,0.0,0.07529329541258284,11.75,0,0,QPR (H) · Wrexham (A) · Preston (H) · West Ham (A),,,,,,,upcoming,1.0010975249611558,1.0249979494821673
E1,Lincoln,9,33,36,4,2027-02-20 15:00:00,2027-03-06 15:00:00,0,2,4.076795059653813,0.0,0.0,4.220764475803534,0.0,0.0,0.0,0.0,0.0,0,0.0,0.0,0.021600292385242897,11.0,0,0,Swansea (A) · Sheffield United (H) · Portsmouth (A) · Middlesbrough (H),,,,,,,upcoming,1.0191987649134533,1.0551911189508836
E1,Lincoln,10,37,40,4,2027-03-13 15:00:00,2027-04-03 15:00:00,0,2,4.145190246494396,0.0,0.0,4.286813564922939,0.0,0.0,0.0,0.0,0.0,0,0.0,0.0,0.01916528783929276,12.0,0,0,Wolves (A) · Cardiff (H) · West Brom (A) · Derby (H),,,,,,,upcoming,1.036297561623599,1.0717033912307348
E1,Lincoln,11,41,44,4,2027-04-06 19:45:00,2027-04-21 19:45:00,0,2,4.403305235832411,0.0,0.0,4.617132814059264,0.0,0.0,0.0,0.0,0.0,0,0.0,0.0,-0.06334186593445539,15.0,0,0,Bristol City (H) · Southampton (A) · Bolton (H) · Blackburn (A),,,,,,,upcoming,1.1008263089581027,1.154283203514816
E1,Lincoln,12,45,46,2,2027-04-24 15:00:00,2027-05-01 12:30:00,0,1,2.31039096648281,0.0,0.0,2.444560858361224,0.0,0.0,0.0,0.0,0.0,0,0.0,0.0,-0.12202897262260211,17.0,0,0,Stoke (A) · Charlton (H),,,,,,,upcoming,1.155195483241405,1.222280429180612
E1,Middlesbrough,1,1,4,4,2026-08-15 15:00:00,2026-09-02 20:00:00,4,2,6.392769391735282,6.392769391735282,6.417512183031914,0.0,7.0,7.529999999999999,4.05,7.516594556905886,7.293408426514809,4,7.0,5.0,-0.074589051642597,15.0,0,0,Lincoln (H) · Blackburn (A) · West Brom (H) · Burnley (A),0.6072306082647181,1.1238251651706044,-0.5165945569058863,0.23970125271242146,0.5727166072535401,0.810561863728682,complete,1.5981923479338205,
E1,Middlesbrough,2,5,8,4,2026-09-05 15:00:00,2026-09-19 15:00:00,4,2,5.950298685492998,5.950298685492998,6.6390074372832535,0.0,8.0,8.29,5.83,7.007911819929417,3.261120395639479,2,9.0,7.0,0.047518107438311204,10.0,0,0,QPR (A) · Norwich (H) · Millwall (H) · Birmingham (A),2.0497013145070024,1.0576131344364192,0.9920881800705832,0.7954978350575491,0.5299069711517188,0.4263239698014789,complete,1.4875746713732494,
E1,Middlesbrough,3,9,12,4,2026-10-10 15:00:00,2026-10-23 20:00:00,0,2,6.252086143880224,0.0,0.0,6.370107739450597,0.0,0.0,0.0,0.0,0.0,0,0.0,0.0,-0.03567647685166057,14.0,0,0,Wolves (H) · Stoke (A) · Cardiff (H) · Bolton (A),,,,,,,upcoming,1.563021535970056,1.5925269348626492
E1,Middlesbrough,4,13,16,4,2026-10-31 15:00:00,2026-11-21 15:00:00,0,2,6.411054564844611,0.0,0.0,6.61715285413857,0.0,0.0,0.0,0.0,0.0,0,0.0,0.0,-0.07897418835883432,15.5,0,0,Charlton (H) · Wrexham (A) · Watford (A) · Bristol City (H),,,,,,,upcoming,1.6027636412111528,1.6542882135346424
E1,Middlesbrough,5,17,20,4,2026-11-24 19:45:00,2026-12-08 20:00:00,0,2,5.601663786573468,0.0,0.0,5.75371936548943,0.0,0.0,0.0,0.0,0.0,0,0.0,0.0,0.1485508249742295,8.25,0,0,Swansea (H) · Southampton (A) · Derby (H) · West Ham (A),,,,,,,upcoming,1.400415946643367,1.4384298413723575
E1,Middlesbrough,6,21,24,4,2026-12-12 12:30:00,2026-12-29 19:45:00,0,2,6.549302529248353,0.0,0.0,6.762745962705438,0.0,0.0,0.0,0.0,0.0,0,0.0,0.0,-0.11611171756731556,17.0,0,0,Preston (A) · Portsmouth (H) · Sheffield United (A) · Bolton (H),,,,,,,upcoming,1.6373256323120882,1.6906864906763595
E1,Middlesbrough,7,25,28,4,2027-01-01 15:00:00,2027-01-27 19:45:00,0,2,6.703030222478543,0.0,0.0,6.826503030963888,0.0,0.0,0.0,0.0,0.0,0,0.0,0.0,-0.15665121463124093,18.25,0,0,Preston (H) · Cardiff (A) · Charlton (A) · Wrexham (H),,,,,,,upcoming,1.6757575556196358,1.706625757740972
E1,Middlesbrough,8,29,32,4,2027-01-30 15:00:00,2027-02-17 19:45:00,0,2,6.103767737284633,0.0,0.0,6.318551086149387,0.0,0.0,0.0,0.0,0.0,0,0.0,0.0,0.0056593624710154725,12.0,0,0,Watford (H) · Bristol City (A) · Norwich (A) · Stoke (H),,,,,,,upcoming,1.5259419343211582,1.5796377715373469
E1,Middlesbrough,9,33,36,4,2027-02-20 15:00:00,2027-03-06 15:00:00,0,2,6.167719695763198,0.0,0.0,6.254812900175192,0.0,0.0,0.0,0.0,0.0,0,0.0,0.0,-0.009634090524986899,12.75,0,0,Birmingham (H) · Wolves (A) · Blackburn (H) · Lincoln (A),,,,,,,upcoming,1.5419299239407995,1.563703225043798
E1,Middlesbrough,10,37,40,4,2027-03-13 15:00:00,2027-04-03 15:00:00,0,2,6.019578719892504,0.0,0.0,6.266314109858822,0.0,0.0,0.0,0.0,0.0,0,0.0,0.0,0.02833834554707205,10.75,0,0,Southampton (H) · Derby (A) · Sheffield United (H) · Portsmouth (A),,,,,,,upcoming,1.504894679973126,1.5665785274647055
E1,Middlesbrough,11,41,44,4,2027-04-06 19:45:00,2027-04-20 19:45:00,0,2,5.994453072560438,0.0,0.0,6.099080494824589,0.0,0.0,0.0,0.0,0.0,0,0.0,0.0,0.034893854729274774,11.0,0,0,Millwall (A) · QPR (H) · West Brom (A) · Burnley (H),,,,,,,upcoming,1.4986132681401094,1.5247701237061473
E1,Middlesbrough,12,45,46,2,2027-04-24 15:00:00,2027-05-01 12:30:00,0,1,2.6462783122019076,0.0,0.0,2.6728304725411087,0.0,0.0,0.0,0.0,0.0,0,0.0,0.0,0.22529131961462057,8.0,0,0,West Ham (H) · Swansea (A),,,,,,,upcoming,1.3231391561009538,1.3364152362705544
E1,Millwall,1,1,4,4,2026-08-15 15:00:00,2026-09-02 19:45:00,4,2,5.415322098764066,5.415322098764066,6.53459914799172,0.0,6.0,8.41,5.78,6.497756005321138,5.179797082420295,4,6.0,8.0,0.07309881548581926,8.75,0,0,Bristol City (A) · Norwich (H) · Southampton (A) · Wrexham (H),0.584677901235934,1.082433906557072,-0.49775600532113806,0.22872161212361414,0.5466587282909003,0.8190852959672987,complete,1.3538305246910165,
E1,Millwall,2,5,8,4,2026-09-05 15:00:00,2026-09-19 12:30:00,4,2,5.379160249479401,5.379160249479401,6.335893779996883,0.0,5.0,8.27,5.76,7.022684147260746,3.1125662607089493,2,9.0,7.0,0.08456400811976313,11.25,0,0,Bolton (H) · Blackburn (A) · Middlesbrough (A) · West Ham (H),-0.3791602494794013,1.6435238977813444,-2.0226841472607457,-0.15063255981647286,0.8429395950940488,0.8802655754222886,complete,1.3447900623698503,
E1,Millwall,3,9,12,4,2026-10-10 15:00:00,2026-10-24 12:30:00,0,2,6.3506775031071765,0.0,0.0,6.495668178554573,0.0,0.0,0.0,0.0,0.0,0,0.0,0.0,-0.1822973704090866,19.25,0,0,Preston (A) · Swansea (H) · Lincoln (H) · Portsmouth (A),,,,,,,upcoming,1.5876693757767941,1.6239170446386433
E1,Millwall,4,13,16,4,2026-10-31 15:00:00,2026-11-21 12:30:00,0,2,5.6608586565068,0.0,0.0,5.870387090586195,0.0,0.0,0.0,0.0,0.0,0,0.0,0.0,0.007058049918885329,12.0,0,0,Derby (H) · Birmingham (A) · West Brom (A) · QPR (H),,,,,,,upcoming,1.4152146641267,1.4675967726465486
E1,Millwall,5,17,20,4,2026-11-25 20:00:00,2026-12-08 19:45:00,0,2,5.486886710797196,0.0,0.0,5.808369034683679,0.0,0.0,0.0,0.0,0.0,0,0.0,0.0,0.052522948660673474,9.75,0,0,Stoke (A) · Burnley (H) · Watford (A) · Sheffield United (H),,,,,,,upcoming,1.371721677699299,1.4520922586709197
E1,Millwall,6,21,24,4,2026-12-12 15:00:00,2026-12-29 19:45:00,0,2,5.993728843583022,0.0,0.0,6.130406744660762,0.0,0.0,0.0,0.0,0.0,0,0.0,0.0,-0.08071924925967085,16.0,0,0,Wolves (A) · Charlton (H) · Cardiff (A) · Portsmouth (H),,,,,,,upcoming,1.4984322108957555,1.5326016861651905
E1,Millwall,7,25,28,4,2027-01-01 12:30:00,2027-01-26 19:45:00,0,2,5.595092320920076,0.0,0.0,5.761542614019678,0.0,0.0,0.0,0.0,0.0,0,0.0,0.0,0.023311025696791707,11.0,0,0,Wolves (H) · Lincoln (A) · Derby (A) · Birmingham (H),,,,,,,upcoming,1.398773080230019,1.4403856535049195
E1,Millwall,8,29,32,4,2027-01-30 15:00:00,2027-02-17 19:45:00,0,2,5.966025736350939,0.0,0.0,6.138277204931917,0.0,0.0,0.0,0.0,0.0,0,0.0,0.0,-0.07707984428856107,16.0,0,0,West Brom (H) · QPR (A) · Blackburn (H) · Swansea (A),,,,,,,upcoming,1.4915064340877346,1.5345693012329793
E1,Millwall,9,33,36,4,2027-02-21 12:00:00,2027-03-06 15:00:00,0,2,5.3372119981290735,0.0,0.0,5.516902006578326,0.0,0.0,0.0,0.0,0.0,0,0.0,0.0,0.10496782857996106,10.5,0,0,West Ham (A) · Preston (H) · Norwich (A) · Bristol City (H),,,,,,,upcoming,1.3343029995322684,1.3792255016445816
E1,Millwall,10,37,40,4,2027-03-13 15:00:00,2027-04-03 12:30:00,0,2,6.081746802454217,0.0,0.0,6.320949886773397,0.0,0.0,0.0,0.0,0.0,0,0.0,0.0,-0.10651750021119605,16.0,0,0,Burnley (A) · Watford (H) · Cardiff (H) · Charlton (A),,,,,,,upcoming,1.5204367006135542,1.5802374716933492
E1,Millwall,11,41,44,4,2027-04-06 19:45:00,2027-04-20 19:45:00,0,2,5.544817467587322,0.0,0.0,5.726879804972307,0.0,0.0,0.0,0.0,0.0,0,0.0,0.0,0.03709522137003197,9.75,0,0,Middlesbrough (H) · Bolton (A) · Southampton (H) · Wrexham (A),,,,,,,upcoming,1.3862043668968305,1.4317199512430767
E1,Millwall,12,45,46,2,2027-04-24 15:00:00,2027-05-01 12:30:00,0,1,2.7326076396063117,0.0,0.0,2.8919742336457386,0.0,0.0,0.0,0.0,0.0,0,0.0,0.0,0.05991549450065675,9.5,0,0,Sheffield United (A) · Stoke (H),,,,,,,upcoming,1.3663038198031559,1.4459871168228693
E1,Norwich,1,1,4,4,2026-08-15 15:00:00,2026-09-01 20:00:00,4,2,5.534306702903478,5.534306702903478,6.565379964007542,0.0,3.0,6.91,6.549999999999999,6.315310590245556,6.405217097096918,4,5.0,7.0,0.07129681534361278,9.5,0,0,West Brom (H) · Millwall (A) · Burnley (H) · Stoke (A),-2.5343067029034776,0.7810038873420782,-3.3153105902455557,-0.9890750336912467,0.39350262842707223,0.3226264317022449,complete,1.3835766757258694,
E1,Norwich,2,5,8,4,2026-09-05 15:00:00,2026-09-20 13:30:00,4,2,5.656435492266976,5.656435492266976,6.413297005170345,0.0,6.0,5.42,5.96,5.166110931612988,4.091187001416834,3,11.0,10.0,0.03927949860824107,9.75,0,0,Sheffield United (A) · Birmingham (H) · Middlesbrough (A) · Bolton (H),0.34356450773302427,-0.49032456065398744,0.8338890683870117,0.13566493647393602,-0.24995817562350917,0.8920861680274554,complete,1.414108873066744,
E1,Norwich,3,9,12,4,2026-10-10 12:30:00,2026-10-24 12:30:00,0,2,6.101461983967377,0.0,0.0,6.0979616631855205,0.0,0.0,0.0,0.0,0.0,0,0.0,0.0,-0.08274926994723361,15.25,0,0,Swansea (A) · Southampton (H) · Portsmouth (H) · Charlton (A),,,,,,,upcoming,1.5253654959918443,1.5244904157963801
E1,Norwich,4,13,16,4,2026-10-31 12:30:00,2026-11-21 12:30:00,0,2,6.109518478807887,0.0,0.0,6.149430879456106,0.0,0.0,0.0,0.0,0.0,0,0.0,0.0,-0.08492803309995205,15.75,0,0,Watford (H) · Derby (A) · Bristol City (A) · Cardiff (H),,,,,,,upcoming,1.5273796197019718,1.5373577198640265
E1,Norwich,5,17,20,4,2026-11-24 19:45:00,2026-12-08 19:45:00,0,2,6.112787759115269,0.0,0.0,6.096914002239288,0.0,0.0,0.0,0.0,0.0,0,0.0,0.0,-0.08587845928307163,16.25,0,0,QPR (H) · Preston (A) · Wrexham (H) · Blackburn (A),,,,,,,upcoming,1.5281969397788173,1.524228500559822
E1,Norwich,6,21,24,4,2026-12-13 14:00:00,2026-12-29 19:45:00,0,2,5.650577368760884,0.0,0.0,5.569499998304095,0.0,0.0,0.0,0.0,0.0,0,0.0,0.0,0.04840765124363018,12.5,0,0,Lincoln (A) · Wolves (H) · West Ham (A) · Charlton (H),,,,,,,upcoming,1.412644342190221,1.3923749995760237
E1,Norwich,7,25,28,4,2027-01-01 15:00:00,2027-01-26 19:45:00,0,2,6.3068128709666365,0.0,0.0,6.348419349774606,0.0,0.0,0.0,0.0,0.0,0,0.0,0.0,-0.1397675434081142,17.5,0,0,Lincoln (H) · Portsmouth (A) · Watford (A) · Derby (H),,,,,,,upcoming,1.5767032177416591,1.5871048374436516
E1,Norwich,8,29,32,4,2027-01-30 15:00:00,2027-02-17 19:45:00,0,2,5.734910738937233,0.0,0.0,5.645115174629022,0.0,0.0,0.0,0.0,0.0,0,0.0,0.0,0.017321264281583947,10.75,0,0,Bristol City (H) · Cardiff (A) · Middlesbrough (H) · Southampton (A),,,,,,,upcoming,1.4337276847343083,1.4112787936572555
E1,Norwich,9,33,36,4,2027-02-20 15:00:00,2027-03-06 15:00:00,0,2,6.0331463060656185,0.0,0.0,5.98777778688199,0.0,0.0,0.0,0.0,0.0,0,0.0,0.0,-0.06401794817521485,15.0,0,0,Bolton (A) · Swansea (H) · Millwall (H) · West Brom (A),,,,,,,upcoming,1.5082865765164046,1.4969444467204975
E1,Norwich,10,37,40,4,2027-03-13 15:00:00,2027-04-03 15:00:00,0,2,5.1482353728696095,0.0,0.0,5.08794634196015,0.0,0.0,0.0,0.0,0.0,0,0.0,0.0,0.18004241739958785,8.0,0,0,Preston (H) · Wrexham (A) · West Ham (H) · Wolves (A),,,,,,,upcoming,1.2870588432174024,1.2719865854900374
E1,Norwich,11,41,44,4,2027-04-07 20:00:00,2027-04-20 19:45:00,0,2,5.399315393474069,0.0,0.0,5.462402248536955,0.0,0.0,0.0,0.0,0.0,0,0.0,0.0,0.10973078952273682,7.25,0,0,Birmingham (A) · Sheffield United (H) · Burnley (A) · Stoke (H),,,,,,,upcoming,1.3498288483685172,1.3656005621342389
E1,Norwich,12,45,46,2,2027-04-24 15:00:00,2027-05-01 12:30:00,0,1,3.1133099333989813,0.0,0.0,3.0990405867701414,0.0,0.0,0.0,0.0,0.0,0,0.0,0.0,-0.11661989254674371,18.0,0,0,Blackburn (H) · QPR (A),,,,,,,upcoming,1.5566549666994907,1.5495202933850707
E1,Portsmouth,1,1,4,4,2026-08-15 15:00:00,2026-09-01 19:45:00,4,2,5.448071944457114,5.448071944457113,6.551926115711444,0.0,3.0,5.71,6.0,5.418118173824624,5.50998471336361,4,5.0,8.0,-0.11881739915270045,16.75,0,0,QPR (H) · Lincoln (A) · Bristol City (A) · Derby (H),-2.448071944457113,-0.029953770632489274,-2.418118173824624,-0.9564002503364224,-0.015107457425647446,0.3388700583071267,complete,1.3620179861142785,
E1,Portsmouth,2,5,8,4,2026-09-05 15:00:00,2026-10-11 12:00:00,3,2,5.486692497835225,4.518707931220089,5.005658615546444,0.9658677728386709,5.0,4.109999999999999,3.07,4.6578925529424815,2.815889055232126,2,4.0,2.0,-0.12612265267640055,17.0,0,0,Cardiff (H) · Charlton (A) · Blackburn (H) · Southampton (A),0.4812920687799114,0.13918462172239288,0.3421074470575185,0.21511866360420503,0.08031284571753183,0.8296748030757766,in progress,1.3716731244588063,0.9658677728386709
E1,Portsmouth,3,9,12,4,2026-10-14 19:45:00,2026-10-24 12:30:00,0,2,4.534206995962253,0.0,0.0,4.5172627005177,0.0,0.0,0.0,0.0,0.0,0,0.0,0.0,0.14010945005990824,6.75,0,0,Sheffield United (H) · Norwich (A) · Wolves (A) · Millwall (H),,,,,,,upcoming,1.1335517489905633,1.129315675129425
E1,Portsmouth,4,13,16,4,2026-10-31 15:00:00,2026-11-21 15:00:00,0,2,5.116054485030564,0.0,0.0,5.1720441306130605,0.0,0.0,0.0,0.0,0.0,0,0.0,0.0,-0.02491601648672568,13.0,0,0,Burnley (A) · Swansea (H) · Stoke (H) · Bolton (A),,,,,,,upcoming,1.279013621257641,1.2930110326532651
E1,Portsmouth,5,17,20,4,2026-11-24 19:45:00,2026-12-09 19:45:00,0,2,4.655470782254799,0.0,0.0,4.648329201807481,0.0,0.0,0.0,0.0,0.0,0,0.0,0.0,0.10200360938166309,10.75,0,0,West Ham (H) · Wrexham (A) · West Brom (H) · Preston (A),,,,,,,upcoming,1.1638676955636997,1.1620823004518703
E1,Portsmouth,6,21,24,4,2026-12-12 15:00:00,2026-12-29 19:45:00,0,2,4.764246441505736,0.0,0.0,4.710188204744392,0.0,0.0,0.0,0.0,0.0,0,0.0,0.0,0.07351580635787155,8.75,0,0,Birmingham (H) · Middlesbrough (A) · Watford (H) · Millwall (A),,,,,,,upcoming,1.191061610376434,1.177547051186098
E1,Portsmouth,7,25,28,4,2027-01-01 15:00:00,2027-01-27 19:45:00,0,2,4.703220700959813,0.0,0.0,4.707039602630343,0.0,0.0,0.0,0.0,0.0,0,0.0,0.0,0.0867112438665703,8.0,0,0,Birmingham (A) · Norwich (H) · Burnley (H) · Swansea (A),,,,,,,upcoming,1.1758051752399532,1.1767599006575857
E1,Portsmouth,8,29,32,4,2027-01-30 15:00:00,2027-02-16 19:45:00,0,2,5.403856447375792,0.0,0.0,5.521974471394904,0.0,0.0,0.0,0.0,0.0,0,0.0,0.0,-0.10209487769381786,16.0,0,0,Stoke (A) · Bolton (H) · Charlton (H) · Sheffield United (A),,,,,,,upcoming,1.350964111843948,1.380493617848726
E1,Portsmouth,9,33,36,4,2027-02-20 15:00:00,2027-03-06 15:00:00,0,2,5.430262209510876,0.0,0.0,5.386356029626609,0.0,0.0,0.0,0.0,0.0,0,0.0,0.0,-0.1140898466641749,16.25,0,0,Blackburn (A) · Southampton (H) · Lincoln (H) · QPR (A),,,,,,,upcoming,1.357565552377719,1.3465890074066522
E1,Portsmouth,10,37,40,4,2027-03-13 15:00:00,2027-04-03 15:00:00,0,2,4.862070702425947,0.0,0.0,4.86700407847773,0.0,0.0,0.0,0.0,0.0,0,0.0,0.0,0.04093950664773904,10.25,0,0,Wrexham (H) · West Brom (A) · Watford (A) · Middlesbrough (H),,,,,,,upcoming,1.2155176756064867,1.2167510196194324
E1,Portsmouth,11,41,44,4,2027-04-06 19:45:00,2027-04-20 19:45:00,0,2,4.955079288237751,0.0,0.0,4.9416008096628765,0.0,0.0,0.0,0.0,0.0,0,0.0,0.0,0.016052300378420835,12.25,0,0,Wolves (H) · Cardiff (A) · Bristol City (H) · Derby (A),,,,,,,upcoming,1.2387698220594376,1.2354002024157191
E1,Portsmouth,12,45,46,2,2027-04-24 15:00:00,2027-05-01 12:30:00,0,1,2.2653700333276183,0.0,0.0,2.2511873382583656,0.0,0.0,0.0,0.0,0.0,0,0.0,0.0,0.16843230372523713,10.5,0,0,Preston (H) · West Ham (A),,,,,,,upcoming,1.1326850166638092,1.1255936691291828
E1,Preston,1,1,4,4,2026-08-15 12:30:00,2026-09-01 19:45:00,4,2,4.970029867792395,4.970029867792395,6.420475926348607,0.0,0.0,4.66,4.53,5.471742066024102,4.691517657777414,4,3.0,9.0,-0.058970239818230054,15.25,0,0,Bolton (A) · Wolves (H) · Charlton (A) · Bristol City (H),-4.970029867792395,0.501712198231707,-5.471742066024102,-1.961441625936337,0.2556203493761444,0.049827528224072326,complete,1.2425074669480987,
E1,Preston,2,5,8,4,2026-09-05 12:30:00,2026-09-19 15:00:00,4,2,5.390052165976676,5.390052165976676,6.423201151838828,0.0,4.0,5.47,7.08,4.827200565934548,4.149023535962087,3,5.0,6.0,-0.17159105337405525,19.0,0,0,Blackburn (H) · Watford (A) · Lincoln (H) · QPR (A),-1.3900521659766758,-0.5628516000421282,-0.8272005659345476,-0.5484731063760432,-0.2867097872261494,0.5833670906112294,complete,1.347513041494169,
E1,Preston,3,9,12,4,2026-10-10 15:00:00,2026-10-24 15:00:00,0,2,4.53225828700538,0.0,0.0,4.454732003975849,0.0,0.0,0.0,0.0,0.0,0,0.0,0.0,0.06815121474822156,9.5,0,0,Millwall (H) · Birmingham (A) · Wrexham (A) · West Brom (H),,,,,,,upcoming,1.133064571751345,1.1136830009939622
E1,Preston,4,13,16,4,2026-10-31 12:30:00,2026-11-21 15:00:00,0,2,4.1325740737230285,0.0,0.0,4.154637025723666,0.0,0.0,0.0,0.0,0.0,0,0.0,0.0,0.19408955089112345,6.25,0,0,Stoke (A) · Sheffield United (H) · Southampton (H) · West Ham (A),,,,,,,upcoming,1.0331435184307571,1.0386592564309165
E1,Preston,5,17,20,4,2026-11-24 19:45:00,2026-12-09 19:45:00,0,2,4.836835030542603,0.0,0.0,4.789957754935466,0.0,0.0,0.0,0.0,0.0,0,0.0,0.0,-0.016836097840892496,12.5,0,0,Cardiff (A) · Norwich (H) · Burnley (A) · Portsmouth (H),,,,,,,upcoming,1.2092087576356507,1.1974894387338666
E1,Preston,6,21,24,4,2026-12-12 12:30:00,2026-12-29 19:45:00,0,2,4.651290313110567,0.0,0.0,4.6397548854856145,0.0,0.0,0.0,0.0,0.0,0,0.0,0.0,0.030512595922577074,10.75,0,0,Middlesbrough (H) · Swansea (A) · Derby (H) · West Brom (A),,,,,,,upcoming,1.1628225782776418,1.1599387213714036
E1,Preston,7,25,28,4,2027-01-01 15:00:00,2027-01-26 19:45:00,0,2,4.437968012410951,0.0,0.0,4.4437471950512695,0.0,0.0,0.0,0.0,0.0,0,0.0,0.0,0.09568221478965219,7.75,0,0,Middlesbrough (A) · Wrexham (H) · Stoke (H) · Sheffield United (A),,,,,,,upcoming,1.1094920031027378,1.1109367987628174
E1,Preston,8,29,32,4,2027-01-30 15:00:00,2027-02-16 19:45:00,0,2,4.392767595397055,0.0,0.0,4.287134518373112,0.0,0.0,0.0,0.0,0.0,0,0.0,0.0,0.10805853740217503,9.0,0,0,Southampton (A) · West Ham (H) · Lincoln (A) · Birmingham (H),,,,,,,upcoming,1.0981918988492638,1.071783629593278
E1,Preston,9,33,36,4,2027-02-20 15:00:00,2027-03-06 15:00:00,0,2,4.792458244428987,0.0,0.0,4.68971824818278,0.0,0.0,0.0,0.0,0.0,0,0.0,0.0,0.004237008457682233,12.75,0,0,QPR (H) · Millwall (A) · Wolves (A) · Bolton (H),,,,,,,upcoming,1.1981145611072468,1.172429562045695
E1,Preston,10,37,40,4,2027-03-13 15:00:00,2027-04-03 15:00:00,0,2,4.571880804019877,0.0,0.0,4.611418251028449,0.0,0.0,0.0,0.0,0.0,0,0.0,0.0,0.055633847813578725,9.5,0,0,Norwich (A) · Burnley (H) · Derby (A) · Swansea (H),,,,,,,upcoming,1.1429702010049692,1.1528545627571123
E1,Preston,11,41,44,4,2027-04-07 19:45:00,2027-04-21 19:45:00,0,2,5.23391681526394,0.0,0.0,5.307034694472259,0.0,0.0,0.0,0.0,0.0,0,0.0,0.0,-0.12836127818217044,18.0,0,0,Watford (H) · Blackburn (A) · Charlton (H) · Bristol City (A),,,,,,,upcoming,1.308479203815985,1.3267586736180648
E1,Preston,12,45,46,2,2027-04-24 15:00:00,2027-05-01 12:30:00,0,1,2.702986691798217,0.0,0.0,2.637140315354297,0.0,0.0,0.0,0.0,0.0,0,0.0,0.0,-0.1761018486420736,19.5,0,0,Portsmouth (A) · Cardiff (H),,,,,,,upcoming,1.3514933458991085,1.3185701576771485
E1,QPR,1,1,4,4,2026-08-15 15:00:00,2026-09-02 19:45:00,4,2,5.694932795869818,5.694932795869818,6.520420110625433,0.0,10.0,7.9,3.74,8.169440704412727,6.072464943670077,4,7.0,3.0,-0.18099604861291582,20.0,0,0,Portsmouth (A) · Bolton (H) · Blackburn (A) · Cardiff (H),4.305067204130182,2.4745079085429094,1.830559295587273,1.6859401225874617,1.2510522025864104,0.09180733291274468,complete,1.4237331989674544,
E1,QPR,2,5,8,4,2026-09-05 15:00:00,2026-09-19 15:00:00,4,2,5.286062682536774,5.286062682536774,6.475377183392826,0.0,3.0,6.33,5.93,5.376412082872898,3.8761919764834194,3,3.0,4.0,-0.06996952889616045,14.75,0,0,Middlesbrough (H) · Charlton (A) · West Brom (A) · Preston (H),-2.286062682536774,0.09034940033612404,-2.376412082872898,-0.8983707410813219,0.04583709797505897,0.3689879298406651,complete,1.3215156706341935,
E1,QPR,3,9,12,4,2026-10-09 20:00:00,2026-10-24 15:00:00,0,2,4.56074563269219,0.0,0.0,4.695625391989157,0.0,0.0,0.0,0.0,0.0,0,0.0,0.0,0.14825745912641253,8.5,0,0,West Ham (A) · Derby (H) · Birmingham (A) · Swansea (H),,,,,,,upcoming,1.1401864081730475,1.1739063479972893
E1,QPR,4,13,16,4,2026-10-31 15:00:00,2026-11-21 12:30:00,0,2,5.019520766071098,0.0,0.0,5.105518021039455,0.0,0.0,0.0,0.0,0.0,0,0.0,0.0,0.007667703738688619,10.75,0,0,Southampton (A) · Burnley (H) · Lincoln (H) · Millwall (A),,,,,,,upcoming,1.2548801915177745,1.2763795052598637
E1,QPR,5,17,20,4,2026-11-24 19:45:00,2026-12-08 19:45:00,0,2,4.557685351521378,0.0,0.0,4.743032619179485,0.0,0.0,0.0,0.0,0.0,0,0.0,0.0,0.13186121944646756,7.0,0,0,Norwich (A) · Sheffield United (H) · Stoke (A) · Wolves (H),,,,,,,upcoming,1.1394213378803446,1.1857581547948712
E1,QPR,6,21,24,4,2026-12-12 12:30:00,2026-12-29 19:45:00,0,2,5.134632730596983,0.0,0.0,5.299082887888729,0.0,0.0,0.0,0.0,0.0,0,0.0,0.0,-0.02703695341746475,13.5,0,0,Watford (H) · Wrexham (A) · Bristol City (H) · Swansea (A),,,,,,,upcoming,1.2836581826492457,1.3247707219721823
E1,QPR,7,25,28,4,2027-01-01 15:00:00,2027-01-26 19:45:00,0,2,4.712331706510662,0.0,0.0,4.900450275402549,0.0,0.0,0.0,0.0,0.0,0,0.0,0.0,0.0895477626302559,7.75,0,0,Watford (A) · Birmingham (H) · Southampton (H) · Burnley (A),,,,,,,upcoming,1.1780829266276656,1.2251125688506372
E1,QPR,8,29,32,4,2027-01-30 15:00:00,2027-02-16 19:45:00,0,2,5.288624233507159,0.0,0.0,5.414884749329442,0.0,0.0,0.0,0.0,0.0,0,0.0,0.0,-0.07105322046404983,14.75,0,0,Lincoln (A) · Millwall (H) · West Brom (H) · Derby (A),,,,,,,upcoming,1.3221560583767897,1.3537211873323605
E1,QPR,9,33,36,4,2027-02-20 15:00:00,2027-03-06 15:00:00,0,2,5.062612933579629,0.0,0.0,5.2137444018332255,0.0,0.0,0.0,0.0,0.0,0,0.0,0.0,-0.006804695781023315,15.25,0,0,Preston (A) · West Ham (H) · Bolton (A) · Portsmouth (H),,,,,,,upcoming,1.2656532333949073,1.3034361004583064
E1,QPR,10,37,40,4,2027-03-13 15:00:00,2027-04-03 15:00:00,0,2,4.872111294908904,0.0,0.0,5.08669711064438,0.0,0.0,0.0,0.0,0.0,0,0.0,0.0,0.04463221730850098,10.5,0,0,Sheffield United (A) · Stoke (H) · Bristol City (A) · Wrexham (H),,,,,,,upcoming,1.218027823727226,1.271674277661095
E1,QPR,11,41,44,4,2027-04-06 19:45:00,2027-04-21 19:45:00,0,2,5.458816428125685,0.0,0.0,5.574042426306368,0.0,0.0,0.0,0.0,0.0,0,0.0,0.0,-0.11274532390555346,16.5,0,0,Charlton (H) · Middlesbrough (A) · Blackburn (H) · Cardiff (A),,,,,,,upcoming,1.3647041070314212,1.393510606576592
E1,QPR,12,45,46,2,2027-04-24 15:00:00,2027-05-01 12:30:00,0,1,2.1684302358323997,0.0,0.0,2.219126430942521,0.0,0.0,0.0,0.0,0.0,0,0.0,0.0,0.20380694439227837,4.5,0,0,Wolves (A) · Norwich (H),,,,,,,upcoming,1.0842151179161998,1.1095632154712605
E1,Sheffield United,1,1,4,4,2026-08-15 17:30:00,2026-09-01 19:45:00,4,2,6.132636133680376,6.132636133680376,6.618276465649857,0.0,6.0,5.6,6.02,5.212715219820231,6.341631331961647,4,5.0,4.0,-0.10606807869728042,16.0,0,0,Birmingham (H) · Swansea (A) · Cardiff (A) · Bolton (H),-0.13263613368037586,-0.9199209138601452,0.7872847801797693,-0.05155720924637342,-0.46163891827170445,0.9588815160384561,complete,1.533159033420094,
E1,Sheffield United,2,5,8,4,2026-09-05 15:00:00,2026-09-19 12:30:00,4,2,5.446610177385628,5.446610177385628,6.596975207470328,0.0,3.0,2.66,6.22,2.9682638401039005,3.9766599378204535,3,4.0,7.0,0.07999648653710532,9.75,0,0,Norwich (H) · Blackburn (A) · Wolves (H) · Stoke (A),-2.4466101773856277,-2.478346337281727,0.03173615989609946,-0.9525600249839566,-1.2457013805059178,0.34081303947199615,complete,1.361652544346407,
E1,Sheffield United,3,9,12,4,2026-10-10 15:00:00,2026-10-24 12:30:00,0,2,6.181557098351172,0.0,0.0,6.045801943690729,0.0,0.0,0.0,0.0,0.0,0,0.0,0.0,-0.11993900540853801,17.0,0,0,Lincoln (H) · Portsmouth (A) · Bristol City (A) · Derby (H),,,,,,,upcoming,1.545389274587793,1.5114504859226823
E1,Sheffield United,4,13,16,4,2026-10-30 20:00:00,2026-11-21 15:00:00,0,2,6.190691240665857,0.0,0.0,6.084216482662066,0.0,0.0,0.0,0.0,0.0,0,0.0,0.0,-0.12121717142670671,17.0,0,0,Wrexham (H) · Preston (A) · Charlton (A) · Watford (H),,,,,,,upcoming,1.5476728101664643,1.5210541206655166
E1,Sheffield United,5,17,20,4,2026-11-24 19:45:00,2026-12-08 19:45:00,0,2,5.180067676405929,0.0,0.0,4.921888556243293,0.0,0.0,0.0,0.0,0.0,0,0.0,0.0,0.15351893149927665,8.25,0,0,Southampton (H) · QPR (A) · West Ham (H) · Millwall (A),,,,,,,upcoming,1.2950169191014822,1.2304721390608233
E1,Sheffield United,6,21,24,4,2026-12-12 15:00:00,2026-12-29 19:45:00,0,2,5.3917752393622385,0.0,0.0,5.2914601310996305,0.0,0.0,0.0,0.0,0.0,0,0.0,0.0,0.09478922080855952,8.0,0,0,Burnley (H) · West Brom (A) · Middlesbrough (H) · Derby (A),,,,,,,upcoming,1.3479438098405596,1.3228650327749076
E1,Sheffield United,7,25,28,4,2027-01-01 17:30:00,2027-01-26 19:45:00,0,2,5.696417827942918,0.0,0.0,5.577306772156588,0.0,0.0,0.0,0.0,0.0,0,0.0,0.0,0.014825226400221526,11.75,0,0,Burnley (A) · Bristol City (H) · Wrexham (A) · Preston (H),,,,,,,upcoming,1.4241044569857295,1.394326693039147
E1,Sheffield United,8,29,32,4,2027-01-30 15:00:00,2027-02-16 19:45:00,0,2,5.9223997605099195,0.0,0.0,5.791366813534338,0.0,0.0,0.0,0.0,0.0,0,0.0,0.0,-0.04528520605513663,14.75,0,0,Charlton (H) · Watford (A) · Wolves (A) · Portsmouth (H),,,,,,,upcoming,1.4805999401274799,1.4478417033835844
E1,Sheffield United,9,33,36,4,2027-02-20 15:00:00,2027-03-06 15:00:00,0,2,5.988546910260086,0.0,0.0,5.76726140125734,0.0,0.0,0.0,0.0,0.0,0,0.0,0.0,-0.06515051760855153,14.0,0,0,Stoke (H) · Lincoln (A) · Swansea (H) · Birmingham (A),,,,,,,upcoming,1.4971367275650216,1.441815350314335
E1,Sheffield United,10,37,40,4,2027-03-13 15:00:00,2027-04-03 15:00:00,0,2,5.237181284897102,0.0,0.0,4.999272166418469,0.0,0.0,0.0,0.0,0.0,0,0.0,0.0,0.14895538301142525,8.5,0,0,QPR (H) · West Ham (A) · Middlesbrough (A) · West Brom (H),,,,,,,upcoming,1.3092953212242755,1.2498180416046172
E1,Sheffield United,11,41,44,4,2027-04-07 19:45:00,2027-04-20 19:45:00,0,2,6.215945858352352,0.0,0.0,6.0543597805494835,0.0,0.0,0.0,0.0,0.0,0,0.0,0.0,-0.12745602877864695,17.25,0,0,Blackburn (H) · Norwich (A) · Cardiff (H) · Bolton (A),,,,,,,upcoming,1.553986464588088,1.5135899451373709
E1,Sheffield United,12,45,46,2,2027-04-24 15:00:00,2027-05-01 12:30:00,0,1,2.687977037347479,0.0,0.0,2.5653970241054695,0.0,0.0,0.0,0.0,0.0,0,0.0,0.0,0.10131424615398804,7.5,0,0,Millwall (H) · Southampton (A),,,,,,,upcoming,1.3439885186737395,1.2826985120527348
E1,Southampton,1,1,4,4,2026-08-16 13:30:00,2026-09-01 20:00:00,4,2,5.798702465452249,5.798702465452248,6.607943854524572,0.0,7.0,8.14,5.0,7.21967621607816,6.758430648336697,4,10.0,5.0,0.03527144298285,10.75,0,0,Watford (A) · Stoke (H) · Millwall (H) · Birmingham (A),1.2012975345477521,1.4209737506259117,-0.21967621607815957,0.46732327721470523,0.7136368343295351,0.6402686050670492,complete,1.4496756163630622,
E1,Southampton,2,5,8,4,2026-09-05 12:30:00,2026-09-19 15:00:00,4,2,6.2715274463694595,6.2715274463694595,6.611264462909237,0.0,7.0,5.92,7.4,4.970998815036845,5.551928499426719,3,9.0,5.0,-0.09259157416611526,15.5,0,0,Lincoln (A) · Swansea (H) · Bristol City (H) · Wrexham (A),0.7284725536305405,-1.3005286313326145,2.029001184963155,0.28331588717275824,-0.6529832294638874,0.7769346997964737,complete,1.5678818615923649,
E1,Southampton,3,9,12,4,2026-10-11 12:00:00,2026-10-24 15:00:00,0,2,5.719561249052981,0.0,0.0,5.735841289782414,0.0,0.0,0.0,0.0,0.0,0,0.0,0.0,0.06425937435707206,12.0,0,0,Portsmouth (H) · Norwich (A) · Bolton (H) · West Ham (A),,,,,,,upcoming,1.4298903122632451,1.4339603224456035
E1,Southampton,4,13,16,4,2026-10-31 15:00:00,2026-11-21 12:30:00,0,2,6.195206503822133,0.0,0.0,6.253958814815401,0.0,0.0,0.0,0.0,0.0,0,0.0,0.0,-0.0725642360114742,15.5,0,0,QPR (H) · West Brom (A) · Preston (A) · Derby (H),,,,,,,upcoming,1.5488016259555333,1.5634897037038502
E1,Southampton,5,17,20,4,2026-11-24 19:45:00,2026-12-09 20:00:00,0,2,5.228511962545037,0.0,0.0,5.251539089131633,0.0,0.0,0.0,0.0,0.0,0,0.0,0.0,0.1917476455140679,4.25,0,0,Sheffield United (A) · Middlesbrough (H) · Wolves (A) · Burnley (H),,,,,,,upcoming,1.3071279906362592,1.3128847722829082
E1,Southampton,6,21,24,4,2026-12-12 15:00:00,2026-12-29 20:15:00,0,2,6.037693384850672,0.0,0.0,6.034967831966895,0.0,0.0,0.0,0.0,0.0,0,0.0,0.0,-0.029266776103333225,16.0,0,0,Cardiff (A) · Blackburn (H) · Charlton (A) · West Ham (H),,,,,,,upcoming,1.509423346212668,1.5087419579917238
E1,Southampton,7,25,28,4,2027-01-01 15:00:00,2027-01-26 19:45:00,0,2,6.479802662155174,0.0,0.0,6.444824088276743,0.0,0.0,0.0,0.0,0.0,0,0.0,0.0,-0.15011824548392333,18.25,0,0,Cardiff (H) · Bolton (A) · QPR (A) · West Brom (H),,,,,,,upcoming,1.6199506655387934,1.6112060220691857
E1,Southampton,8,29,32,4,2027-01-30 15:00:00,2027-02-17 19:45:00,0,2,6.0116004992523315,0.0,0.0,6.110985062732357,0.0,0.0,0.0,0.0,0.0,0,0.0,0.0,-0.023258809893914798,13.25,0,0,Preston (H) · Derby (A) · Bristol City (A) · Norwich (H),,,,,,,upcoming,1.5029001248130829,1.5277462656830894
E1,Southampton,9,33,36,4,2027-02-20 15:00:00,2027-03-06 15:00:00,0,2,6.019875690238511,0.0,0.0,6.087994940370997,0.0,0.0,0.0,0.0,0.0,0,0.0,0.0,-0.025136776952200297,13.5,0,0,Wrexham (H) · Portsmouth (A) · Stoke (A) · Watford (H),,,,,,,upcoming,1.5049689225596277,1.5219987350927493
E1,Southampton,10,37,40,4,2027-03-13 15:00:00,2027-04-03 15:00:00,0,2,5.8387851486404685,0.0,0.0,5.845792344658818,0.0,0.0,0.0,0.0,0.0,0,0.0,0.0,0.02366905277735364,11.75,0,0,Middlesbrough (A) · Wolves (H) · Charlton (H) · Blackburn (A),,,,,,,upcoming,1.4596962871601171,1.4614480861647046
E1,Southampton,11,41,44,4,2027-04-06 19:45:00,2027-04-20 19:45:00,0,2,6.1303944878456,0.0,0.0,6.027326734901829,0.0,0.0,0.0,0.0,0.0,0,0.0,0.0,-0.05690228699511082,13.75,0,0,Swansea (A) · Lincoln (H) · Millwall (A) · Birmingham (H),,,,,,,upcoming,1.5325986219614,1.5068316837254572
E1,Southampton,12,45,46,2,2027-04-24 15:00:00,2027-05-01 12:30:00,0,1,2.7175950793317387,0.0,0.0,2.7933292536649477,0.0,0.0,0.0,0.0,0.0,0,0.0,0.0,0.135230525814001,6.0,0,0,Burnley (A) · Sheffield United (H),,,,,,,upcoming,1.3587975396658694,1.3966646268324738
E1,Stoke,1,1,4,4,2026-08-15 15:00:00,2026-09-01 20:00:00,4,2,5.148482419504909,5.148482419504909,6.296309677043998,0.0,3.0,2.67,6.75,2.8074472196287403,4.276202659364721,4,4.0,9.0,0.11769325543038218,7.25,0,0,Swansea (H) · Southampton (A) · Wolves (A) · Norwich (H),-2.1484824195049086,-2.3410351998761683,0.19255278037125967,-0.8562266955992326,-1.2044513938068528,0.39187239911514693,complete,1.2871206048762271,
E1,Stoke,2,5,8,4,2026-09-05 12:30:00,2026-09-19 12:30:00,4,2,6.0443728546103195,6.0443728546103195,6.6121231930646065,0.0,10.0,5.36,4.109999999999999,6.593957204074528,4.048733352023282,3,9.0,3.0,-0.13175912647691865,17.0,0,0,Charlton (H) · Cardiff (A) · Watford (A) · Sheffield United (H),3.9556271453896805,0.5495843494642081,3.4060427959254724,1.53831360258466,0.27592322876986325,0.1239719554000629,complete,1.5110932136525799,
E1,Stoke,3,9,12,4,2026-10-10 15:00:00,2026-10-24 15:00:00,0,2,5.622497905975804,0.0,0.0,5.567186044313482,0.0,0.0,0.0,0.0,0.0,0,0.0,0.0,-0.017019420941829705,12.75,0,0,Bolton (A) · Middlesbrough (H) · Derby (A) · Bristol City (H),,,,,,,upcoming,1.405624476493951,1.3917965110783705
E1,Stoke,4,13,16,4,2026-10-31 12:30:00,2026-11-21 15:00:00,0,2,5.825592564377317,0.0,0.0,5.73215957582434,0.0,0.0,0.0,0.0,0.0,0,0.0,0.0,-0.07236464308747512,15.75,0,0,Preston (H) · Blackburn (A) · Portsmouth (A) · Birmingham (H),,,,,,,upcoming,1.4563981410943292,1.433039893956085
E1,Stoke,5,17,20,4,2026-11-25 20:00:00,2026-12-09 19:45:00,0,2,5.492469460008448,0.0,0.0,5.246149329384087,0.0,0.0,0.0,0.0,0.0,0,0.0,0.0,0.030463104040745786,13.0,0,0,Millwall (H) · West Ham (A) · QPR (H) · Lincoln (A),,,,,,,upcoming,1.373117365002112,1.3115373323460218
E1,Stoke,6,21,24,4,2026-12-12 12:30:00,2026-12-29 19:45:00,0,2,5.346265210792316,0.0,0.0,5.27921065048836,0.0,0.0,0.0,0.0,0.0,0,0.0,0.0,0.06018119692896583,10.0,0,0,West Brom (H) · Burnley (A) · Wrexham (H) · Bristol City (A),,,,,,,upcoming,1.336566302698079,1.31980266262209
E1,Stoke,7,25,28,4,2027-01-01 15:00:00,2027-01-26 19:45:00,0,2,5.839826769529674,0.0,0.0,5.8269690740842215,0.0,0.0,0.0,0.0,0.0,0,0.0,0.0,-0.0756101189155489,16.0,0,0,West Brom (A) · Derby (H) · Preston (A) · Blackburn (H),,,,,,,upcoming,1.4599566923824185,1.4567422685210554
E1,Stoke,8,29,32,4,2027-01-30 15:00:00,2027-02-17 19:45:00,0,2,5.472719605903442,0.0,0.0,5.348678921002136,0.0,0.0,0.0,0.0,0.0,0,0.0,0.0,0.0277430088742553,10.75,0,0,Portsmouth (H) · Birmingham (A) · Watford (H) · Middlesbrough (A),,,,,,,upcoming,1.3681799014758604,1.337169730250534
E1,Stoke,9,33,36,4,2027-02-20 15:00:00,2027-03-06 15:00:00,0,2,5.65571506274264,0.0,0.0,5.586847052083153,0.0,0.0,0.0,0.0,0.0,0,0.0,0.0,-0.025290608148273806,12.5,0,0,Sheffield United (A) · Bolton (H) · Southampton (H) · Swansea (A),,,,,,,upcoming,1.41392876568566,1.3967117630207881
E1,Stoke,10,37,40,4,2027-03-13 15:00:00,2027-04-03 15:00:00,0,2,4.946898671465589,0.0,0.0,4.814582214936109,0.0,0.0,0.0,0.0,0.0,0,0.0,0.0,0.167999428243257,7.75,0,0,West Ham (H) · QPR (A) · Wrexham (A) · Burnley (H),,,,,,,upcoming,1.2367246678663972,1.2036455537340272
E1,Stoke,11,41,44,4,2027-04-06 19:45:00,2027-04-20 19:45:00,0,2,5.663596930083859,0.0,0.0,5.509767234615035,0.0,0.0,0.0,0.0,0.0,0,0.0,0.0,-0.02717922942540198,13.25,0,0,Cardiff (H) · Charlton (A) · Wolves (H) · Norwich (A),,,,,,,upcoming,1.4158992325209647,1.3774418086537588
E1,Stoke,12,45,46,2,2027-04-24 15:00:00,2027-05-01 12:30:00,0,1,3.0479003639554136,0.0,0.0,2.9084587006042963,0.0,0.0,0.0,0.0,0.0,0,0.0,0.0,-0.14479740876307365,17.0,0,0,Lincoln (H) · Millwall (A),,,,,,,upcoming,1.5239501819777068,1.4542293503021482
E1,Swansea,1,1,4,4,2026-08-15 15:00:00,2026-09-01 19:45:00,4,2,5.145495746707503,5.145495746707502,6.4131656410099716,0.0,10.0,7.68,4.640000000000001,6.9432166256525365,5.559329316123985,4,7.0,1.0,0.008361705707367252,11.75,0,0,Stoke (A) · Sheffield United (H) · Derby (A) · Watford (H),4.854504253292498,1.797720878945034,3.0567833743474635,1.9169406075266175,0.9164534461484822,0.05524547743007613,complete,1.2863739366768758,
E1,Swansea,2,5,8,4,2026-09-05 20:00:00,2026-09-19 15:00:00,4,2,5.1421070288376,5.1421070288376,6.438269689198728,0.0,7.0,4.470000000000001,5.46,4.719471917634114,4.091512994830301,3,6.0,5.0,0.009357719430171343,10.5,0,0,Wrexham (H) · Southampton (A) · Burnley (H) · Lincoln (A),1.8578929711624,-0.42263511120348607,2.280528082365886,0.7322107645875823,-0.21503312505479333,0.4640399350406397,complete,1.2855267572094,
E1,Swansea,3,9,12,4,2026-10-10 12:30:00,2026-10-24 15:00:00,0,2,4.652652060646343,0.0,0.0,4.647059529025861,0.0,0.0,0.0,0.0,0.0,0,0.0,0.0,0.1446673498591955,8.75,0,0,Norwich (H) · Millwall (A) · West Ham (H) · QPR (A),,,,,,,upcoming,1.1631630151615857,1.1617648822564652
E1,Swansea,4,13,16,4,2026-10-31 15:00:00,2026-11-21 15:00:00,0,2,5.2787382012269966,0.0,0.0,5.387462307580641,0.0,0.0,0.0,0.0,0.0,0,0.0,0.0,-0.02700867255873082,14.0,0,0,Blackburn (H) · Portsmouth (A) · Birmingham (A) · West Brom (H),,,,,,,upcoming,1.3196845503067491,1.3468655768951603
E1,Swansea,5,17,20,4,2026-11-24 19:45:00,2026-12-08 19:45:00,0,2,5.4783387956431255,0.0,0.0,5.517944305651392,0.0,0.0,0.0,0.0,0.0,0,0.0,0.0,-0.07858390895543571,15.0,0,0,Middlesbrough (A) · Cardiff (H) · Bristol City (A) · Bolton (H),,,,,,,upcoming,1.3695846989107814,1.379486076412848
E1,Swansea,6,21,24,4,2026-12-12 15:00:00,2026-12-29 19:45:00,0,2,5.441746948369633,0.0,0.0,5.508741596338075,0.0,0.0,0.0,0.0,0.0,0,0.0,0.0,-0.06657804486759525,15.5,0,0,Charlton (A) · Preston (H) · Wolves (A) · QPR (H),,,,,,,upcoming,1.3604367370924082,1.3771853990845186
E1,Swansea,7,25,28,4,2027-01-01 15:00:00,2027-01-27 19:45:00,0,2,5.227420242587791,0.0,0.0,5.3460648612255515,0.0,0.0,0.0,0.0,0.0,0,0.0,0.0,0.0012768723367313044,15.25,0,0,Charlton (H) · West Ham (A) · Blackburn (A) · Portsmouth (H),,,,,,,upcoming,1.3068550606469478,1.3365162153063879
E1,Swansea,8,29,32,4,2027-01-30 15:00:00,2027-02-17 19:45:00,0,2,4.8312384449915005,0.0,0.0,4.900222858330794,0.0,0.0,0.0,0.0,0.0,0,0.0,0.0,0.09587048409997026,8.25,0,0,Birmingham (H) · West Brom (A) · Burnley (A) · Millwall (H),,,,,,,upcoming,1.2078096112478751,1.2250557145826986
E1,Swansea,9,33,36,4,2027-02-20 15:00:00,2027-03-06 15:00:00,0,2,5.312228308193948,0.0,0.0,5.429451073462392,0.0,0.0,0.0,0.0,0.0,0,0.0,0.0,-0.03467373478055583,12.5,0,0,Lincoln (H) · Norwich (A) · Sheffield United (A) · Stoke (H),,,,,,,upcoming,1.328057077048487,1.357362768365598
E1,Swansea,10,37,40,4,2027-03-13 15:00:00,2027-04-03 15:00:00,0,2,5.286782422100857,0.0,0.0,5.3140865161637025,0.0,0.0,0.0,0.0,0.0,0,0.0,0.0,-0.03249258949894711,14.25,0,0,Cardiff (A) · Bristol City (H) · Wolves (H) · Preston (A),,,,,,,upcoming,1.3216956055252143,1.3285216290409256
E1,Swansea,11,41,44,4,2027-04-06 19:45:00,2027-04-21 19:45:00,0,2,5.06082405025799,0.0,0.0,5.2404179198399445,0.0,0.0,0.0,0.0,0.0,0,0.0,0.0,0.030751097225515625,10.5,0,0,Southampton (H) · Wrexham (A) · Derby (H) · Watford (A),,,,,,,upcoming,1.2652060125644975,1.3101044799599861
E1,Swansea,12,45,46,2,2027-04-24 15:00:00,2027-05-01 12:30:00,0,1,2.6383718830139804,0.0,0.0,2.674317220576175,0.0,0.0,0.0,0.0,0.0,0,0.0,0.0,-0.030503834796889562,12.5,0,0,Bolton (A) · Middlesbrough (H),,,,,,,upcoming,1.3191859415069902,1.3371586102880875
E1,Watford,1,1,4,4,2026-08-16 13:30:00,2026-09-01 19:45:00,4,2,4.494450112501476,4.494450112501476,6.138259593150469,0.0,5.0,4.5,7.5600000000000005,3.813653132676114,3.822466947682105,4,4.0,5.0,0.16499279857578703,7.5,0,0,Southampton (H) · Wrexham (A) · West Ham (H) · Swansea (A),0.5055498874985238,-0.6807969798253621,1.186346867323886,0.2040522521338409,-0.35474752131041903,0.8383126665035794,complete,1.123612528125369,
E1,Watford,2,5,8,4,2026-09-05 15:00:00,2026-09-18 20:00:00,4,2,5.244038051626478,5.244038051626477,6.423484312644167,0.0,3.0,4.26,6.57,3.8030196205764426,3.9034900727318247,3,3.0,5.0,-0.04246318220663177,14.5,0,0,West Brom (A) · Preston (H) · Stoke (H) · Bristol City (A),-2.244038051626477,-1.4410184310500345,-0.8030196205764426,-0.8854109383888427,-0.7340211545459338,0.37593503498946923,complete,1.3110095129066195,
E1,Watford,3,9,12,4,2026-10-10 15:00:00,2026-10-24 15:00:00,0,2,5.130559691581146,0.0,0.0,4.993841358512084,0.0,0.0,0.0,0.0,0.0,0,0.0,0.0,-0.005537166732823173,12.5,0,0,Burnley (H) · Cardiff (A) · Charlton (H) · Wolves (A),,,,,,,upcoming,1.2826399228952865,1.248460339628021
E1,Watford,4,13,16,4,2026-10-31 12:30:00,2026-11-21 15:00:00,0,2,5.086174859361927,0.0,0.0,4.939245287879834,0.0,0.0,0.0,0.0,0.0,0,0.0,0.0,0.003570628594465719,10.5,0,0,Norwich (A) · Lincoln (H) · Middlesbrough (H) · Sheffield United (A),,,,,,,upcoming,1.2715437148404818,1.2348113219699586
E1,Watford,5,17,20,4,2026-11-25 19:45:00,2026-12-08 20:00:00,0,2,5.015528466004248,0.0,0.0,4.921333201001034,0.0,0.0,0.0,0.0,0.0,0,0.0,0.0,0.02195304427350908,11.75,0,0,Blackburn (H) · Derby (A) · Millwall (H) · Birmingham (A),,,,,,,upcoming,1.253882116501062,1.2303333002502586
E1,Watford,6,21,24,4,2026-12-12 12:30:00,2026-12-29 19:45:00,0,2,5.237013741517429,0.0,0.0,5.078501260421961,0.0,0.0,0.0,0.0,0.0,0,0.0,0.0,-0.04153578902593402,14.75,0,0,QPR (A) · Bolton (H) · Portsmouth (A) · Wolves (H),,,,,,,upcoming,1.3092534353793572,1.2696253151054901
E1,Watford,7,25,28,4,2027-01-01 15:00:00,2027-01-26 19:45:00,0,2,5.673788004836467,0.0,0.0,5.5119711785402075,0.0,0.0,0.0,0.0,0.0,0,0.0,0.0,-0.16204892895652326,17.75,0,0,QPR (H) · Charlton (A) · Norwich (H) · Lincoln (A),,,,,,,upcoming,1.4184470012091168,1.3779927946350519
E1,Watford,8,29,32,4,2027-01-30 15:00:00,2027-02-16 19:45:00,0,2,5.038127499837906,0.0,0.0,4.905159629606707,0.0,0.0,0.0,0.0,0.0,0,0.0,0.0,0.017675753174488676,10.75,0,0,Middlesbrough (A) · Sheffield United (H) · Stoke (A) · Cardiff (H),,,,,,,upcoming,1.2595318749594766,1.2262899074016766
E1,Watford,9,33,36,4,2027-02-20 15:00:00,2027-03-06 15:00:00,0,2,4.758739781679833,0.0,0.0,4.673960300641411,0.0,0.0,0.0,0.0,0.0,0,0.0,0.0,0.09474087817839805,8.0,0,0,Bristol City (H) · Burnley (A) · Wrexham (H) · Southampton (A),,,,,,,upcoming,1.1896849454199583,1.1684900751603529
E1,Watford,10,37,40,4,2027-03-13 15:00:00,2027-04-03 15:00:00,0,2,5.3504075770786415,0.0,0.0,5.2669551134540935,0.0,0.0,0.0,0.0,0.0,0,0.0,0.0,-0.07173448646745642,15.5,0,0,Derby (H) · Millwall (A) · Portsmouth (H) · Bolton (A),,,,,,,upcoming,1.3376018942696604,1.3167387783635234
E1,Watford,11,41,44,4,2027-04-07 19:45:00,2027-04-21 19:45:00,0,2,4.904076268515747,0.0,0.0,4.757595875556143,0.0,0.0,0.0,0.0,0.0,0,0.0,0.0,0.06544625384742933,12.25,0,0,Preston (A) · West Brom (H) · West Ham (A) · Swansea (H),,,,,,,upcoming,1.2260190671289368,1.1893989688890358
E1,Watford,12,45,46,2,2027-04-24 15:00:00,2027-05-01 12:30:00,0,1,2.529399005907631,0.0,0.0,2.4830461185232005,0.0,0.0,0.0,0.0,0.0,0,0.0,0.0,0.005333366194647256,12.5,0,0,Birmingham (H) · Blackburn (A),,,,,,,upcoming,1.2646995029538155,1.2415230592616002
E1,West Brom,1,1,4,4,2026-08-15 15:00:00,2026-09-02 19:45:00,4,2,5.25382107253091,5.25382107253091,6.288447794226453,0.0,7.0,5.8,6.069999999999999,5.468036756586487,5.283602493667659,4,7.0,6.0,0.04844470354386479,9.25,0,0,Norwich (A) · Burnley (H) · Middlesbrough (A) · Charlton (H),1.7461789274690904,0.21421568405557778,1.5319632434135126,0.6963330571830759,0.11028181624556019,0.4862202755556375,complete,1.3134552681327274,
E1,West Brom,2,5,8,4,2026-09-05 15:00:00,2026-09-20 12:00:00,4,2,5.338413631961663,5.3384136319616635,6.313382058038242,0.0,7.0,4.18,5.17,4.83484958114248,5.137389456776303,3,3.0,2.0,0.02788901707474673,11.75,0,0,Watford (H) · Derby (A) · QPR (H) · Wolves (A),1.6615863680383365,-0.5035640508191834,2.16515041885752,0.6612898923229594,-0.25873075595889405,0.5084264223055119,complete,1.3346034079904157,
E1,West Brom,3,9,12,4,2026-10-10 12:30:00,2026-10-24 15:00:00,0,2,5.512161412251413,0.0,0.0,5.500222720939057,0.0,0.0,0.0,0.0,0.0,0,0.0,0.0,-0.024901829912376144,13.5,0,0,Birmingham (H) · Wrexham (A) · Blackburn (H) · Preston (A),,,,,,,upcoming,1.3780403530628533,1.3750556802347642
E1,West Brom,4,13,16,4,2026-10-31 15:00:00,2026-11-21 15:00:00,0,2,4.863698639792512,0.0,0.0,4.753862270311144,0.0,0.0,0.0,0.0,0.0,0,0.0,0.0,0.1633027828843043,7.75,0,0,West Ham (A) · Southampton (H) · Millwall (H) · Swansea (A),,,,,,,upcoming,1.215924659948128,1.188465567577786
E1,West Brom,5,17,20,4,2026-11-25 19:45:00,2026-12-08 19:45:00,0,2,5.986062528898594,0.0,0.0,5.937364690598495,0.0,0.0,0.0,0.0,0.0,0,0.0,0.0,-0.1543528392006328,18.75,0,0,Bolton (A) · Bristol City (H) · Portsmouth (A) · Cardiff (H),,,,,,,upcoming,1.4965156322246485,1.4843411726496238
E1,West Brom,6,21,24,4,2026-12-12 12:30:00,2026-12-29 19:45:00,0,2,5.809968948151421,0.0,0.0,5.812014116131802,0.0,0.0,0.0,0.0,0.0,0,0.0,0.0,-0.1057378049186512,15.75,0,0,Stoke (A) · Sheffield United (H) · Lincoln (A) · Preston (H),,,,,,,upcoming,1.4524922370378552,1.4530035290329506
E1,West Brom,7,25,28,4,2027-01-01 15:00:00,2027-01-26 19:45:00,0,2,4.906312144632029,0.0,0.0,4.9100561911891445,0.0,0.0,0.0,0.0,0.0,0,0.0,0.0,0.14222481798176123,9.0,0,0,Stoke (H) · Blackburn (A) · West Ham (H) · Southampton (A),,,,,,,upcoming,1.2265780361580072,1.2275140477972861
E1,West Brom,8,29,32,4,2027-01-30 15:00:00,2027-02-16 19:45:00,0,2,5.456408214033778,0.0,0.0,5.32153694960579,0.0,0.0,0.0,0.0,0.0,0,0.0,0.0,-0.009751877206526496,12.75,0,0,Millwall (A) · Swansea (H) · QPR (A) · Wrexham (H),,,,,,,upcoming,1.3641020535084445,1.3303842374014474
E1,West Brom,9,33,36,4,2027-02-20 15:00:00,2027-03-06 15:00:00,0,2,4.763627116379919,0.0,0.0,4.731358742682723,0.0,0.0,0.0,0.0,0.0,0,0.0,0.0,0.18167651446854763,4.75,0,0,Wolves (H) · Birmingham (A) · Burnley (A) · Norwich (H),,,,,,,upcoming,1.1909067790949797,1.1828396856706807
E1,West Brom,10,37,40,4,2027-03-13 15:00:00,2027-04-03 15:00:00,0,2,5.795626752345466,0.0,0.0,5.775242870655868,0.0,0.0,0.0,0.0,0.0,0,0.0,0.0,-0.1010193887209544,16.0,0,0,Bristol City (A) · Portsmouth (H) · Lincoln (H) · Sheffield United (A),,,,,,,upcoming,1.4489066880863666,1.443810717663967
E1,West Brom,11,41,44,4,2027-04-07 19:45:00,2027-04-20 19:45:00,0,2,5.57863155932959,0.0,0.0,5.637977549685225,0.0,0.0,0.0,0.0,0.0,0,0.0,0.0,-0.04436616447924063,13.5,0,0,Derby (H) · Watford (A) · Middlesbrough (H) · Charlton (A),,,,,,,upcoming,1.3946578898323976,1.4094943874213062
E1,West Brom,12,45,46,2,2027-04-24 15:00:00,2027-05-01 12:30:00,0,1,3.156904137851411,0.0,0.0,3.10906005139062,0.0,0.0,0.0,0.0,0.0,0,0.0,0.0,-0.24312899216741285,21.5,0,0,Cardiff (A) · Bolton (H),,,,,,,upcoming,1.5784520689257056,1.55453002569531
E1,West Ham,1,1,4,4,2026-08-16 16:00:00,2026-09-01 19:45:00,4,2,7.212770030002623,7.212770030002623,6.277013521394355,0.0,5.0,8.129999999999999,5.75,6.643774540628573,7.130616413978013,4,8.0,7.0,0.029896876471711048,11.25,0,0,Burnley (A) · Charlton (H) · Watford (A) · Wolves (H),-2.2127700300026234,-0.5689954893740508,-1.6437745406285726,-0.8832013995601814,-0.29319507192228117,0.3771274655616672,complete,1.8031925075006559,
E1,West Ham,2,5,8,4,2026-09-05 15:00:00,2026-09-19 12:30:00,4,2,7.434330631590667,7.434330631590667,6.3330965230082885,0.0,10.0,10.719999999999999,4.99,8.324623396125904,6.3038721442787615,3,14.0,4.0,-0.024271673292357448,13.25,0,0,Derby (H) · Bolton (A) · Wrexham (H) · Millwall (A),2.565669368409333,0.8902927645352374,1.6753766038740956,1.0195126893272888,0.45671909041091185,0.30795963204632515,complete,1.8585826578976667,
E1,West Ham,3,9,12,4,2026-10-09 20:00:00,2026-10-24 15:00:00,0,2,7.707802524300387,0.0,0.0,7.745854120099517,0.0,0.0,0.0,0.0,0.0,0,0.0,0.0,-0.10126011237507253,15.25,0,0,QPR (H) · Lincoln (A) · Swansea (A) · Southampton (H),,,,,,,upcoming,1.9269506310750968,1.9364635300248791
E1,West Ham,4,13,16,4,2026-10-31 15:00:00,2026-11-21 15:00:00,0,2,7.831376772903735,0.0,0.0,7.94318582532205,0.0,0.0,0.0,0.0,0.0,0,0.0,0.0,-0.1371746069291549,18.25,0,0,West Brom (H) · Cardiff (A) · Blackburn (A) · Preston (H),,,,,,,upcoming,1.9578441932259338,1.9857964563305126
E1,West Ham,5,17,20,4,2026-11-24 19:45:00,2026-12-08 20:00:00,0,2,7.173896817954289,0.0,0.0,7.323144668859686,0.0,0.0,0.0,0.0,0.0,0,0.0,0.0,0.04821940161455322,10.0,0,0,Portsmouth (A) · Stoke (H) · Sheffield United (A) · Middlesbrough (H),,,,,,,upcoming,1.7934742044885723,1.8307861672149215
E1,West Ham,6,21,24,4,2026-12-12 15:00:00,2026-12-29 20:15:00,0,2,7.021843784310106,0.0,0.0,7.146019038509651,0.0,0.0,0.0,0.0,0.0,0,0.0,0.0,0.0877342379372533,8.0,0,0,Bristol City (H) · Birmingham (A) · Norwich (H) · Southampton (A),,,,,,,upcoming,1.7554609460775266,1.7865047596274128
E1,West Ham,7,25,28,4,2027-01-01 15:00:00,2027-01-27 19:45:00,0,2,7.620010754365316,0.0,0.0,7.697005362423935,0.0,0.0,0.0,0.0,0.0,0,0.0,0.0,-0.08210188957218015,15.75,0,0,Bristol City (A) · Swansea (H) · West Brom (A) · Cardiff (H),,,,,,,upcoming,1.905002688591329,1.9242513406059838
E1,West Ham,8,29,32,4,2027-01-30 15:00:00,2027-02-16 19:45:00,0,2,7.837864367728621,0.0,0.0,7.947160017565661,0.0,0.0,0.0,0.0,0.0,0,0.0,0.0,-0.14766429152309002,18.0,0,0,Blackburn (H) · Preston (A) · Wrexham (A) · Lincoln (H),,,,,,,upcoming,1.9594660919321552,1.9867900043914153
E1,West Ham,9,33,36,4,2027-02-21 12:00:00,2027-03-06 15:00:00,0,2,7.475460366268909,0.0,0.0,7.584885047117576,0.0,0.0,0.0,0.0,0.0,0,0.0,0.0,-0.03396984279614738,13.5,0,0,Millwall (H) · QPR (A) · Charlton (A) · Burnley (H),,,,,,,upcoming,1.8688650915672274,1.896221261779394
E1,West Ham,10,37,40,4,2027-03-13 15:00:00,2027-04-03 15:00:00,0,2,7.027652944983674,0.0,0.0,7.2013839490789096,0.0,0.0,0.0,0.0,0.0,0,0.0,0.0,0.08808872683015803,8.0,0,0,Stoke (A) · Sheffield United (H) · Norwich (A) · Birmingham (H),,,,,,,upcoming,1.7569132362459186,1.8003459872697274
E1,West Ham,11,41,44,4,2027-04-06 19:45:00,2027-04-20 19:45:00,0,2,7.336560425368033,0.0,0.0,7.533646273477229,0.0,0.0,0.0,0.0,0.0,0,0.0,0.0,-0.006746160943760446,13.0,0,0,Bolton (H) · Derby (A) · Watford (H) · Wolves (A),,,,,,,upcoming,1.8341401063420082,1.8834115683693073
E1,West Ham,12,45,46,2,2027-04-24 15:00:00,2027-05-01 12:30:00,0,1,3.5947037936128527,0.0,0.0,3.6191532221848246,0.0,0.0,0.0,0.0,0.0,0,0.0,0.0,0.036523308728449694,10.5,0,0,Middlesbrough (A) · Portsmouth (H),,,,,,,upcoming,1.7973518968064264,1.8095766110924123
E1,Wolves,1,1,4,4,2026-08-14 20:00:00,2026-09-01 19:45:00,4,2,6.3493076747586725,6.3493076747586725,6.328375289234484,0.0,7.0,6.82,4.34,7.139692713904428,6.91886949523793,4,11.0,8.0,0.062309166203584704,12.75,0,0,Blackburn (H) · Preston (A) · Stoke (H) · West Ham (A),0.6506923252413275,0.7903850391457556,-0.13969271390442817,0.25866017754513204,0.4056177698195035,0.7958974477960028,complete,1.5873269186896681,
E1,Wolves,2,5,8,4,2026-09-06 12:00:00,2026-10-10 15:00:00,3,1,5.845968881454326,4.552411168672773,4.93736291574786,1.289236638172931,7.0,5.64,2.88,5.969772218125266,3.0405455828790795,2,4.0,2.0,0.1006249905958285,7.5,0,0,Birmingham (A) · Sheffield United (A) · West Brom (H) · Middlesbrough (A),2.447588831327227,1.4173610494524933,1.0302277818747339,1.1015163235273782,0.8234881293441794,0.2706720040595343,in progress,1.4614922203635814,1.289236638172931
E1,Wolves,3,9,12,4,2026-10-13 19:45:00,2026-10-24 15:00:00,0,3,7.15533371332944,0.0,0.0,7.346022630684433,0.0,0.0,0.0,0.0,0.0,0,0.0,0.0,-0.06845564623329678,15.0,0,0,Bolton (H) · Burnley (A) · Portsmouth (H) · Watford (H),,,,,,,upcoming,1.78883342833236,1.8365056576711083
E1,Wolves,4,13,16,4,2026-10-31 15:00:00,2026-11-21 15:00:00,0,2,6.968993962891961,0.0,0.0,7.061427456153089,0.0,0.0,0.0,0.0,0.0,0,0.0,0.0,-0.11440823156336855,16.75,0,0,Cardiff (H) · Bristol City (A) · Wrexham (A) · Charlton (H),,,,,,,upcoming,1.7422484907229903,1.7653568640382722
E1,Wolves,5,17,20,4,2026-11-24 20:00:00,2026-12-08 19:45:00,0,2,6.870016327098826,0.0,0.0,6.971368052631119,0.0,0.0,0.0,0.0,0.0,0,0.0,0.0,-0.08114473044239631,14.5,0,0,Derby (H) · Lincoln (A) · Southampton (H) · QPR (A),,,,,,,upcoming,1.7175040817747065,1.7428420131577798
E1,Wolves,6,21,24,4,2026-12-12 15:00:00,2026-12-29 19:45:00,0,2,6.56704877367423,0.0,0.0,6.660289832644205,0.0,0.0,0.0,0.0,0.0,0,0.0,0.0,9.411796127552566e-05,12.0,0,0,Millwall (H) · Norwich (A) · Swansea (H) · Watford (A),,,,,,,upcoming,1.6417621934185576,1.6650724581610512
E1,Wolves,7,25,28,4,2027-01-01 12:30:00,2027-01-27 19:45:00,0,2,6.569055030616921,0.0,0.0,6.629590992290953,0.0,0.0,0.0,0.0,0.0,0,0.0,0.0,0.00011561257250075705,12.25,0,0,Millwall (A) · Burnley (H) · Cardiff (A) · Bristol City (H),,,,,,,upcoming,1.6422637576542303,1.6573977480727382
E1,Wolves,8,29,32,4,2027-01-30 15:00:00,2027-02-17 19:45:00,0,2,6.912401165690699,0.0,0.0,7.105286200948135,0.0,0.0,0.0,0.0,0.0,0,0.0,0.0,-0.09215663138889443,15.5,0,0,Wrexham (H) · Charlton (A) · Sheffield United (H) · Bolton (A),,,,,,,upcoming,1.7281002914226749,1.7763215502370338
E1,Wolves,9,33,36,4,2027-02-20 15:00:00,2027-03-06 15:00:00,0,2,6.67750924994667,0.0,0.0,6.799916277378603,0.0,0.0,0.0,0.0,0.0,0,0.0,0.0,-0.03086202824389325,13.75,0,0,West Brom (A) · Middlesbrough (H) · Preston (H) · Blackburn (A),,,,,,,upcoming,1.6693773124866675,1.6999790693446508
E1,Wolves,10,37,40,4,2027-03-13 15:00:00,2027-04-03 15:00:00,0,2,6.730429920728138,0.0,0.0,6.791252188492558,0.0,0.0,0.0,0.0,0.0,0,0.0,0.0,-0.04884169879664121,12.75,0,0,Lincoln (H) · Southampton (A) · Swansea (A) · Norwich (H),,,,,,,upcoming,1.6826074801820345,1.6978130471231394
E1,Wolves,11,41,44,4,2027-04-06 19:45:00,2027-04-20 19:45:00,0,2,6.037660816183921,0.0,0.0,6.144747786898234,0.0,0.0,0.0,0.0,0.0,0,0.0,0.0,0.1438557287821814,9.0,0,0,Portsmouth (A) · Birmingham (H) · Stoke (A) · West Ham (H),,,,,,,upcoming,1.5094152040459803,1.5361869467245586
E1,Wolves,12,45,46,2,2027-04-24 15:00:00,2027-05-01 12:30:00,0,1,3.3747465024762233,0.0,0.0,3.4580840857750585,0.0,0.0,0.0,0.0,0.0,0,0.0,0.0,-0.0507296601031865,14.5,0,0,QPR (H) · Derby (A),,,,,,,upcoming,1.6873732512381117,1.7290420428875293
E1,Wrexham,1,1,4,4,2026-08-17 20:00:00,2026-09-02 19:45:00,4,2,5.829061218551857,5.829061218551857,6.61057888077362,0.0,5.0,6.48,3.75,7.481700565944784,5.9226484034070985,4,6.0,4.0,-0.03279677232739009,13.25,0,0,Cardiff (A) · Watford (H) · Birmingham (H) · Millwall (A),-0.8290612185518569,1.6526393473929275,-2.4817005659447844,-0.3224533212335595,0.8298177447010873,0.7471092949679434,complete,1.4572653046379642,
E1,Wrexham,2,5,8,4,2026-09-05 20:00:00,2026-09-19 15:00:00,4,2,5.0315878080476,5.0315878080476,6.267360833326199,0.0,5.0,3.88,6.42,3.9630481387704526,3.4783893659704637,3,3.0,8.0,0.19271206792753573,6.25,0,0,Swansea (A) · Burnley (H) · West Ham (A) · Southampton (H),-0.03158780804760042,-1.0685396692771478,1.0369518612295474,-0.012617611191951997,-0.5510267405590754,0.9899328699578536,complete,1.2578969520119,
E1,Wrexham,3,9,12,4,2026-10-10 15:00:00,2026-10-24 15:00:00,0,2,5.9860902137708685,0.0,0.0,6.0955296831081025,0.0,0.0,0.0,0.0,0.0,0,0.0,0.0,-0.0756101189155489,16.0,0,0,Derby (A) · West Brom (H) · Preston (H) · Blackburn (A),,,,,,,upcoming,1.4965225534427171,1.5238824207770256
E1,Wrexham,4,13,16,4,2026-10-30 20:00:00,2026-11-21 15:00:00,0,2,5.50111546896257,0.0,0.0,5.455180848011841,0.0,0.0,0.0,0.0,0.0,0,0.0,0.0,0.0559013370030394,9.25,0,0,Sheffield United (A) · Middlesbrough (H) · Wolves (H) · Lincoln (A),,,,,,,upcoming,1.3752788672406424,1.3637952120029602
E1,Wrexham,5,17,20,4,2026-11-24 19:45:00,2026-12-08 19:45:00,0,2,5.995891589192542,0.0,0.0,6.046913705797905,0.0,0.0,0.0,0.0,0.0,0,0.0,0.0,-0.07778737646413411,15.5,0,0,Bristol City (A) · Portsmouth (H) · Norwich (A) · Charlton (H),,,,,,,upcoming,1.4989728972981355,1.5117284264494764
E1,Wrexham,6,21,24,4,2026-12-11 20:00:00,2026-12-29 18:00:00,0,2,6.121313601679168,0.0,0.0,6.173166313399174,0.0,0.0,0.0,0.0,0.0,0,0.0,0.0,-0.11180622704683818,17.25,0,0,Bolton (A) · QPR (H) · Stoke (A) · Blackburn (H),,,,,,,upcoming,1.530328400419792,1.5432915783497936
E1,Wrexham,7,25,28,4,2027-01-01 15:00:00,2027-01-27 19:45:00,0,2,5.8604075277880465,0.0,0.0,5.909565730840131,0.0,0.0,0.0,0.0,0.0,0,0.0,0.0,-0.040342787322118455,13.25,0,0,Bolton (H) · Preston (A) · Sheffield United (H) · Middlesbrough (A),,,,,,,upcoming,1.4651018819470116,1.4773914327100328
E1,Wrexham,8,29,32,4,2027-01-30 15:00:00,2027-02-16 19:45:00,0,2,5.288432251373331,0.0,0.0,5.2248233298447,0.0,0.0,0.0,0.0,0.0,0,0.0,0.0,0.11727134876905233,10.0,0,0,Wolves (A) · Lincoln (H) · West Ham (H) · West Brom (A),,,,,,,upcoming,1.3221080628433328,1.306205832461175
E1,Wrexham,9,33,36,4,2027-02-20 15:00:00,2027-03-06 15:00:00,0,2,5.884215130070526,0.0,0.0,5.937957052991906,0.0,0.0,0.0,0.0,0.0,0,0.0,0.0,-0.0472553643896479,13.5,0,0,Southampton (A) · Derby (H) · Watford (A) · Cardiff (H),,,,,,,upcoming,1.4710537825176315,1.4844892632479765
E1,Wrexham,10,37,40,4,2027-03-13 15:00:00,2027-04-03 15:00:00,0,2,5.78919803110848,0.0,0.0,5.797310825373859,0.0,0.0,0.0,0.0,0.0,0,0.0,0.0,-0.022828358801662528,13.25,0,0,Portsmouth (A) · Norwich (H) · Stoke (H) · QPR (A),,,,,,,upcoming,1.44729950777712,1.4493277063434646
E1,Wrexham,11,41,44,4,2027-04-06 19:45:00,2027-04-20 19:45:00,0,2,5.425623830642109,0.0,0.0,5.391756290463182,0.0,0.0,0.0,0.0,0.0,0,0.0,0.0,0.07894402151591769,8.75,0,0,Burnley (A) · Swansea (H) · Birmingham (A) · Millwall (H),,,,,,,upcoming,1.3564059576605272,1.3479390726157956
E1,Wrexham,12,45,46,2,2027-04-24 15:00:00,2027-05-01 12:30:00,0,1,3.1261892612901487,0.0,0.0,3.170538711220617,0.0,0.0,0.0,0.0,0.0,0,0.0,0.0,-0.14764024083486146,18.5,0,0,Charlton (A) · Bristol City (H),,,,,,,upcoming,1.5630946306450744,1.5852693556103086
E2,AFC Wimbledon,1,1,4,4,2026-08-15 15:00:00,2026-09-02 19:45:00,4,2,4.654080465140479,4.654080465140479,6.195313653998137,0.0,4.0,3.11,5.51,3.7282982647126555,4.550018865577392,4,2.0,7.0,-0.029055234750297573,13.0,0,0,Huddersfield (A) · Reading (H) · Wigan (H) · Burton (A),-0.6540804651404786,-0.9257822004278231,0.27170173528734454,-0.26278436929670096,-0.4801772190663439,0.7927167837437037,complete,1.1635201162851196,
E2,AFC Wimbledon,2,5,8,4,2026-09-07 20:00:00,2026-09-26 15:00:00,4,2,4.8955490314255234,4.895549031425523,6.409597235227157,0.0,8.0,4.38,5.41,4.855543190809416,1.3532412701205034,1,4.0,1.0,-0.10086154205923475,16.5,0,0,Bromley (A) · Doncaster (H) · MK Dons (H) · Cambridge (A),3.1044509685744774,-0.04000584061610635,3.144456809190584,1.2262229352049354,-0.020400105107597565,0.22011479268708323,complete,1.2238872578563809,
E2,AFC Wimbledon,3,9,12,4,2026-10-03 15:00:00,2026-10-20 19:45:00,0,2,4.380166358805329,0.0,0.0,4.32188242277683,0.0,0.0,0.0,0.0,0.0,0,0.0,0.0,0.054852099315878075,10.0,0,0,Stevenage (H) · Plymouth (A) · Sheffield Wed (A) · Mansfield (H),,,,,,,upcoming,1.0950415897013321,1.0804706056942075
E2,AFC Wimbledon,4,13,16,4,2026-10-24 15:00:00,2026-11-21 15:00:00,0,2,4.485450487079747,0.0,0.0,4.460527125863399,0.0,0.0,0.0,0.0,0.0,0,0.0,0.0,0.01661166082699505,11.5,0,0,Wycombe (H) · Stockport (A) · Blackpool (H) · Leyton Orient (A),,,,,,,upcoming,1.1213626217699368,1.1151317814658497
E2,AFC Wimbledon,5,17,20,4,2026-11-28 15:00:00,2026-12-19 15:00:00,0,2,4.603979018463308,0.0,0.0,4.567731087508138,0.0,0.0,0.0,0.0,0.0,0,0.0,0.0,-0.016341868660982826,12.5,0,0,Barnsley (H) · Notts County (A) · Bradford (A) · Oxford (H),,,,,,,upcoming,1.150994754615827,1.1419327718770345
E2,AFC Wimbledon,6,21,24,4,2026-12-26 15:00:00,2027-01-09 12:30:00,0,2,4.111597504857185,0.0,0.0,4.094285565232137,0.0,0.0,0.0,0.0,0.0,0,0.0,0.0,0.13592179376069513,8.5,0,0,Leicester (A) · Luton (H) · Peterborough (H) · Oxford (A),,,,,,,upcoming,1.0278993762142963,1.0235713913080342
E2,AFC Wimbledon,7,25,28,4,2027-01-16 15:00:00,2027-01-30 15:00:00,0,2,4.261277059858659,0.0,0.0,4.171956360810065,0.0,0.0,0.0,0.0,0.0,0,0.0,0.0,0.07811852844359768,8.5,0,0,Sheffield Wed (H) · Mansfield (A) · Wycombe (A) · Stockport (H),,,,,,,upcoming,1.0653192649646648,1.0429890902025163
E2,AFC Wimbledon,8,29,32,4,2027-02-06 15:00:00,2027-02-20 15:00:00,0,2,5.084228840909121,0.0,0.0,5.113229374883495,0.0,0.0,0.0,0.0,0.0,0,0.0,0.0,-0.14801466240098404,18.75,0,0,Wigan (A) · Burton (H) · Bromley (H) · Doncaster (A),,,,,,,upcoming,1.2710572102272804,1.2783073437208738
E2,AFC Wimbledon,9,33,36,4,2027-02-27 15:00:00,2027-03-20 15:00:00,0,2,4.504540043608148,0.0,0.0,4.393903958140264,0.0,0.0,0.0,0.0,0.0,0,0.0,0.0,0.011278085472249646,11.5,0,0,Blackpool (A) · Huddersfield (H) · Reading (A) · Leyton Orient (H),,,,,,,upcoming,1.126135010902037,1.098475989535066
E2,AFC Wimbledon,10,37,40,4,2027-03-26 15:00:00,2027-04-10 15:00:00,0,2,4.012050136367321,0.0,0.0,3.984597113958304,0.0,0.0,0.0,0.0,0.0,0,0.0,0.0,0.15405411728376328,7.75,0,0,Peterborough (A) · Leicester (H) · Luton (A) · Bradford (H),,,,,,,upcoming,1.0030125340918303,0.996149278489576
E2,AFC Wimbledon,11,41,44,4,2027-04-13 19:45:00,2027-04-27 19:45:00,0,2,4.549610734914952,0.0,0.0,4.510740045726571,0.0,0.0,0.0,0.0,0.0,0,0.0,0.0,0.00016503181847752138,12.25,0,0,Cambridge (H) · MK Dons (A) · Plymouth (H) · Stevenage (A),,,,,,,upcoming,1.137402683728738,1.1276850114316428
E2,AFC Wimbledon,12,45,46,2,2027-05-01 15:00:00,2027-05-08 12:30:00,0,1,2.3905035795661593,0.0,0.0,2.3562229085420356,0.0,0.0,0.0,0.0,0.0,0,0.0,0.0,-0.06626581907788105,15.5,0,0,Barnsley (A) · Notts County (H),,,,,,,upcoming,1.1952517897830797,1.1781114542710178
E2,Barnsley,1,1,4,4,2026-08-15 15:00:00,2026-09-02 19:45:00,4,2,5.656145786126892,5.656145786126892,6.5518961020897795,0.0,7.0,5.87,5.6899999999999995,5.6998107502044855,5.159122239405169,4,5.0,3.0,-0.10768134217843682,17.25,0,0,Bromley (H) · Doncaster (A) · Leyton Orient (A) · Blackpool (H),1.343854213873108,0.04366496407759346,1.3001892497955145,0.5250113066750814,0.022022873341121758,0.5995753309386544,complete,1.414036446531723,
E2,Barnsley,2,5,8,4,2026-09-05 15:00:00,2026-10-03 15:00:00,3,3,5.032922186684259,3.6562460680236715,4.690199255326773,1.3795028615890996,1.0,4.529999999999999,4.54,4.265824276776082,0.8441205834368227,1,2.0,9.0,0.15051551020561701,7.25,0,1,Stevenage (H) · Plymouth (A) · Leicester (H) · MK Dons (H),-2.6562460680236715,0.6095782087524109,-3.2658242767760823,-1.2265144180210723,0.3633776078028299,0.22000515297582135,in progress,1.2582305466710648,1.3795028615890996
E2,Barnsley,3,9,12,4,2026-10-10 15:00:00,2026-10-24 15:00:00,0,1,4.8418781055652635,0.0,0.0,4.768559498289898,0.0,0.0,0.0,0.0,0.0,0,0.0,0.0,0.03160324996552612,10.75,0,1,Stockport (A) · Cambridge (H) · Luton (A) · Reading (A),,,,,,,upcoming,1.2104695263913159,1.1921398745724745
E2,Barnsley,4,13,16,4,2026-10-31 15:00:00,2026-11-24 19:45:00,0,2,5.03201407610146,0.0,0.0,5.032967596977074,0.0,0.0,0.0,0.0,0.0,0,0.0,0.0,0.061948712464255325,8.75,0,1,Oxford (H) · Wigan (A) · Sheffield Wed (H) · Bradford (A),,,,,,,upcoming,1.258003519025365,1.2582418992442685
E2,Barnsley,5,17,20,4,2026-11-28 15:00:00,2026-12-19 12:30:00,0,2,5.395335143105257,0.0,0.0,5.3421456444528985,0.0,0.0,0.0,0.0,0.0,0,0.0,0.0,-0.03825440915808768,13.75,0,0,AFC Wimbledon (A) · Wycombe (H) · Peterborough (A) · Huddersfield (H),,,,,,,upcoming,1.3488337857763142,1.3355364111132246
E2,Barnsley,6,21,24,4,2026-12-26 15:00:00,2027-01-09 15:00:00,0,2,5.455822977962001,0.0,0.0,5.441786977636653,0.0,0.0,0.0,0.0,0.0,0,0.0,0.0,-0.050980566358084047,15.0,0,0,Mansfield (A) · Burton (H) · Notts County (H) · Huddersfield (A),,,,,,,upcoming,1.3639557444905002,1.3604467444091632
E2,Barnsley,7,25,28,4,2027-01-16 15:00:00,2027-01-30 15:00:00,0,2,5.23686846066304,0.0,0.0,5.2185649925230475,0.0,0.0,0.0,0.0,0.0,0,0.0,0.0,0.005359758154872048,11.75,0,0,Cambridge (A) · Luton (H) · Reading (H) · Oxford (A),,,,,,,upcoming,1.30921711516576,1.3046412481307619
E2,Barnsley,8,29,32,4,2027-02-06 15:00:00,2027-02-20 15:00:00,0,2,5.283625867579918,0.0,0.0,5.3426872515236346,0.0,0.0,0.0,0.0,0.0,0,0.0,0.0,-0.006654768300724555,13.0,0,0,Leyton Orient (H) · Blackpool (A) · Stevenage (A) · Plymouth (H),,,,,,,upcoming,1.3209064668949795,1.3356718128809086
E2,Barnsley,9,33,36,4,2027-02-27 15:00:00,2027-03-20 15:00:00,0,2,5.427538020984658,0.0,0.0,5.458956244470864,0.0,0.0,0.0,0.0,0.0,0,0.0,0.0,-0.04201632680829361,13.75,0,0,Wigan (H) · Bromley (A) · Doncaster (H) · Sheffield Wed (A),,,,,,,upcoming,1.3568845052461644,1.364739061117716
E2,Barnsley,10,37,40,4,2027-03-26 15:00:00,2027-04-10 15:00:00,0,2,5.661048950827302,0.0,0.0,5.720405715952463,0.0,0.0,0.0,0.0,0.0,0,0.0,0.0,-0.10935536494090255,18.75,0,0,Notts County (A) · Mansfield (H) · Burton (A) · Peterborough (H),,,,,,,upcoming,1.4152622377068256,1.4301014289881158
E2,Barnsley,11,41,44,4,2027-04-13 19:45:00,2027-04-27 19:45:00,0,2,4.637598340216796,0.0,0.0,4.625695399819245,0.0,0.0,0.0,0.0,0.0,0,0.0,0.0,0.17969746741110776,5.5,0,0,Bradford (H) · Leicester (A) · Stockport (H) · MK Dons (A),,,,,,,upcoming,1.159399585054199,1.1564238499548112
E2,Barnsley,12,45,46,2,2027-05-01 15:00:00,2027-05-08 12:30:00,0,1,2.8194384379941146,0.0,0.0,2.835022449378969,0.0,0.0,0.0,0.0,0.0,0,0.0,0.0,-0.10050279126573294,16.0,0,0,AFC Wimbledon (H) · Wycombe (A),,,,,,,upcoming,1.4097192189970573,1.4175112246894845
E2,Blackpool,1,1,4,4,2026-08-15 15:00:00,2026-09-02 19:45:00,4,2,5.503218067719248,5.503218067719249,6.539577701379551,0.0,7.0,11.25,7.77,7.300225562515891,4.901350451374602,4,8.0,4.0,0.0019648361448295747,12.0,0,0,Wycombe (H) · Stockport (A) · Peterborough (H) · Barnsley (A),1.4967819322807507,1.7970074947966417,-0.30022556251589094,0.5853069486219137,0.9071924163355828,0.5583413434507578,complete,1.375804516929812,
E2,Blackpool,2,5,8,4,2026-09-05 15:00:00,2026-09-26 15:00:00,3,2,5.740822759449011,4.446366835098862,4.912275612524308,1.2821359361251596,1.0,3.04,6.63,2.319511212810978,1.8514018226183953,1,5.0,9.0,-0.0634223492621091,14.75,0,0,Reading (A) · Bromley (H) · Plymouth (H) · Notts County (A),-3.4463668350988623,-2.1268556222878843,-1.319511212810978,-1.5549632862458616,-1.2388565505993914,0.11995481340058123,in progress,1.4352056898622527,1.2821359361251596
E2,Blackpool,3,9,12,4,2026-10-10 15:00:00,2026-10-24 15:00:00,0,2,5.716190604438069,0.0,0.0,5.795888499695504,0.0,0.0,0.0,0.0,0.0,0,0.0,0.0,-0.057043296534666776,15.75,0,1,Cambridge (A) · Leyton Orient (A) · MK Dons (H) · Mansfield (H),,,,,,,upcoming,1.4290476511095171,1.448972124923876
E2,Blackpool,4,13,16,4,2026-11-01 14:00:00,2026-11-24 19:45:00,0,2,5.172672433499806,0.0,0.0,5.176595692739932,0.0,0.0,0.0,0.0,0.0,0,0.0,0.0,0.09400763842586601,10.0,0,1,Sheffield Wed (A) · AFC Wimbledon (A) · Wigan (H) · Leicester (H),,,,,,,upcoming,1.2931681083749516,1.294148923184983
E2,Blackpool,5,17,20,4,2026-11-28 15:00:00,2026-12-19 15:00:00,0,2,5.57366922897077,0.0,0.0,5.6039659553333285,0.0,0.0,0.0,0.0,0.0,0,0.0,0.0,-0.018084670031806173,13.25,0,0,Stevenage (A) · Luton (H) · Oxford (A) · Burton (H),,,,,,,upcoming,1.3934173072426925,1.4009914888333321
E2,Blackpool,6,21,24,4,2026-12-26 15:00:00,2027-01-08 20:00:00,0,2,5.546141511784839,0.0,0.0,5.48808332253265,0.0,0.0,0.0,0.0,0.0,0,0.0,0.0,-0.009447309856135948,12.25,0,0,Huddersfield (A) · Bradford (H) · Doncaster (H) · Burton (A),,,,,,,upcoming,1.3865353779462097,1.3720208306331625
E2,Blackpool,7,25,28,4,2027-01-16 15:00:00,2027-01-30 15:00:00,0,2,5.3558029760378645,0.0,0.0,5.387103491546266,0.0,0.0,0.0,0.0,0.0,0,0.0,0.0,0.04157022395609743,11.0,0,0,Leyton Orient (H) · MK Dons (A) · Mansfield (A) · Sheffield Wed (H),,,,,,,upcoming,1.3389507440094661,1.3467758728865664
E2,Blackpool,8,29,32,4,2027-02-06 15:00:00,2027-02-20 15:00:00,0,2,5.916419036939148,0.0,0.0,5.922048977331864,0.0,0.0,0.0,0.0,0.0,0,0.0,0.0,-0.11072152244174727,17.0,0,0,Peterborough (A) · Barnsley (H) · Reading (H) · Bromley (A),,,,,,,upcoming,1.479104759234787,1.480512244332966
E2,Blackpool,9,33,36,4,2027-02-27 15:00:00,2027-03-20 15:00:00,0,2,5.6505241751116,0.0,0.0,5.610065596825989,0.0,0.0,0.0,0.0,0.0,0,0.0,0.0,-0.03843143225727135,13.25,0,0,AFC Wimbledon (H) · Wycombe (A) · Stockport (H) · Wigan (A),,,,,,,upcoming,1.4126310437779,1.4025163992064973
E2,Blackpool,10,37,40,4,2027-03-26 15:00:00,2027-04-10 15:00:00,0,2,5.3709233317563285,0.0,0.0,5.286004122744865,0.0,0.0,0.0,0.0,0.0,0,0.0,0.0,0.0369698257151979,9.5,0,0,Doncaster (A) · Oxford (H) · Bradford (A) · Huddersfield (H),,,,,,,upcoming,1.3427308329390821,1.3215010306862163
E2,Blackpool,11,41,44,4,2027-04-13 19:45:00,2027-04-27 19:45:00,0,2,5.237753368939458,0.0,0.0,5.254526852167843,0.0,0.0,0.0,0.0,0.0,0,0.0,0.0,0.08308955951684091,11.25,0,0,Notts County (H) · Plymouth (A) · Cambridge (H) · Leicester (A),,,,,,,upcoming,1.3094383422348645,1.3136317130419608
E2,Blackpool,12,45,46,2,2027-05-01 15:00:00,2027-05-08 12:30:00,0,1,2.6524879712626555,0.0,0.0,2.627769513074169,0.0,0.0,0.0,0.0,0.0,0,0.0,0.0,0.05934749636927625,10.0,0,0,Stevenage (H) · Luton (A),,,,,,,upcoming,1.3262439856313277,1.3138847565370846
E2,Bradford,1,1,4,4,2026-08-15 15:00:00,2026-09-01 19:45:00,4,2,5.5962862374506965,5.5962862374506965,6.391052283915555,0.0,6.0,5.37,5.08,5.281722300766556,6.373824672422988,4,4.0,4.0,0.029331342693395095,11.75,0,0,Peterborough (H) · Sheffield Wed (A) · Plymouth (A) · Cambridge (H),0.40371376254930347,-0.3145639366841406,0.7182776992334441,0.15969354782516565,-0.16063756815383112,0.8731224837637481,complete,1.3990715593626741,
E2,Bradford,2,5,8,4,2026-09-05 15:00:00,2026-10-03 15:00:00,4,1,5.352828890034857,5.352828890034857,6.486074189638313,0.0,10.0,2.94,3.0,5.202534358282787,1.468881784368119,1,4.0,1.0,0.006654679276396496,12.25,0,1,Mansfield (H) · Notts County (A) · Luton (A) · Reading (A),4.647171109965143,-0.15029453175206964,4.797465641717213,1.824726199119396,-0.07618625018428689,0.06804235762403588,complete,1.3382072225087143,
E2,Bradford,3,9,12,4,2026-10-10 15:00:00,2026-10-24 15:00:00,0,2,6.036526317293859,0.0,0.0,6.1243113178950574,0.0,0.0,0.0,0.0,0.0,0,0.0,0.0,-0.0926632125778787,17.5,0,1,Leyton Orient (H) · Stevenage (H) · Burton (A) · Oxford (A),,,,,,,upcoming,1.5091315793234648,1.5310778294737644
E2,Bradford,4,13,16,4,2026-10-31 12:30:00,2026-11-24 19:45:00,0,3,5.598748559126776,0.0,0.0,5.538002517074674,0.0,0.0,0.0,0.0,0.0,0,0.0,0.0,0.11886103902042564,8.25,0,1,Huddersfield (H) · Leicester (A) · Doncaster (H) · Barnsley (H),,,,,,,upcoming,1.399687139781694,1.3845006292686686
E2,Bradford,5,17,20,4,2026-11-28 15:00:00,2026-12-19 15:00:00,0,2,6.049856899550868,0.0,0.0,6.107087612959667,0.0,0.0,0.0,0.0,0.0,0,0.0,0.0,-0.09640286820857992,15.5,0,0,Wycombe (A) · MK Dons (H) · AFC Wimbledon (H) · Bromley (A),,,,,,,upcoming,1.512464224887717,1.5267719032399167
E2,Bradford,6,21,24,4,2026-12-26 15:00:00,2027-01-09 15:00:00,0,2,5.895964567742014,0.0,0.0,5.909930438338755,0.0,0.0,0.0,0.0,0.0,0,0.0,0.0,-0.05540955310730427,13.75,0,0,Stockport (H) · Blackpool (A) · Wigan (A) · Bromley (H),,,,,,,upcoming,1.4739911419355034,1.4774826095846887
E2,Bradford,7,25,28,4,2027-01-16 15:00:00,2027-01-30 12:30:00,0,2,5.814611527595081,0.0,0.0,5.7861004787634265,0.0,0.0,0.0,0.0,0.0,0,0.0,0.0,-0.032032602045101076,13.5,0,0,Stevenage (A) · Burton (H) · Oxford (H) · Huddersfield (A),,,,,,,upcoming,1.4536528818987702,1.4465251196908566
E2,Bradford,8,29,32,4,2027-02-06 15:00:00,2027-02-20 15:00:00,0,2,5.859388210412652,0.0,0.0,5.871767535818938,0.0,0.0,0.0,0.0,0.0,0,0.0,0.0,-0.04546899194438003,15.0,0,0,Plymouth (H) · Cambridge (A) · Mansfield (A) · Notts County (H),,,,,,,upcoming,1.464847052603163,1.4679418839547345
E2,Bradford,9,33,36,4,2027-02-27 15:00:00,2027-03-20 15:00:00,0,2,5.204559346359438,0.0,0.0,5.202280693504164,0.0,0.0,0.0,0.0,0.0,0,0.0,0.0,0.1313620615483997,9.25,0,0,Leicester (H) · Peterborough (A) · Sheffield Wed (H) · Doncaster (A),,,,,,,upcoming,1.3011398365898594,1.300570173376041
E2,Bradford,10,37,40,4,2027-03-26 15:00:00,2027-04-10 15:00:00,0,2,5.861866836728019,0.0,0.0,5.840570226941371,0.0,0.0,0.0,0.0,0.0,0,0.0,0.0,-0.045040212159879724,13.5,0,0,Wigan (H) · Stockport (A) · Blackpool (H) · AFC Wimbledon (A),,,,,,,upcoming,1.4654667091820048,1.4601425567353428
E2,Bradford,11,41,44,4,2027-04-13 19:45:00,2027-04-27 19:45:00,0,2,5.659398396215307,0.0,0.0,5.645601640457689,0.0,0.0,0.0,0.0,0.0,0,0.0,0.0,0.008323380853419948,12.0,0,0,Barnsley (A) · Luton (H) · Leyton Orient (A) · Reading (H),,,,,,,upcoming,1.4148495990538268,1.4114004101144222
E2,Bradford,12,45,46,2,2027-05-01 15:00:00,2027-05-08 12:30:00,0,1,2.709002417777965,0.0,0.0,2.7115630621806655,0.0,0.0,0.0,0.0,0.0,0,0.0,0.0,0.07512314450012225,7.5,0,0,Wycombe (H) · MK Dons (A),,,,,,,upcoming,1.3545012088889825,1.3557815310903327
E2,Bromley,1,1,4,4,2026-08-15 15:00:00,2026-09-01 19:45:00,4,2,4.490127523656111,4.49012752365611,5.992827780469853,0.0,4.0,3.53,8.57,2.880084345702288,4.899700305398021,4,4.0,13.0,-0.018202383509131677,14.0,0,0,Barnsley (A) · Cambridge (H) · Sheffield Wed (A) · Leyton Orient (H),-0.4901275236561098,-1.6100431779538216,1.1199156542977118,-0.200213423976605,-0.8490748932997505,0.8413136689118521,complete,1.1225318809140277,
E2,Bromley,2,5,8,4,2026-09-07 20:00:00,2026-09-26 15:00:00,3,2,4.398339019815065,3.5354254633993762,4.632436988496016,0.8100740477419596,4.0,2.67,6.44,2.219100955704311,0.8958717195358796,1,4.0,5.0,0.004341135120643148,10.75,0,0,AFC Wimbledon (H) · Blackpool (A) · Huddersfield (H) · MK Dons (A),0.46457453660062376,-1.3163245076950654,1.7808990442956891,0.21584929874153463,-0.7895553518532987,0.8291052191382813,in progress,1.0995847549537663,0.8100740477419596
E2,Bromley,3,9,12,4,2026-10-03 15:00:00,2026-10-20 19:45:00,0,2,3.9502217414954965,0.0,0.0,3.755478806720148,0.0,0.0,0.0,0.0,0.0,0,0.0,0.0,0.12985548633997296,8.25,0,0,Wycombe (H) · Mansfield (A) · Stockport (A) · Leicester (H),,,,,,,upcoming,0.9875554353738741,0.938869701680037
E2,Bromley,4,13,16,4,2026-10-24 15:00:00,2026-11-21 12:30:00,0,2,4.618218235371303,0.0,0.0,4.346775316596188,0.0,0.0,0.0,0.0,0.0,0,0.0,0.0,-0.06150990356617632,15.75,0,0,Peterborough (H) · Wigan (A) · Notts County (H) · Reading (A),,,,,,,upcoming,1.1545545588428257,1.086693829149047
E2,Bromley,5,17,20,4,2026-11-28 15:00:00,2026-12-19 15:00:00,0,2,4.450494701392029,0.0,0.0,4.267180928853956,0.0,0.0,0.0,0.0,0.0,0,0.0,0.0,-0.011320550544358148,12.5,0,0,Burton (H) · Plymouth (A) · Doncaster (A) · Bradford (H),,,,,,,upcoming,1.1126236753480072,1.066795232213489
E2,Bromley,6,21,24,4,2026-12-26 15:00:00,2027-01-09 15:00:00,0,2,4.256276346124356,0.0,0.0,4.058741630171632,0.0,0.0,0.0,0.0,0.0,0,0.0,0.0,0.046464789062595824,9.75,0,0,Luton (A) · Oxford (H) · Stevenage (H) · Bradford (A),,,,,,,upcoming,1.064069086531089,1.014685407542908
E2,Bromley,7,25,28,4,2027-01-16 15:00:00,2027-01-30 15:00:00,0,2,4.0983996645530825,0.0,0.0,3.8712921001968827,0.0,0.0,0.0,0.0,0.0,0,0.0,0.0,0.09927857391675192,10.25,0,0,Stockport (H) · Leicester (A) · Peterborough (A) · Wigan (H),,,,,,,upcoming,1.0245999161382706,0.9678230250492207
E2,Bromley,8,29,32,4,2027-02-06 15:00:00,2027-02-20 15:00:00,0,2,4.470629441764744,0.0,0.0,4.303832721926949,0.0,0.0,0.0,0.0,0.0,0,0.0,0.0,-0.023394334840652474,13.75,0,0,Sheffield Wed (H) · Leyton Orient (A) · AFC Wimbledon (A) · Blackpool (H),,,,,,,upcoming,1.117657360441186,1.0759581804817373
E2,Bromley,9,33,36,4,2027-02-27 15:00:00,2027-03-20 15:00:00,0,2,4.661448546975698,0.0,0.0,4.4095009429972665,0.0,0.0,0.0,0.0,0.0,0,0.0,0.0,-0.0762363346036068,16.0,0,0,Notts County (A) · Barnsley (H) · Cambridge (A) · Reading (H),,,,,,,upcoming,1.1653621367439244,1.1023752357493166
E2,Bromley,10,37,40,4,2027-03-26 15:00:00,2027-04-10 15:00:00,0,2,4.345105007691421,0.0,0.0,4.127201804526987,0.0,0.0,0.0,0.0,0.0,0,0.0,0.0,0.01399599917052445,11.5,0,0,Stevenage (A) · Doncaster (H) · Oxford (A) · Luton (H),,,,,,,upcoming,1.0862762519228553,1.0318004511317467
E2,Bromley,11,41,44,4,2027-04-13 19:45:00,2027-04-27 19:45:00,0,2,4.217006107545043,0.0,0.0,3.9613413569330254,0.0,0.0,0.0,0.0,0.0,0,0.0,0.0,0.05483642991281547,8.75,0,0,MK Dons (H) · Huddersfield (A) · Mansfield (H) · Wycombe (A),,,,,,,upcoming,1.0542515268862607,0.9903353392332563
E2,Bromley,12,45,46,2,2027-05-01 15:00:00,2027-05-08 12:30:00,0,1,2.2407963543103184,0.0,0.0,2.1717147348996746,0.0,0.0,0.0,0.0,0.0,0,0.0,0.0,-0.02755025010662525,13.5,0,0,Burton (A) · Plymouth (H),,,,,,,upcoming,1.1203981771551592,1.0858573674498373
E2,Burton,1,1,4,4,2026-08-15 15:00:00,2026-09-02 19:45:00,4,2,4.777187656525789,4.777187656525789,6.018971913409638,0.0,7.0,3.05,5.55,4.16697558927169,4.635098884075869,4,8.0,5.0,0.008222243355163653,14.75,0,0,Stevenage (H) · Leicester (A) · Notts County (A) · AFC Wimbledon (H),2.222812343474211,-0.6102120672540989,2.83302441072831,0.9060280459815767,-0.32110273760042285,0.3649210080311469,complete,1.1942969141314472,
E2,Burton,2,5,8,4,2026-09-05 15:00:00,2026-09-26 15:00:00,4,2,4.856173985330445,4.856173985330445,6.232039233281466,0.0,5.0,3.79,5.75,4.054070445245175,0.9618591701350909,1,5.0,7.0,-0.024971986139985927,13.25,0,0,Cambridge (H) · Oxford (A) · Mansfield (H) · Plymouth (A),0.14382601466955514,-0.8021035400852696,0.9459295547548248,0.05761324767484742,-0.4148009272489249,0.9540566970834323,complete,1.2140434963326112,
E2,Burton,3,9,12,4,2026-10-03 15:00:00,2026-10-20 19:45:00,1,2,4.692104323948219,1.2141456548734253,1.602568346139697,3.3391734834033455,0.0,0.11,2.83,0.09042707542491576,0.0,0,1.0,3.0,0.01445156098373327,11.5,0,0,Huddersfield (H) · Doncaster (A) · Peterborough (A) · Bradford (H),-1.2141456548734253,-1.1237185794485096,-0.09042707542491576,-0.9590969497705525,-1.1459710756193022,0.3375099068959937,in progress,1.1730260809870547,1.1130578278011152
E2,Burton,4,13,16,4,2026-10-24 15:00:00,2026-11-21 15:00:00,0,2,4.539877390060589,0.0,0.0,4.419928853255373,0.0,0.0,0.0,0.0,0.0,0,0.0,0.0,0.0612506787881757,9.5,0,0,Leyton Orient (H) · Wycombe (A) · MK Dons (A) · Luton (H),,,,,,,upcoming,1.1349693475151472,1.1049822133138432
E2,Burton,5,17,20,4,2026-11-28 15:00:00,2026-12-19 15:00:00,0,2,5.05627412777389,0.0,0.0,4.897357207904336,0.0,0.0,0.0,0.0,0.0,0,0.0,0.0,-0.08438286686810655,15.0,0,0,Bromley (A) · Wigan (H) · Reading (H) · Blackpool (A),,,,,,,upcoming,1.2640685319434726,1.224339301976084
E2,Burton,6,21,24,4,2026-12-26 15:00:00,2027-01-08 20:00:00,0,2,4.474808651059841,0.0,0.0,4.266279007562774,0.0,0.0,0.0,0.0,0.0,0,0.0,0.0,0.07745552099504241,8.0,0,0,Sheffield Wed (H) · Barnsley (A) · Stockport (A) · Blackpool (H),,,,,,,upcoming,1.1187021627649603,1.0665697518906936
E2,Burton,7,25,28,4,2027-01-16 15:00:00,2027-01-30 15:00:00,0,2,4.825008413094814,0.0,0.0,4.712659164545897,0.0,0.0,0.0,0.0,0.0,0,0.0,0.0,-0.019625787734744125,14.0,0,0,Peterborough (H) · Bradford (A) · Leyton Orient (A) · Wycombe (H),,,,,,,upcoming,1.2062521032737035,1.1781647911364743
E2,Burton,8,29,32,4,2027-02-06 15:00:00,2027-02-20 15:00:00,0,2,5.192516775660624,0.0,0.0,5.05934203611694,0.0,0.0,0.0,0.0,0.0,0,0.0,0.0,-0.12333879999707564,18.25,0,0,Notts County (H) · AFC Wimbledon (A) · Cambridge (A) · Oxford (H),,,,,,,upcoming,1.298129193915156,1.264835509029235
E2,Burton,9,33,36,4,2027-02-27 15:00:00,2027-03-20 15:00:00,0,2,4.168197151624412,0.0,0.0,4.037184529678145,0.0,0.0,0.0,0.0,0.0,0,0.0,0.0,0.16633668290713413,6.75,0,0,MK Dons (H) · Stevenage (A) · Leicester (H) · Luton (A),,,,,,,upcoming,1.042049287906103,1.0092961324195362
E2,Burton,10,37,40,4,2027-03-26 15:00:00,2027-04-10 15:00:00,0,2,4.51918856574488,0.0,0.0,4.257077673889097,0.0,0.0,0.0,0.0,0.0,0,0.0,0.0,0.06911768350220557,8.5,0,0,Stockport (H) · Sheffield Wed (A) · Barnsley (H) · Reading (A),,,,,,,upcoming,1.12979714143622,1.0642694184722743
E2,Burton,11,41,44,4,2027-04-13 19:45:00,2027-04-27 19:45:00,0,2,4.629511604859694,0.0,0.0,4.403962838071697,0.0,0.0,0.0,0.0,0.0,0,0.0,0.0,0.03558040181177234,10.0,0,0,Plymouth (H) · Mansfield (A) · Doncaster (H) · Huddersfield (A),,,,,,,upcoming,1.1573779012149235,1.1009907095179243
E2,Burton,12,45,46,2,2027-05-01 15:00:00,2027-05-08 12:30:00,0,1,2.692810685975374,0.0,0.0,2.660920779922365,0.0,0.0,0.0,0.0,0.0,0,0.0,0.0,-0.17183955563107303,19.0,0,0,Bromley (H) · Wigan (A),,,,,,,upcoming,1.346405342987687,1.3304603899611824
E2,Cambridge,1,1,4,4,2026-08-15 15:00:00,2026-09-01 19:45:00,4,2,4.9787668180110405,4.9787668180110405,6.39488887945077,0.0,7.0,5.04,6.96,4.603278432677796,5.262067127139684,4,7.0,6.0,-0.033272203086224944,12.5,0,0,Wigan (H) · Bromley (A) · Huddersfield (H) · Bradford (A),2.0212331819889595,-0.37548838533324425,2.3967215673222038,0.7992817891689696,-0.19169217343115297,0.4241270359201379,complete,1.2446917045027601,
E2,Cambridge,2,5,8,4,2026-09-05 15:00:00,2026-09-26 15:00:00,4,2,5.270812522539347,5.270812522539347,6.464009956215993,0.0,6.0,4.42,5.18,4.957058201675437,1.3652268976375295,1,6.0,5.0,-0.11295643124475596,17.0,0,0,Burton (A) · Reading (H) · Oxford (A) · AFC Wimbledon (H),0.7291874774606528,-0.31375432086391,1.0429417983245628,0.2868059741668769,-0.15931735289814433,0.7742608883125079,complete,1.3177031306348368,
E2,Cambridge,3,9,12,4,2026-10-10 15:00:00,2026-10-24 15:00:00,0,3,5.027847487155134,0.0,0.0,4.9747211854227045,0.0,0.0,0.0,0.0,0.0,0,0.0,0.0,0.03783091777146042,9.25,0,1,Blackpool (H) · Barnsley (A) · Wycombe (H) · Plymouth (H),,,,,,,upcoming,1.2569618717887836,1.2436802963556761
E2,Cambridge,4,13,16,4,2026-10-27 19:45:00,2026-11-21 15:00:00,0,1,4.1789120363762375,0.0,0.0,4.098913045516759,0.0,0.0,0.0,0.0,0.0,0,0.0,0.0,0.10817251572501478,8.0,0,1,Sheffield Wed (A) · Leyton Orient (A) · Luton (A) · Stockport (H),,,,,,,upcoming,1.0447280090940594,1.0247282613791897
E2,Cambridge,5,17,20,4,2026-11-28 12:30:00,2026-12-18 19:45:00,0,2,4.527952280371698,0.0,0.0,4.486944309573746,0.0,0.0,0.0,0.0,0.0,0,0.0,0.0,0.09401395231102072,10.75,0,0,Peterborough (A) · Leicester (H) · MK Dons (A) · Stevenage (H),,,,,,,upcoming,1.1319880700929246,1.1217360773934364
E2,Cambridge,6,21,24,4,2026-12-26 15:00:00,2027-01-09 12:30:00,0,2,5.1229381129901785,0.0,0.0,5.058529723830299,0.0,0.0,0.0,0.0,0.0,0,0.0,0.0,-0.0735458660420075,16.5,0,0,Notts County (A) · Doncaster (H) · Mansfield (H) · Stevenage (A),,,,,,,upcoming,1.2807345282475446,1.2646324309575747
E2,Cambridge,7,25,28,4,2027-01-16 15:00:00,2027-01-30 15:00:00,0,2,4.8437177951305825,0.0,0.0,4.830059860569101,0.0,0.0,0.0,0.0,0.0,0,0.0,0.0,0.007448825547348048,11.75,0,0,Barnsley (H) · Wycombe (A) · Plymouth (A) · Leyton Orient (H),,,,,,,upcoming,1.2109294487826456,1.2075149651422752
E2,Cambridge,8,29,32,4,2027-02-06 15:00:00,2027-02-20 15:00:00,0,2,4.861113479879623,0.0,0.0,4.726283186075277,0.0,0.0,0.0,0.0,0.0,0,0.0,0.0,0.002159334562719075,11.5,0,0,Huddersfield (A) · Bradford (H) · Burton (H) · Reading (A),,,,,,,upcoming,1.2152783699699057,1.1815707965188194
E2,Cambridge,9,33,36,4,2027-02-27 12:30:00,2027-03-20 15:00:00,0,2,5.173980685366745,0.0,0.0,5.125793284738062,0.0,0.0,0.0,0.0,0.0,0,0.0,0.0,-0.08353583338145752,16.0,0,0,Peterborough (H) · Wigan (A) · Bromley (H) · Stockport (A),,,,,,,upcoming,1.2934951713416862,1.2814483211845156
E2,Cambridge,10,37,40,4,2027-03-26 15:00:00,2027-04-10 15:00:00,0,2,4.956129783097699,0.0,0.0,4.890946387126062,0.0,0.0,0.0,0.0,0.0,0,0.0,0.0,-0.028070371557232722,13.75,0,0,Mansfield (A) · MK Dons (H) · Doncaster (A) · Notts County (H),,,,,,,upcoming,1.2390324457744248,1.2227365967815156
E2,Cambridge,11,41,44,4,2027-04-13 19:45:00,2027-04-27 19:45:00,0,2,4.849442364257864,0.0,0.0,4.798763096890012,0.0,0.0,0.0,0.0,0.0,0,0.0,0.0,0.0013797418407712758,11.5,0,0,AFC Wimbledon (A) · Oxford (H) · Blackpool (A) · Sheffield Wed (H),,,,,,,upcoming,1.212360591064466,1.199690774222503
E2,Cambridge,12,45,46,2,2027-05-01 15:00:00,2027-05-08 12:30:00,0,1,1.893668291217086,0.0,0.0,1.8812178660256285,0.0,0.0,0.0,0.0,0.0,0,0.0,0.0,0.3195626822745404,2.0,0,0,Luton (H) · Leicester (A),,,,,,,upcoming,0.946834145608543,0.9406089330128142
E2,Doncaster,1,1,4,4,2026-08-15 15:00:00,2026-09-01 19:45:00,4,2,5.473537103871308,5.473537103871308,6.573421921449782,0.0,3.0,4.21,3.67,5.717218549617618,5.777272587248874,4,4.0,5.0,-0.07050402076244025,16.0,0,0,Mansfield (A) · Barnsley (H) · Stevenage (A) · Notts County (H),-2.4735371038713083,0.24368144574630968,-2.717218549617618,-0.9647675219844601,0.12270184218394094,0.3346612666712887,complete,1.368384275967827,
E2,Doncaster,2,5,8,4,2026-09-05 15:00:00,2026-10-03 15:00:00,3,1,4.913154580830909,3.9382032715422683,4.9265587910440445,0.9757778169826818,3.0,5.949999999999999,5.069999999999999,4.650338636283311,1.3701292989708862,1,4.0,4.0,-0.0025399794269581055,12.5,0,1,Plymouth (H) · AFC Wimbledon (A) · Peterborough (A) · Luton (A),-0.9382032715422683,0.7121353647410427,-1.650338636283311,-0.4226930509476416,0.4142047675151125,0.6725192262918143,in progress,1.2282886452077273,0.9757778169826818
E2,Doncaster,3,9,12,4,2026-10-10 15:00:00,2026-10-24 15:00:00,0,3,5.026466999577659,0.0,0.0,5.080496571452514,0.0,0.0,0.0,0.0,0.0,0,0.0,0.0,0.14804314888818776,8.0,0,1,Burton (H) · Leicester (A) · Stockport (H) · Sheffield Wed (H),,,,,,,upcoming,1.2566167498944147,1.2701241428631285
E2,Doncaster,4,13,16,4,2026-10-31 15:00:00,2026-11-26 20:00:00,0,2,5.026697934856227,0.0,0.0,5.050545435291209,0.0,0.0,0.0,0.0,0.0,0,0.0,0.0,0.053218274852651945,9.5,0,1,MK Dons (A) · Leyton Orient (H) · Bradford (A) · Huddersfield (H),,,,,,,upcoming,1.2566744837140567,1.2626363588228022
E2,Doncaster,5,17,20,4,2026-12-01 20:00:00,2026-12-19 15:00:00,0,2,5.458213350432097,0.0,0.0,5.537267198653534,0.0,0.0,0.0,0.0,0.0,0,0.0,0.0,-0.06469184117554967,14.0,0,1,Reading (A) · Bromley (H) · Oxford (H) · Wycombe (A),,,,,,,upcoming,1.3645533376080243,1.3843167996633834
E2,Doncaster,6,21,24,4,2026-12-26 15:00:00,2027-01-09 15:00:00,0,2,5.35002131265902,0.0,0.0,5.423742330494017,0.0,0.0,0.0,0.0,0.0,0,0.0,0.0,-0.0369723205615914,13.5,0,0,Wigan (H) · Cambridge (A) · Blackpool (A) · Wycombe (H),,,,,,,upcoming,1.337505328164755,1.3559355826235042
E2,Doncaster,7,25,28,4,2027-01-16 15:00:00,2027-01-30 15:00:00,0,2,4.4232455623295905,0.0,0.0,4.441415076803833,0.0,0.0,0.0,0.0,0.0,0,0.0,0.0,0.2211463439093962,4.0,0,0,Leicester (H) · Stockport (A) · Sheffield Wed (A) · MK Dons (H),,,,,,,upcoming,1.1058113905823976,1.1103537692009582
E2,Doncaster,8,29,32,4,2027-02-06 15:00:00,2027-02-20 15:00:00,0,2,5.478188807318237,0.0,0.0,5.51846995605818,0.0,0.0,0.0,0.0,0.0,0,0.0,0.0,-0.06911262139943655,15.75,0,0,Stevenage (H) · Notts County (A) · Plymouth (A) · AFC Wimbledon (H),,,,,,,upcoming,1.3695472018295594,1.379617489014545
E2,Doncaster,9,33,36,4,2027-02-27 15:00:00,2027-03-20 15:00:00,0,2,5.351881840557066,0.0,0.0,5.462714009867762,0.0,0.0,0.0,0.0,0.0,0,0.0,0.0,-0.03785933308150155,14.25,0,0,Leyton Orient (A) · Mansfield (H) · Barnsley (A) · Bradford (H),,,,,,,upcoming,1.3379704601392666,1.3656785024669404
E2,Doncaster,10,37,40,4,2027-03-26 15:00:00,2027-04-10 15:00:00,0,2,5.6584823060882385,0.0,0.0,5.790624756634925,0.0,0.0,0.0,0.0,0.0,0,0.0,0.0,-0.12068536538736596,17.25,0,0,Blackpool (H) · Bromley (A) · Cambridge (H) · Wigan (A),,,,,,,upcoming,1.4146205765220596,1.4476561891587312
E2,Doncaster,11,41,44,4,2027-04-13 19:45:00,2027-04-27 19:45:00,0,2,5.293428317538895,0.0,0.0,5.385385152320322,0.0,0.0,0.0,0.0,0.0,0,0.0,0.0,-0.021813499728370593,13.75,0,0,Oxford (A) · Peterborough (H) · Burton (A) · Luton (H),,,,,,,upcoming,1.3233570793847238,1.3463462880800805
E2,Doncaster,12,45,46,2,2027-05-01 15:00:00,2027-05-08 12:30:00,0,1,2.4972975459461133,0.0,0.0,2.405187760287105,0.0,0.0,0.0,0.0,0.0,0,0.0,0.0,0.06357085851219044,8.0,0,0,Huddersfield (A) · Reading (H),,,,,,,upcoming,1.2486487729730567,1.2025938801435525
E2,Huddersfield,1,1,4,4,2026-08-15 15:00:00,2026-09-01 19:45:00,4,2,6.236679174873345,6.236679174873345,6.563773694910941,0.0,10.0,7.73,4.06,7.511192479656923,6.604929274492562,4,9.0,3.0,-0.07615573474280697,15.25,0,0,AFC Wimbledon (H) · MK Dons (A) · Cambridge (A) · Oxford (H),3.7633208251266552,1.2745133047835786,2.4888075203430766,1.468907486215178,0.6422320114128566,0.14185788385038567,complete,1.5591697937183362,
E2,Huddersfield,2,5,8,4,2026-09-05 15:00:00,2026-10-03 15:00:00,4,1,6.222094451841992,6.222094451841992,6.692691306409227,0.0,5.0,10.370000000000001,2.5100000000000002,9.784578522687987,1.643114815275532,1,5.0,4.0,-0.1583333495899155,20.0,0,1,Notts County (H) · Mansfield (A) · Bromley (A) · Burton (A),-1.2220944518419916,3.5624840708459953,-4.784578522687987,-0.47239400275740245,1.7777754677773958,0.6366455842627659,complete,1.555523612960498,
E2,Huddersfield,3,9,12,4,2026-10-10 15:00:00,2026-10-24 12:30:00,0,3,6.072205358625107,0.0,0.0,6.358890027078787,0.0,0.0,0.0,0.0,0.0,0,0.0,0.0,0.055281417372854226,10.0,0,1,Sheffield Wed (H) · Plymouth (A) · Peterborough (H) · Wigan (H),,,,,,,upcoming,1.5180513396562767,1.5897225067696967
E2,Huddersfield,4,13,16,4,2026-10-31 12:30:00,2026-11-21 15:00:00,0,2,5.254176703775919,0.0,0.0,5.579525847960643,0.0,0.0,0.0,0.0,0.0,0,0.0,0.0,0.1887891774605249,5.25,0,1,Bradford (A) · Luton (H) · Wycombe (A) · Leicester (H),,,,,,,upcoming,1.3135441759439797,1.3948814619901608
E2,Huddersfield,5,17,20,4,2026-11-26 20:00:00,2026-12-19 12:30:00,0,2,6.221373397111922,0.0,0.0,6.55915091794856,0.0,0.0,0.0,0.0,0.0,0,0.0,0.0,-0.07187716446498404,16.25,0,0,Doncaster (A) · Stevenage (H) · Leyton Orient (H) · Barnsley (A),,,,,,,upcoming,1.5553433492779805,1.63978772948714
E2,Huddersfield,6,21,24,4,2026-12-26 15:00:00,2027-01-09 15:00:00,0,2,5.674192496476889,0.0,0.0,5.934894338615493,0.0,0.0,0.0,0.0,0.0,0,0.0,0.0,0.07745552099504241,8.0,0,0,Blackpool (H) · Stockport (A) · Sheffield Wed (A) · Barnsley (H),,,,,,,upcoming,1.4185481241192222,1.4837235846538732
E2,Huddersfield,7,25,28,4,2027-01-16 15:00:00,2027-01-30 12:30:00,0,2,5.902355644655531,0.0,0.0,6.198765513757529,0.0,0.0,0.0,0.0,0.0,0,0.0,0.0,0.013832540874565797,11.5,0,0,Plymouth (H) · Peterborough (A) · Wigan (A) · Bradford (H),,,,,,,upcoming,1.4755889111638827,1.5496913784393822
E2,Huddersfield,8,29,32,4,2027-02-06 15:00:00,2027-02-20 15:00:00,0,2,6.249125727959552,0.0,0.0,6.599273024442218,0.0,0.0,0.0,0.0,0.0,0,0.0,0.0,-0.0794522851075117,16.5,0,0,Cambridge (H) · Oxford (A) · Notts County (A) · Mansfield (H),,,,,,,upcoming,1.562281431989888,1.6498182561105545
E2,Huddersfield,9,33,36,4,2027-02-27 15:00:00,2027-03-20 15:00:00,0,2,5.654180798983848,0.0,0.0,6.004982472970683,0.0,0.0,0.0,0.0,0.0,0,0.0,0.0,0.08641153908962952,9.75,0,0,Wycombe (H) · AFC Wimbledon (A) · MK Dons (H) · Leicester (A),,,,,,,upcoming,1.413545199745962,1.5012456182426708
E2,Huddersfield,10,37,40,4,2027-03-26 15:00:00,2027-04-10 15:00:00,0,2,5.948397648977158,0.0,0.0,6.237406077825645,0.0,0.0,0.0,0.0,0.0,0,0.0,0.0,0.0016650434315498503,12.25,0,0,Reading (H) · Leyton Orient (A) · Stockport (H) · Blackpool (A),,,,,,,upcoming,1.4870994122442895,1.5593515194564112
E2,Huddersfield,11,41,44,4,2027-04-13 19:45:00,2027-04-27 19:45:00,0,2,6.226776735639822,0.0,0.0,6.561677648088986,0.0,0.0,0.0,0.0,0.0,0,0.0,0.0,-0.07352130632753175,15.25,0,0,Luton (A) · Bromley (H) · Reading (A) · Burton (H),,,,,,,upcoming,1.5566941839099555,1.6404194120222464
E2,Huddersfield,12,45,46,2,2027-05-01 15:00:00,2027-05-08 12:30:00,0,1,3.105340863027376,0.0,0.0,3.2433215108029216,0.0,0.0,0.0,0.0,0.0,0,0.0,0.0,-0.06893436809802775,16.0,0,0,Doncaster (H) · Stevenage (A),,,,,,,upcoming,1.552670431513688,1.6216607554014608
E2,Leicester,1,1,4,4,2026-08-15 12:30:00,2026-09-01 19:45:00,4,2,7.093607725419071,7.09360772541907,6.4262244637092145,0.0,5.0,5.6899999999999995,4.65,6.251998781434241,6.688359044366312,4,4.0,3.0,-0.008927354052942593,12.75,0,0,Notts County (A) · Burton (H) · MK Dons (A) · Plymouth (H),-2.09360772541907,-0.8416089439848289,-1.2519987814342413,-0.8258807939954603,-0.42860454438952245,0.4088717164874902,complete,1.7734019313547678,
E2,Leicester,2,5,8,4,2026-09-05 15:00:00,2026-10-10 15:00:00,3,2,7.1018858906569395,5.094920671553588,4.924850611221384,1.9775639375544307,4.0,4.359999999999999,5.4399999999999995,3.5287596076275727,1.0027044569450456,1,5.0,8.0,-0.010251959300467425,12.5,0,1,Oxford (H) · Stockport (A) · Barnsley (A) · Peterborough (H),-1.094920671553588,-1.5661610639260153,0.4712403923724273,-0.4933852074743226,-0.9110962665422556,0.6217404324777591,in progress,1.7754714726642349,1.9775639375544307
E2,Leicester,3,9,12,4,2026-10-17 15:00:00,2026-10-27 19:45:00,0,2,7.2526404552169605,0.0,0.0,7.16097541499367,0.0,0.0,0.0,0.0,0.0,0,0.0,0.0,-0.05179306096500143,14.0,0,2,Doncaster (H) · Bromley (A) · Luton (A) · Wigan (H),,,,,,,upcoming,1.8131601138042401,1.7902438537484175
E2,Leicester,4,13,16,4,2026-10-31 15:00:00,2026-11-24 19:45:00,0,2,6.924979804908066,0.0,0.0,6.717668146978432,0.0,0.0,0.0,0.0,0.0,0,0.0,0.0,0.038124872591989545,9.75,0,1,Stevenage (H) · Bradford (H) · Huddersfield (A) · Blackpool (A),,,,,,,upcoming,1.7312449512270165,1.679417036744608
E2,Leicester,5,17,20,4,2026-11-28 15:00:00,2026-12-19 15:00:00,0,2,7.077747481725564,0.0,0.0,6.917328477844272,0.0,0.0,0.0,0.0,0.0,0,0.0,0.0,-0.0021039012319092228,12.75,0,0,Mansfield (H) · Cambridge (A) · Sheffield Wed (H) · Reading (A),,,,,,,upcoming,1.769436870431391,1.729332119461068
E2,Leicester,6,21,24,4,2026-12-26 15:00:00,2027-01-09 15:00:00,0,2,7.344807180330324,0.0,0.0,7.236200633860905,0.0,0.0,0.0,0.0,0.0,0,0.0,0.0,-0.07909657690954888,16.0,0,0,AFC Wimbledon (H) · Leyton Orient (A) · Wycombe (A) · Reading (H),,,,,,,upcoming,1.836201795082581,1.8090501584652263
E2,Leicester,7,25,28,4,2027-01-16 15:00:00,2027-01-30 15:00:00,0,2,7.265224583351658,0.0,0.0,7.15825993028128,0.0,0.0,0.0,0.0,0.0,0,0.0,0.0,-0.05750025020995313,14.75,0,0,Doncaster (A) · Bromley (H) · Luton (H) · Stevenage (A),,,,,,,upcoming,1.8163061458379146,1.78956498257032
E2,Leicester,8,29,32,4,2027-02-06 15:00:00,2027-02-20 15:00:00,0,2,6.761396478525947,0.0,0.0,6.610773893019949,0.0,0.0,0.0,0.0,0.0,0,0.0,0.0,0.08423027913343942,7.25,0,0,MK Dons (H) · Plymouth (A) · Oxford (A) · Stockport (H),,,,,,,upcoming,1.6903491196314868,1.6526934732549872
E2,Leicester,9,33,36,4,2027-02-27 15:00:00,2027-03-20 15:00:00,0,2,7.125632351052283,0.0,0.0,6.9486311292298675,0.0,0.0,0.0,0.0,0.0,0,0.0,0.0,-0.015607849291526824,13.0,0,0,Bradford (A) · Notts County (H) · Burton (A) · Huddersfield (H),,,,,,,upcoming,1.7814080877630707,1.7371577823074669
E2,Leicester,10,37,40,4,2027-03-26 15:00:00,2027-04-10 15:00:00,0,2,7.125251922837154,0.0,0.0,7.039291044928378,0.0,0.0,0.0,0.0,0.0,0,0.0,0.0,-0.016785554938044095,13.5,0,0,Wycombe (H) · AFC Wimbledon (A) · Leyton Orient (H) · Sheffield Wed (A),,,,,,,upcoming,1.7813129807092885,1.7598227612320945
E2,Leicester,11,41,44,4,2027-04-13 19:45:00,2027-04-27 19:45:00,0,2,7.231205866412695,0.0,0.0,7.123862718236751,0.0,0.0,0.0,0.0,0.0,0,0.0,0.0,-0.04396968135838138,14.0,0,0,Wigan (A) · Barnsley (H) · Peterborough (A) · Blackpool (H),,,,,,,upcoming,1.8078014666031736,1.7809656795591877
E2,Leicester,12,45,46,2,2027-05-01 15:00:00,2027-05-08 12:30:00,0,1,3.739445932440577,0.0,0.0,3.7077886037779937,0.0,0.0,0.0,0.0,0.0,0,0.0,0.0,-0.1152279933160143,18.5,0,0,Mansfield (A) · Cambridge (H),,,,,,,upcoming,1.8697229662202886,1.8538943018889968
E2,Leyton Orient,1,1,4,4,2026-08-15 15:00:00,2026-09-01 19:45:00,4,2,5.202459182070113,5.202459182070112,6.514309137503215,0.0,6.0,3.91,7.03,3.74802444414467,5.366846416033888,4,9.0,5.0,-0.038974481528726374,13.25,0,0,Sheffield Wed (H) · Wigan (A) · Barnsley (H) · Bromley (A),0.797540817929888,-1.454434737925442,2.25197555585533,0.3124774898626564,-0.735672346462389,0.7546776677000981,complete,1.3006147955175282,
E2,Leyton Orient,2,5,8,4,2026-09-05 15:00:00,2026-09-26 15:00:00,3,2,4.988529579157209,3.8162397034898783,4.756091671245551,1.139024425224624,4.0,2.48,4.92,2.4660885279884988,1.3946895637413423,1,4.0,4.0,0.023308867441335597,11.25,0,0,Luton (A) · Wycombe (H) · Stevenage (H) · Mansfield (A),0.1837602965101217,-1.3501511755013795,1.5339114720115012,0.08426099331740257,-0.7992481970589247,0.9328489248936178,in progress,1.2471323947893023,1.139024425224624
E2,Leyton Orient,3,9,12,4,2026-10-03 15:00:00,2026-10-21 20:00:00,1,2,4.872959245958089,1.299943490810994,1.6403732061959937,3.394237038848993,0.0,0.93,2.15,0.6413784973758282,0.0,0,0.0,2.0,0.05231124498851935,8.75,0,0,Plymouth (H) · Bradford (A) · Blackpool (H) · Reading (A),-1.299943490810994,-0.6585649934351657,-0.6413784973758282,-1.0149698469005795,-0.6638220636035511,0.3101202011908133,in progress,1.2182398114895223,1.1314123462829977
E2,Leyton Orient,4,13,16,4,2026-10-24 15:00:00,2026-11-21 15:00:00,0,2,5.665516395251094,0.0,0.0,5.51958236988205,0.0,0.0,0.0,0.0,0.0,0,0.0,0.0,-0.16359539613301863,20.25,0,0,Burton (A) · Cambridge (H) · Doncaster (A) · AFC Wimbledon (H),,,,,,,upcoming,1.4163790988127736,1.3798955924705125
E2,Leyton Orient,5,17,20,4,2026-11-28 15:00:00,2026-12-19 15:00:00,0,2,5.018489788724352,0.0,0.0,4.70681142106263,0.0,0.0,0.0,0.0,0.0,0,0.0,0.0,0.016402189835928324,12.0,0,0,Stockport (A) · Peterborough (H) · Huddersfield (A) · Notts County (H),,,,,,,upcoming,1.254622447181088,1.1767028552656575
E2,Leyton Orient,6,21,24,4,2026-12-26 15:00:00,2027-01-09 15:00:00,0,2,4.651803630128385,0.0,0.0,4.497175921910142,0.0,0.0,0.0,0.0,0.0,0,0.0,0.0,0.11482464627299144,9.0,0,0,MK Dons (A) · Leicester (H) · Oxford (H) · Notts County (A),,,,,,,upcoming,1.1629509075320963,1.1242939804775356
E2,Leyton Orient,7,25,28,4,2027-01-16 15:00:00,2027-01-30 15:00:00,0,2,5.377386776091765,0.0,0.0,5.189058471876388,0.0,0.0,0.0,0.0,0.0,0,0.0,0.0,-0.08525382773842194,16.25,0,0,Blackpool (A) · Reading (H) · Burton (H) · Cambridge (A),,,,,,,upcoming,1.3443466940229412,1.297264617969097
E2,Leyton Orient,8,29,32,4,2027-02-06 15:00:00,2027-02-20 15:00:00,0,2,5.153690379978844,0.0,0.0,5.002759297083122,0.0,0.0,0.0,0.0,0.0,0,0.0,0.0,-0.023452174450188667,12.25,0,0,Barnsley (A) · Bromley (H) · Luton (H) · Wycombe (A),,,,,,,upcoming,1.288422594994711,1.2506898242707805
E2,Leyton Orient,9,33,36,4,2027-02-27 15:00:00,2027-03-20 15:00:00,0,2,5.193740393966527,0.0,0.0,4.973332995151633,0.0,0.0,0.0,0.0,0.0,0,0.0,0.0,-0.03164698586086907,13.5,0,0,Doncaster (H) · Sheffield Wed (A) · Wigan (H) · AFC Wimbledon (A),,,,,,,upcoming,1.2984350984916317,1.2433332487879083
E2,Leyton Orient,10,37,40,4,2027-03-26 15:00:00,2027-04-10 15:00:00,0,2,4.476111500442323,0.0,0.0,4.255544430676752,0.0,0.0,0.0,0.0,0.0,0,0.0,0.0,0.17117818592873943,5.5,0,0,Oxford (A) · Huddersfield (H) · Leicester (A) · MK Dons (H),,,,,,,upcoming,1.1190278751105807,1.063886107669188
E2,Leyton Orient,11,41,44,4,2027-04-13 19:45:00,2027-04-27 19:45:00,0,2,5.019539023730489,0.0,0.0,4.831181717325682,0.0,0.0,0.0,0.0,0.0,0,0.0,0.0,0.013403222817589645,11.5,0,0,Mansfield (H) · Stevenage (A) · Bradford (H) · Plymouth (A),,,,,,,upcoming,1.2548847559326222,1.2077954293314206
E2,Leyton Orient,12,45,46,2,2027-05-01 15:00:00,2027-05-08 12:30:00,0,1,2.519701205341188,0.0,0.0,2.3753615236325336,0.0,0.0,0.0,0.0,0.0,0,0.0,0.0,0.004767888868158002,13.0,0,0,Stockport (H) · Peterborough (A),,,,,,,upcoming,1.259850602670594,1.1876807618162668
E2,Luton,1,1,4,4,2026-08-15 12:30:00,2026-09-02 19:45:00,4,2,6.2240709425181375,6.224070942518138,6.667952732736696,0.0,7.0,6.890000000000001,5.08,6.66552463175829,6.48714455426003,4,10.0,10.0,-0.0169062947775982,13.25,0,0,Reading (A) · Notts County (H) · Mansfield (A) · Stockport (H),0.7759290574818616,0.44145368924015127,0.3344753682417103,0.3004870496793007,0.2207055575019774,0.7638056731505876,complete,1.5560177356295344,
E2,Luton,2,5,8,4,2026-09-05 15:00:00,2026-10-03 15:00:00,3,3,6.640546065599914,4.883655564848434,4.990357789700165,1.755903834440934,1.0,4.1899999999999995,2.3,5.440342075432797,0.0,0,2.0,4.0,-0.042450219852479924,15.0,0,1,Leyton Orient (H) · Stevenage (A) · Bradford (H) · Doncaster (H),-3.883655564848434,0.5566865105843632,-4.440342075432797,-1.738500676693916,0.3217134593196673,0.08212263095887251,in progress,1.6601365163999784,1.755903834440934
E2,Luton,3,9,12,4,2026-10-10 15:00:00,2026-10-24 12:30:00,0,2,5.655750838184292,0.0,0.0,5.739405191717494,0.0,0.0,0.0,0.0,0.0,0,0.0,0.0,0.13624382643324656,7.25,0,1,Wycombe (A) · MK Dons (A) · Barnsley (H) · Leicester (H),,,,,,,upcoming,1.413937709546073,1.4348512979293735
E2,Luton,4,13,16,4,2026-10-31 15:00:00,2026-11-21 15:00:00,0,1,6.118056918223685,0.0,0.0,6.141878961394985,0.0,0.0,0.0,0.0,0.0,0,0.0,0.0,-0.07479375221107312,16.5,0,1,Peterborough (A) · Huddersfield (A) · Cambridge (H) · Burton (A),,,,,,,upcoming,1.5295142295559212,1.5354697403487463
E2,Luton,5,17,20,4,2026-11-28 15:00:00,2026-12-19 12:30:00,0,2,5.98165166893138,0.0,0.0,6.0354549788364045,0.0,0.0,0.0,0.0,0.0,0,0.0,0.0,0.049424404483875806,9.25,0,0,Oxford (H) · Blackpool (A) · Wigan (H) · Sheffield Wed (A),,,,,,,upcoming,1.495412917232845,1.5088637447091011
E2,Luton,6,21,24,4,2026-12-26 15:00:00,2027-01-09 15:00:00,0,2,6.311758861796142,0.0,0.0,6.399053915052614,0.0,0.0,0.0,0.0,0.0,0,0.0,0.0,-0.04174122991926325,13.5,0,0,Bromley (H) · AFC Wimbledon (A) · Plymouth (A) · Sheffield Wed (H),,,,,,,upcoming,1.5779397154490356,1.5997634787631534
E2,Luton,7,25,28,4,2027-01-16 15:00:00,2027-01-30 15:00:00,0,2,5.799381942519833,0.0,0.0,5.87654725074965,0.0,0.0,0.0,0.0,0.0,0,0.0,0.0,0.10150876625648494,9.75,0,0,MK Dons (H) · Barnsley (A) · Leicester (A) · Peterborough (H),,,,,,,upcoming,1.4498454856299583,1.4691368126874125
E2,Luton,8,29,32,4,2027-02-06 15:00:00,2027-02-20 15:00:00,0,2,6.300199914652981,0.0,0.0,6.365416589979503,0.0,0.0,0.0,0.0,0.0,0,0.0,0.0,-0.03724297873937985,15.0,0,0,Mansfield (H) · Stockport (A) · Leyton Orient (A) · Stevenage (H),,,,,,,upcoming,1.5750499786632453,1.5913541474948758
E2,Luton,9,33,36,4,2027-02-27 15:00:00,2027-03-20 15:00:00,0,2,6.428107971170381,0.0,0.0,6.472659164378989,0.0,0.0,0.0,0.0,0.0,0,0.0,0.0,-0.07232652861609705,15.75,0,0,Oxford (A) · Reading (H) · Notts County (A) · Burton (H),,,,,,,upcoming,1.6070269927925953,1.6181647910947472
E2,Luton,10,37,40,4,2027-03-26 15:00:00,2027-04-10 15:00:00,0,2,6.583221775532527,0.0,0.0,6.688435923722494,0.0,0.0,0.0,0.0,0.0,0,0.0,0.0,-0.11440467573056833,16.5,0,0,Plymouth (H) · Wigan (A) · AFC Wimbledon (H) · Bromley (A),,,,,,,upcoming,1.6458054438831318,1.6721089809306235
E2,Luton,11,41,44,4,2027-04-13 19:45:00,2027-04-27 19:45:00,0,2,5.979202285289208,0.0,0.0,5.943185900652484,0.0,0.0,0.0,0.0,0.0,0,0.0,0.0,0.049186621160494895,9.0,0,0,Huddersfield (H) · Bradford (A) · Wycombe (H) · Doncaster (A),,,,,,,upcoming,1.494800571322302,1.485796475163121
E2,Luton,12,45,46,2,2027-05-01 15:00:00,2027-05-08 12:30:00,0,1,3.2106673393088294,0.0,0.0,3.2676774117903675,0.0,0.0,0.0,0.0,0.0,0,0.0,0.0,-0.0695311751436589,15.5,0,0,Cambridge (A) · Blackpool (H),,,,,,,upcoming,1.6053336696544147,1.6338387058951838
E2,MK Dons,1,1,4,4,2026-08-15 12:30:00,2026-09-02 19:45:00,4,2,5.330991805471995,5.330991805471995,6.575811731854988,0.0,3.0,7.58,7.16,5.601494265047583,5.304856171563575,4,4.0,6.0,0.13140988068891635,7.5,0,0,Oxford (A) · Huddersfield (H) · Leicester (H) · Wigan (A),-2.330991805471995,0.27050245957558783,-2.6014942650475827,-0.9090045591155635,0.13618237621115376,0.363347719257493,complete,1.3327479513679987,
E2,MK Dons,2,5,8,4,2026-09-05 15:00:00,2026-09-26 15:00:00,3,2,6.358154445148908,4.477295749577519,4.97006475743314,1.9442191614831046,3.0,3.84,3.63,4.179781384815177,1.6482787981997322,1,4.0,4.0,-0.14560719238991912,18.75,0,0,Wycombe (A) · Peterborough (H) · AFC Wimbledon (A) · Bromley (H),-1.477295749577519,-0.2975143647623417,-1.1797813848151772,-0.6626533907865084,-0.17228651671561662,0.5075525673106109,in progress,1.589538611287227,1.9442191614831046
E2,MK Dons,3,9,12,4,2026-10-03 15:00:00,2026-10-20 19:45:00,0,2,5.674299644114179,0.0,0.0,5.635896075485029,0.0,0.0,0.0,0.0,0.0,0,0.0,0.0,0.038705473077532325,9.5,0,0,Barnsley (A) · Reading (H) · Luton (H) · Blackpool (A),,,,,,,upcoming,1.4185749110285448,1.4089740188712572
E2,MK Dons,4,13,16,4,2026-10-24 15:00:00,2026-11-21 15:00:00,0,2,6.1872549742143015,0.0,0.0,6.2406563288267485,0.0,0.0,0.0,0.0,0.0,0,0.0,0.0,-0.09946599580894724,17.5,0,0,Stevenage (A) · Doncaster (H) · Burton (H) · Mansfield (A),,,,,,,upcoming,1.5468137435535754,1.5601640822066871
E2,MK Dons,5,17,20,4,2026-11-28 12:30:00,2026-12-19 15:00:00,0,2,5.888260378995401,0.0,0.0,5.867561664883697,0.0,0.0,0.0,0.0,0.0,0,0.0,0.0,-0.0178360762303004,13.5,0,0,Notts County (H) · Bradford (A) · Cambridge (H) · Stockport (A),,,,,,,upcoming,1.4720650947488503,1.4668904162209242
E2,MK Dons,6,21,24,4,2026-12-26 15:00:00,2027-01-09 15:00:00,0,2,5.7097428591940895,0.0,0.0,5.682170828733078,0.0,0.0,0.0,0.0,0.0,0,0.0,0.0,0.030040321051992898,11.0,0,0,Leyton Orient (H) · Plymouth (A) · Reading (A) · Stockport (H),,,,,,,upcoming,1.4274357147985224,1.4205427071832695
E2,MK Dons,7,25,28,4,2027-01-16 15:00:00,2027-01-30 15:00:00,0,2,5.751138744435258,0.0,0.0,5.749587489489216,0.0,0.0,0.0,0.0,0.0,0,0.0,0.0,0.019604014713213075,11.25,0,0,Luton (A) · Blackpool (H) · Stevenage (H) · Doncaster (A),,,,,,,upcoming,1.4377846861088146,1.437396872372304
E2,MK Dons,8,29,32,4,2027-02-06 15:00:00,2027-02-20 15:00:00,0,2,5.525608513015268,0.0,0.0,5.568939963152681,0.0,0.0,0.0,0.0,0.0,0,0.0,0.0,0.08525187755139485,10.75,0,0,Leicester (A) · Wigan (H) · Wycombe (H) · Peterborough (A),,,,,,,upcoming,1.381402128253817,1.3922349907881701
E2,MK Dons,9,33,36,4,2027-02-27 15:00:00,2027-03-20 15:00:00,0,2,5.935258645457479,0.0,0.0,5.951759013157998,0.0,0.0,0.0,0.0,0.0,0,0.0,0.0,-0.03048356055368995,13.25,0,0,Burton (A) · Oxford (H) · Huddersfield (A) · Mansfield (H),,,,,,,upcoming,1.4838146613643697,1.4879397532894996
E2,MK Dons,10,37,40,4,2027-03-26 15:00:00,2027-04-10 15:00:00,0,2,5.715850727025764,0.0,0.0,5.772921603096171,0.0,0.0,0.0,0.0,0.0,0,0.0,0.0,0.027075530743435973,12.0,0,0,Sheffield Wed (H) · Cambridge (A) · Plymouth (H) · Leyton Orient (A),,,,,,,upcoming,1.428962681756441,1.4432304007740429
E2,MK Dons,11,41,44,4,2027-04-13 19:45:00,2027-04-27 19:45:00,0,2,6.148295701581138,0.0,0.0,6.207749189304182,0.0,0.0,0.0,0.0,0.0,0,0.0,0.0,-0.08701914417183089,15.5,0,0,Bromley (A) · AFC Wimbledon (H) · Sheffield Wed (A) · Barnsley (H),,,,,,,upcoming,1.5370739253952845,1.5519372973260455
E2,MK Dons,12,45,46,2,2027-05-01 15:00:00,2027-05-08 12:30:00,0,1,2.922484620340831,0.0,0.0,2.9156022050383212,0.0,0.0,0.0,0.0,0.0,0,0.0,0.0,-0.007411929852872798,13.0,0,0,Notts County (A) · Bradford (H),,,,,,,upcoming,1.4612423101704155,1.4578011025191606
E2,Mansfield,1,1,4,4,2026-08-15 15:00:00,2026-09-02 20:00:00,4,2,5.142779286153235,5.142779286153235,6.482852325391508,0.0,6.0,5.11,7.35,4.258560263560049,5.301812900440369,4,8.0,10.0,0.0075373475238118305,12.25,0,0,Doncaster (H) · Peterborough (A) · Luton (H) · Reading (A),0.8572207138467647,-0.8842190225931867,1.7414397364399514,0.3366740104870646,-0.4483334723100581,0.7363626573558371,complete,1.2856948215383088,
E2,Mansfield,2,5,8,4,2026-09-05 15:00:00,2026-09-26 15:00:00,3,2,5.246661638028559,3.7002433057540016,4.806760007321747,1.5816620223069329,2.0,3.14,3.86,3.637038415136824,1.0930463988058217,1,2.0,3.0,-0.019884920168556475,13.5,0,0,Bradford (A) · Huddersfield (H) · Burton (A) · Leyton Orient (H),-1.7002433057540016,-0.0632048906171776,-1.637038415136824,-0.7755054496275444,-0.037217640736621,0.43804104652300047,in progress,1.3116654095071398,1.5816620223069329
E2,Mansfield,3,9,12,4,2026-10-03 15:00:00,2026-10-20 19:45:00,0,2,5.718725024574581,0.0,0.0,5.738146398557668,0.0,0.0,0.0,0.0,0.0,0,0.0,0.0,-0.14838796889369998,18.0,0,0,Wigan (A) · Bromley (H) · Oxford (H) · AFC Wimbledon (A),,,,,,,upcoming,1.4296812561436452,1.434536599639417
E2,Mansfield,4,13,16,4,2026-10-24 15:00:00,2026-11-21 15:00:00,0,2,5.207797372109491,0.0,0.0,5.13866847161838,0.0,0.0,0.0,0.0,0.0,0,0.0,0.0,-0.009674931136952,12.75,0,0,Blackpool (A) · Notts County (H) · Stevenage (A) · MK Dons (H),,,,,,,upcoming,1.3019493430273728,1.284667117904595
E2,Mansfield,5,17,20,4,2026-11-28 15:00:00,2026-12-19 15:00:00,0,2,4.551527256428513,0.0,0.0,4.477474834444139,0.0,0.0,0.0,0.0,0.0,0,0.0,0.0,0.1810791730465937,5.5,0,0,Leicester (A) · Stockport (H) · Wycombe (H) · Plymouth (A),,,,,,,upcoming,1.1378818141071283,1.1193687086110347
E2,Mansfield,6,21,24,4,2026-12-26 15:00:00,2027-01-09 15:00:00,0,2,5.034913578686993,0.0,0.0,4.961607188567674,0.0,0.0,0.0,0.0,0.0,0,0.0,0.0,0.040554986335423746,10.25,0,0,Barnsley (H) · Sheffield Wed (A) · Cambridge (A) · Plymouth (H),,,,,,,upcoming,1.2587283946717482,1.2404017971419186
E2,Mansfield,7,25,28,4,2027-01-16 15:00:00,2027-01-30 15:00:00,0,2,5.463718605164431,0.0,0.0,5.430146138020712,0.0,0.0,0.0,0.0,0.0,0,0.0,0.0,-0.0786984639849794,15.5,0,0,Oxford (A) · AFC Wimbledon (H) · Blackpool (H) · Notts County (A),,,,,,,upcoming,1.3659296512911077,1.357536534505178
E2,Mansfield,8,29,32,4,2027-02-06 15:00:00,2027-02-20 15:00:00,0,2,4.828038787537909,0.0,0.0,4.636496379601656,0.0,0.0,0.0,0.0,0.0,0,0.0,0.0,0.0983809359987017,6.75,0,0,Luton (A) · Reading (H) · Bradford (H) · Huddersfield (A),,,,,,,upcoming,1.2070096968844772,1.159124094900414
E2,Mansfield,9,33,36,4,2027-02-27 15:00:00,2027-03-20 15:00:00,0,2,5.2949578697672415,0.0,0.0,5.209869280400945,0.0,0.0,0.0,0.0,0.0,0,0.0,0.0,-0.03164067197571438,14.25,0,0,Stevenage (H) · Doncaster (A) · Peterborough (H) · MK Dons (A),,,,,,,upcoming,1.3237394674418104,1.3024673201002364
E2,Mansfield,10,37,40,4,2027-03-26 15:00:00,2027-04-10 15:00:00,0,2,5.106043651391535,0.0,0.0,5.037674953066952,0.0,0.0,0.0,0.0,0.0,0,0.0,0.0,0.018788488617589073,11.25,0,0,Cambridge (H) · Barnsley (A) · Sheffield Wed (H) · Wycombe (A),,,,,,,upcoming,1.2765109128478838,1.259418738266738
E2,Mansfield,11,41,44,4,2027-04-13 19:45:00,2027-04-27 19:45:00,0,2,5.755124088874071,0.0,0.0,5.83629146611226,0.0,0.0,0.0,0.0,0.0,0,0.0,0.0,-0.15845227271340456,20.0,0,0,Leyton Orient (A) · Burton (H) · Bromley (A) · Wigan (H),,,,,,,upcoming,1.4387810222185178,1.459072866528065
E2,Mansfield,12,45,46,2,2027-05-01 15:00:00,2027-05-08 12:30:00,0,1,2.0955030239028494,0.0,0.0,2.057550067534424,0.0,0.0,0.0,0.0,0.0,0,0.0,0.0,0.272440734166551,4.0,0,0,Leicester (H) · Stockport (A),,,,,,,upcoming,1.0477515119514247,1.028775033767212
E2,Notts County,1,1,4,4,2026-08-15 12:30:00,2026-09-01 19:45:00,4,2,4.785289780163304,4.785289780163304,6.173584579080009,0.0,6.0,6.49,4.6899999999999995,6.524120667177854,4.449072250012605,4,6.0,5.0,0.09768645655182268,10.25,0,0,Leicester (H) · Luton (A) · Burton (H) · Doncaster (A),1.2147102198366957,1.73883088701455,-0.5241206671778542,0.4888819288365202,0.9034685091264001,0.624925290251418,complete,1.196322445040826,
E2,Notts County,2,5,8,4,2026-09-05 15:00:00,2026-09-26 15:00:00,3,2,4.9321852908716455,3.5113693932134504,4.682450631370537,1.4402586396258883,1.0,2.1500000000000004,4.93,2.383519978583299,1.243173647480314,1,1.0,4.0,0.05418448567674155,8.5,0,0,Huddersfield (A) · Bradford (H) · Reading (A) · Blackpool (H),-2.5113693932134504,-1.1278494146301514,-1.383519978583299,-1.1605770906236508,-0.672881967286545,0.24581392646281097,in progress,1.2330463227179114,1.4402586396258883
E2,Notts County,3,9,12,4,2026-10-03 15:00:00,2026-10-20 19:45:00,0,2,4.953521110362886,0.0,0.0,4.974569956228125,0.0,0.0,0.0,0.0,0.0,0,0.0,0.0,0.04659716544496805,10.25,0,0,Peterborough (A) · Oxford (H) · Wycombe (A) · Sheffield Wed (H),,,,,,,upcoming,1.2383802775907216,1.2436424890570312
E2,Notts County,4,13,16,4,2026-10-24 15:00:00,2026-11-21 15:00:00,0,2,5.430177514133534,0.0,0.0,5.485694372727669,0.0,0.0,0.0,0.0,0.0,0,0.0,0.0,-0.08396515143843367,16.0,0,0,Stockport (H) · Mansfield (A) · Bromley (A) · Stevenage (H),,,,,,,upcoming,1.3575443785333834,1.3714235931819172
E2,Notts County,5,17,20,4,2026-11-28 12:30:00,2026-12-19 15:00:00,0,2,5.233179487222687,0.0,0.0,5.31404346201753,0.0,0.0,0.0,0.0,0.0,0,0.0,0.0,-0.02791419779169143,13.5,0,0,MK Dons (A) · AFC Wimbledon (H) · Plymouth (H) · Leyton Orient (A),,,,,,,upcoming,1.3082948718056717,1.3285108655043825
E2,Notts County,6,21,24,4,2026-12-26 15:00:00,2027-01-09 15:00:00,0,2,5.460802229299334,0.0,0.0,5.549807354380752,0.0,0.0,0.0,0.0,0.0,0,0.0,0.0,-0.09086582932043676,17.0,0,0,Cambridge (H) · Wigan (A) · Barnsley (A) · Leyton Orient (H),,,,,,,upcoming,1.3652005573248336,1.387451838595188
E2,Notts County,7,25,28,4,2027-01-16 15:00:00,2027-01-30 15:00:00,0,2,4.858396371200496,0.0,0.0,4.846638868723178,0.0,0.0,0.0,0.0,0.0,0,0.0,0.0,0.07811852844359768,8.5,0,0,Wycombe (H) · Sheffield Wed (A) · Stockport (A) · Mansfield (H),,,,,,,upcoming,1.214599092800124,1.2116597171807946
E2,Notts County,8,29,32,4,2027-02-06 15:00:00,2027-02-20 15:00:00,0,2,5.1601646507228125,0.0,0.0,5.144597021885989,0.0,0.0,0.0,0.0,0.0,0,0.0,0.0,-0.009447309856135948,12.25,0,0,Burton (A) · Doncaster (H) · Huddersfield (H) · Bradford (A),,,,,,,upcoming,1.2900411626807031,1.2861492554714973
E2,Notts County,9,33,36,4,2027-02-27 15:00:00,2027-03-20 15:00:00,0,2,4.917427117719785,0.0,0.0,5.01611809349898,0.0,0.0,0.0,0.0,0.0,0,0.0,0.0,0.06815437407678197,11.25,0,0,Bromley (H) · Leicester (A) · Luton (H) · Stevenage (A),,,,,,,upcoming,1.2293567794299463,1.254029523374745
E2,Notts County,10,37,40,4,2027-03-26 15:00:00,2027-04-10 15:00:00,0,2,5.248866612876707,0.0,0.0,5.286247464037451,0.0,0.0,0.0,0.0,0.0,0,0.0,0.0,-0.03210845947588133,13.25,0,0,Barnsley (H) · Plymouth (A) · Wigan (H) · Cambridge (A),,,,,,,upcoming,1.3122166532191768,1.3215618660093627
E2,Notts County,11,41,44,4,2027-04-13 19:45:00,2027-04-27 19:45:00,0,2,5.210007763192492,0.0,0.0,5.209065844135857,0.0,0.0,0.0,0.0,0.0,0,0.0,0.0,-0.0223226364291451,13.0,0,0,Blackpool (A) · Reading (H) · Oxford (A) · Peterborough (H),,,,,,,upcoming,1.302501940798123,1.3022664610339643
E2,Notts County,12,45,46,2,2027-05-01 15:00:00,2027-05-08 12:30:00,0,1,2.690587229244675,0.0,0.0,2.7164240882533135,0.0,0.0,0.0,0.0,0.0,0,0.0,0.0,-0.0715642632565778,14.5,0,0,MK Dons (H) · AFC Wimbledon (A),,,,,,,upcoming,1.3452936146223375,1.3582120441266567
E2,Oxford,1,1,4,4,2026-08-15 12:30:00,2026-09-05 15:00:00,4,1,4.579598036032146,4.579598036032146,6.104021893941635,0.0,7.0,5.29,8.08,4.3290708300066285,3.737333200000782,3,9.0,6.0,0.15238875089383924,7.0,0,0,MK Dons (H) · Stevenage (A) · Huddersfield (A) · Leicester (A),2.420401963967854,-0.2505272060255175,2.6709291699933715,0.9796692020694596,-0.1309095194053553,0.32724943326023603,complete,1.1448995090080365,
E2,Oxford,2,5,8,4,2026-09-12 15:00:00,2026-10-15 20:00:00,2,2,5.891221843225003,3.3553319485382223,3.339907043088417,2.513603211250968,4.0,2.38,1.74,3.203413031560104,1.778072929244144,1,4.0,1.0,-0.12586942067884554,19.25,0,2,Burton (H) · Cambridge (H) · Notts County (A) · Mansfield (A),0.6446680514617777,-0.1519189169781181,0.7965869684398958,0.35275157224336123,-0.10731712775953153,0.7242746924374677,in progress,1.4728054608062509,1.256801605625484
E2,Oxford,3,9,12,4,2026-10-20 19:45:00,2026-10-31 15:00:00,0,3,5.678305443529077,0.0,0.0,5.5713309061663745,0.0,0.0,0.0,0.0,0.0,0,0.0,0.0,0.01731638316411685,10.5,0,2,Wigan (H) · Bradford (H) · Stockport (H) · Barnsley (A),,,,,,,upcoming,1.4195763608822694,1.3928327265415936
E2,Oxford,4,13,16,4,2026-11-04 19:45:00,2026-11-28 15:00:00,0,2,5.3061126697910845,0.0,0.0,5.188479960016995,0.0,0.0,0.0,0.0,0.0,0,0.0,0.0,0.034090609338112046,10.75,0,2,Reading (H) · Peterborough (A) · Wycombe (H) · Luton (A),,,,,,,upcoming,1.3265281674477711,1.2971199900042487
E2,Oxford,5,17,20,4,2026-12-01 19:45:00,2026-12-19 15:00:00,0,2,5.4696832183590836,0.0,0.0,5.400581035367176,0.0,0.0,0.0,0.0,0.0,0,0.0,0.0,-0.012956724528231947,12.5,0,1,Sheffield Wed (H) · Blackpool (H) · Doncaster (A) · AFC Wimbledon (A),,,,,,,upcoming,1.3674208045897709,1.350145258841794
E2,Oxford,6,21,24,4,2026-12-26 15:00:00,2027-01-09 12:30:00,0,2,5.889613908228591,0.0,0.0,5.942098038242763,0.0,0.0,0.0,0.0,0.0,0,0.0,0.0,-0.12609650662204358,18.0,0,0,Plymouth (H) · Bromley (A) · Leyton Orient (A) · AFC Wimbledon (H),,,,,,,upcoming,1.4724034770571477,1.4855245095606908
E2,Oxford,7,25,28,4,2027-01-16 15:00:00,2027-01-30 15:00:00,0,2,5.524452848103204,0.0,0.0,5.476978713615468,0.0,0.0,0.0,0.0,0.0,0,0.0,0.0,-0.026167502190026302,12.75,0,0,Mansfield (H) · Wigan (A) · Bradford (A) · Barnsley (H),,,,,,,upcoming,1.381113212025801,1.369244678403867
E2,Oxford,8,29,32,4,2027-02-06 15:00:00,2027-02-20 15:00:00,0,2,5.073496420173532,0.0,0.0,4.9654650302185654,0.0,0.0,0.0,0.0,0.0,0,0.0,0.0,0.0953451689573828,9.75,0,0,Reading (A) · Huddersfield (H) · Leicester (H) · Burton (A),,,,,,,upcoming,1.268374105043383,1.2413662575546414
E2,Oxford,9,33,36,4,2027-02-27 15:00:00,2027-03-20 15:00:00,0,2,5.181121612786852,0.0,0.0,5.102002476191988,0.0,0.0,0.0,0.0,0.0,0,0.0,0.0,0.06723532043469925,8.75,0,0,Luton (H) · MK Dons (A) · Stevenage (H) · Wycombe (A),,,,,,,upcoming,1.295280403196713,1.275500619047997
E2,Oxford,10,37,40,4,2027-03-26 15:00:00,2027-04-10 15:00:00,0,2,5.652514354814324,0.0,0.0,5.702133542150855,0.0,0.0,0.0,0.0,0.0,0,0.0,0.0,-0.05936158264630193,14.75,0,0,Leyton Orient (H) · Blackpool (A) · Bromley (H) · Plymouth (A),,,,,,,upcoming,1.413128588703581,1.4255333855377137
E2,Oxford,11,41,44,4,2027-04-13 19:45:00,2027-04-27 19:45:00,0,2,5.61453596644431,0.0,0.0,5.509588774283157,0.0,0.0,0.0,0.0,0.0,0,0.0,0.0,-0.05030486612237177,15.25,0,0,Doncaster (H) · Cambridge (A) · Notts County (H) · Stockport (A),,,,,,,upcoming,1.4036339916110776,1.3773971935707892
E2,Oxford,12,45,46,2,2027-05-01 15:00:00,2027-05-08 12:30:00,0,1,2.592778938785497,0.0,0.0,2.5387990082860314,0.0,0.0,0.0,0.0,0.0,0,0.0,0.0,0.071443305289563,10.5,0,0,Peterborough (H) · Sheffield Wed (A),,,,,,,upcoming,1.2963894693927485,1.2693995041430157
E2,Peterborough,1,1,4,4,2026-08-15 15:00:00,2026-09-01 19:45:00,4,2,5.157319008063576,5.157319008063576,6.405474472071752,0.0,4.0,5.6899999999999995,6.8999999999999995,5.403728017438388,4.901148581808393,4,2.0,7.0,-0.014972054802853404,12.75,0,0,Bradford (A) · Mansfield (H) · Blackpool (A) · Stevenage (H),-1.1573190080635758,0.24640900937481192,-1.4037280174383877,-0.45727497405057466,0.12569132521473356,0.647473415218496,complete,1.289329752015894,
E2,Peterborough,2,5,8,4,2026-09-05 12:30:00,2026-09-26 15:00:00,4,2,4.755589994914334,4.755589994914334,6.2476800534325445,0.0,1.0,6.43,6.08,5.6552843421175805,1.1023598102420629,1,2.0,6.0,0.0954917196226611,7.5,0,0,Sheffield Wed (H) · MK Dons (A) · Doncaster (H) · Stockport (A),-3.7555899949143337,0.8996943472032468,-4.6552843421175805,-1.5025148841880307,0.46468641493633955,0.13296418690077472,complete,1.1888974987285834,
E2,Peterborough,3,9,12,4,2026-10-03 15:00:00,2026-10-20 19:45:00,0,2,4.864800213709977,0.0,0.0,4.873919051068222,0.0,0.0,0.0,0.0,0.0,0,0.0,0.0,0.0775779851031369,11.25,0,0,Notts County (H) · Leicester (A) · Burton (H) · Huddersfield (A),,,,,,,upcoming,1.2162000534274942,1.2184797627670556
E2,Peterborough,4,13,16,4,2026-10-24 15:00:00,2026-11-21 15:00:00,0,2,5.064220328877485,0.0,0.0,5.1441614919654,0.0,0.0,0.0,0.0,0.0,0,0.0,0.0,0.009608944357081976,10.75,0,0,Bromley (A) · Luton (H) · Oxford (H) · Plymouth (A),,,,,,,upcoming,1.2660550822193712,1.28604037299135
E2,Peterborough,5,17,20,4,2026-11-28 12:30:00,2026-12-19 15:00:00,0,2,5.429308812869856,0.0,0.0,5.516541609786639,0.0,0.0,0.0,0.0,0.0,0,0.0,0.0,-0.09086582932043676,17.0,0,0,Cambridge (H) · Leyton Orient (A) · Barnsley (H) · Wigan (A),,,,,,,upcoming,1.357327203217464,1.3791354024466598
E2,Peterborough,6,21,24,4,2026-12-26 15:00:00,2027-01-09 15:00:00,0,2,5.340807480670159,0.0,0.0,5.334565551801552,0.0,0.0,0.0,0.0,0.0,0,0.0,0.0,-0.06740474601807363,14.5,0,0,Wycombe (H) · Reading (A) · AFC Wimbledon (A) · Wigan (H),,,,,,,upcoming,1.3352018701675397,1.333641387950388
E2,Peterborough,7,25,28,4,2027-01-16 15:00:00,2027-01-30 15:00:00,0,2,5.2361017485221195,0.0,0.0,5.275018365155253,0.0,0.0,0.0,0.0,0.0,0,0.0,0.0,-0.03493495052602968,13.25,0,0,Burton (A) · Huddersfield (H) · Bromley (H) · Luton (A),,,,,,,upcoming,1.3090254371305299,1.3187545912888132
E2,Peterborough,8,29,32,4,2027-02-06 15:00:00,2027-02-20 15:00:00,0,2,4.849523544838328,0.0,0.0,4.857709774756709,0.0,0.0,0.0,0.0,0.0,0,0.0,0.0,0.07040327468879867,8.75,0,0,Blackpool (H) · Stevenage (A) · Sheffield Wed (A) · MK Dons (H),,,,,,,upcoming,1.212380886209582,1.2144274436891773
E2,Peterborough,9,33,36,4,2027-02-27 12:30:00,2027-03-20 15:00:00,0,2,5.114741719286818,0.0,0.0,5.162081392794143,0.0,0.0,0.0,0.0,0.0,0,0.0,0.0,-0.006839662616917777,12.5,0,0,Cambridge (A) · Bradford (H) · Mansfield (A) · Plymouth (H),,,,,,,upcoming,1.2786854298217045,1.2905203481985357
E2,Peterborough,10,37,40,4,2027-03-26 15:00:00,2027-04-10 15:00:00,0,2,5.34175714534643,0.0,0.0,5.328483327331327,0.0,0.0,0.0,0.0,0.0,0,0.0,0.0,-0.0656171213175611,14.25,0,0,AFC Wimbledon (H) · Wycombe (A) · Reading (H) · Barnsley (A),,,,,,,upcoming,1.3354392863366076,1.3321208318328317
E2,Peterborough,11,41,44,4,2027-04-13 19:45:00,2027-04-27 19:45:00,0,2,4.730577695573622,0.0,0.0,4.722659781443891,0.0,0.0,0.0,0.0,0.0,0,0.0,0.0,0.10004561226476773,10.25,0,0,Stockport (H) · Doncaster (A) · Leicester (H) · Notts County (A),,,,,,,upcoming,1.1826444238934055,1.1806649453609728
E2,Peterborough,12,45,46,2,2027-05-01 15:00:00,2027-05-08 12:30:00,0,1,2.645594623747783,0.0,0.0,2.724248030088697,0.0,0.0,0.0,0.0,0.0,0,0.0,0.0,-0.0522307186530684,15.5,0,0,Oxford (A) · Leyton Orient (H),,,,,,,upcoming,1.3227973118738916,1.3621240150443485
E2,Plymouth,1,1,4,4,2026-08-15 15:00:00,2026-09-01 19:45:00,4,2,5.334099078700749,5.33409907870075,6.399745661609802,0.0,4.0,4.92,6.09,4.893619348840895,5.341286408375555,4,4.0,6.0,0.1652282034065302,6.25,0,0,Stockport (H) · Wycombe (A) · Bradford (H) · Leicester (A),-1.33409907870075,-0.44047972985985506,-0.893619348840895,-0.5273594429630417,-0.22478583745502934,0.5979440021321138,complete,1.3335247696751873,
E2,Plymouth,2,5,8,4,2026-09-05 15:00:00,2026-09-26 15:00:00,4,2,6.182878138259321,6.182878138259321,6.598099063025022,0.0,9.0,6.9799999999999995,5.359999999999999,6.351453026632324,1.9302481311028317,1,10.0,5.0,-0.06912277277730533,15.0,0,0,Doncaster (A) · Barnsley (H) · Blackpool (A) · Burton (H),2.817121861740679,0.16857488837300316,2.648546973367676,1.0967211480696923,0.08472427081183026,0.2727633087990311,complete,1.5457195345648302,
E2,Plymouth,3,9,12,4,2026-10-03 15:00:00,2026-10-20 19:45:00,1,2,6.189302199347252,1.4152544157214484,1.673213999010171,4.721405964832779,3.0,2.15,0.93,2.1448590999343633,0.0,0,2.0,0.0,-0.071516451588244,16.0,0,0,Leyton Orient (A) · AFC Wimbledon (H) · Huddersfield (H) · Stevenage (A),1.5847455842785516,0.7296046842129149,0.8551409000656367,1.2251346008613515,0.7281758034441278,0.22052451028312747,in progress,1.547325549836813,1.5738019882775929
E2,Plymouth,4,13,16,4,2026-10-24 15:00:00,2026-11-21 15:00:00,0,2,5.96048040383928,0.0,0.0,5.930724703144191,0.0,0.0,0.0,0.0,0.0,0,0.0,0.0,-0.007381772419884771,13.5,0,0,Cambridge (A) · Reading (H) · Sheffield Wed (A) · Peterborough (H),,,,,,,upcoming,1.49012010095982,1.4826811757860479
E2,Plymouth,5,17,20,4,2026-11-28 15:00:00,2026-12-19 15:00:00,0,2,6.387382554354564,0.0,0.0,6.475069972179055,0.0,0.0,0.0,0.0,0.0,0,0.0,0.0,-0.12499845980853014,18.0,0,0,Wigan (A) · Bromley (H) · Notts County (A) · Mansfield (H),,,,,,,upcoming,1.596845638588641,1.6187674930447638
E2,Plymouth,6,21,24,4,2026-12-26 15:00:00,2027-01-09 15:00:00,0,2,5.7153766505378325,0.0,0.0,5.7591019962313235,0.0,0.0,0.0,0.0,0.0,0,0.0,0.0,0.056567566480813375,9.0,0,0,Oxford (A) · MK Dons (H) · Luton (H) · Mansfield (A),,,,,,,upcoming,1.4288441626344581,1.4397754990578309
E2,Plymouth,7,25,28,4,2027-01-16 15:00:00,2027-01-30 15:00:00,0,2,6.030557748794491,0.0,0.0,5.941505733195265,0.0,0.0,0.0,0.0,0.0,0,0.0,0.0,-0.027377608893323056,13.5,0,0,Huddersfield (A) · Stevenage (H) · Cambridge (H) · Reading (A),,,,,,,upcoming,1.5076394371986228,1.4853764332988162
E2,Plymouth,8,29,32,4,2027-02-06 15:00:00,2027-02-20 15:00:00,0,2,5.552602272659881,0.0,0.0,5.591277718827493,0.0,0.0,0.0,0.0,0.0,0,0.0,0.0,0.10113682869213991,9.25,0,0,Bradford (A) · Leicester (H) · Doncaster (H) · Barnsley (A),,,,,,,upcoming,1.3881505681649702,1.3978194297068733
E2,Plymouth,9,33,36,4,2027-02-27 15:00:00,2027-03-20 15:00:00,0,2,5.656564492119773,0.0,0.0,5.620459401625052,0.0,0.0,0.0,0.0,0.0,0,0.0,0.0,0.07284065725562212,9.25,0,0,Sheffield Wed (H) · Stockport (A) · Wycombe (H) · Peterborough (A),,,,,,,upcoming,1.4141411230299432,1.405114850406263
E2,Plymouth,10,37,40,4,2027-03-26 15:00:00,2027-04-10 15:00:00,0,2,5.734876871488618,0.0,0.0,5.752748168040864,0.0,0.0,0.0,0.0,0.0,0,0.0,0.0,0.053310954219908356,9.5,0,0,Luton (A) · Notts County (H) · MK Dons (A) · Oxford (H),,,,,,,upcoming,1.4337192178721545,1.438187042010216
E2,Plymouth,11,41,44,4,2027-04-13 19:45:00,2027-04-27 19:45:00,0,2,6.408281778505765,0.0,0.0,6.550412374049966,0.0,0.0,0.0,0.0,0.0,0,0.0,0.0,-0.1293926704333429,18.75,0,0,Burton (A) · Blackpool (H) · AFC Wimbledon (A) · Leyton Orient (H),,,,,,,upcoming,1.6020704446264413,1.6376030935124914
E2,Plymouth,12,45,46,2,2027-05-01 15:00:00,2027-05-08 12:30:00,0,1,3.283514896491482,0.0,0.0,3.3548568811038066,0.0,0.0,0.0,0.0,0.0,0,0.0,0.0,-0.17183955563107303,19.0,0,0,Wigan (H) · Bromley (A),,,,,,,upcoming,1.641757448245741,1.6774284405519033
E2,Reading,1,1,4,4,2026-08-15 12:30:00,2026-09-05 15:00:00,4,3,5.796353050404998,5.796353050404997,6.689084339943147,0.0,7.0,8.49,3.87,8.147933221602024,4.330422968017154,3,11.0,5.0,-0.025637385859425602,13.0,0,0,Luton (H) · AFC Wimbledon (A) · Mansfield (H) · Blackpool (H),1.2036469495950026,2.3515801711970266,-1.147933221602024,0.4653886459431931,1.1738181715028888,0.6416531635927749,complete,1.4490882626012496,
E2,Reading,2,5,8,4,2026-09-12 15:00:00,2026-10-03 15:00:00,4,2,5.502801616005364,5.502801616005363,6.5772212042154745,0.0,5.0,6.72,4.93,6.613076797855692,1.352728638783013,1,6.0,5.0,-0.03186277259565748,14.0,0,1,Cambridge (A) · Notts County (H) · Wycombe (A) · Bradford (H),-0.502801616005363,1.1102751818503291,-1.6130767978556921,-0.1960538795953696,0.558899579366832,0.8445679943883246,complete,1.375700404001341,
E2,Reading,3,9,12,4,2026-10-10 15:00:00,2026-10-24 15:00:00,0,2,5.482387441301578,0.0,0.0,5.720697640185797,0.0,0.0,0.0,0.0,0.0,0,0.0,0.0,-0.02514744940115455,13.25,0,1,MK Dons (A) · Wigan (A) · Leyton Orient (H) · Barnsley (H),,,,,,,upcoming,1.3705968603253944,1.4301744100464493
E2,Reading,4,13,16,4,2026-10-31 12:30:00,2026-11-21 12:30:00,0,1,5.12863809184838,0.0,0.0,5.343106046181872,0.0,0.0,0.0,0.0,0.0,0,0.0,0.0,-0.013952029696912727,11.75,0,1,Plymouth (A) · Oxford (A) · Stockport (A) · Bromley (H),,,,,,,upcoming,1.282159522962095,1.335776511545468
E2,Reading,5,17,20,4,2026-11-28 15:00:00,2026-12-19 15:00:00,0,2,5.002723980826469,0.0,0.0,5.228506542537765,0.0,0.0,0.0,0.0,0.0,0,0.0,0.0,0.10746319070853047,10.0,0,0,Sheffield Wed (A) · Doncaster (H) · Burton (A) · Leicester (H),,,,,,,upcoming,1.2506809952066174,1.3071266356344413
E2,Reading,6,21,24,4,2026-12-26 15:00:00,2027-01-09 15:00:00,0,2,5.071104910661419,0.0,0.0,5.2813763261727384,0.0,0.0,0.0,0.0,0.0,0,0.0,0.0,0.09401395231102072,10.75,0,0,Stevenage (A) · Peterborough (H) · MK Dons (H) · Leicester (A),,,,,,,upcoming,1.2677762276653548,1.3203440815431846
E2,Reading,7,25,28,4,2027-01-16 15:00:00,2027-01-30 15:00:00,0,2,5.4482928093667935,0.0,0.0,5.688341528472566,0.0,0.0,0.0,0.0,0.0,0,0.0,0.0,-0.017850215687897457,13.0,0,0,Wigan (H) · Leyton Orient (A) · Barnsley (A) · Plymouth (H),,,,,,,upcoming,1.3620732023416984,1.4220853821181414
E2,Reading,8,29,32,4,2027-02-06 15:00:00,2027-02-20 15:00:00,0,2,5.583282011615401,0.0,0.0,5.833232221922129,0.0,0.0,0.0,0.0,0.0,0,0.0,0.0,-0.053347263760428976,14.5,0,0,Oxford (H) · Mansfield (A) · Blackpool (A) · Cambridge (H),,,,,,,upcoming,1.3958205029038502,1.4583080554805323
E2,Reading,9,33,36,4,2027-02-27 15:00:00,2027-03-20 15:00:00,0,2,5.612798671425449,0.0,0.0,5.820439461662558,0.0,0.0,0.0,0.0,0.0,0,0.0,0.0,-0.05925776542844865,14.25,0,0,Stockport (H) · Luton (A) · AFC Wimbledon (H) · Bromley (A),,,,,,,upcoming,1.4031996678563623,1.4551098654156396
E2,Reading,10,37,40,4,2027-03-26 15:00:00,2027-04-10 15:00:00,0,2,5.593363287172559,0.0,0.0,5.741072735079554,0.0,0.0,0.0,0.0,0.0,0,0.0,0.0,-0.054550866776565704,15.5,0,0,Huddersfield (A) · Stevenage (H) · Peterborough (A) · Burton (H),,,,,,,upcoming,1.3983408217931397,1.4352681837698884
E2,Reading,11,41,44,4,2027-04-13 20:00:00,2027-04-27 19:45:00,0,2,5.225533109350555,0.0,0.0,5.339468648052167,0.0,0.0,0.0,0.0,0.0,0,0.0,0.0,0.043026081725104026,9.75,0,0,Wycombe (H) · Notts County (A) · Huddersfield (H) · Bradford (A),,,,,,,upcoming,1.3063832773376387,1.3348671620130417
E2,Reading,12,45,46,2,2027-05-01 15:00:00,2027-05-08 12:30:00,0,1,2.528350401920922,0.0,0.0,2.590860235854466,0.0,0.0,0.0,0.0,0.0,0,0.0,0.0,0.08780690201448581,8.5,0,0,Sheffield Wed (H) · Doncaster (A),,,,,,,upcoming,1.264175200960461,1.295430117927233
E2,Sheffield Wed,1,1,4,4,2026-08-15 15:00:00,2026-09-01 19:45:00,4,2,6.55400815642342,6.55400815642342,6.537510988750647,0.0,9.0,11.49,3.54,9.704477204761243,5.689525352321043,4,11.0,5.0,-0.06860377238375706,15.25,0,0,Leyton Orient (A) · Bradford (H) · Bromley (H) · Wycombe (A),2.4459918435765804,3.1504690483378237,-0.7044772047612433,0.9566405561692994,1.590718661904121,0.33874871116005356,complete,1.638502039105855,
E2,Sheffield Wed,2,5,8,4,2026-09-05 12:30:00,2026-10-10 15:00:00,3,2,6.219005965239173,4.933284046807327,4.9971165083872195,1.2337211753816208,5.0,3.13,5.45,2.642151781409555,1.921965068729369,1,2.0,1.0,0.02381694985037392,11.0,0,1,Peterborough (A) · Wigan (H) · Stockport (H) · Huddersfield (A),0.06671595319267265,-2.2911322653977724,2.357848218590445,0.02984488829409815,-1.3231674194154623,0.9761907590144137,in progress,1.5547514913097933,1.2337211753816208
E2,Sheffield Wed,3,9,12,4,2026-10-17 15:00:00,2026-10-27 19:45:00,0,2,6.810038638105633,0.0,0.0,6.9167811231580325,0.0,0.0,0.0,0.0,0.0,0,0.0,0.0,-0.13767526636607888,19.25,0,1,AFC Wimbledon (H) · Notts County (A) · Doncaster (A) · Cambridge (H),,,,,,,upcoming,1.7025096595264082,1.7291952807895081
E2,Sheffield Wed,4,13,16,4,2026-11-01 14:00:00,2026-11-24 19:45:00,0,2,6.28210623650182,0.0,0.0,6.3964225456497035,0.0,0.0,0.0,0.0,0.0,0,0.0,0.0,0.006824687291263218,11.25,0,1,Blackpool (H) · Plymouth (H) · Barnsley (A) · Stevenage (A),,,,,,,upcoming,1.570526559125455,1.5991056364124259
E2,Sheffield Wed,5,17,20,4,2026-11-28 15:00:00,2026-12-19 12:30:00,0,2,5.740393098148347,0.0,0.0,5.827695407677984,0.0,0.0,0.0,0.0,0.0,0,0.0,0.0,0.15571023654201155,6.75,0,0,Reading (H) · Oxford (A) · Leicester (A) · Luton (H),,,,,,,upcoming,1.4350982745370868,1.456923851919496
E2,Sheffield Wed,6,21,24,4,2026-12-26 15:00:00,2027-01-09 15:00:00,0,2,6.236769762951149,0.0,0.0,6.309440817214434,0.0,0.0,0.0,0.0,0.0,0,0.0,0.0,0.01932090531095882,11.25,0,0,Burton (A) · Mansfield (H) · Huddersfield (H) · Luton (A),,,,,,,upcoming,1.5591924407377873,1.5773602043036086
E2,Sheffield Wed,7,25,28,4,2027-01-16 15:00:00,2027-01-30 15:00:00,0,2,6.652053533709568,0.0,0.0,6.75849455227658,0.0,0.0,0.0,0.0,0.0,0,0.0,0.0,-0.09303493035398262,16.5,0,0,AFC Wimbledon (A) · Notts County (H) · Doncaster (H) · Blackpool (A),,,,,,,upcoming,1.663013383427392,1.689623638069145
E2,Sheffield Wed,8,29,32,4,2027-02-06 15:00:00,2027-02-20 15:00:00,0,2,6.6697273301688424,0.0,0.0,6.839595311409395,0.0,0.0,0.0,0.0,0.0,0,0.0,0.0,-0.09756252974681459,16.5,0,0,Bromley (A) · Wycombe (H) · Peterborough (H) · Wigan (A),,,,,,,upcoming,1.6674318325422106,1.7098988278523488
E2,Sheffield Wed,9,33,36,4,2027-02-27 15:00:00,2027-03-20 15:00:00,0,2,6.256097870040457,0.0,0.0,6.399558122359826,0.0,0.0,0.0,0.0,0.0,0,0.0,0.0,0.013364353625119197,11.5,0,0,Plymouth (A) · Leyton Orient (H) · Bradford (A) · Barnsley (H),,,,,,,upcoming,1.5640244675101143,1.5998895305899565
E2,Sheffield Wed,10,37,40,4,2027-03-26 15:00:00,2027-04-10 15:00:00,0,2,6.0367216981317044,0.0,0.0,6.221891497837884,0.0,0.0,0.0,0.0,0.0,0,0.0,0.0,0.07166412296256262,11.25,0,0,MK Dons (A) · Burton (H) · Mansfield (A) · Leicester (H),,,,,,,upcoming,1.5091804245329261,1.555472874459471
E2,Sheffield Wed,11,41,44,4,2027-04-13 19:45:00,2027-04-27 19:45:00,0,2,6.335298213276504,0.0,0.0,6.4078247019041505,0.0,0.0,0.0,0.0,0.0,0,0.0,0.0,-0.007574769534000075,12.75,0,0,Stevenage (H) · Stockport (A) · MK Dons (H) · Cambridge (A),,,,,,,upcoming,1.583824553319126,1.6019561754760376
E2,Sheffield Wed,12,45,46,2,2027-05-01 15:00:00,2027-05-08 12:30:00,0,1,3.16857510652292,0.0,0.0,3.190740458125641,0.0,0.0,0.0,0.0,0.0,0,0.0,0.0,-0.0081422091905173,11.5,0,0,Reading (A) · Oxford (H),,,,,,,upcoming,1.58428755326146,1.5953702290628204
E2,Stevenage,1,1,4,4,2026-08-15 15:00:00,2026-09-01 19:45:00,4,2,5.46260402135963,5.46260402135963,6.605288956977683,0.0,3.0,2.46,3.83,4.095550865541632,5.345263442190092,4,4.0,5.0,-0.0859544319620226,16.75,0,0,Burton (A) · Oxford (H) · Doncaster (H) · Peterborough (A),-2.4626040213596303,-1.367053155817998,-1.0955508655416324,-0.9581834685710017,-0.6866949696824648,0.3379702517605483,complete,1.3656510053399076,
E2,Stevenage,2,5,8,4,2026-09-05 15:00:00,2026-10-03 15:00:00,3,1,5.01166579587582,3.6573626334675806,4.811997132341891,1.3666112710309117,6.0,4.9399999999999995,3.65,5.049888463451327,0.0,0,7.0,3.0,-0.05007370562948488,14.75,0,1,Barnsley (A) · Luton (H) · Leyton Orient (A) · AFC Wimbledon (A),2.3426373665324194,1.3925258299837466,0.9501115365486728,1.067929015370441,0.8195301856926035,0.2855525329875084,in progress,1.252916448968955,1.3666112710309117
E2,Stevenage,3,9,12,4,2026-10-10 15:00:00,2026-10-24 15:00:00,0,3,5.2361291063680415,0.0,0.0,5.237952826864601,0.0,0.0,0.0,0.0,0.0,0,0.0,0.0,0.063036865055905,8.25,0,1,Wigan (H) · Bradford (A) · Plymouth (H) · MK Dons (H),,,,,,,upcoming,1.3090322765920104,1.3094882067161502
E2,Stevenage,4,13,16,4,2026-10-31 15:00:00,2026-11-24 19:45:00,0,2,4.709642230923594,0.0,0.0,4.735871814292437,0.0,0.0,0.0,0.0,0.0,0,0.0,0.0,0.13047939330098438,9.25,0,1,Leicester (A) · Mansfield (H) · Notts County (A) · Sheffield Wed (H),,,,,,,upcoming,1.1774105577308984,1.1839679535731094
E2,Stevenage,5,17,20,4,2026-11-28 15:00:00,2026-12-18 19:45:00,0,2,5.057863164263214,0.0,0.0,4.98420161708621,0.0,0.0,0.0,0.0,0.0,0,0.0,0.0,0.025993155445068042,10.5,0,0,Blackpool (H) · Huddersfield (A) · Stockport (H) · Cambridge (A),,,,,,,upcoming,1.2644657910658035,1.2460504042715526
E2,Stevenage,6,21,24,4,2026-12-26 15:00:00,2027-01-09 12:30:00,0,2,5.5339328614225956,0.0,0.0,5.5636934838648555,0.0,0.0,0.0,0.0,0.0,0,0.0,0.0,-0.10372416164495729,16.5,0,0,Reading (H) · Wycombe (A) · Bromley (A) · Cambridge (H),,,,,,,upcoming,1.3834832153556489,1.3909233709662139
E2,Stevenage,7,25,28,4,2027-01-16 15:00:00,2027-01-30 15:00:00,0,2,4.477433478243612,0.0,0.0,4.5107220241071,0.0,0.0,0.0,0.0,0.0,0,0.0,0.0,0.18743726876358535,5.0,0,0,Bradford (H) · Plymouth (A) · MK Dons (A) · Leicester (H),,,,,,,upcoming,1.119358369560903,1.127680506026775
E2,Stevenage,8,29,32,4,2027-02-06 15:00:00,2027-02-20 15:00:00,0,2,5.1657716354234715,0.0,0.0,5.146651433494718,0.0,0.0,0.0,0.0,0.0,0,0.0,0.0,-0.0010274516154759467,12.5,0,0,Doncaster (A) · Peterborough (H) · Barnsley (H) · Luton (A),,,,,,,upcoming,1.2914429088558679,1.2866628583736794
E2,Stevenage,9,33,36,4,2027-02-27 15:00:00,2027-03-20 15:00:00,0,2,5.472037169535771,0.0,0.0,5.536381250196802,0.0,0.0,0.0,0.0,0.0,0,0.0,0.0,-0.08683710020943791,16.75,0,0,Mansfield (A) · Burton (H) · Oxford (A) · Notts County (H),,,,,,,upcoming,1.3680092923839426,1.3840953125492006
E2,Stevenage,10,37,40,4,2027-03-26 15:00:00,2027-04-10 15:00:00,0,2,5.29927121648684,0.0,0.0,5.281082656578404,0.0,0.0,0.0,0.0,0.0,0,0.0,0.0,-0.03844834936489559,13.0,0,0,Bromley (H) · Reading (A) · Wycombe (H) · Stockport (A),,,,,,,upcoming,1.32481780412171,1.320270664144601
E2,Stevenage,11,41,44,4,2027-04-13 19:45:00,2027-04-27 19:45:00,0,2,5.323141997561283,0.0,0.0,5.361220561951009,0.0,0.0,0.0,0.0,0.0,0,0.0,0.0,-0.0420845961732896,14.75,0,0,Sheffield Wed (A) · Leyton Orient (H) · Wigan (A) · AFC Wimbledon (H),,,,,,,upcoming,1.3307854993903208,1.3403051404877522
E2,Stevenage,12,45,46,2,2027-05-01 15:00:00,2027-05-08 12:30:00,0,1,2.4273330928163244,0.0,0.0,2.3635410852634964,0.0,0.0,0.0,0.0,0.0,0,0.0,0.0,0.08024653349786409,7.0,0,0,Blackpool (A) · Huddersfield (H),,,,,,,upcoming,1.2136665464081622,1.1817705426317482
E2,Stockport,1,1,4,4,2026-08-15 15:00:00,2026-09-02 19:45:00,4,2,5.4528339360575675,5.4528339360575675,6.491900024853313,0.0,6.0,6.76,6.14,5.70040844337858,6.429774900932843,4,9.0,6.0,0.09893000472554517,6.75,0,0,Plymouth (A) · Blackpool (H) · Wycombe (H) · Luton (A),0.5471660639424325,0.24757450732101294,0.29959155662141956,0.21475003456992525,0.1254424093207341,0.8299622105748032,complete,1.3632084840143919,
E2,Stockport,2,5,8,4,2026-09-05 12:30:00,2026-09-26 15:00:00,4,2,5.328096280393135,5.328096280393136,6.438732005843778,0.0,7.0,8.05,3.86,8.14853404794262,1.7491345737775859,1,8.0,4.0,0.13261628212745444,9.0,0,0,Wigan (A) · Leicester (H) · Sheffield Wed (A) · Peterborough (H),1.6719037196068642,2.8204377675494845,-1.1485340479426203,0.6588872283262934,1.4349630616802171,0.5099681877899602,complete,1.3320240700982837,
E2,Stockport,3,9,12,4,2026-10-10 15:00:00,2026-10-24 15:00:00,0,2,6.256072311785691,0.0,0.0,6.465262306753808,0.0,0.0,0.0,0.0,0.0,0,0.0,0.0,-0.12030690793353177,17.5,0,1,Barnsley (H) · Bromley (H) · Doncaster (A) · Notts County (A),,,,,,,upcoming,1.5640180779464228,1.616315576688452
E2,Stockport,4,13,16,4,2026-10-27 19:45:00,2026-11-21 15:00:00,0,2,6.202792484391976,0.0,0.0,6.3699027654691545,0.0,0.0,0.0,0.0,0.0,0,0.0,0.0,-0.10557161614282976,16.75,0,1,Oxford (A) · AFC Wimbledon (H) · Reading (H) · Cambridge (A),,,,,,,upcoming,1.550698121097994,1.5924756913672886
E2,Stockport,5,17,20,4,2026-11-28 15:00:00,2026-12-19 15:00:00,0,2,5.9478648268409975,0.0,0.0,6.184520198010649,0.0,0.0,0.0,0.0,0.0,0,0.0,0.0,-0.03680041110015935,14.75,0,0,Leyton Orient (H) · Mansfield (A) · Stevenage (A) · MK Dons (H),,,,,,,upcoming,1.4869662067102494,1.5461300495026622
E2,Stockport,6,21,24,4,2026-12-26 15:00:00,2027-01-09 15:00:00,0,2,5.697049745744795,0.0,0.0,5.824776669147612,0.0,0.0,0.0,0.0,0.0,0,0.0,0.0,0.03157521596274185,10.0,0,0,Bradford (A) · Huddersfield (H) · Burton (H) · MK Dons (A),,,,,,,upcoming,1.4242624364361987,1.456194167286903
E2,Stockport,7,25,28,4,2027-01-16 15:00:00,2027-01-30 15:00:00,0,2,6.445139906972455,0.0,0.0,6.668985639598623,0.0,0.0,0.0,0.0,0.0,0,0.0,0.0,-0.17013919527714882,20.0,0,0,Bromley (A) · Doncaster (H) · Notts County (H) · AFC Wimbledon (A),,,,,,,upcoming,1.6112849767431137,1.6672464098996558
E2,Stockport,8,29,32,4,2027-02-06 15:00:00,2027-02-20 15:00:00,0,2,5.250979715236104,0.0,0.0,5.435928011408888,0.0,0.0,0.0,0.0,0.0,0,0.0,0.0,0.15757460814750823,6.75,0,0,Wycombe (A) · Luton (H) · Wigan (H) · Leicester (A),,,,,,,upcoming,1.312744928809026,1.358982002852222
E2,Stockport,9,33,36,4,2027-02-27 15:00:00,2027-03-20 15:00:00,0,2,5.829796304199222,0.0,0.0,5.975949561558831,0.0,0.0,0.0,0.0,0.0,0,0.0,0.0,-0.004853399003956427,12.0,0,0,Reading (A) · Plymouth (H) · Blackpool (A) · Cambridge (H),,,,,,,upcoming,1.4574490760498056,1.4939873903897078
E2,Stockport,10,37,40,4,2027-03-26 15:00:00,2027-04-10 15:00:00,0,2,5.8667477323920725,0.0,0.0,5.990903342526024,0.0,0.0,0.0,0.0,0.0,0,0.0,0.0,-0.013900278522032926,12.75,0,0,Burton (A) · Bradford (H) · Huddersfield (A) · Stevenage (H),,,,,,,upcoming,1.4666869330980181,1.497725835631506
E2,Stockport,11,41,44,4,2027-04-13 19:45:00,2027-04-27 19:45:00,0,2,5.724889844358518,0.0,0.0,5.889590760033659,0.0,0.0,0.0,0.0,0.0,0,0.0,0.0,0.023085748910235074,11.25,0,0,Peterborough (A) · Sheffield Wed (H) · Barnsley (A) · Oxford (H),,,,,,,upcoming,1.4312224610896296,1.4723976900084148
E2,Stockport,12,45,46,2,2027-05-01 15:00:00,2027-05-08 12:30:00,0,1,3.0669750202457875,0.0,0.0,3.222144870079617,0.0,0.0,0.0,0.0,0.0,0,0.0,0.0,-0.08671150574004655,18.0,0,0,Leyton Orient (A) · Mansfield (H),,,,,,,upcoming,1.5334875101228937,1.6110724350398085
E2,Wigan,1,1,4,4,2026-08-15 15:00:00,2026-09-02 19:45:00,4,2,5.601343827980791,5.60134382798079,6.649995114301406,0.0,3.0,8.83,6.98,6.82382788601133,5.698463162038461,4,5.0,7.0,-0.10092981142423073,17.5,0,0,Cambridge (A) · Leyton Orient (H) · AFC Wimbledon (A) · MK Dons (H),-2.6013438279807897,1.22248405803054,-3.8238278860113297,-1.0087582393307355,0.6120077419596581,0.31309059338266865,complete,1.4003359569951976,
E2,Wigan,2,5,8,4,2026-09-05 12:30:00,2026-10-03 15:00:00,3,3,5.275682529698845,3.741883244193134,4.750696420615438,1.55761592789445,1.0,2.57,4.17,3.038684971859068,0.8418793417746465,1,0.0,5.0,0.07811852844359768,8.5,0,1,Stockport (H) · Sheffield Wed (A) · Wycombe (H) · Mansfield (H),-2.741883244193134,-0.703198272334066,-2.038684971859068,-1.257970098128893,-0.4165081754330383,0.20840257051788136,in progress,1.3189206324247114,1.55761592789445
E2,Wigan,3,9,12,4,2026-10-10 15:00:00,2026-10-24 12:30:00,0,1,4.878757722869326,0.0,0.0,4.7889026335361216,0.0,0.0,0.0,0.0,0.0,0,0.0,0.0,0.01165471157608457,11.0,0,1,Stevenage (A) · Reading (H) · Oxford (A) · Huddersfield (A),,,,,,,upcoming,1.2196894307173316,1.1972256583840304
E2,Wigan,4,13,16,4,2026-10-27 19:45:00,2026-11-21 12:30:00,0,2,5.1605401181223876,0.0,0.0,5.2677857132527794,0.0,0.0,0.0,0.0,0.0,0,0.0,0.0,0.031452737700286046,12.0,0,1,Leicester (A) · Bromley (H) · Barnsley (H) · Blackpool (A),,,,,,,upcoming,1.2901350295305969,1.3169464283131949
E2,Wigan,5,17,20,4,2026-11-28 15:00:00,2026-12-19 15:00:00,0,2,5.196802214655098,0.0,0.0,5.239719885963471,0.0,0.0,0.0,0.0,0.0,0,0.0,0.0,0.012169793434761076,12.25,0,0,Plymouth (H) · Burton (A) · Luton (A) · Peterborough (H),,,,,,,upcoming,1.2992005536637745,1.3099299714908677
E2,Wigan,6,21,24,4,2026-12-26 15:00:00,2027-01-09 15:00:00,0,2,5.3852570879996,0.0,0.0,5.375677488141621,0.0,0.0,0.0,0.0,0.0,0,0.0,0.0,-0.0419019786720147,15.0,0,0,Doncaster (A) · Notts County (H) · Bradford (H) · Peterborough (A),,,,,,,upcoming,1.3463142719999,1.3439193720354052
E2,Wigan,7,25,28,4,2027-01-16 15:00:00,2027-01-30 15:00:00,0,2,5.38166115400331,0.0,0.0,5.35496757791945,0.0,0.0,0.0,0.0,0.0,0,0.0,0.0,-0.041052102769492796,12.75,0,0,Reading (A) · Oxford (H) · Huddersfield (H) · Bromley (A),,,,,,,upcoming,1.3454152885008275,1.3387418944798626
E2,Wigan,8,29,32,4,2027-02-06 15:00:00,2027-02-20 15:00:00,0,2,5.06483588061403,0.0,0.0,5.027189326988,0.0,0.0,0.0,0.0,0.0,0,0.0,0.0,0.048701277558611304,9.5,0,0,AFC Wimbledon (H) · MK Dons (A) · Stockport (A) · Sheffield Wed (H),,,,,,,upcoming,1.2662089701535075,1.256797331747
E2,Wigan,9,33,36,4,2027-02-27 15:00:00,2027-03-20 15:00:00,0,2,5.498370193151452,0.0,0.0,5.5963731911987376,0.0,0.0,0.0,0.0,0.0,0,0.0,0.0,-0.07217556798779963,16.0,0,0,Barnsley (A) · Cambridge (H) · Leyton Orient (A) · Blackpool (H),,,,,,,upcoming,1.374592548287863,1.3990932977996844
E2,Wigan,10,37,40,4,2027-03-26 15:00:00,2027-04-10 15:00:00,0,2,5.122225586887731,0.0,0.0,5.108014017305816,0.0,0.0,0.0,0.0,0.0,0,0.0,0.0,0.030420751924098703,11.0,0,0,Bradford (A) · Luton (H) · Notts County (A) · Doncaster (H),,,,,,,upcoming,1.2805563967219327,1.277003504326454
E2,Wigan,11,41,44,4,2027-04-13 19:45:00,2027-04-27 19:45:00,0,2,4.927503573731404,0.0,0.0,4.986846789484887,0.0,0.0,0.0,0.0,0.0,0,0.0,0.0,0.08482255949441869,10.75,0,0,Leicester (H) · Wycombe (A) · Stevenage (H) · Mansfield (A),,,,,,,upcoming,1.231875893432851,1.2467116973712218
E2,Wigan,12,45,46,2,2027-05-01 15:00:00,2027-05-08 12:30:00,0,1,2.6759108233406605,0.0,0.0,2.7195944183100433,0.0,0.0,0.0,0.0,0.0,0,0.0,0.0,-0.02755025010662525,13.5,0,0,Plymouth (A) · Burton (H),,,,,,,upcoming,1.3379554116703303,1.3597972091550217
E2,Wycombe,1,1,4,4,2026-08-15 15:00:00,2026-09-01 19:45:00,4,2,5.151276477811725,5.151276477811725,6.50530695361468,0.0,2.0,5.739999999999999,7.59,4.618431375502816,5.258617313833256,4,4.0,9.0,0.12273343524761005,6.0,0,0,Blackpool (A) · Plymouth (H) · Stockport (A) · Sheffield Wed (H),-3.1512764778117246,-0.5328451023089089,-2.6184313755028157,-1.235528053909274,-0.2697065267564863,0.21663404225820648,complete,1.2878191194529311,
E2,Wycombe,2,5,8,4,2026-09-05 15:00:00,2026-09-26 15:00:00,4,2,5.664360221279125,5.664360221279125,6.654764686186472,0.0,8.0,6.63,5.17,6.410315374178729,1.3348449367480704,1,9.0,7.0,-0.016582650261866776,13.0,0,0,MK Dons (H) · Leyton Orient (A) · Wigan (A) · Reading (H),2.335639778720875,0.7459551528996036,1.5896846258212713,0.9053979597784544,0.37331096079643067,0.3652545962194087,complete,1.4160900553197813,
E2,Wycombe,3,9,12,4,2026-10-03 15:00:00,2026-10-20 19:45:00,0,2,5.914279751632032,0.0,0.0,5.967098176064525,0.0,0.0,0.0,0.0,0.0,0,0.0,0.0,-0.08390367507985141,16.5,0,0,Bromley (A) · Luton (H) · Notts County (H) · Cambridge (A),,,,,,,upcoming,1.478569937908008,1.4917745440161312
E2,Wycombe,4,13,16,4,2026-10-24 15:00:00,2026-11-21 15:00:00,0,2,5.879900240196665,0.0,0.0,5.869374040629568,0.0,0.0,0.0,0.0,0.0,0,0.0,0.0,-0.0743700754432539,15.0,0,0,AFC Wimbledon (A) · Burton (H) · Huddersfield (H) · Oxford (A),,,,,,,upcoming,1.4699750600491663,1.467343510157392
E2,Wycombe,5,17,20,4,2026-11-28 15:00:00,2026-12-19 15:00:00,0,2,5.705324285248508,0.0,0.0,5.700379559855655,0.0,0.0,0.0,0.0,0.0,0,0.0,0.0,-0.027421722769081027,13.0,0,0,Bradford (H) · Barnsley (A) · Mansfield (A) · Doncaster (H),,,,,,,upcoming,1.426331071312127,1.4250948899639138
E2,Wycombe,6,21,24,4,2026-12-26 15:00:00,2027-01-09 15:00:00,0,2,5.4100274276132305,0.0,0.0,5.415515059763675,0.0,0.0,0.0,0.0,0.0,0,0.0,0.0,0.052991426492142925,13.0,0,0,Peterborough (A) · Stevenage (H) · Leicester (H) · Doncaster (A),,,,,,,upcoming,1.3525068569033076,1.3538787649409187
E2,Wycombe,7,25,28,4,2027-01-16 15:00:00,2027-01-30 15:00:00,0,2,6.23352720520143,0.0,0.0,6.292751199308461,0.0,0.0,0.0,0.0,0.0,0,0.0,0.0,-0.1697559355684095,21.0,0,0,Notts County (A) · Cambridge (H) · AFC Wimbledon (H) · Burton (A),,,,,,,upcoming,1.5583818013003574,1.5731877998271153
E2,Wycombe,8,29,32,4,2027-02-06 15:00:00,2027-02-20 15:00:00,0,2,5.301834964918649,0.0,0.0,5.283919483161833,0.0,0.0,0.0,0.0,0.0,0,0.0,0.0,0.08505410931024057,8.75,0,0,Stockport (H) · Sheffield Wed (A) · MK Dons (A) · Leyton Orient (H),,,,,,,upcoming,1.3254587412296623,1.3209798707904583
E2,Wycombe,9,33,36,4,2027-02-27 15:00:00,2027-03-20 15:00:00,0,2,5.343393468858948,0.0,0.0,5.2942681550963595,0.0,0.0,0.0,0.0,0.0,0,0.0,0.0,0.07276527726695327,7.5,0,0,Huddersfield (A) · Blackpool (H) · Plymouth (A) · Oxford (H),,,,,,,upcoming,1.335848367214737,1.3235670387740899
E2,Wycombe,10,37,40,4,2027-03-26 15:00:00,2027-04-10 15:00:00,0,2,5.448696701855092,0.0,0.0,5.486280322069381,0.0,0.0,0.0,0.0,0.0,0,0.0,0.0,0.05008749931765707,13.25,0,0,Leicester (A) · Peterborough (H) · Stevenage (A) · Mansfield (H),,,,,,,upcoming,1.362174175463773,1.3715700805173452
E2,Wycombe,11,41,44,4,2027-04-13 20:00:00,2027-04-27 19:45:00,0,2,5.760924371441435,0.0,0.0,5.758862684872749,0.0,0.0,0.0,0.0,0.0,0,0.0,0.0,-0.040186416546146395,13.25,0,0,Reading (A) · Wigan (H) · Luton (A) · Bromley (H),,,,,,,upcoming,1.4402310928603588,1.4397156712181873
E2,Wycombe,12,45,46,2,2027-05-01 15:00:00,2027-05-08 12:30:00,0,1,2.78420959728595,0.0,0.0,2.7815437494997513,0.0,0.0,0.0,0.0,0.0,0,0.0,0.0,0.010992839577043449,10.5,0,0,Bradford (A) · Barnsley (H),,,,,,,upcoming,1.392104798642975,1.3907718747498756
E3,Accrington,1,1,4,4,2026-08-15 15:00:00,2026-09-01 19:45:00,4,2,4.648259110086661,4.648259110086661,6.230742615369307,0.0,2.0,6.87,7.92,5.022640667335446,4.462041018813104,4,6.0,9.0,0.016138362791095272,11.25,0,0,Colchester (H) · Exeter (A) · Walsall (A) · Grimsby (H),-2.648259110086661,0.3743815572487845,-3.0226406673354456,-1.0609393784197882,0.19362833701115426,0.28871745196227305,complete,1.1620647775216653,
E3,Accrington,2,5,8,4,2026-09-05 15:00:00,2026-09-26 15:00:00,4,2,4.949582930695206,4.949582930695206,6.171279711560378,0.0,5.0,4.73,5.09,5.099346774183062,2.3872299048958334,2,5.0,5.0,-0.060891835033677254,14.5,0,0,Crawley (H) · Barnet (A) · Newport (H) · Swindon (A),0.05041706930479428,0.14976384348785654,-0.09934677418306226,0.02029504326056275,0.07782940966799358,0.9838080098790458,complete,1.2373957326738014,
E3,Accrington,3,9,12,4,2026-10-03 15:00:00,2026-10-20 19:45:00,1,2,4.730696306284553,1.4978096226585924,1.6778069977712553,3.248364734082815,3.0,2.08,0.46,2.434252054997225,0.0,0,2.0,0.0,-0.0023156029744642766,12.25,0,0,Cheltenham (H) · Oldham (A) · Gillingham (H) · York (A),1.5021903773414076,0.9364424323386324,0.5657479450027751,1.1597222113048744,0.9333283513965525,0.24616192398615366,in progress,1.1826740765711383,1.0827882446942716
E3,Accrington,4,13,16,4,2026-10-24 15:00:00,2026-11-21 15:00:00,0,2,4.370602238428209,0.0,0.0,4.524219112796599,0.0,0.0,0.0,0.0,0.0,0,0.0,0.0,0.09688450916636093,9.0,0,0,Rochdale (A) · Northampton (H) · Port Vale (A) · Salford (H),,,,,,,upcoming,1.0926505596070522,1.1310547781991498
E3,Accrington,5,17,20,4,2026-11-28 15:00:00,2026-12-19 15:00:00,0,2,4.552472704498852,0.0,0.0,4.550428895332615,0.0,0.0,0.0,0.0,0.0,0,0.0,0.0,0.04620636413205348,10.25,0,0,Fleetwood (A) · Crewe (H) · Bristol Rovers (A) · Chesterfield (H),,,,,,,upcoming,1.138118176124713,1.1376072238331538
E3,Accrington,6,21,24,4,2026-12-26 15:00:00,2027-01-09 12:30:00,0,2,4.77218445396692,0.0,0.0,4.757666408925941,0.0,0.0,0.0,0.0,0.0,0,0.0,0.0,-0.015889280922356648,13.5,0,0,Tranmere (A) · Rotherham (H) · Shrewsbury (H) · Chesterfield (A),,,,,,,upcoming,1.19304611349173,1.1894166022314852
E3,Accrington,7,25,28,4,2027-01-16 15:00:00,2027-01-30 15:00:00,0,2,4.656546886744048,0.0,0.0,4.772407170307645,0.0,0.0,0.0,0.0,0.0,0,0.0,0.0,0.014949736202632725,12.25,0,0,Gillingham (A) · York (H) · Rochdale (H) · Northampton (A),,,,,,,upcoming,1.164136721686012,1.1931017925769112
E3,Accrington,8,29,32,4,2027-02-06 15:00:00,2027-02-20 15:00:00,0,2,4.565640780179591,0.0,0.0,4.594001615598311,0.0,0.0,0.0,0.0,0.0,0,0.0,0.0,0.04084756066501137,9.75,0,0,Walsall (H) · Grimsby (A) · Crawley (A) · Barnet (H),,,,,,,upcoming,1.1414101950448978,1.1485004038995779
E3,Accrington,9,33,36,4,2027-02-27 15:00:00,2027-03-20 15:00:00,0,2,4.420084093607248,0.0,0.0,4.496333797013763,0.0,0.0,0.0,0.0,0.0,0,0.0,0.0,0.08900299115508607,9.0,0,0,Port Vale (H) · Colchester (A) · Exeter (H) · Salford (A),,,,,,,upcoming,1.105021023401812,1.1240834492534408
E3,Accrington,10,37,40,4,2027-03-26 15:00:00,2027-04-10 15:00:00,0,2,4.7093835829325545,0.0,0.0,4.733455515061236,0.0,0.0,0.0,0.0,0.0,0,0.0,0.0,7.114481129549821e-05,12.5,0,0,Shrewsbury (A) · Tranmere (H) · Rotherham (A) · Bristol Rovers (H),,,,,,,upcoming,1.1773458957331386,1.183363878765309
E3,Accrington,11,41,44,4,2027-04-13 19:45:00,2027-04-27 19:45:00,0,2,5.04000629088338,0.0,0.0,5.1451021732174365,0.0,0.0,0.0,0.0,0.0,0,0.0,0.0,-0.0949848540734155,16.0,0,0,Oldham (H) · Newport (A) · Swindon (H) · Cheltenham (A),,,,,,,upcoming,1.260001572720845,1.2862755433043591
E3,Accrington,12,45,46,2,2027-05-01 15:00:00,2027-05-08 15:00:00,0,1,2.4630458485278366,0.0,0.0,2.5135927371806868,0.0,0.0,0.0,0.0,0.0,0,0.0,0.0,-0.05956317528390155,16.5,0,0,Fleetwood (H) · Crewe (A),,,,,,,upcoming,1.2315229242639183,1.2567963685903434
E3,Barnet,1,1,4,4,2026-08-15 15:00:00,2026-09-01 19:45:00,4,2,6.064858546736595,6.064858546736595,6.612953679490866,0.0,8.0,5.6899999999999995,4.97,5.8149364352223305,6.792941899548929,4,9.0,5.0,-0.021343909536228327,15.0,0,0,Salford (H) · Shrewsbury (A) · Cheltenham (H) · Exeter (A),1.9351414532634053,-0.24992211151426424,2.1850635647776695,0.7525146788053756,-0.12546752060992392,0.4517416058205994,complete,1.5162146366841487,
E3,Barnet,2,5,8,4,2026-09-05 15:00:00,2026-09-26 12:30:00,3,2,6.28751849051897,4.816697877265249,4.860743438011546,1.5099701486856103,7.0,6.74,4.13,5.771878717850129,3.1602195695334947,2,8.0,5.0,-0.0812872315097582,17.0,0,0,Chesterfield (A) · Accrington (H) · Fleetwood (H) · Crawley (A),2.1833021227347507,0.9551808405848794,1.2281212821498713,0.990290214797185,0.5593177837740896,0.3220322880073059,in progress,1.5718796226297425,1.5099701486856103
E3,Barnet,3,9,12,4,2026-10-10 15:00:00,2026-10-24 15:00:00,0,2,5.838573012258696,0.0,0.0,5.949122937881212,0.0,0.0,0.0,0.0,0.0,0,0.0,0.0,0.041607131393397424,9.75,0,1,Bristol Rovers (A) · Tranmere (A) · Swindon (H) · Oldham (H),,,,,,,upcoming,1.459643253064674,1.487280734470303
E3,Barnet,4,13,16,4,2026-10-27 19:45:00,2026-11-21 15:00:00,0,2,5.776668497511807,0.0,0.0,5.78020686379316,0.0,0.0,0.0,0.0,0.0,0,0.0,0.0,0.057449666034964805,9.5,0,1,York (H) · Crewe (A) · Walsall (A) · Port Vale (H),,,,,,,upcoming,1.4441671243779517,1.44505171594829
E3,Barnet,5,17,20,4,2026-11-28 15:00:00,2026-12-19 15:00:00,0,2,5.879837589768319,0.0,0.0,5.9536090276717815,0.0,0.0,0.0,0.0,0.0,0,0.0,0.0,0.030005936417998723,10.75,0,0,Rochdale (A) · Rotherham (H) · Northampton (H) · Grimsby (A),,,,,,,upcoming,1.4699593974420797,1.4884022569179454
E3,Barnet,6,21,24,4,2026-12-26 15:00:00,2027-01-09 12:30:00,0,2,6.109156337865118,0.0,0.0,6.164299570195968,0.0,0.0,0.0,0.0,0.0,0,0.0,0.0,-0.032624331864514404,13.25,0,0,Colchester (H) · Gillingham (A) · Newport (A) · Grimsby (H),,,,,,,upcoming,1.5272890844662794,1.541074892548992
E3,Barnet,7,25,28,4,2027-01-16 15:00:00,2027-01-30 15:00:00,0,2,6.018679431379651,0.0,0.0,6.148237786380555,0.0,0.0,0.0,0.0,0.0,0,0.0,0.0,-0.007993071548164426,13.0,0,0,Tranmere (H) · Swindon (A) · Oldham (A) · Crewe (H),,,,,,,upcoming,1.5046698578449127,1.5370594465951388
E3,Barnet,8,29,32,4,2027-02-06 15:00:00,2027-02-20 15:00:00,0,2,6.319737471704757,0.0,0.0,6.300958318659972,0.0,0.0,0.0,0.0,0.0,0,0.0,0.0,-0.08998325488972385,17.0,0,0,Cheltenham (A) · Exeter (H) · Chesterfield (H) · Accrington (A),,,,,,,upcoming,1.5799343679261892,1.575239579664993
E3,Barnet,9,33,36,4,2027-02-27 15:00:00,2027-03-20 15:00:00,0,2,5.683411371204614,0.0,0.0,5.727116639736114,0.0,0.0,0.0,0.0,0.0,0,0.0,0.0,0.08579961908924061,9.25,0,0,Walsall (H) · Salford (A) · Shrewsbury (H) · Port Vale (A),,,,,,,upcoming,1.4208528428011535,1.4317791599340286
E3,Barnet,10,37,40,4,2027-03-26 15:00:00,2027-04-10 15:00:00,0,2,6.225514630084421,0.0,0.0,6.320815746716841,0.0,0.0,0.0,0.0,0.0,0,0.0,0.0,-0.06542046658664483,15.75,0,0,Newport (H) · Colchester (A) · Gillingham (H) · Northampton (A),,,,,,,upcoming,1.5563786575211052,1.5802039366792102
E3,Barnet,11,41,44,4,2027-04-13 19:45:00,2027-04-27 19:45:00,0,2,5.956675200949718,0.0,0.0,6.004739724028741,0.0,0.0,0.0,0.0,0.0,0,0.0,0.0,0.008602363731023376,12.0,0,0,Bristol Rovers (H) · Fleetwood (A) · Crawley (H) · York (A),,,,,,,upcoming,1.4891688002374295,1.5011849310071852
E3,Barnet,12,45,46,2,2027-05-01 15:00:00,2027-05-08 15:00:00,0,1,2.9998455471302656,0.0,0.0,3.048182874509149,0.0,0.0,0.0,0.0,0.0,0,0.0,0.0,-0.0027690721285654994,12.5,0,0,Rochdale (H) · Rotherham (A),,,,,,,upcoming,1.4999227735651328,1.5240914372545744
E3,Bristol Rovers,1,1,4,4,2026-08-15 15:00:00,2026-09-01 19:45:00,4,2,6.394220775041452,6.394220775041452,6.524361676853072,0.0,9.0,10.96,4.6,8.867038864808013,6.720640758495201,4,11.0,6.0,-0.08064151200282385,16.25,0,0,York (A) · Newport (H) · Crawley (A) · Colchester (H),2.605779224958548,2.4728180897665606,0.13296113519198727,1.0201607333313067,1.2498201720820745,0.3076522369771211,complete,1.598555193760363,
E3,Bristol Rovers,2,5,8,4,2026-09-05 15:00:00,2026-09-26 15:00:00,4,2,6.0106446368268065,6.010644636826806,6.577026937798745,0.0,6.0,3.64,4.49,4.6823352649763565,3.2386470150619964,2,2.0,5.0,0.02496718453474425,10.5,0,0,Rotherham (H) · Grimsby (A) · Gillingham (A) · Exeter (H),-0.010644636826805609,-1.328309371850449,1.3176647350236435,-0.00415064928384062,-0.6686653230699022,0.996688270528137,complete,1.5026611592067016,
E3,Bristol Rovers,3,9,12,4,2026-10-03 15:00:00,2026-10-20 19:45:00,1,2,5.794275283276153,1.3834145205231483,1.6599352272445635,4.473585143769057,0.0,1.0,1.51,0.9983909334641221,0.0,0,1.0,3.0,0.0831943827134483,9.75,0,0,Crewe (A) · Barnet (H) · Shrewsbury (A) · Salford (H),-1.3834145205231483,-0.3850235870590262,-0.9983909334641221,-1.0737588564696834,-0.38580347914983126,0.2829307746028378,in progress,1.4485688208190381,1.491195047923019
E3,Bristol Rovers,4,13,16,4,2026-10-24 12:30:00,2026-11-21 15:00:00,0,2,6.232889138311622,0.0,0.0,6.375724476446553,0.0,0.0,0.0,0.0,0.0,0,0.0,0.0,-0.03556648471056813,14.0,0,0,Swindon (H) · Fleetwood (A) · Chesterfield (H) · Cheltenham (A),,,,,,,upcoming,1.5582222845779055,1.5939311191116383
E3,Bristol Rovers,5,17,20,4,2026-11-28 12:30:00,2026-12-19 15:00:00,0,2,6.373147169956972,0.0,0.0,6.529397382762827,0.0,0.0,0.0,0.0,0.0,0,0.0,0.0,-0.07449019302310887,16.5,0,0,Tranmere (H) · Oldham (A) · Accrington (H) · Rochdale (A),,,,,,,upcoming,1.593286792489243,1.6323493456907068
E3,Bristol Rovers,6,21,24,4,2026-12-26 15:00:00,2027-01-09 15:00:00,0,2,6.015579971197555,0.0,0.0,6.177530464554609,0.0,0.0,0.0,0.0,0.0,0,0.0,0.0,0.023696960721227525,11.5,0,0,Walsall (H) · Port Vale (A) · Northampton (A) · Rochdale (H),,,,,,,upcoming,1.5038949927993888,1.5443826161386522
E3,Bristol Rovers,7,25,28,4,2027-01-16 15:00:00,2027-01-30 15:00:00,0,2,5.9993483086101715,0.0,0.0,6.175579120939805,0.0,0.0,0.0,0.0,0.0,0,0.0,0.0,0.02951768929120903,12.25,0,0,Shrewsbury (H) · Salford (A) · Swindon (A) · Fleetwood (H),,,,,,,upcoming,1.4998370771525429,1.5438947802349512
E3,Bristol Rovers,8,29,32,4,2027-02-06 15:00:00,2027-02-20 15:00:00,0,2,6.06222147067966,0.0,0.0,6.163964234249222,0.0,0.0,0.0,0.0,0.0,0,0.0,0.0,0.010412432453789523,11.75,0,0,Crawley (H) · Colchester (A) · Rotherham (A) · Grimsby (H),,,,,,,upcoming,1.515555367669915,1.5409910585623054
E3,Bristol Rovers,9,33,36,4,2027-02-27 15:00:00,2027-03-20 15:00:00,0,2,6.337126190551901,0.0,0.0,6.339264760780241,0.0,0.0,0.0,0.0,0.0,0,0.0,0.0,-0.06402952367237873,14.75,0,0,Chesterfield (A) · York (H) · Newport (A) · Cheltenham (H),,,,,,,upcoming,1.5842815476379752,1.5848161901950601
E3,Bristol Rovers,10,37,40,4,2027-03-26 15:00:00,2027-04-10 15:00:00,0,2,6.151917467641479,0.0,0.0,6.24725989689315,0.0,0.0,0.0,0.0,0.0,0,0.0,0.0,-0.013556320404355449,13.25,0,0,Northampton (H) · Walsall (A) · Port Vale (H) · Accrington (A),,,,,,,upcoming,1.5379793669103698,1.5618149742232874
E3,Bristol Rovers,11,41,44,4,2027-04-13 19:45:00,2027-04-27 19:45:00,0,2,6.044420676919345,0.0,0.0,6.128401489879733,0.0,0.0,0.0,0.0,0.0,0,0.0,0.0,0.01605297246218075,11.75,0,0,Barnet (A) · Gillingham (H) · Exeter (A) · Crewe (H),,,,,,,upcoming,1.5111051692298363,1.5321003724699334
E3,Bristol Rovers,12,45,46,2,2027-05-01 15:00:00,2027-05-08 15:00:00,0,1,3.0932486838852666,0.0,0.0,3.1632551908488464,0.0,0.0,0.0,0.0,0.0,0,0.0,0.0,-0.0230119317420417,13.5,0,0,Tranmere (A) · Oldham (H),,,,,,,upcoming,1.5466243419426333,1.5816275954244232
E3,Cheltenham,1,1,4,4,2026-08-15 15:00:00,2026-09-01 19:45:00,4,2,4.479177470569533,4.479177470569532,6.089182276814932,0.0,7.0,4.529999999999999,6.98,4.047989536666213,4.151255770539604,4,8.0,7.0,0.08071630349419964,7.25,0,0,Rotherham (H) · Swindon (A) · Barnet (A) · York (H),2.5208225294304683,-0.43118793390331867,2.952010463333787,1.021557423965417,-0.2255856588519369,0.3069904174467004,complete,1.1197943676423832,
E3,Cheltenham,2,5,8,4,2026-09-05 15:00:00,2026-09-26 15:00:00,4,2,4.650013673975021,4.650013673975021,6.253392183196984,0.0,8.0,6.0,5.92,5.605650759319283,2.4631355682190623,2,8.0,5.0,0.0289452585249958,11.0,0,0,Grimsby (H) · Crawley (A) · Colchester (A) · Chesterfield (H),3.349986326024979,0.9556370853442617,2.394349240680717,1.3396310378129102,0.49335500299153917,0.1803653279214914,complete,1.1625034184937553,
E3,Cheltenham,3,9,12,4,2026-10-03 15:00:00,2026-10-20 19:45:00,1,2,4.697919177523174,1.2160962751034838,1.5972104705140353,3.4890748951512207,0.0,0.46,2.08,0.3762399989803554,0.0,0,0.0,2.0,0.018138041662265077,12.5,0,0,Accrington (A) · Salford (H) · Oldham (A) · Fleetwood (H),-1.2160962751034838,-0.8398562761231285,-0.3762399989803554,-0.9622477050062467,-0.8579229240671322,0.33592519101460194,in progress,1.1744797943807934,1.163024965050407
E3,Cheltenham,4,13,16,4,2026-10-24 12:30:00,2026-11-21 15:00:00,0,2,5.031899160166412,0.0,0.0,4.963163299203884,0.0,0.0,0.0,0.0,0.0,0,0.0,0.0,-0.07586651685171462,15.5,0,0,Newport (H) · Tranmere (A) · Exeter (A) · Bristol Rovers (H),,,,,,,upcoming,1.257974790041603,1.240790824800971
E3,Cheltenham,5,17,20,4,2026-11-28 15:00:00,2026-12-19 15:00:00,0,2,4.908732117235274,0.0,0.0,4.920641651415293,0.0,0.0,0.0,0.0,0.0,0,0.0,0.0,-0.04193193777710887,15.75,0,0,Shrewsbury (A) · Rochdale (H) · Crewe (H) · Gillingham (A),,,,,,,upcoming,1.2271830293088184,1.2301604128538233
E3,Cheltenham,6,21,24,4,2026-12-26 15:00:00,2027-01-09 15:00:00,0,2,4.6109313554096385,0.0,0.0,4.614334471209763,0.0,0.0,0.0,0.0,0.0,0,0.0,0.0,0.04127005870199585,10.5,0,0,Port Vale (H) · Northampton (A) · Walsall (A) · Gillingham (H),,,,,,,upcoming,1.1527328388524096,1.1535836178024408
E3,Cheltenham,7,25,28,4,2027-01-16 15:00:00,2027-01-30 15:00:00,0,2,5.145235147259135,0.0,0.0,5.132807444406331,0.0,0.0,0.0,0.0,0.0,0,0.0,0.0,-0.10895165859896956,17.25,0,0,Oldham (H) · Fleetwood (A) · Newport (A) · Tranmere (H),,,,,,,upcoming,1.2863087868147838,1.2832018611015827
E3,Cheltenham,8,29,32,4,2027-02-06 15:00:00,2027-02-20 15:00:00,0,2,4.562217095718246,0.0,0.0,4.481415689057268,0.0,0.0,0.0,0.0,0.0,0,0.0,0.0,0.05916309469996412,8.75,0,0,Barnet (H) · York (A) · Grimsby (A) · Crawley (H),,,,,,,upcoming,1.1405542739295615,1.120353922264317
E3,Cheltenham,9,33,36,4,2027-02-27 15:00:00,2027-03-20 15:00:00,0,2,4.627612986868596,0.0,0.0,4.590075975652362,0.0,0.0,0.0,0.0,0.0,0,0.0,0.0,0.04127935322944078,9.5,0,0,Exeter (H) · Rotherham (A) · Swindon (H) · Bristol Rovers (A),,,,,,,upcoming,1.156903246717149,1.1475189939130905
E3,Cheltenham,10,37,40,4,2027-03-26 15:00:00,2027-04-10 15:00:00,0,2,4.648066976732489,0.0,0.0,4.628285153968496,0.0,0.0,0.0,0.0,0.0,0,0.0,0.0,0.0329364195467464,11.25,0,0,Walsall (H) · Port Vale (A) · Northampton (H) · Crewe (A),,,,,,,upcoming,1.1620167441831222,1.157071288492124
E3,Cheltenham,11,41,44,4,2027-04-13 19:45:00,2027-04-27 19:45:00,0,2,4.581865119525687,0.0,0.0,4.5159007741479495,0.0,0.0,0.0,0.0,0.0,0,0.0,0.0,0.06044229749931055,10.75,0,0,Salford (A) · Colchester (H) · Chesterfield (A) · Accrington (H),,,,,,,upcoming,1.1454662798814217,1.1289751935369874
E3,Cheltenham,12,45,46,2,2027-05-01 15:00:00,2027-05-08 15:00:00,0,1,2.5349394767058397,0.0,0.0,2.542778028424328,0.0,0.0,0.0,0.0,0.0,0,0.0,0.0,-0.08602709711378205,18.0,0,0,Shrewsbury (H) · Rochdale (A),,,,,,,upcoming,1.2674697383529199,1.271389014212164
E3,Chesterfield,1,1,4,4,2026-08-15 15:00:00,2026-09-01 19:45:00,4,2,5.6259729235108855,5.6259729235108855,6.4320660461288455,0.0,4.0,7.33,5.32,6.940339459018945,6.502708457016963,4,3.0,4.0,0.06871541824074302,10.0,0,0,Fleetwood (H) · Salford (A) · Rotherham (A) · Gillingham (H),-1.6259729235108855,1.3143665355080598,-2.9403394590189453,-0.6411181348429904,0.6690608537761126,0.5214459326845835,complete,1.4064932308777214,
E3,Chesterfield,2,5,8,4,2026-09-05 15:00:00,2026-09-26 15:00:00,4,2,5.751855934872114,5.751855934872114,6.647734500409875,0.0,7.0,8.28,4.48,7.9930229535262605,2.7411721770263497,2,8.0,6.0,0.031262814724365796,10.0,0,0,Barnet (H) · Oldham (A) · York (H) · Cheltenham (A),1.2481440651278861,2.2411670186541466,-0.9930229535262605,0.4840919747174753,1.1221780367637435,0.6283205965362515,complete,1.4379639837180285,
E3,Chesterfield,3,9,12,4,2026-10-03 12:30:00,2026-10-20 19:45:00,1,2,5.974575415523285,1.7221337081007337,1.6530634538407023,4.479866112579437,3.0,2.65,0.35,2.6853107730042707,0.0,0,4.0,2.0,-0.028627329924186828,14.5,0,0,Tranmere (H) · Crawley (A) · Port Vale (A) · Colchester (H),1.2778662918992663,0.9631770649035369,0.3146892269957293,0.9938953346173602,0.9671319820292492,0.3202738259263409,in progress,1.4936438538808212,1.4932887041931455
E3,Chesterfield,4,13,16,4,2026-10-24 15:00:00,2026-11-21 15:00:00,0,2,6.089186230044268,0.0,0.0,6.255478917527029,0.0,0.0,0.0,0.0,0.0,0,0.0,0.0,-0.05909002025127552,15.25,0,0,Crewe (H) · Newport (A) · Bristol Rovers (A) · Shrewsbury (H),,,,,,,upcoming,1.522296557511067,1.5638697293817572
E3,Chesterfield,5,17,20,4,2026-11-28 15:00:00,2026-12-19 15:00:00,0,2,5.992854533775347,0.0,0.0,6.234331816090908,0.0,0.0,0.0,0.0,0.0,0,0.0,0.0,-0.03420122300998675,13.5,0,0,Swindon (A) · Exeter (H) · Grimsby (H) · Accrington (A),,,,,,,upcoming,1.4982136334438367,1.558582954022727
E3,Chesterfield,6,21,24,4,2026-12-26 15:00:00,2027-01-09 12:30:00,0,2,6.080476902717017,0.0,0.0,6.357077961432053,0.0,0.0,0.0,0.0,0.0,0,0.0,0.0,-0.058192176938671326,16.0,0,0,Northampton (H) · Walsall (A) · Rochdale (A) · Accrington (H),,,,,,,upcoming,1.5201192256792542,1.5892694903580133
E3,Chesterfield,7,25,28,4,2027-01-16 15:00:00,2027-01-30 15:00:00,0,2,6.015794920130794,0.0,0.0,6.2468391890014905,0.0,0.0,0.0,0.0,0.0,0,0.0,0.0,-0.04128089110090645,14.25,0,0,Port Vale (H) · Colchester (A) · Crewe (A) · Newport (H),,,,,,,upcoming,1.5039487300326986,1.5617097972503726
E3,Chesterfield,8,29,32,4,2027-02-06 15:00:00,2027-02-20 15:00:00,0,2,5.611859190746932,0.0,0.0,5.822799615393357,0.0,0.0,0.0,0.0,0.0,0,0.0,0.0,0.07020454405967458,8.0,0,0,Rotherham (H) · Gillingham (A) · Barnet (A) · Oldham (H),,,,,,,upcoming,1.402964797686733,1.4556999038483394
E3,Chesterfield,9,33,36,4,2027-02-27 15:00:00,2027-03-20 15:00:00,0,2,5.613567391122896,0.0,0.0,5.847370507251278,0.0,0.0,0.0,0.0,0.0,0,0.0,0.0,0.06835296953444714,10.25,0,0,Bristol Rovers (H) · Fleetwood (A) · Salford (H) · Shrewsbury (A),,,,,,,upcoming,1.403391847780724,1.4618426268128195
E3,Chesterfield,10,37,40,4,2027-03-26 15:00:00,2027-04-10 15:00:00,0,2,5.781292094333045,0.0,0.0,6.049550161521035,0.0,0.0,0.0,0.0,0.0,0,0.0,0.0,0.024019880802370122,11.25,0,0,Rochdale (H) · Northampton (A) · Walsall (H) · Grimsby (A),,,,,,,upcoming,1.4453230235832613,1.5123875403802587
E3,Chesterfield,11,41,44,4,2027-04-13 19:45:00,2027-04-27 19:45:00,0,2,6.180297432820215,0.0,0.0,6.447101236464507,0.0,0.0,0.0,0.0,0.0,0,0.0,0.0,-0.08501573970356881,17.25,0,0,Crawley (H) · York (A) · Cheltenham (H) · Tranmere (A),,,,,,,upcoming,1.5450743582050537,1.6117753091161267
E3,Chesterfield,12,45,46,2,2027-05-01 15:00:00,2027-05-08 15:00:00,0,1,2.992703165729739,0.0,0.0,3.1537355365208395,0.0,0.0,0.0,0.0,0.0,0,0.0,0.0,-0.0323515449467144,13.5,0,0,Swindon (H) · Exeter (A),,,,,,,upcoming,1.4963515828648695,1.5768677682604197
E3,Colchester,1,1,4,4,2026-08-15 15:00:00,2026-09-01 19:45:00,4,2,5.46610430067455,5.46610430067455,6.5066108650852,0.0,7.0,5.8100000000000005,5.99,5.434064192685932,5.482688628541131,4,5.0,5.0,-0.0012800989214167002,12.25,0,0,Accrington (A) · Oldham (H) · Rochdale (H) · Bristol Rovers (A),1.5338956993254502,-0.03204010798861745,1.5659358073140677,0.6013376731328285,-0.01621589520039053,0.5476151022303368,complete,1.3665260751686374,
E3,Colchester,2,5,8,4,2026-09-05 15:00:00,2026-09-26 15:00:00,4,2,5.724654124687284,5.724654124687284,6.562195140266821,0.0,3.0,5.630000000000001,6.76,4.786305349507475,3.0113772494826527,2,5.0,7.0,-0.07319876400789921,16.75,0,0,Swindon (A) · Crewe (H) · Cheltenham (H) · Shrewsbury (A),-2.7246541246872837,-0.9383487751798087,-1.786305349507475,-1.0636207690574797,-0.4728943179832021,0.2875005299099649,complete,1.431163531171821,
E3,Colchester,3,9,12,4,2026-10-03 15:00:00,2026-10-20 19:45:00,0,2,5.5788446997560674,0.0,0.0,5.436346958586935,0.0,0.0,0.0,0.0,0.0,0,0.0,0.0,-0.032820653716439455,13.0,0,0,Port Vale (H) · Newport (A) · Exeter (H) · Chesterfield (A),,,,,,,upcoming,1.3947111749390169,1.3590867396467337
E3,Colchester,4,13,16,4,2026-10-24 12:30:00,2026-11-21 15:00:00,0,2,5.518952532911838,0.0,0.0,5.519915880826735,0.0,0.0,0.0,0.0,0.0,0,0.0,0.0,-0.017736230166931474,14.0,0,0,Northampton (A) · Walsall (H) · Gillingham (H) · Tranmere (A),,,,,,,upcoming,1.3797381332279595,1.3799789702066838
E3,Colchester,5,17,20,4,2026-11-28 15:00:00,2026-12-19 12:30:00,0,2,5.080049481753248,0.0,0.0,5.006065166342678,0.0,0.0,0.0,0.0,0.0,0,0.0,0.0,0.10843057529475732,7.5,0,0,York (H) · Grimsby (A) · Salford (A) · Fleetwood (H),,,,,,,upcoming,1.270012370438312,1.2515162915856695
E3,Colchester,6,21,24,4,2026-12-26 15:00:00,2027-01-09 15:00:00,0,2,5.502444210545855,0.0,0.0,5.461121925734814,0.0,0.0,0.0,0.0,0.0,0,0.0,0.0,-0.011415260775783101,12.75,0,0,Barnet (A) · Crawley (H) · Rotherham (H) · Fleetwood (A),,,,,,,upcoming,1.3756110526364638,1.3652804814337034
E3,Colchester,7,25,28,4,2027-01-16 15:00:00,2027-01-30 15:00:00,0,2,5.412051592603457,0.0,0.0,5.289673430111817,0.0,0.0,0.0,0.0,0.0,0,0.0,0.0,0.011491132249645476,12.0,0,0,Exeter (A) · Chesterfield (H) · Northampton (H) · Walsall (A),,,,,,,upcoming,1.3530128981508642,1.3224183575279542
E3,Colchester,8,29,32,4,2027-02-06 15:00:00,2027-02-20 15:00:00,0,2,5.319212217817828,0.0,0.0,5.3414521022706865,0.0,0.0,0.0,0.0,0.0,0,0.0,0.0,0.0366216100634321,10.75,0,0,Rochdale (A) · Bristol Rovers (H) · Swindon (H) · Crewe (A),,,,,,,upcoming,1.329803054454457,1.3353630255676716
E3,Colchester,9,33,36,4,2027-02-27 15:00:00,2027-03-20 15:00:00,0,2,5.668740223841024,0.0,0.0,5.642770600233434,0.0,0.0,0.0,0.0,0.0,0,0.0,0.0,-0.05691709504234055,15.5,0,0,Gillingham (A) · Accrington (H) · Oldham (A) · Tranmere (H),,,,,,,upcoming,1.417185055960256,1.4106926500583585
E3,Colchester,10,37,40,4,2027-03-26 15:00:00,2027-04-10 15:00:00,0,2,5.1122956123205325,0.0,0.0,5.061802927821683,0.0,0.0,0.0,0.0,0.0,0,0.0,0.0,0.0934227424569086,8.5,0,0,Rotherham (A) · Barnet (H) · Crawley (A) · Salford (H),,,,,,,upcoming,1.2780739030801331,1.2654507319554207
E3,Colchester,11,41,44,4,2027-04-13 19:45:00,2027-04-27 19:45:00,0,2,5.886412315861287,0.0,0.0,5.809720204226675,0.0,0.0,0.0,0.0,0.0,0,0.0,0.0,-0.11623139408342385,17.75,0,0,Newport (H) · Cheltenham (A) · Shrewsbury (H) · Port Vale (A),,,,,,,upcoming,1.4716030789653218,1.4524300510566688
E3,Colchester,12,45,46,2,2027-05-01 15:00:00,2027-05-08 15:00:00,0,1,2.5250119014989645,0.0,0.0,2.4356208916073756,0.0,0.0,0.0,0.0,0.0,0,0.0,0.0,0.11180743794099975,5.5,0,0,York (A) · Grimsby (H),,,,,,,upcoming,1.2625059507494822,1.2178104458036878
E3,Crawley,1,1,4,4,2026-08-15 15:00:00,2026-09-01 19:45:00,4,2,4.817138550461397,4.817138550461397,6.320544521061065,0.0,4.0,6.37,6.76,5.560324035741667,3.8936751438072146,4,3.0,5.0,0.02877987043291755,11.75,0,0,Crewe (H) · Rochdale (A) · Bristol Rovers (H) · Northampton (A),-0.8171385504613973,0.7431854852802697,-1.560324035741667,-0.32502626143113383,0.3816316161691526,0.7451611960855411,complete,1.2042846376153493,
E3,Crawley,2,5,8,4,2026-09-05 15:00:00,2026-09-26 12:30:00,3,2,5.024548613803743,3.7822256426426306,4.724301920517948,1.2112084194869976,0.0,4.1,7.46,2.447499494939052,2.573633900491499,2,3.0,8.0,-0.026302990657400806,13.0,0,0,Accrington (A) · Cheltenham (H) · Grimsby (A) · Barnet (H),-3.7822256426426306,-1.3347261477035786,-2.447499494939052,-1.7401176511416645,-0.7927709378180948,0.08183836145617951,in progress,1.2561371534509358,1.2112084194869976
E3,Crawley,3,9,12,4,2026-10-03 15:00:00,2026-10-20 19:45:00,0,2,4.647101947175095,0.0,0.0,4.491417666145679,0.0,0.0,0.0,0.0,0.0,0,0.0,0.0,0.08404299858835329,9.5,0,0,Walsall (A) · Chesterfield (H) · Salford (A) · Shrewsbury (H),,,,,,,upcoming,1.1617754867937737,1.1228544165364198
E3,Crawley,4,13,16,4,2026-10-24 15:00:00,2026-11-21 15:00:00,0,2,5.026925184334281,0.0,0.0,4.969967801106028,0.0,0.0,0.0,0.0,0.0,0,0.0,0.0,-0.026180602376268198,13.5,0,0,Tranmere (H) · Oldham (A) · Rotherham (A) · Fleetwood (H),,,,,,,upcoming,1.2567312960835701,1.242491950276507
E3,Crawley,5,17,20,4,2026-11-28 12:30:00,2026-12-19 15:00:00,0,2,5.071283533674162,0.0,0.0,4.929418129782713,0.0,0.0,0.0,0.0,0.0,0,0.0,0.0,-0.03902400136832157,13.25,0,0,Exeter (A) · Port Vale (H) · Newport (H) · York (A),,,,,,,upcoming,1.2678208834185405,1.2323545324456782
E3,Crawley,6,21,24,4,2026-12-26 15:00:00,2027-01-09 15:00:00,0,2,4.788194598698026,0.0,0.0,4.759411445563217,0.0,0.0,0.0,0.0,0.0,0,0.0,0.0,0.03752180768589522,10.5,0,0,Gillingham (H) · Colchester (A) · Swindon (A) · York (H),,,,,,,upcoming,1.1970486496745065,1.1898528613908042
E3,Crawley,7,25,28,4,2027-01-16 15:00:00,2027-01-30 15:00:00,0,2,4.784812391374979,0.0,0.0,4.720549465445226,0.0,0.0,0.0,0.0,0.0,0,0.0,0.0,0.03702838836381522,12.0,0,0,Salford (H) · Shrewsbury (A) · Tranmere (A) · Oldham (H),,,,,,,upcoming,1.1962030978437448,1.1801373663613064
E3,Crawley,8,29,32,4,2027-02-06 15:00:00,2027-02-20 15:00:00,0,2,5.121047218720748,0.0,0.0,5.04399901049158,0.0,0.0,0.0,0.0,0.0,0,0.0,0.0,-0.0514109792920489,15.25,0,0,Bristol Rovers (A) · Northampton (H) · Accrington (H) · Cheltenham (A),,,,,,,upcoming,1.280261804680187,1.260999752622895
E3,Crawley,9,33,36,4,2027-02-27 15:00:00,2027-03-20 15:00:00,0,2,5.033141385139372,0.0,0.0,4.9967528146875395,0.0,0.0,0.0,0.0,0.0,0,0.0,0.0,-0.031166123706233523,14.5,0,0,Rotherham (H) · Crewe (A) · Rochdale (H) · Fleetwood (A),,,,,,,upcoming,1.258285346284843,1.2491882036718849
E3,Crawley,10,37,40,4,2027-03-26 15:00:00,2027-04-10 15:00:00,0,2,5.128763156497962,0.0,0.0,5.132257767145876,0.0,0.0,0.0,0.0,0.0,0,0.0,0.0,-0.05757872695613028,14.75,0,0,Swindon (H) · Gillingham (A) · Colchester (H) · Newport (A),,,,,,,upcoming,1.2821907891244906,1.283064441786469
E3,Crawley,11,41,44,4,2027-04-13 19:45:00,2027-04-27 19:45:00,0,2,4.554567922085578,0.0,0.0,4.368359454516024,0.0,0.0,0.0,0.0,0.0,0,0.0,0.0,0.10588799062206905,6.0,0,0,Chesterfield (A) · Grimsby (H) · Barnet (A) · Walsall (H),,,,,,,upcoming,1.1386419805213945,1.092089863629006
E3,Crawley,12,45,46,2,2027-05-01 15:00:00,2027-05-08 15:00:00,0,1,2.439699714948738,0.0,0.0,2.392162565227779,0.0,0.0,0.0,0.0,0.0,0,0.0,0.0,0.016911405074232153,11.0,0,0,Exeter (H) · Port Vale (A),,,,,,,upcoming,1.219849857474369,1.1960812826138896
E3,Crewe,1,1,4,4,2026-08-15 15:00:00,2026-09-01 19:45:00,4,2,5.37294855989342,5.37294855989342,6.507955378538931,0.0,8.0,6.359999999999999,4.77,6.416918339821949,5.766029476351568,4,4.0,2.0,0.0015357667975984266,12.75,0,0,Crawley (A) · Northampton (H) · Port Vale (A) · Walsall (H),2.6270514401065803,1.0439697799285295,1.5830816601780509,1.0297843643850773,0.5283114446033138,0.30311124211165863,complete,1.343237139973355,
E3,Crewe,2,5,8,4,2026-09-05 15:00:00,2026-09-26 15:00:00,4,2,5.3522032271991105,5.3522032271991105,6.481899072444573,0.0,4.0,3.8,5.7299999999999995,4.146819627874731,2.4113012715767077,2,4.0,4.0,0.007008135613120626,12.25,0,0,York (H) · Colchester (A) · Shrewsbury (H) · Rotherham (A),-1.3522032271991105,-1.2053835993243798,-0.14681962787473068,-0.5311177745000458,-0.6112213568639302,0.5953371677887103,complete,1.3380508067997776,
E3,Crewe,3,9,12,4,2026-10-03 15:00:00,2026-10-20 19:45:00,1,2,5.312793549351685,1.3283491801115574,1.644063397301038,4.080848953447184,3.0,1.51,1.0,1.7182056555107603,0.0,0,3.0,1.0,0.016932943267218475,11.25,0,0,Bristol Rovers (H) · Swindon (A) · Rochdale (H) · Exeter (A),1.6716508198884426,0.3898564753992029,1.2817943444892397,1.303725876124887,0.3925272816180167,0.19232706349104767,in progress,1.3281983873379213,1.3602829844823947
E3,Crewe,4,13,16,4,2026-10-24 15:00:00,2026-11-21 12:30:00,0,2,5.375179511703657,0.0,0.0,5.3255996654172355,0.0,0.0,0.0,0.0,0.0,0,0.0,0.0,0.0017173113803061494,11.25,0,0,Chesterfield (A) · Barnet (H) · Newport (H) · Gillingham (A),,,,,,,upcoming,1.3437948779259143,1.3313999163543089
E3,Crewe,5,17,20,4,2026-11-28 15:00:00,2026-12-17 20:00:00,0,2,5.320178466060163,0.0,0.0,5.327599695800559,0.0,0.0,0.0,0.0,0.0,0,0.0,0.0,0.014093396454727902,12.5,0,0,Grimsby (H) · Accrington (A) · Cheltenham (A) · Salford (H),,,,,,,upcoming,1.3300446165150408,1.3318999239501397
E3,Crewe,6,21,24,4,2026-12-26 15:00:00,2027-01-09 15:00:00,0,2,5.243144533785881,0.0,0.0,5.318138390521248,0.0,0.0,0.0,0.0,0.0,0,0.0,0.0,0.041020890453236605,11.5,0,0,Fleetwood (A) · Tranmere (H) · Oldham (H) · Salford (A),,,,,,,upcoming,1.3107861334464703,1.329534597630312
E3,Crewe,7,25,28,4,2027-01-16 15:00:00,2027-01-30 15:00:00,0,2,5.263441356706267,0.0,0.0,5.238141536906979,0.0,0.0,0.0,0.0,0.0,0,0.0,0.0,0.032119651689322126,10.5,0,0,Rochdale (A) · Exeter (H) · Chesterfield (H) · Barnet (A),,,,,,,upcoming,1.3158603391765666,1.3095353842267448
E3,Crewe,8,29,32,4,2027-02-06 15:00:00,2027-02-20 15:00:00,0,2,5.1483489645713325,0.0,0.0,5.132528760274848,0.0,0.0,0.0,0.0,0.0,0,0.0,0.0,0.06294053906219388,9.0,0,0,Port Vale (H) · Walsall (A) · York (A) · Colchester (H),,,,,,,upcoming,1.2870872411428331,1.283132190068712
E3,Crewe,9,33,36,4,2027-02-27 15:00:00,2027-03-20 15:00:00,0,2,5.75010927924509,0.0,0.0,5.819304265989368,0.0,0.0,0.0,0.0,0.0,0,0.0,0.0,-0.10231199236302188,17.75,0,0,Newport (A) · Crawley (H) · Northampton (A) · Gillingham (H),,,,,,,upcoming,1.4375273198112726,1.454826066497342
E3,Crewe,10,37,40,4,2027-03-26 15:00:00,2027-04-10 15:00:00,0,2,5.6870963749494035,0.0,0.0,5.75204805046745,0.0,0.0,0.0,0.0,0.0,0,0.0,0.0,-0.0842251221123551,16.75,0,0,Oldham (A) · Fleetwood (H) · Tranmere (A) · Cheltenham (H),,,,,,,upcoming,1.4217740937373509,1.4380120126168625
E3,Crewe,11,41,44,4,2027-04-13 19:45:00,2027-04-27 19:45:00,0,2,5.25530330621315,0.0,0.0,5.264906496510183,0.0,0.0,0.0,0.0,0.0,0,0.0,0.0,0.03444595866974955,10.25,0,0,Swindon (H) · Shrewsbury (A) · Rotherham (H) · Bristol Rovers (A),,,,,,,upcoming,1.3138258265532874,1.3162266241275458
E3,Crewe,12,45,46,2,2027-05-01 15:00:00,2027-05-08 15:00:00,0,1,2.760332240571892,0.0,0.0,2.7339267015720514,0.0,0.0,0.0,0.0,0.0,0,0.0,0.0,-0.0360509010732591,13.5,0,0,Grimsby (A) · Accrington (H),,,,,,,upcoming,1.380166120285946,1.3669633507860257
E3,Exeter,1,1,4,4,2026-08-15 15:00:00,2026-09-01 19:45:00,4,2,4.943508031393753,4.943508031393753,6.248910288079246,0.0,4.0,5.49,4.1,6.338054364893208,4.536885913596832,4,4.0,4.0,0.044071007498010246,9.25,0,0,Grimsby (A) · Accrington (H) · York (A) · Barnet (H),-0.9435080313937529,1.3945463334994548,-2.3380543648932077,-0.3774361177227942,0.7202034178980024,0.7058495301883538,complete,1.2358770078484382,
E3,Exeter,2,5,8,4,2026-09-05 15:00:00,2026-09-26 15:00:00,4,2,4.905195045181497,4.905195045181497,6.228375679107607,0.0,2.0,2.98,5.15,3.8753056126907786,2.4878428205981735,2,0.0,2.0,0.056003548260368755,9.25,0,0,Walsall (H) · Port Vale (A) · Tranmere (H) · Bristol Rovers (A),-2.9051950451814967,-1.0298894324907182,-1.8753056126907786,-1.16409358164361,-0.532755051932189,0.24438608943034978,complete,1.2262987612953742,
E3,Exeter,3,9,12,4,2026-10-03 15:00:00,2026-10-20 19:45:00,1,2,5.16295390542992,1.3825763330885896,1.659728915825615,3.816993084062181,3.0,1.62,0.52,2.1639972217498262,0.0,0,1.0,0.0,-0.020428293942906947,14.25,0,0,Rotherham (H) · Shrewsbury (A) · Colchester (A) · Crewe (H),1.6174236669114104,0.7814208886612366,0.8360027782501738,1.2554667447431804,0.7830523749404336,0.20930937301243513,in progress,1.29073847635748,1.272331028020727
E3,Exeter,4,13,16,4,2026-10-24 15:00:00,2026-11-21 15:00:00,0,2,5.042218093177289,0.0,0.0,5.14372545085474,0.0,0.0,0.0,0.0,0.0,0,0.0,0.0,0.02169321301398345,12.25,0,0,Fleetwood (H) · Salford (A) · Cheltenham (H) · Oldham (A),,,,,,,upcoming,1.2605545232943223,1.285931362713685
E3,Exeter,5,17,20,4,2026-11-28 12:30:00,2026-12-19 12:30:00,0,2,5.167260648202965,0.0,0.0,5.269779564770621,0.0,0.0,0.0,0.0,0.0,0,0.0,0.0,-0.018581208049882576,14.25,0,0,Crawley (H) · Chesterfield (A) · Rochdale (H) · Northampton (A),,,,,,,upcoming,1.2918151620507412,1.3174448911926553
E3,Exeter,6,21,24,4,2026-12-26 15:00:00,2027-01-09 15:00:00,0,2,5.315859574596541,0.0,0.0,5.450149375859482,0.0,0.0,0.0,0.0,0.0,0,0.0,0.0,-0.06014641691555018,15.0,0,0,Newport (H) · Swindon (A) · Gillingham (A) · Northampton (H),,,,,,,upcoming,1.3289648936491352,1.3625373439648705
E3,Exeter,7,25,28,4,2027-01-16 15:00:00,2027-01-30 15:00:00,0,2,4.905173514184143,0.0,0.0,5.019395835667504,0.0,0.0,0.0,0.0,0.0,0,0.0,0.0,0.05076570097601923,11.75,0,0,Colchester (H) · Crewe (A) · Fleetwood (A) · Salford (H),,,,,,,upcoming,1.2262933785460357,1.254848958916876
E3,Exeter,8,29,32,4,2027-02-06 15:00:00,2027-02-20 15:00:00,0,2,4.736816961551003,0.0,0.0,4.739098520194217,0.0,0.0,0.0,0.0,0.0,0,0.0,0.0,0.09936172288904432,6.5,0,0,York (H) · Barnet (A) · Walsall (A) · Port Vale (H),,,,,,,upcoming,1.1842042403877509,1.1847746300485542
E3,Exeter,9,33,36,4,2027-02-27 15:00:00,2027-03-20 15:00:00,0,2,5.2613537306777,0.0,0.0,5.285088744844674,0.0,0.0,0.0,0.0,0.0,0,0.0,0.0,-0.048859093846903554,14.25,0,0,Cheltenham (A) · Grimsby (H) · Accrington (A) · Oldham (H),,,,,,,upcoming,1.315338432669425,1.3212721862111685
E3,Exeter,10,37,40,4,2027-03-26 15:00:00,2027-04-10 15:00:00,0,2,5.349653673003846,0.0,0.0,5.511984403059111,0.0,0.0,0.0,0.0,0.0,0,0.0,0.0,-0.07230905880887822,15.5,0,0,Gillingham (H) · Newport (A) · Swindon (H) · Rochdale (A),,,,,,,upcoming,1.3374134182509616,1.3779961007647779
E3,Exeter,11,41,44,4,2027-04-13 19:45:00,2027-04-27 19:45:00,0,2,5.091345215010721,0.0,0.0,5.108590939644147,0.0,0.0,0.0,0.0,0.0,0,0.0,0.0,7.114481129549821e-05,12.5,0,0,Shrewsbury (H) · Tranmere (A) · Bristol Rovers (H) · Rotherham (A),,,,,,,upcoming,1.2728363037526802,1.2771477349110367
E3,Exeter,12,45,46,2,2027-05-01 15:00:00,2027-05-08 15:00:00,0,1,2.560159914707258,0.0,0.0,2.5571251130643886,0.0,0.0,0.0,0.0,0.0,0,0.0,0.0,-0.01002580783341115,13.5,0,0,Crawley (A) · Chesterfield (H),,,,,,,upcoming,1.280079957353629,1.2785625565321943
E3,Fleetwood,1,1,4,4,2026-08-15 15:00:00,2026-09-01 19:45:00,4,2,4.762015207269011,4.762015207269011,6.22904851880599,0.0,6.0,4.390000000000001,6.42,4.262652721043898,4.944971778516619,4,4.0,3.0,0.08254463106674093,7.5,0,0,Chesterfield (A) · Gillingham (H) · Grimsby (A) · Oldham (H),1.2379847927309893,-0.49936248622511314,1.7373472789561024,0.49602601339911717,-0.25830298891075404,0.6198760577085294,complete,1.1905038018172527,
E3,Fleetwood,2,5,8,4,2026-09-05 12:30:00,2026-09-26 15:00:00,4,2,5.3344882744331565,5.3344882744331565,6.4453098950140255,0.0,4.0,5.03,6.82,4.491237807978344,3.335253898125516,2,5.0,6.0,-0.07601762516427672,15.75,0,0,Shrewsbury (H) · Newport (A) · Barnet (A) · Rochdale (H),-1.3344882744331565,-0.8432504664548128,-0.4912378079783437,-0.5256453906865334,-0.4288042323229455,0.5991346129655506,complete,1.3336220686082891,
E3,Fleetwood,3,9,12,4,2026-10-03 15:00:00,2026-10-20 19:45:00,1,2,4.891755210092694,0.8486349805469005,1.3109638515155413,3.9476287929381586,0.0,0.63,1.55,0.691899967248428,0.0,0,0.0,1.0,0.049094665273668396,10.75,0,0,Salford (A) · Walsall (H) · Rotherham (H) · Cheltenham (A),-0.8486349805469005,-0.1567350132984725,-0.691899967248428,-0.741183207113027,-0.17672380008261626,0.4585823639947626,in progress,1.2229388025231736,1.3158762643127195
E3,Fleetwood,4,13,16,4,2026-10-24 15:00:00,2026-11-21 15:00:00,0,2,5.189956638050921,0.0,0.0,5.111841930025362,0.0,0.0,0.0,0.0,0.0,0,0.0,0.0,-0.03960306451486467,14.75,0,0,Exeter (A) · Bristol Rovers (H) · Tranmere (H) · Crawley (A),,,,,,,upcoming,1.2974891595127303,1.2779604825063404
E3,Fleetwood,5,17,20,4,2026-11-28 15:00:00,2026-12-19 12:30:00,0,2,5.205461424752331,0.0,0.0,5.206016646581534,0.0,0.0,0.0,0.0,0.0,0,0.0,0.0,-0.041817817908674476,15.0,0,0,Accrington (H) · Northampton (A) · Swindon (H) · Colchester (A),,,,,,,upcoming,1.3013653561880827,1.3015041616453835
E3,Fleetwood,6,21,24,4,2026-12-26 15:00:00,2027-01-09 15:00:00,0,2,4.865762979256533,0.0,0.0,4.764019966392434,0.0,0.0,0.0,0.0,0.0,0,0.0,0.0,0.05381964354111905,10.0,0,0,Crewe (H) · York (A) · Port Vale (A) · Colchester (H),,,,,,,upcoming,1.2164407448141332,1.1910049915981085
E3,Fleetwood,7,25,28,4,2027-01-16 15:00:00,2027-01-30 15:00:00,0,2,5.112281735295749,0.0,0.0,4.9749554280099275,0.0,0.0,0.0,0.0,0.0,0,0.0,0.0,-0.012423138068266427,12.5,0,0,Rotherham (A) · Cheltenham (H) · Exeter (H) · Bristol Rovers (A),,,,,,,upcoming,1.2780704338239373,1.2437388570024819
E3,Fleetwood,8,29,32,4,2027-02-06 15:00:00,2027-02-20 15:00:00,0,2,5.248581512480862,0.0,0.0,5.093952822029085,0.0,0.0,0.0,0.0,0.0,0,0.0,0.0,-0.053614951738321,14.0,0,0,Grimsby (H) · Oldham (A) · Shrewsbury (A) · Newport (H),,,,,,,upcoming,1.3121453781202155,1.2734882055072712
E3,Fleetwood,9,33,36,4,2027-02-27 15:00:00,2027-03-20 15:00:00,0,2,5.149925520746935,0.0,0.0,5.078546602553929,0.0,0.0,0.0,0.0,0.0,0,0.0,0.0,-0.02754118429705375,14.5,0,0,Tranmere (A) · Chesterfield (H) · Gillingham (A) · Crawley (H),,,,,,,upcoming,1.2874813801867337,1.2696366506384822
E3,Fleetwood,10,37,40,4,2027-03-26 15:00:00,2027-04-10 15:00:00,0,2,4.834682625934091,0.0,0.0,4.768764719446619,0.0,0.0,0.0,0.0,0.0,0,0.0,0.0,0.0590936932122137,9.25,0,0,Port Vale (H) · Crewe (A) · York (H) · Swindon (A),,,,,,,upcoming,1.2086706564835228,1.1921911798616547
E3,Fleetwood,11,41,44,4,2027-04-13 19:45:00,2027-04-27 19:45:00,0,2,4.652379588127053,0.0,0.0,4.600890335873514,0.0,0.0,0.0,0.0,0.0,0,0.0,0.0,0.10959788076490909,7.75,0,0,Walsall (A) · Barnet (H) · Rochdale (A) · Salford (H),,,,,,,upcoming,1.1630948970317632,1.1502225839683784
E3,Fleetwood,12,45,46,2,2027-05-01 15:00:00,2027-05-08 15:00:00,0,1,2.7066837321718706,0.0,0.0,2.6715657607483596,0.0,0.0,0.0,0.0,0.0,0,0.0,0.0,-0.10164317051751995,18.5,0,0,Accrington (A) · Northampton (H),,,,,,,upcoming,1.3533418660859353,1.3357828803741798
E3,Gillingham,1,1,4,4,2026-08-15 15:00:00,2026-09-01 19:45:00,4,2,5.467741622462621,5.467741622462622,6.534811879100083,0.0,3.0,4.2,5.050000000000001,5.108505962395174,4.416423735027505,4,2.0,5.0,0.008650239779375627,12.25,0,0,Walsall (H) · Fleetwood (A) · Northampton (H) · Chesterfield (A),-2.467741622462622,-0.3592356600674478,-2.1085059623951743,-0.9653463110256943,-0.18142088071617063,0.3343713831239792,complete,1.3669354056156553,
E3,Gillingham,2,5,8,4,2026-09-05 15:00:00,2026-09-26 15:00:00,4,2,5.3901172066471705,5.3901172066471705,6.498866884308713,0.0,9.0,5.22,5.4,5.581539256376222,2.4645879708486387,2,9.0,4.0,0.02968322576100562,11.0,0,0,Rochdale (A) · Tranmere (H) · Bristol Rovers (H) · York (A),3.6098827933528295,0.1914220497290513,3.418460743623778,1.4160359544293941,0.09693877256205982,0.15676497784036192,complete,1.3475293016617926,
E3,Gillingham,3,9,12,4,2026-10-03 15:00:00,2026-10-20 20:00:00,1,2,5.783327938295643,1.790448341984674,1.629668637405822,3.896021316089354,1.0,0.32,1.4,0.5095054201142979,0.0,0,0.0,0.0,-0.07815755294253396,15.25,0,0,Newport (H) · Rotherham (A) · Accrington (A) · Port Vale (H),-0.790448341984674,-1.280942921870376,0.4904945798857021,-0.6191898647678223,-1.2954018089642303,0.5357912879018332,in progress,1.4458319845739107,1.2986737720297847
E3,Gillingham,4,13,16,4,2026-10-24 15:00:00,2026-11-21 12:30:00,0,2,5.494572479231777,0.0,0.0,5.3751469735752355,0.0,0.0,0.0,0.0,0.0,0,0.0,0.0,0.00018407271032922466,13.0,0,0,Grimsby (H) · Shrewsbury (A) · Colchester (A) · Crewe (H),,,,,,,upcoming,1.3736431198079442,1.3437867433938089
E3,Gillingham,5,17,20,4,2026-11-28 15:00:00,2026-12-19 15:00:00,0,2,5.314575684495696,0.0,0.0,5.3084201756282186,0.0,0.0,0.0,0.0,0.0,0,0.0,0.0,0.05498769497879065,10.25,0,0,Salford (A) · Swindon (H) · Oldham (A) · Cheltenham (H),,,,,,,upcoming,1.328643921123924,1.3271050439070546
E3,Gillingham,6,21,24,4,2026-12-26 15:00:00,2027-01-09 15:00:00,0,2,5.738442911404345,0.0,0.0,5.648577721622225,0.0,0.0,0.0,0.0,0.0,0,0.0,0.0,-0.06661888804160015,15.75,0,0,Crawley (A) · Barnet (H) · Exeter (H) · Cheltenham (A),,,,,,,upcoming,1.4346107278510862,1.4121444304055562
E3,Gillingham,7,25,28,4,2027-01-16 15:00:00,2027-01-30 15:00:00,0,2,5.567435805885572,0.0,0.0,5.432794378226957,0.0,0.0,0.0,0.0,0.0,0,0.0,0.0,-0.0164031425592047,13.0,0,0,Accrington (H) · Port Vale (A) · Grimsby (A) · Shrewsbury (H),,,,,,,upcoming,1.391858951471393,1.3581985945567392
E3,Gillingham,8,29,32,4,2027-02-06 15:00:00,2027-02-20 15:00:00,0,2,5.534993262751556,0.0,0.0,5.486017990154821,0.0,0.0,0.0,0.0,0.0,0,0.0,0.0,-0.010790446460864925,13.75,0,0,Northampton (A) · Chesterfield (H) · Rochdale (H) · Tranmere (A),,,,,,,upcoming,1.383748315687889,1.3715044975387052
E3,Gillingham,9,33,36,4,2027-02-27 15:00:00,2027-03-20 15:00:00,0,2,5.580380785756327,0.0,0.0,5.510926558573056,0.0,0.0,0.0,0.0,0.0,0,0.0,0.0,-0.022421847469114173,14.25,0,0,Colchester (H) · Walsall (A) · Fleetwood (H) · Crewe (A),,,,,,,upcoming,1.3950951964390816,1.377731639643264
E3,Gillingham,10,37,40,4,2027-03-26 15:00:00,2027-04-10 15:00:00,0,2,5.5175706244703235,0.0,0.0,5.4200945364561814,0.0,0.0,0.0,0.0,0.0,0,0.0,0.0,-0.0043253657776399015,12.25,0,0,Exeter (A) · Crawley (H) · Barnet (A) · Oldham (H),,,,,,,upcoming,1.3793926561175809,1.3550236341140454
E3,Gillingham,11,41,44,4,2027-04-13 19:45:00,2027-04-27 19:45:00,0,2,5.4655419310655144,0.0,0.0,5.274811955260867,0.0,0.0,0.0,0.0,0.0,0,0.0,0.0,0.009975421797360329,10.5,0,0,Rotherham (H) · Bristol Rovers (A) · York (H) · Newport (A),,,,,,,upcoming,1.3663854827663786,1.3187029888152169
E3,Gillingham,12,45,46,2,2027-05-01 15:00:00,2027-05-08 15:00:00,0,1,2.4346307321443037,0.0,0.0,2.4668634963139757,0.0,0.0,0.0,0.0,0.0,0,0.0,0.0,0.1716426765781293,5.5,0,0,Salford (H) · Swindon (A),,,,,,,upcoming,1.2173153660721518,1.2334317481569879
E3,Grimsby,1,1,4,4,2026-08-15 15:00:00,2026-09-01 19:45:00,4,2,6.244216960702536,6.244216960702535,6.618946160202386,0.0,6.0,7.050000000000001,6.0,6.128211329702371,6.801398287457233,4,5.0,4.0,-0.09409412724365873,17.25,0,0,Exeter (H) · Walsall (A) · Fleetwood (H) · Accrington (A),-0.24421696070253507,-0.11600563100016448,-0.1282113297023706,-0.09492517312491633,-0.05821153095156567,0.924374261537438,complete,1.561054240175634,
E3,Grimsby,2,5,8,4,2026-09-05 15:00:00,2026-09-26 15:00:00,4,2,6.290454560526109,6.290454560526109,6.670889635747262,0.0,7.0,6.9,3.52,7.512230186602702,3.019457543304588,2,7.0,4.0,-0.10690618024390214,17.25,0,0,Cheltenham (A) · Bristol Rovers (H) · Crawley (H) · Newport (A),0.7095454394738914,1.2217756260765933,-0.5122301866027019,0.2747187711548519,0.6106944228840575,0.7835323085465231,complete,1.5726136401315272,
E3,Grimsby,3,9,12,4,2026-10-03 15:00:00,2026-10-20 19:45:00,1,2,5.9435158115105775,1.7403853273653578,1.6475407529846477,4.346549929586587,0.0,1.89,0.68,2.1876933939578893,0.0,0,1.0,2.0,-0.011945996155752148,13.75,0,0,Shrewsbury (H) · Port Vale (A) · Northampton (H) · Rochdale (A),-1.7403853273653578,0.44730806659253153,-2.1876933939578893,-1.3558989682404625,0.44989692206640586,0.17513131585252184,in progress,1.4858789528776444,1.4488499765288623
E3,Grimsby,4,13,16,4,2026-10-24 15:00:00,2026-11-21 15:00:00,0,2,5.724336949026475,0.0,0.0,5.839440177271918,0.0,0.0,0.0,0.0,0.0,0,0.0,0.0,0.04713788579536957,9.5,0,0,Gillingham (A) · York (H) · Swindon (A) · Rotherham (H),,,,,,,upcoming,1.4310842372566188,1.4598600443179794
E3,Grimsby,5,17,20,4,2026-11-28 15:00:00,2026-12-19 15:00:00,0,2,5.654171425867147,0.0,0.0,5.699035602036254,0.0,0.0,0.0,0.0,0.0,0,0.0,0.0,0.0665386503382837,9.25,0,0,Crewe (A) · Colchester (H) · Chesterfield (A) · Barnet (H),,,,,,,upcoming,1.4135428564667867,1.4247589005090635
E3,Grimsby,6,21,24,4,2026-12-26 15:00:00,2027-01-09 12:30:00,0,2,5.522820002615206,0.0,0.0,5.642653772960135,0.0,0.0,0.0,0.0,0.0,0,0.0,0.0,0.1054625065737996,7.75,0,0,Salford (A) · Oldham (H) · Tranmere (H) · Barnet (A),,,,,,,upcoming,1.3807050006538015,1.4106634432400338
E3,Grimsby,7,25,28,4,2027-01-16 15:00:00,2027-01-30 15:00:00,0,2,5.844236140008899,0.0,0.0,5.9896459739480195,0.0,0.0,0.0,0.0,0.0,0,0.0,0.0,0.014949736202632725,12.25,0,0,Northampton (A) · Rochdale (H) · Gillingham (H) · York (A),,,,,,,upcoming,1.4610590350022248,1.4974114934870049
E3,Grimsby,8,29,32,4,2027-02-06 15:00:00,2027-02-20 15:00:00,0,2,6.182286220872836,0.0,0.0,6.279632796986354,0.0,0.0,0.0,0.0,0.0,0,0.0,0.0,-0.07686372162634156,16.25,0,0,Fleetwood (A) · Accrington (H) · Cheltenham (H) · Bristol Rovers (A),,,,,,,upcoming,1.545571555218209,1.5699081992465884
E3,Grimsby,9,33,36,4,2027-02-27 15:00:00,2027-03-20 15:00:00,0,2,5.894962420888449,0.0,0.0,5.996755805783045,0.0,0.0,0.0,0.0,0.0,0,0.0,0.0,0.0008000458089537504,11.75,0,0,Swindon (H) · Exeter (A) · Walsall (H) · Rotherham (A),,,,,,,upcoming,1.4737406052221123,1.4991889514457613
E3,Grimsby,10,37,40,4,2027-03-26 15:00:00,2027-04-10 15:00:00,0,2,5.539417848880736,0.0,0.0,5.616147959057958,0.0,0.0,0.0,0.0,0.0,0,0.0,0.0,0.09719022692762977,8.5,0,0,Tranmere (A) · Salford (H) · Oldham (A) · Chesterfield (H),,,,,,,upcoming,1.384854462220184,1.4040369897644895
E3,Grimsby,11,41,44,4,2027-04-13 19:45:00,2027-04-27 19:45:00,0,2,6.2788675302452255,0.0,0.0,6.364323315863829,0.0,0.0,0.0,0.0,0.0,0,0.0,0.0,-0.10469447823318834,17.5,0,0,Port Vale (H) · Crawley (A) · Newport (H) · Shrewsbury (A),,,,,,,upcoming,1.5697168825613064,1.5910808289659573
E3,Grimsby,12,45,46,2,2027-05-01 15:00:00,2027-05-08 15:00:00,0,1,2.9555315798753115,0.0,0.0,3.0153209349576673,0.0,0.0,0.0,0.0,0.0,0,0.0,0.0,-0.00352231069647645,14.0,0,0,Crewe (H) · Colchester (A),,,,,,,upcoming,1.4777657899376557,1.5076604674788336
E3,Newport,1,1,4,4,2026-08-15 12:30:00,2026-09-01 19:45:00,4,2,4.166768350998469,4.166768350998469,5.706998800310657,0.0,4.0,4.02,7.51,4.223915294494389,3.9481375426239387,4,9.0,9.0,0.08455524017118628,9.5,0,0,Rochdale (H) · Bristol Rovers (A) · Tranmere (H) · Salford (A),-0.16676835099846876,0.05714694349591998,-0.22391529449438874,-0.06980873107887257,0.03088257403959111,0.9443458977381776,complete,1.0416920877496172,
E3,Newport,2,5,8,4,2026-09-05 15:00:00,2026-09-26 15:00:00,4,2,4.567708477284224,4.567708477284223,6.166248979589945,0.0,5.0,4.32,3.44,5.8797163583206995,1.9948980938759848,2,3.0,3.0,-0.04488385511077115,14.75,0,0,Northampton (A) · Fleetwood (H) · Accrington (A) · Grimsby (H),0.43229152271577664,1.3120078810364761,-0.8797163583206995,0.17408693967164565,0.6821035193412139,0.8617971371076454,complete,1.141927119321056,
E3,Newport,3,9,12,4,2026-10-03 15:00:00,2026-10-20 19:45:00,1,2,4.268302244473007,0.9415660963990594,1.4021804520764825,3.3350029989795673,1.0,1.4,0.32,2.2057175726713347,0.0,0,0.0,0.0,0.041863836124274925,10.25,0,0,Gillingham (A) · Colchester (H) · York (H) · Rotherham (A),0.058433903600940584,1.2641514762722754,-1.2057175726713347,0.049347248874334684,1.3782294854028723,0.9606425662018163,in progress,1.0670755611182519,1.1116676663265224
E3,Newport,4,13,16,4,2026-10-24 12:30:00,2026-11-21 12:30:00,0,2,4.451540193303136,0.0,0.0,4.527836096397591,0.0,0.0,0.0,0.0,0.0,0,0.0,0.0,-0.013036925444084652,13.25,0,0,Cheltenham (A) · Chesterfield (H) · Crewe (A) · Swindon (H),,,,,,,upcoming,1.112885048325784,1.1319590240993977
E3,Newport,5,17,20,4,2026-11-28 15:00:00,2026-12-19 15:00:00,0,2,4.35304014103827,0.0,0.0,4.424592898328285,0.0,0.0,0.0,0.0,0.0,0,0.0,0.0,0.017968537394366026,11.25,0,0,Port Vale (A) · Walsall (H) · Crawley (A) · Oldham (H),,,,,,,upcoming,1.0882600352595675,1.1061482245820713
E3,Newport,6,21,24,4,2026-12-26 15:00:00,2027-01-09 15:00:00,0,2,4.4139204929224665,0.0,0.0,4.429375759604329,0.0,0.0,0.0,0.0,0.0,0,0.0,0.0,0.0005532256156032256,12.0,0,0,Exeter (A) · Shrewsbury (H) · Barnet (H) · Oldham (A),,,,,,,upcoming,1.1034801232306166,1.1073439399010823
E3,Newport,7,25,28,4,2027-01-16 15:00:00,2027-01-30 15:00:00,0,2,4.367342482736012,0.0,0.0,4.333314408621826,0.0,0.0,0.0,0.0,0.0,0,0.0,0.0,0.018741532550322623,11.0,0,0,York (A) · Rotherham (H) · Cheltenham (H) · Chesterfield (A),,,,,,,upcoming,1.091835620684003,1.0833286021554565
E3,Newport,8,29,32,4,2027-02-06 15:00:00,2027-02-20 15:00:00,0,2,4.321713495825913,0.0,0.0,4.475214974065673,0.0,0.0,0.0,0.0,0.0,0,0.0,0.0,0.024588119856469,13.0,0,0,Tranmere (A) · Salford (H) · Northampton (H) · Fleetwood (A),,,,,,,upcoming,1.0804283739564782,1.1188037435164182
E3,Newport,9,33,36,4,2027-02-27 15:00:00,2027-03-20 15:00:00,0,2,4.283134652401268,0.0,0.0,4.4207515769715675,0.0,0.0,0.0,0.0,0.0,0,0.0,0.0,0.0366216100634321,10.75,0,0,Crewe (H) · Rochdale (A) · Bristol Rovers (H) · Swindon (A),,,,,,,upcoming,1.070783663100317,1.1051878942428919
E3,Newport,10,37,40,4,2027-03-26 15:00:00,2027-04-10 15:00:00,0,2,4.6041926928864445,0.0,0.0,4.649177063547625,0.0,0.0,0.0,0.0,0.0,0,0.0,0.0,-0.050203380798121526,15.25,0,0,Barnet (A) · Exeter (H) · Shrewsbury (A) · Crawley (H),,,,,,,upcoming,1.1510481732216111,1.1622942658869062
E3,Newport,11,41,44,4,2027-04-13 19:45:00,2027-04-27 19:45:00,0,2,4.469556703082782,0.0,0.0,4.535034376757713,0.0,0.0,0.0,0.0,0.0,0,0.0,0.0,-0.011452966729618323,13.0,0,0,Colchester (A) · Accrington (H) · Grimsby (A) · Gillingham (H),,,,,,,upcoming,1.1173891757706955,1.1337585941894281
E3,Newport,12,45,46,2,2027-05-01 15:00:00,2027-05-08 15:00:00,0,1,2.0753441910803234,0.0,0.0,2.099920180602325,0.0,0.0,0.0,0.0,0.0,0,0.0,0.0,0.07453052970880905,8.0,0,0,Port Vale (H) · Walsall (A),,,,,,,upcoming,1.0376720955401617,1.0499600903011626
E3,Northampton,1,1,4,4,2026-08-15 15:00:00,2026-09-01 19:45:00,4,2,5.51772914452692,5.51772914452692,6.524623724008453,0.0,3.0,3.03,4.23,4.727637009396495,6.1441999275951025,4,2.0,3.0,-0.0268061476465094,14.5,0,0,Swindon (H) · Crewe (A) · Gillingham (A) · Crawley (H),-2.5177291445269203,-0.7900921351304255,-1.7276370093964948,-0.985669394570616,-0.39932304860387485,0.32429537273508346,complete,1.37943228613173,
E3,Northampton,2,5,8,4,2026-09-05 15:00:00,2026-09-26 15:00:00,3,2,5.635291321019638,4.546383664311876,4.949652556367878,1.0744180683584463,3.0,1.74,2.91,2.9338822325812823,3.2015694289426415,2,1.0,3.0,-0.05818687434733695,14.5,0,0,Newport (H) · Shrewsbury (A) · Rotherham (H) · Port Vale (A),-1.5463836643118762,-1.612501431730594,0.06611776741871767,-0.6950721634018615,-0.9357010708376057,0.4870100786374296,in progress,1.4088228302549095,1.0744180683584463
E3,Northampton,3,9,12,4,2026-10-03 15:00:00,2026-10-20 19:45:00,0,2,5.263755706888288,0.0,0.0,5.1122952134625175,0.0,0.0,0.0,0.0,0.0,0,0.0,0.0,0.04439775309947902,9.5,0,0,Oldham (H) · York (A) · Grimsby (A) · Tranmere (H),,,,,,,upcoming,1.315938926722072,1.2780738033656294
E3,Northampton,4,13,16,4,2026-10-24 12:30:00,2026-11-21 15:00:00,0,2,5.370606200561297,0.0,0.0,5.322980149473007,0.0,0.0,0.0,0.0,0.0,0,0.0,0.0,0.017563061465881977,13.25,0,0,Colchester (H) · Accrington (A) · Salford (A) · Rochdale (H),,,,,,,upcoming,1.3426515501403242,1.3307450373682517
E3,Northampton,5,17,20,4,2026-11-28 15:00:00,2026-12-19 12:30:00,0,2,5.447365664741095,0.0,0.0,5.307666524847107,0.0,0.0,0.0,0.0,0.0,0,0.0,0.0,-0.005689330438477351,12.25,0,0,Walsall (A) · Fleetwood (H) · Barnet (A) · Exeter (H),,,,,,,upcoming,1.3618414161852737,1.3269166312117768
E3,Northampton,6,21,24,4,2026-12-26 15:00:00,2027-01-09 15:00:00,0,2,5.399219836734053,0.0,0.0,5.205144683377473,0.0,0.0,0.0,0.0,0.0,0,0.0,0.0,0.006109688002939848,11.75,0,0,Chesterfield (A) · Cheltenham (H) · Bristol Rovers (H) · Exeter (A),,,,,,,upcoming,1.3498049591835133,1.3012861708443682
E3,Northampton,7,25,28,4,2027-01-16 15:00:00,2027-01-30 15:00:00,0,2,5.576614796851361,0.0,0.0,5.4634210382093364,0.0,0.0,0.0,0.0,0.0,0,0.0,0.0,-0.0433964970449981,14.75,0,0,Grimsby (H) · Tranmere (A) · Colchester (A) · Accrington (H),,,,,,,upcoming,1.3941536992128403,1.3658552595523341
E3,Northampton,8,29,32,4,2027-02-06 15:00:00,2027-02-20 15:00:00,0,2,5.89901609587314,0.0,0.0,5.776221331524711,0.0,0.0,0.0,0.0,0.0,0,0.0,0.0,-0.1317572367867359,19.25,0,0,Gillingham (H) · Crawley (A) · Newport (A) · Shrewsbury (H),,,,,,,upcoming,1.474754023968285,1.4440553328811778
E3,Northampton,9,33,36,4,2027-02-27 15:00:00,2027-03-20 15:00:00,0,2,5.164740816042955,0.0,0.0,5.168079620585486,0.0,0.0,0.0,0.0,0.0,0,0.0,0.0,0.06932985108807847,10.5,0,0,Salford (H) · Swindon (A) · Crewe (H) · Rochdale (A),,,,,,,upcoming,1.2911852040107388,1.2920199051463714
E3,Northampton,10,37,40,4,2027-03-26 15:00:00,2027-04-10 15:00:00,0,2,5.1744188009988745,0.0,0.0,4.987649459331331,0.0,0.0,0.0,0.0,0.0,0,0.0,0.0,0.067710411653233,8.25,0,0,Bristol Rovers (A) · Chesterfield (H) · Cheltenham (A) · Barnet (H),,,,,,,upcoming,1.2936047002497186,1.2469123648328329
E3,Northampton,11,41,44,4,2027-04-13 19:45:00,2027-04-27 19:45:00,0,2,5.116592856440913,0.0,0.0,4.946891845639677,0.0,0.0,0.0,0.0,0.0,0,0.0,0.0,0.08279167531517018,7.25,0,0,York (H) · Rotherham (A) · Port Vale (H) · Oldham (A),,,,,,,upcoming,1.2791482141102282,1.2367229614099193
E3,Northampton,12,45,46,2,2027-05-01 15:00:00,2027-05-08 15:00:00,0,1,2.783182497508668,0.0,0.0,2.731682306681993,0.0,0.0,0.0,0.0,0.0,0,0.0,0.0,-0.0413213842417519,14.5,0,0,Walsall (H) · Fleetwood (A),,,,,,,upcoming,1.391591248754334,1.3658411533409964
E3,Oldham,1,1,4,4,2026-08-15 12:30:00,2026-09-01 19:45:00,4,2,5.6027039151690445,5.6027039151690445,6.619470308702918,0.0,7.0,5.7299999999999995,4.529999999999999,6.036806783546046,6.106126696437102,4,7.0,3.0,0.014618577416931726,11.5,0,0,Port Vale (H) · Colchester (A) · Swindon (H) · Fleetwood (A),1.3972960848309555,0.4341028683770016,0.9631932164539538,0.5430962735920498,0.21782384056683127,0.5870635181997959,complete,1.4006759787922611,
E3,Oldham,2,5,8,4,2026-09-05 15:00:00,2026-09-26 17:30:00,4,2,5.403563844129319,5.403563844129319,6.590083146486551,0.0,0.0,6.24,6.01,5.570102976916505,3.093131856819177,2,2.0,10.0,0.06859481443753412,10.5,0,0,Tranmere (A) · Chesterfield (H) · Rochdale (A) · Salford (H),-5.403563844129319,0.1665391327871868,-5.570102976916505,-2.1049163429288673,0.08375200767785017,0.03529859082383324,complete,1.3508909610323296,
E3,Oldham,3,9,12,4,2026-10-03 15:00:00,2026-10-20 19:45:00,0,2,5.996665275584074,0.0,0.0,6.043465962384209,0.0,0.0,0.0,0.0,0.0,0,0.0,0.0,-0.09189028671253592,17.5,0,0,Northampton (A) · Accrington (H) · Cheltenham (H) · Walsall (A),,,,,,,upcoming,1.4991663188960185,1.5108664905960523
E3,Oldham,4,13,16,4,2026-10-24 15:00:00,2026-11-21 15:00:00,0,2,5.8468518066227,0.0,0.0,5.86075771947918,0.0,0.0,0.0,0.0,0.0,0,0.0,0.0,-0.050203380798121526,15.25,0,0,Barnet (A) · Crawley (H) · Shrewsbury (A) · Exeter (H),,,,,,,upcoming,1.461712951655675,1.465189429869795
E3,Oldham,5,17,20,4,2026-11-28 15:00:00,2026-12-19 15:00:00,0,2,5.691152004092052,0.0,0.0,5.683061811311487,0.0,0.0,0.0,0.0,0.0,0,0.0,0.0,-0.009127368603417806,11.75,0,0,Rotherham (A) · Bristol Rovers (H) · Gillingham (H) · Newport (A),,,,,,,upcoming,1.422788001023013,1.4207654528278717
E3,Oldham,6,21,24,4,2026-12-26 15:00:00,2027-01-09 15:00:00,0,2,5.7296492844608755,0.0,0.0,5.682529711965942,0.0,0.0,0.0,0.0,0.0,0,0.0,0.0,-0.019012414490965357,12.5,0,0,York (H) · Grimsby (A) · Crewe (A) · Newport (H),,,,,,,upcoming,1.4324123211152189,1.4206324279914855
E3,Oldham,7,25,28,4,2027-01-16 15:00:00,2027-01-30 15:00:00,0,2,5.794260923514862,0.0,0.0,5.842428914793761,0.0,0.0,0.0,0.0,0.0,0,0.0,0.0,-0.037809325724311706,14.25,0,0,Cheltenham (A) · Walsall (H) · Barnet (H) · Crawley (A),,,,,,,upcoming,1.4485652308787156,1.4606072286984402
E3,Oldham,8,29,32,4,2027-02-06 15:00:00,2027-02-20 15:00:00,0,2,5.722217781955829,0.0,0.0,5.813155122900962,0.0,0.0,0.0,0.0,0.0,0,0.0,0.0,-0.01623880727131497,13.25,0,0,Swindon (A) · Fleetwood (H) · Tranmere (H) · Chesterfield (A),,,,,,,upcoming,1.4305544454889572,1.4532887807252406
E3,Oldham,9,33,36,4,2027-02-27 15:00:00,2027-03-20 15:00:00,0,2,5.733804819843955,0.0,0.0,5.758149449753962,0.0,0.0,0.0,0.0,0.0,0,0.0,0.0,-0.019827514167026997,13.75,0,0,Shrewsbury (H) · Port Vale (A) · Colchester (H) · Exeter (A),,,,,,,upcoming,1.4334512049609887,1.4395373624384904
E3,Oldham,10,37,40,4,2027-03-26 15:00:00,2027-04-10 15:00:00,0,2,5.4505580029776555,0.0,0.0,5.443437714248011,0.0,0.0,0.0,0.0,0.0,0,0.0,0.0,0.05698532975028202,9.5,0,0,Crewe (H) · York (A) · Grimsby (H) · Gillingham (A),,,,,,,upcoming,1.3626395007444139,1.3608594285620028
E3,Oldham,11,41,44,4,2027-04-13 19:45:00,2027-04-27 19:45:00,0,2,5.6166302595953566,0.0,0.0,5.723163140590577,0.0,0.0,0.0,0.0,0.0,0,0.0,0.0,0.014995371506462074,13.5,0,0,Accrington (A) · Rochdale (H) · Salford (A) · Northampton (H),,,,,,,upcoming,1.4041575648988391,1.4307907851476442
E3,Oldham,12,45,46,2,2027-05-01 15:00:00,2027-05-08 15:00:00,0,1,2.623335997858073,0.0,0.0,2.594000128646947,0.0,0.0,0.0,0.0,0.0,0,0.0,0.0,0.11491025140559595,5.5,0,0,Rotherham (H) · Bristol Rovers (A),,,,,,,upcoming,1.3116679989290365,1.2970000643234736
E3,Port Vale,1,1,4,4,2026-08-15 12:30:00,2026-09-01 19:45:00,4,2,5.923572729496622,5.923572729496622,6.57162174149339,0.0,2.0,4.34,5.05,4.902889209760489,6.042674354990047,4,2.0,6.0,-0.007993071548164424,13.0,0,0,Oldham (A) · Tranmere (H) · Crewe (H) · Swindon (A),-3.9235727294966223,-1.0206835197361332,-2.902889209760489,-1.5305426229971304,-0.5140190309159618,0.12588247160179256,complete,1.4808931823741556,
E3,Port Vale,2,5,8,4,2026-09-05 12:30:00,2026-09-26 15:00:00,3,2,5.682551923830764,4.051517703483046,4.7730760101862595,1.6383661031666366,3.0,2.81,2.33,4.402606053577834,2.6132486781439903,2,1.0,3.0,0.060159799007944,10.75,0,0,Salford (A) · Exeter (H) · Walsall (A) · Northampton (H),-1.0515177034830456,0.35108835009478856,-1.4026060535778342,-0.4813017199934161,0.20746346085127768,0.6303020748038368,in progress,1.420637980957691,1.6383661031666366
E3,Port Vale,3,9,12,4,2026-10-03 15:00:00,2026-10-20 20:00:00,0,2,5.639572694768537,0.0,0.0,5.562312607176372,0.0,0.0,0.0,0.0,0.0,0,0.0,0.0,0.06867955042939322,8.75,0,0,Colchester (A) · Grimsby (H) · Chesterfield (H) · Gillingham (A),,,,,,,upcoming,1.4098931736921343,1.390578151794093
E3,Port Vale,4,13,16,4,2026-10-24 15:00:00,2026-11-21 15:00:00,0,2,5.89966570134875,0.0,0.0,5.841707912802907,0.0,0.0,0.0,0.0,0.0,0,0.0,0.0,-0.0008877691174482283,12.25,0,0,York (A) · Rochdale (H) · Accrington (H) · Barnet (A),,,,,,,upcoming,1.4749164253371876,1.4604269782007266
E3,Port Vale,5,17,20,4,2026-11-28 15:00:00,2026-12-19 15:00:00,0,2,6.349206233806953,0.0,0.0,6.261536987753359,0.0,0.0,0.0,0.0,0.0,0,0.0,0.0,-0.12498392480528192,18.5,0,0,Newport (H) · Crawley (A) · Shrewsbury (A) · Rotherham (H),,,,,,,upcoming,1.5873015584517383,1.5653842469383397
E3,Port Vale,6,21,24,4,2026-12-26 15:00:00,2027-01-09 15:00:00,0,2,5.948848736493343,0.0,0.0,5.8943838065175225,0.0,0.0,0.0,0.0,0.0,0,0.0,0.0,-0.015264030538536276,12.75,0,0,Cheltenham (A) · Bristol Rovers (H) · Fleetwood (H) · Rotherham (A),,,,,,,upcoming,1.4872121841233357,1.4735959516293806
E3,Port Vale,7,25,28,4,2027-01-16 15:00:00,2027-01-30 15:00:00,0,2,5.726321095124272,0.0,0.0,5.660731446254635,0.0,0.0,0.0,0.0,0.0,0,0.0,0.0,0.04566633034273325,10.25,0,0,Chesterfield (A) · Gillingham (H) · York (H) · Rochdale (A),,,,,,,upcoming,1.431580273781068,1.4151828615636588
E3,Port Vale,8,29,32,4,2027-02-06 15:00:00,2027-02-20 15:00:00,0,2,5.67520517619034,0.0,0.0,5.689831821989924,0.0,0.0,0.0,0.0,0.0,0,0.0,0.0,0.058880643117383724,10.75,0,0,Crewe (A) · Swindon (H) · Salford (H) · Exeter (A),,,,,,,upcoming,1.418801294047585,1.422457955497481
E3,Port Vale,9,33,36,4,2027-02-27 15:00:00,2027-03-20 15:00:00,0,2,5.97772668446164,0.0,0.0,5.928846451074457,0.0,0.0,0.0,0.0,0.0,0,0.0,0.0,-0.023338677343510472,13.25,0,0,Accrington (A) · Oldham (H) · Tranmere (A) · Barnet (H),,,,,,,upcoming,1.49443167111541,1.4822116127686142
E3,Port Vale,10,37,40,4,2027-03-26 15:00:00,2027-04-10 15:00:00,0,2,6.105058211424032,0.0,0.0,6.050515956255015,0.0,0.0,0.0,0.0,0.0,0,0.0,0.0,-0.05689304303114455,15.5,0,0,Fleetwood (A) · Cheltenham (H) · Bristol Rovers (A) · Shrewsbury (H),,,,,,,upcoming,1.526264552856008,1.5126289890637536
E3,Port Vale,11,41,44,4,2027-04-13 19:45:00,2027-04-27 19:45:00,0,2,5.752632768337185,0.0,0.0,5.719894982084257,0.0,0.0,0.0,0.0,0.0,0,0.0,0.0,0.03875021265511808,10.5,0,0,Grimsby (A) · Walsall (H) · Northampton (A) · Colchester (H),,,,,,,upcoming,1.4381581920842963,1.4299737455210642
E3,Port Vale,12,45,46,2,2027-05-01 15:00:00,2027-05-08 15:00:00,0,1,3.3378657537334355,0.0,0.0,3.3213153341441375,0.0,0.0,0.0,0.0,0.0,0,0.0,0.0,-0.2126335724212264,22.5,0,0,Newport (A) · Crawley (H),,,,,,,upcoming,1.6689328768667178,1.6606576670720687
E3,Rochdale,1,1,4,4,2026-08-15 12:30:00,2026-09-01 19:45:00,4,2,5.734768507145489,5.73476850714549,6.583617753329454,0.0,3.0,2.9699999999999998,5.77,3.4040991597369867,5.807406914546576,4,4.0,6.0,-0.13460000291475627,19.5,0,0,Newport (A) · Crawley (H) · Colchester (A) · Shrewsbury (H),-2.73476850714549,-2.330669347408503,-0.40409915973698673,-1.065830800063587,-1.172661684875546,0.28650013511030936,complete,1.4336921267863723,
E3,Rochdale,2,5,8,4,2026-09-05 15:00:00,2026-09-26 15:00:00,4,2,5.2407268080019875,5.2407268080019875,6.504495550918808,0.0,7.0,3.54,6.9399999999999995,3.292405592280304,2.505920597550257,2,5.0,5.0,-0.000223127676517023,12.25,0,0,Gillingham (H) · Walsall (A) · Oldham (H) · Fleetwood (A),1.7592731919980125,-1.9483212157216836,3.707594407719696,0.6898052167129014,-0.9862298066754936,0.4903166876431557,complete,1.3101817020004969,
E3,Rochdale,3,9,12,4,2026-10-03 15:00:00,2026-10-20 19:45:00,1,2,5.207821549605201,1.4370358824519864,1.6708590326464416,3.631654011837437,3.0,1.78,0.87,1.9864941806832976,0.0,0,1.0,0.0,0.008370292577198402,12.0,0,0,Swindon (H) · Tranmere (A) · Crewe (A) · Grimsby (H),1.5629641175480136,0.5494582982313112,1.0135058193167024,1.2091469987080343,0.5487685401490833,0.22660637574156905,in progress,1.3019553874013003,1.2105513372791457
E3,Rochdale,4,13,16,4,2026-10-24 15:00:00,2026-11-21 15:00:00,0,2,5.231410929756379,0.0,0.0,5.035689196940092,0.0,0.0,0.0,0.0,0.0,0,0.0,0.0,0.004759213630597301,12.25,0,0,Accrington (H) · Port Vale (A) · York (H) · Northampton (A),,,,,,,upcoming,1.3078527324390947,1.258922299235023
E3,Rochdale,5,17,20,4,2026-11-28 15:00:00,2026-12-19 15:00:00,0,2,5.183416952874971,0.0,0.0,4.959605902243188,0.0,0.0,0.0,0.0,0.0,0,0.0,0.0,0.014381967649109671,11.0,0,0,Barnet (H) · Cheltenham (A) · Exeter (A) · Bristol Rovers (H),,,,,,,upcoming,1.2958542382187428,1.239901475560797
E3,Rochdale,6,21,24,4,2026-12-26 15:00:00,2027-01-09 15:00:00,0,2,4.6459417135689645,0.0,0.0,4.390316888398955,0.0,0.0,0.0,0.0,0.0,0,0.0,0.0,0.1661513185014486,4.5,0,0,Rotherham (A) · Salford (H) · Chesterfield (H) · Bristol Rovers (A),,,,,,,upcoming,1.1614854283922411,1.0975792220997387
E3,Rochdale,7,25,28,4,2027-01-16 15:00:00,2027-01-30 15:00:00,0,2,5.207304522855811,0.0,0.0,4.990248542326703,0.0,0.0,0.0,0.0,0.0,0,0.0,0.0,0.010118918796700148,11.75,0,0,Crewe (H) · Grimsby (A) · Accrington (A) · Port Vale (H),,,,,,,upcoming,1.3018261307139527,1.2475621355816757
E3,Rochdale,8,29,32,4,2027-02-06 15:00:00,2027-02-20 15:00:00,0,2,5.306142364098659,0.0,0.0,5.12665508964878,0.0,0.0,0.0,0.0,0.0,0,0.0,0.0,-0.0180807104032861,14.0,0,0,Colchester (H) · Shrewsbury (A) · Gillingham (A) · Walsall (H),,,,,,,upcoming,1.3265355910246648,1.281663772412195
E3,Rochdale,9,33,36,4,2027-02-27 15:00:00,2027-03-20 15:00:00,0,2,5.549968100956129,0.0,0.0,5.349948498341772,0.0,0.0,0.0,0.0,0.0,0,0.0,0.0,-0.08320920196224375,16.5,0,0,York (A) · Newport (H) · Crawley (A) · Northampton (H),,,,,,,upcoming,1.3874920252390321,1.337487124585443
E3,Rochdale,10,37,40,4,2027-03-26 15:00:00,2027-04-10 15:00:00,0,2,4.914586089465125,0.0,0.0,4.660174293658642,0.0,0.0,0.0,0.0,0.0,0,0.0,0.0,0.09686244876367313,8.25,0,0,Chesterfield (A) · Rotherham (H) · Salford (A) · Exeter (H),,,,,,,upcoming,1.2286465223662812,1.1650435734146605
E3,Rochdale,11,41,44,4,2027-04-13 19:45:00,2027-04-27 19:45:00,0,2,5.359124666709079,0.0,0.0,5.271207789888373,0.0,0.0,0.0,0.0,0.0,0,0.0,0.0,-0.0305226308146479,13.75,0,0,Tranmere (H) · Oldham (A) · Fleetwood (H) · Swindon (A),,,,,,,upcoming,1.3397811666772697,1.3178019474720932
E3,Rochdale,12,45,46,2,2027-05-01 15:00:00,2027-05-08 15:00:00,0,1,2.660279091305064,0.0,0.0,2.5684252643002328,0.0,0.0,0.0,0.0,0.0,0,0.0,0.0,-0.016555080241542508,12.5,0,0,Barnet (A) · Cheltenham (H),,,,,,,upcoming,1.330139545652532,1.2842126321501164
E3,Rotherham,1,1,4,4,2026-08-15 15:00:00,2026-09-01 19:45:00,4,2,5.665830989955049,5.665830989955049,6.662247119454991,0.0,5.0,7.21,4.77,7.078741297277681,4.9936416494567775,4,6.0,6.0,-0.019975309746511127,13.5,0,0,Cheltenham (A) · York (H) · Chesterfield (H) · Tranmere (A),-0.6658309899550492,1.4129103073226315,-2.0787412972776806,-0.2579607529536923,0.706689436045575,0.7964371969299668,complete,1.4164577474887623,
E3,Rotherham,2,5,8,4,2026-09-05 15:00:00,2026-09-26 15:00:00,4,2,5.160251236281413,5.160251236281413,6.426464480376364,0.0,5.0,5.27,3.91,6.154420940371855,2.069934236554773,2,5.0,5.0,0.12032777322464465,8.0,0,0,Bristol Rovers (A) · Salford (H) · Northampton (A) · Crewe (H),-0.1602512362814128,0.9941697040904423,-1.154420940371855,-0.06321429995864242,0.5062894101900584,0.9495958578340149,complete,1.2900628090703532,
E3,Rotherham,3,9,12,4,2026-10-03 15:00:00,2026-10-20 19:45:00,1,2,6.019721130170631,1.329182283599679,1.6443385411403169,4.78115596571087,0.0,0.52,1.62,0.5764794959934896,0.0,0,0.0,1.0,-0.11605274874438018,17.75,0,0,Exeter (A) · Gillingham (H) · Fleetwood (A) · Newport (H),-1.329182283599679,-0.7527027876061894,-0.5764794959934896,-1.036546825510853,-0.7577959521893751,0.29994710590390783,in progress,1.5049302825426578,1.5937186552369569
E3,Rotherham,4,13,16,4,2026-10-24 15:00:00,2026-11-21 15:00:00,0,2,5.696750965616349,0.0,0.0,5.830740601209536,0.0,0.0,0.0,0.0,0.0,0,0.0,0.0,-0.0259425303677241,13.75,0,0,Shrewsbury (H) · Swindon (A) · Crawley (H) · Grimsby (A),,,,,,,upcoming,1.4241877414040873,1.457685150302384
E3,Rotherham,5,17,20,4,2026-11-28 15:00:00,2026-12-19 15:00:00,0,2,5.26845175632505,0.0,0.0,5.336467920211313,0.0,0.0,0.0,0.0,0.0,0,0.0,0.0,0.09128124699759352,6.75,0,0,Oldham (H) · Barnet (A) · Walsall (H) · Port Vale (A),,,,,,,upcoming,1.3171129390812626,1.3341169800528283
E3,Rotherham,6,21,24,4,2026-12-26 15:00:00,2027-01-09 15:00:00,0,2,5.702450159326486,0.0,0.0,5.847727273782173,0.0,0.0,0.0,0.0,0.0,0,0.0,0.0,-0.029348984791529253,14.25,0,0,Rochdale (H) · Accrington (A) · Colchester (A) · Port Vale (H),,,,,,,upcoming,1.4256125398316215,1.4619318184455432
E3,Rotherham,7,25,28,4,2027-01-16 15:00:00,2027-01-30 15:00:00,0,2,6.037069677580191,0.0,0.0,6.174558643928509,0.0,0.0,0.0,0.0,0.0,0,0.0,0.0,-0.12045485976099712,18.0,0,0,Fleetwood (H) · Newport (A) · Shrewsbury (A) · Swindon (H),,,,,,,upcoming,1.5092674193950477,1.5436396609821272
E3,Rotherham,8,29,32,4,2027-02-06 15:00:00,2027-02-20 15:00:00,0,2,5.146076717027731,0.0,0.0,5.206565644195829,0.0,0.0,0.0,0.0,0.0,0,0.0,0.0,0.12743447620461484,7.0,0,0,Chesterfield (A) · Tranmere (H) · Bristol Rovers (H) · Salford (A),,,,,,,upcoming,1.2865191792569328,1.3016414110489571
E3,Rotherham,9,33,36,4,2027-02-27 15:00:00,2027-03-20 15:00:00,0,2,5.691418983125385,0.0,0.0,5.7598485307283855,0.0,0.0,0.0,0.0,0.0,0,0.0,0.0,-0.02568653075349888,13.5,0,0,Crawley (A) · Cheltenham (H) · York (A) · Grimsby (H),,,,,,,upcoming,1.4228547457813463,1.4399621326820964
E3,Rotherham,10,37,40,4,2027-03-26 15:00:00,2027-04-10 15:00:00,0,2,5.800524959657537,0.0,0.0,5.929622883108493,0.0,0.0,0.0,0.0,0.0,0,0.0,0.0,-0.055624486979251424,15.75,0,0,Colchester (H) · Rochdale (A) · Accrington (H) · Walsall (A),,,,,,,upcoming,1.4501312399143842,1.4824057207771233
E3,Rotherham,11,41,44,4,2027-04-13 19:45:00,2027-04-27 19:45:00,0,2,5.680946395139989,0.0,0.0,5.791002255483442,0.0,0.0,0.0,0.0,0.0,0,0.0,0.0,-0.0229359013240896,14.5,0,0,Gillingham (A) · Northampton (H) · Crewe (A) · Exeter (H),,,,,,,upcoming,1.4202365987849972,1.4477505638708605
E3,Rotherham,12,45,46,2,2027-05-01 15:00:00,2027-05-08 15:00:00,0,1,2.600180186748225,0.0,0.0,2.6283450372468677,0.0,0.0,0.0,0.0,0.0,0,0.0,0.0,0.108031964286378,5.5,0,0,Oldham (A) · Barnet (H),,,,,,,upcoming,1.3000900933741124,1.3141725186234339
E3,Salford,1,1,4,4,2026-08-15 15:00:00,2026-09-01 19:45:00,4,2,6.693230379932496,6.693230379932496,6.460520056366942,0.0,3.0,5.01,4.859999999999999,5.388381337334077,6.760525257769931,4,3.0,6.0,-0.033138389130848156,13.25,0,0,Barnet (A) · Chesterfield (H) · Shrewsbury (A) · Newport (H),-3.693230379932496,-1.304849042598419,-2.388381337334077,-1.453023572045887,-0.6627517856443992,0.14621720935077742,complete,1.673307594983124,
E3,Salford,2,5,8,4,2026-09-05 12:30:00,2026-09-26 17:30:00,4,2,6.339311416022057,6.339311416022057,6.641417540072245,0.0,10.0,5.06,4.640000000000001,5.716138974163265,3.2832469748807975,2,9.0,4.0,0.06612016845746632,8.0,0,0,Port Vale (H) · Rotherham (A) · Swindon (H) · Oldham (A),3.660688583977943,-0.6231724418587925,4.283861025836735,1.4204710679444421,-0.31217794827353706,0.1554705857248957,complete,1.5848278540055143,
E3,Salford,3,9,12,4,2026-10-03 15:00:00,2026-10-20 19:45:00,1,2,6.803662790395029,1.8939851394944383,1.5800159499402255,4.865700126311621,3.0,1.55,0.63,2.0325390375518415,0.0,0,1.0,0.0,-0.06177163442438768,15.75,0,0,Fleetwood (H) · Cheltenham (A) · Crawley (H) · Bristol Rovers (A),1.1060148605055617,0.13855389805740326,0.9674609624481585,0.8798937374738609,0.14230245347505766,0.3789168776246652,in progress,1.7009156975987572,1.6219000421038736
E3,Salford,4,13,16,4,2026-10-26 20:00:00,2026-11-21 15:00:00,0,2,6.832798728243668,0.0,0.0,6.715546834017419,0.0,0.0,0.0,0.0,0.0,0,0.0,0.0,-0.06864138490936608,16.25,0,0,Walsall (A) · Exeter (H) · Northampton (H) · Accrington (A),,,,,,,upcoming,1.708199682060917,1.6788867085043548
E3,Salford,5,17,20,4,2026-11-28 15:00:00,2026-12-17 20:00:00,0,2,6.672040407899787,0.0,0.0,6.646431985885343,0.0,0.0,0.0,0.0,0.0,0,0.0,0.0,-0.024289435728586398,14.75,0,0,Gillingham (H) · Tranmere (A) · Colchester (H) · Crewe (A),,,,,,,upcoming,1.6680101019749467,1.6616079964713357
E3,Salford,6,21,24,4,2026-12-26 15:00:00,2027-01-09 15:00:00,0,2,6.437378294568974,0.0,0.0,6.336403452059332,0.0,0.0,0.0,0.0,0.0,0,0.0,0.0,0.039412231769513695,10.5,0,0,Grimsby (H) · Rochdale (A) · York (A) · Crewe (H),,,,,,,upcoming,1.6093445736422436,1.584100863014833
E3,Salford,7,25,28,4,2027-01-16 15:00:00,2027-01-30 15:00:00,0,2,6.6092939398879365,0.0,0.0,6.499416381725443,0.0,0.0,0.0,0.0,0.0,0,0.0,0.0,-0.006872277833659526,12.75,0,0,Crawley (A) · Bristol Rovers (H) · Walsall (H) · Exeter (A),,,,,,,upcoming,1.6523234849719841,1.6248540954313608
E3,Salford,8,29,32,4,2027-02-06 15:00:00,2027-02-20 15:00:00,0,2,6.793546790716191,0.0,0.0,6.647228705397831,0.0,0.0,0.0,0.0,0.0,0,0.0,0.0,-0.05818687434733694,14.5,0,0,Shrewsbury (H) · Newport (A) · Port Vale (A) · Rotherham (H),,,,,,,upcoming,1.6983866976790478,1.6618071763494577
E3,Salford,9,33,36,4,2027-02-27 15:00:00,2027-03-20 15:00:00,0,2,6.511636934505913,0.0,0.0,6.378358448226278,0.0,0.0,0.0,0.0,0.0,0,0.0,0.0,0.017478220427761954,11.5,0,0,Northampton (A) · Barnet (H) · Chesterfield (A) · Accrington (H),,,,,,,upcoming,1.6279092336264782,1.5945896120565695
E3,Salford,10,37,40,4,2027-03-26 15:00:00,2027-04-10 15:00:00,0,2,6.416103563569135,0.0,0.0,6.336956663366239,0.0,0.0,0.0,0.0,0.0,0,0.0,0.0,0.044903104796742775,10.0,0,0,York (H) · Grimsby (A) · Rochdale (H) · Colchester (A),,,,,,,upcoming,1.6040258908922838,1.5842391658415598
E3,Salford,11,41,44,4,2027-04-13 19:45:00,2027-04-27 19:45:00,0,2,6.760470740680496,0.0,0.0,6.762692309423798,0.0,0.0,0.0,0.0,0.0,0,0.0,0.0,-0.04985030825390105,14.5,0,0,Cheltenham (H) · Swindon (A) · Oldham (H) · Fleetwood (A),,,,,,,upcoming,1.690117685170124,1.6906730773559495
E3,Salford,12,45,46,2,2027-05-01 15:00:00,2027-05-08 15:00:00,0,1,3.3710865707567885,0.0,0.0,3.3767421515961704,0.0,0.0,0.0,0.0,0.0,0,0.0,0.0,-0.04505656076069635,15.5,0,0,Gillingham (A) · Tranmere (H),,,,,,,upcoming,1.6855432853783943,1.6883710757980852
E3,Shrewsbury,1,1,4,4,2026-08-15 15:00:00,2026-09-01 19:45:00,4,2,4.711063258967409,4.711063258967409,6.29799312364134,0.0,3.0,4.9,4.109999999999999,5.951490621818633,4.394012083282451,4,2.0,8.0,0.07686709408370394,9.75,0,0,Tranmere (A) · Barnet (H) · Salford (H) · Rochdale (A),-1.7110632589674086,1.2404273628512241,-2.9514906218186328,-0.6818125247872219,0.6381086349986915,0.4953575035173241,complete,1.1777658147418522,
E3,Shrewsbury,2,5,8,4,2026-09-05 12:30:00,2026-09-26 15:00:00,4,2,5.093805924856922,5.093805924856922,6.4445179975887905,0.0,5.0,4.8,4.05,5.923036150205487,2.3714205833608135,2,5.0,5.0,-0.028619559922379825,15.0,0,0,Fleetwood (A) · Northampton (H) · Crewe (A) · Colchester (H),-0.0938059248569223,0.8292302253485646,-0.9230361502054869,-0.03695175324989024,0.4217006574148207,0.9705234747720513,complete,1.2734514812142306,
E3,Shrewsbury,3,9,12,4,2026-10-03 15:00:00,2026-10-20 19:45:00,1,2,4.926017912767649,0.9872776019332412,1.4424416011178711,3.9691262983933213,3.0,0.68,1.89,0.5812346457363732,0.0,0,2.0,1.0,0.019726144435205248,11.0,0,0,Grimsby (A) · Exeter (H) · Bristol Rovers (H) · Crawley (A),2.012722398066759,-0.40604295619686803,2.418765354263627,1.6758485190012713,-0.4364628017479453,0.09376786769535395,in progress,1.2315044781919122,1.3230420994644405
E3,Shrewsbury,4,13,16,4,2026-10-24 15:00:00,2026-11-21 15:00:00,0,2,4.775846986296887,0.0,0.0,4.7836092736600655,0.0,0.0,0.0,0.0,0.0,0,0.0,0.0,0.06193226441350475,8.75,0,0,Rotherham (A) · Gillingham (H) · Oldham (H) · Chesterfield (A),,,,,,,upcoming,1.1939617465742218,1.1959023184150164
E3,Shrewsbury,5,17,20,4,2026-11-28 15:00:00,2026-12-19 15:00:00,0,2,4.948333827901411,0.0,0.0,4.979552957157701,0.0,0.0,0.0,0.0,0.0,0,0.0,0.0,0.014512097435581323,11.25,0,0,Cheltenham (H) · York (A) · Port Vale (H) · Walsall (A),,,,,,,upcoming,1.2370834569753528,1.2448882392894252
E3,Shrewsbury,6,21,24,4,2026-12-26 15:00:00,2027-01-09 12:30:00,0,2,5.380536259340114,0.0,0.0,5.45859147807503,0.0,0.0,0.0,0.0,0.0,0,0.0,0.0,-0.10877508356863583,17.0,0,0,Swindon (H) · Newport (A) · Accrington (A) · Walsall (H),,,,,,,upcoming,1.3451340648350285,1.3646478695187576
E3,Shrewsbury,7,25,28,4,2027-01-16 15:00:00,2027-01-30 15:00:00,0,2,4.908321662253111,0.0,0.0,4.978563844122985,0.0,0.0,0.0,0.0,0.0,0,0.0,0.0,0.02713608373343215,11.0,0,0,Bristol Rovers (A) · Crawley (H) · Rotherham (H) · Gillingham (A),,,,,,,upcoming,1.2270804155632777,1.2446409610307463
E3,Shrewsbury,8,29,32,4,2027-02-06 15:00:00,2027-02-20 15:00:00,0,2,4.878807488626364,0.0,0.0,5.059976558636304,0.0,0.0,0.0,0.0,0.0,0,0.0,0.0,0.03895855219108045,12.25,0,0,Salford (A) · Rochdale (H) · Fleetwood (H) · Northampton (A),,,,,,,upcoming,1.219701872156591,1.264994139659076
E3,Shrewsbury,9,33,36,4,2027-02-27 15:00:00,2027-03-20 15:00:00,0,2,4.799382162532718,0.0,0.0,4.820427151669374,0.0,0.0,0.0,0.0,0.0,0,0.0,0.0,0.056793839815501075,9.0,0,0,Oldham (A) · Tranmere (H) · Barnet (A) · Chesterfield (H),,,,,,,upcoming,1.1998455406331796,1.2051067879173436
E3,Shrewsbury,10,37,40,4,2027-03-26 15:00:00,2027-04-10 15:00:00,0,2,5.308436360472693,0.0,0.0,5.405074544413471,0.0,0.0,0.0,0.0,0.0,0,0.0,0.0,-0.08249958138091365,15.5,0,0,Accrington (H) · Swindon (A) · Newport (H) · Port Vale (A),,,,,,,upcoming,1.3271090901181732,1.3512686361033677
E3,Shrewsbury,11,41,44,4,2027-04-13 19:45:00,2027-04-27 19:45:00,0,2,4.964874538291712,0.0,0.0,5.007039802167952,0.0,0.0,0.0,0.0,0.0,0,0.0,0.0,0.00701746727002045,12.25,0,0,Exeter (A) · Crewe (H) · Colchester (A) · Grimsby (H),,,,,,,upcoming,1.241218634572928,1.251759950541988
E3,Shrewsbury,12,45,46,2,2027-05-01 15:00:00,2027-05-08 15:00:00,0,1,2.5748413605245677,0.0,0.0,2.5813228916154474,0.0,0.0,0.0,0.0,0.0,0,0.0,0.0,-0.045506334837646406,14.5,0,0,Cheltenham (A) · York (H),,,,,,,upcoming,1.2874206802622838,1.2906614458077237
E3,Swindon,1,1,4,4,2026-08-15 15:00:00,2026-09-01 19:45:00,4,2,5.533368423840005,5.533368423840005,6.5032841558662895,0.0,7.0,2.6399999999999997,6.32,3.343552963856058,4.970100005937168,4,5.0,5.0,0.00023390909086487555,12.25,0,0,Northampton (A) · Cheltenham (H) · Oldham (A) · Port Vale (H),1.4666315761599948,-2.189815459983947,3.656447036143942,0.5751149613410748,-1.1085761401736065,0.5652135500693398,complete,1.3833421059600013,
E3,Swindon,2,5,8,4,2026-09-05 15:00:00,2026-09-26 15:00:00,4,2,5.353102348438182,5.353102348438181,6.304740254814255,0.0,4.0,5.44,7.92,4.048434287185005,2.1222569293095797,2,4.0,7.0,0.05423894984742843,11.0,0,0,Colchester (H) · York (A) · Salford (A) · Accrington (H),-1.3531023484381812,-1.3046680612531762,-0.048434287185004976,-0.5388861827769764,-0.6707965280878644,0.5899653917762158,complete,1.3382755871095455,
E3,Swindon,3,9,12,4,2026-10-03 15:00:00,2026-10-20 19:45:00,1,2,5.436726566765836,1.2753758739205348,1.6243675147280783,3.9603819078347646,0.0,0.87,1.78,0.7611635573769672,0.0,0,0.0,1.0,0.027289436798700873,11.25,0,0,Rochdale (A) · Crewe (H) · Walsall (H) · Barnet (A),-1.2753758739205348,-0.5142123165435676,-0.7611635573769672,-1.0006819114806844,-0.5208644317396336,0.31698061515000475,in progress,1.359181641691459,1.3201273026115883
E3,Swindon,4,13,16,4,2026-10-24 12:30:00,2026-11-21 12:30:00,0,2,5.470316674950805,0.0,0.0,5.155907154865246,0.0,0.0,0.0,0.0,0.0,0,0.0,0.0,0.018258310031272346,9.75,0,0,Bristol Rovers (A) · Rotherham (H) · Grimsby (H) · Newport (A),,,,,,,upcoming,1.3675791687377012,1.2889767887163115
E3,Swindon,5,17,20,4,2026-11-28 15:00:00,2026-12-19 15:00:00,0,2,5.6002728142618965,0.0,0.0,5.388075866699536,0.0,0.0,0.0,0.0,0.0,0,0.0,0.0,-0.018670090814389247,13.75,0,0,Chesterfield (H) · Gillingham (A) · Fleetwood (A) · Tranmere (H),,,,,,,upcoming,1.4000682035654741,1.347018966674884
E3,Swindon,6,21,24,4,2026-12-26 15:00:00,2027-01-09 15:00:00,0,2,5.956267737084746,0.0,0.0,5.740506581480691,0.0,0.0,0.0,0.0,0.0,0,0.0,0.0,-0.11572532881233137,19.25,0,0,Shrewsbury (A) · Exeter (H) · Crawley (H) · Tranmere (A),,,,,,,upcoming,1.4890669342711864,1.4351266453701728
E3,Swindon,7,25,28,4,2027-01-16 15:00:00,2027-01-30 15:00:00,0,2,5.160868425343006,0.0,0.0,4.8608627698153635,0.0,0.0,0.0,0.0,0.0,0,0.0,0.0,0.10123604970248502,6.25,0,0,Walsall (A) · Barnet (H) · Bristol Rovers (H) · Rotherham (A),,,,,,,upcoming,1.2902171063357515,1.2152156924538409
E3,Swindon,8,29,32,4,2027-02-06 15:00:00,2027-02-20 15:00:00,0,2,5.267020017309289,0.0,0.0,5.01905722251707,0.0,0.0,0.0,0.0,0.0,0,0.0,0.0,0.07317559720569583,8.25,0,0,Oldham (H) · Port Vale (A) · Colchester (A) · York (H),,,,,,,upcoming,1.3167550043273222,1.2547643056292674
E3,Swindon,9,33,36,4,2027-02-27 15:00:00,2027-03-20 15:00:00,0,2,5.852835325029189,0.0,0.0,5.615660450728258,0.0,0.0,0.0,0.0,0.0,0,0.0,0.0,-0.08646322957856722,16.0,0,0,Grimsby (A) · Northampton (H) · Cheltenham (A) · Newport (H),,,,,,,upcoming,1.4632088312572973,1.4039151126820646
E3,Swindon,10,37,40,4,2027-03-26 15:00:00,2027-04-10 15:00:00,0,2,5.952334443416999,0.0,0.0,5.731665171363962,0.0,0.0,0.0,0.0,0.0,0,0.0,0.0,-0.11464499691868452,19.0,0,0,Crawley (A) · Shrewsbury (H) · Exeter (A) · Fleetwood (H),,,,,,,upcoming,1.4880836108542497,1.4329162928409904
E3,Swindon,11,41,44,4,2027-04-13 19:45:00,2027-04-27 19:45:00,0,2,5.487250508136517,0.0,0.0,5.304642146528862,0.0,0.0,0.0,0.0,0.0,0,0.0,0.0,0.012072188438652905,13.75,0,0,Crewe (A) · Salford (H) · Accrington (A) · Rochdale (H),,,,,,,upcoming,1.3718126270341293,1.3261605366322156
E3,Swindon,12,45,46,2,2027-05-01 15:00:00,2027-05-08 15:00:00,0,1,2.642343473232438,0.0,0.0,2.495877485970145,0.0,0.0,0.0,0.0,0.0,0,0.0,0.0,0.0694427759753837,9.0,0,0,Chesterfield (A) · Gillingham (H),,,,,,,upcoming,1.321171736616219,1.2479387429850726
E3,Tranmere,1,1,4,4,2026-08-15 15:00:00,2026-09-01 19:45:00,4,2,5.251126420218504,5.251126420218504,6.441149058894015,0.0,6.0,4.58,6.8100000000000005,3.9686176703352127,5.584502839447026,4,7.0,5.0,-0.05818687434733695,14.5,0,0,Shrewsbury (H) · Port Vale (A) · Newport (A) · Rotherham (H),0.7488735797814963,-1.282508749883291,2.0313823296647873,0.2950712076822723,-0.6523836027398678,0.7679394839392673,complete,1.312781605054626,
E3,Tranmere,2,5,8,4,2026-09-05 15:00:00,2026-09-26 15:00:00,4,2,5.022899906915075,5.022899906915075,6.418571205545675,0.0,5.0,6.3,6.2,5.4340427019930635,2.549150876140096,2,3.0,3.0,0.0026177647937528263,12.0,0,0,Oldham (H) · Gillingham (A) · Exeter (A) · Walsall (H),-0.022899906915075263,0.41114279507798823,-0.4340427019930635,-0.00903887822065009,0.2095066811277213,0.9927881168242949,complete,1.2557249767287688,
E3,Tranmere,3,9,12,4,2026-10-03 12:30:00,2026-10-20 19:45:00,1,2,4.841947604054596,1.0040697109569083,1.4564599865249197,3.832567543399315,0.0,0.35,2.65,0.1975999128024764,0.0,0,2.0,4.0,0.05473150155334493,9.75,0,0,Chesterfield (A) · Rochdale (H) · Barnet (H) · Northampton (A),-1.0040697109569083,-0.806469798154432,-0.1975999128024764,-0.8319832585797294,-0.8627067655588908,0.4054183942690226,in progress,1.210486901013649,1.2775225144664384
E3,Tranmere,4,13,16,4,2026-10-24 15:00:00,2026-11-21 15:00:00,0,2,5.4167963428196195,0.0,0.0,5.398179465990172,0.0,0.0,0.0,0.0,0.0,0,0.0,0.0,-0.10588096433872045,18.5,0,0,Crawley (A) · Cheltenham (H) · Fleetwood (A) · Colchester (H),,,,,,,upcoming,1.3541990857049049,1.349544866497543
E3,Tranmere,5,17,20,4,2026-11-28 12:30:00,2026-12-19 15:00:00,0,2,4.4824736851341145,0.0,0.0,4.404294488976403,0.0,0.0,0.0,0.0,0.0,0,0.0,0.0,0.15560594241118678,5.0,0,0,Bristol Rovers (A) · Salford (H) · York (H) · Swindon (A),,,,,,,upcoming,1.1206184212835286,1.1010736222441007
E3,Tranmere,6,21,24,4,2026-12-26 15:00:00,2027-01-09 15:00:00,0,2,5.096608433810161,0.0,0.0,5.028493201593074,0.0,0.0,0.0,0.0,0.0,0,0.0,0.0,-0.014512556213773129,13.0,0,0,Accrington (H) · Crewe (A) · Grimsby (A) · Swindon (H),,,,,,,upcoming,1.2741521084525402,1.2571233003982685
E3,Tranmere,7,25,28,4,2027-01-16 15:00:00,2027-01-30 15:00:00,0,2,5.201982638914715,0.0,0.0,5.159646673936898,0.0,0.0,0.0,0.0,0.0,0,0.0,0.0,-0.044007038177577354,15.0,0,0,Barnet (A) · Northampton (H) · Crawley (H) · Cheltenham (A),,,,,,,upcoming,1.3004956597286788,1.2899116684842244
E3,Tranmere,8,29,32,4,2027-02-06 15:00:00,2027-02-20 15:00:00,0,2,5.186759250807485,0.0,0.0,5.068321342256712,0.0,0.0,0.0,0.0,0.0,0,0.0,0.0,-0.03937161788040288,13.25,0,0,Newport (H) · Rotherham (A) · Oldham (A) · Gillingham (H),,,,,,,upcoming,1.2966898127018713,1.267080335564178
E3,Tranmere,9,33,36,4,2027-02-27 15:00:00,2027-03-20 15:00:00,0,2,5.115477994941121,0.0,0.0,5.052543389992389,0.0,0.0,0.0,0.0,0.0,0,0.0,0.0,-0.022668406637296846,14.0,0,0,Fleetwood (H) · Shrewsbury (A) · Port Vale (H) · Colchester (A),,,,,,,upcoming,1.2788694987352802,1.2631358474980972
E3,Tranmere,10,37,40,4,2027-03-26 15:00:00,2027-04-10 15:00:00,0,2,5.0275498909176815,0.0,0.0,4.857690307553034,0.0,0.0,0.0,0.0,0.0,0,0.0,0.0,0.002158950643930721,12.25,0,0,Grimsby (H) · Accrington (A) · Crewe (H) · York (A),,,,,,,upcoming,1.2568874727294204,1.2144225768882586
E3,Tranmere,11,41,44,4,2027-04-13 19:45:00,2027-04-27 19:45:00,0,2,5.037250958957054,0.0,0.0,4.901024524988443,0.0,0.0,0.0,0.0,0.0,0,0.0,0.0,-0.0006715096436825767,12.5,0,0,Rochdale (A) · Exeter (H) · Walsall (A) · Chesterfield (H),,,,,,,upcoming,1.2593127397392636,1.2252561312471109
E3,Tranmere,12,45,46,2,2027-05-01 15:00:00,2027-05-08 15:00:00,0,1,2.087927695369105,0.0,0.0,2.037860606823095,0.0,0.0,0.0,0.0,0.0,0,0.0,0.0,0.24931323706460556,1.5,0,0,Bristol Rovers (H) · Salford (A),,,,,,,upcoming,1.0439638476845525,1.0189303034115476
E3,Walsall,1,1,4,4,2026-08-15 15:00:00,2026-09-01 19:45:00,4,2,5.571140405307215,5.571140405307215,6.520337271360333,0.0,8.0,8.28,6.84,6.440291001956264,5.315118272054164,4,8.0,4.0,-0.016943839756847406,13.5,0,0,Gillingham (A) · Grimsby (H) · Accrington (H) · Crewe (A),2.428859594692785,0.8691505966490487,1.5597089980437362,0.9511902279322568,0.439424611178073,0.3415078181752178,complete,1.3927851013268038,
E3,Walsall,2,5,8,4,2026-09-05 15:00:00,2026-09-26 15:00:00,4,2,5.62181195590845,5.621811955908451,6.623328399970151,0.0,6.0,5.77,4.6,6.510425130353459,3.155524161168805,2,3.0,1.0,-0.03164567582400042,14.25,0,0,Exeter (A) · Rochdale (H) · Port Vale (H) · Tranmere (A),0.3781880440915488,0.8886131744450081,-0.5104251303534593,0.14695002037813068,0.4457578274726353,0.8831714698917372,complete,1.4054529889771126,
E3,Walsall,3,9,12,4,2026-10-03 15:00:00,2026-10-20 19:45:00,0,2,5.649023163020844,0.0,0.0,5.828216291188499,0.0,0.0,0.0,0.0,0.0,0,0.0,0.0,-0.03831339240366555,14.25,0,0,Crawley (H) · Fleetwood (A) · Swindon (A) · Oldham (H),,,,,,,upcoming,1.412255790755211,1.4570540727971248
E3,Walsall,4,13,16,4,2026-10-26 20:00:00,2026-11-21 15:00:00,0,2,4.987479986772636,0.0,0.0,5.042001685260557,0.0,0.0,0.0,0.0,0.0,0,0.0,0.0,0.14264374665260982,6.0,0,0,Salford (H) · Colchester (A) · Barnet (H) · York (A),,,,,,,upcoming,1.246869996693159,1.2605004213151392
E3,Walsall,5,17,20,4,2026-11-28 15:00:00,2026-12-19 15:00:00,0,2,5.842304372682335,0.0,0.0,5.879196610924808,0.0,0.0,0.0,0.0,0.0,0,0.0,0.0,-0.09066008898832478,16.75,0,0,Northampton (H) · Newport (A) · Rotherham (A) · Shrewsbury (H),,,,,,,upcoming,1.4605760931705838,1.469799152731202
E3,Walsall,6,21,24,4,2026-12-26 15:00:00,2027-01-09 12:30:00,0,2,5.517012294056487,0.0,0.0,5.507516719660394,0.0,0.0,0.0,0.0,0.0,0,0.0,0.0,-0.0007237065567513787,12.5,0,0,Bristol Rovers (A) · Chesterfield (H) · Cheltenham (H) · Shrewsbury (A),,,,,,,upcoming,1.3792530735141217,1.3768791799150986
E3,Walsall,7,25,28,4,2027-01-16 15:00:00,2027-01-30 15:00:00,0,2,5.147047012262248,0.0,0.0,5.306576770237677,0.0,0.0,0.0,0.0,0.0,0,0.0,0.0,0.1034161366054032,8.0,0,0,Swindon (H) · Oldham (A) · Salford (A) · Colchester (H),,,,,,,upcoming,1.286761753065562,1.3266441925594192
E3,Walsall,8,29,32,4,2027-02-06 15:00:00,2027-02-20 15:00:00,0,2,5.837171317775098,0.0,0.0,5.924633082741172,0.0,0.0,0.0,0.0,0.0,0,0.0,0.0,-0.08992492232376895,17.75,0,0,Accrington (A) · Crewe (H) · Exeter (H) · Rochdale (A),,,,,,,upcoming,1.4592928294437746,1.481158270685293
E3,Walsall,9,33,36,4,2027-02-27 15:00:00,2027-03-20 15:00:00,0,2,5.154306549662647,0.0,0.0,5.174754517717814,0.0,0.0,0.0,0.0,0.0,0,0.0,0.0,0.09889738660436154,6.5,0,0,Barnet (A) · Gillingham (H) · Grimsby (A) · York (H),,,,,,,upcoming,1.2885766374156618,1.2936886294294534
E3,Walsall,10,37,40,4,2027-03-26 15:00:00,2027-04-10 15:00:00,0,2,5.359618202319567,0.0,0.0,5.34251626292116,0.0,0.0,0.0,0.0,0.0,0,0.0,0.0,0.040905305935856895,9.75,0,0,Cheltenham (A) · Bristol Rovers (H) · Chesterfield (A) · Rotherham (H),,,,,,,upcoming,1.3399045505798917,1.33562906573029
E3,Walsall,11,41,44,4,2027-04-13 19:45:00,2027-04-27 19:45:00,0,2,5.720589714578277,0.0,0.0,5.882151203569081,0.0,0.0,0.0,0.0,0.0,0,0.0,0.0,-0.05664776221789937,15.75,0,0,Fleetwood (H) · Port Vale (A) · Tranmere (H) · Crawley (A),,,,,,,upcoming,1.4301474286445692,1.4705378008922703
E3,Walsall,12,45,46,2,2027-05-01 15:00:00,2027-05-08 15:00:00,0,1,3.0188765998813683,0.0,0.0,3.0637780045176926,0.0,0.0,0.0,0.0,0.0,0,0.0,0.0,-0.1439859007873121,19.0,0,0,Northampton (A) · Newport (H),,,,,,,upcoming,1.5094382999406841,1.5318890022588463
E3,York,1,1,4,4,2026-08-15 15:00:00,2026-09-01 19:45:00,4,2,5.8216687636867,5.8216687636867,6.618674886118978,0.0,7.0,7.72,5.8,6.717197880088543,6.645516221242191,4,8.0,7.0,-0.012423138068266427,12.5,0,0,Bristol Rovers (H) · Rotherham (A) · Exeter (H) · Cheltenham (A),1.1783312363132996,0.8955291164018426,0.282802119911457,0.45801728298871436,0.44938498867553006,0.6469400245298851,complete,1.455417190921675,
E3,York,2,5,8,4,2026-09-05 15:00:00,2026-09-26 15:00:00,4,2,5.6378971455373765,5.6378971455373765,6.569945843052214,0.0,7.0,7.88,4.32,7.57837525089995,3.416556234721568,2,8.0,3.0,0.038234282310548276,10.75,0,0,Crewe (A) · Swindon (H) · Chesterfield (A) · Gillingham (H),1.3621028544626235,1.9404781053625735,-0.57837525089995,0.5314091258430291,0.9773547475318879,0.5951352989605014,complete,1.4094742863843441,
E3,York,3,9,12,4,2026-10-10 15:00:00,2026-10-24 15:00:00,0,3,6.417518997031274,0.0,0.0,6.586297741597134,0.0,0.0,0.0,0.0,0.0,0,0.0,0.0,-0.0903413210114282,16.5,0,1,Northampton (H) · Newport (A) · Accrington (H) · Port Vale (H),,,,,,,upcoming,1.6043797492578185,1.6465744353992835
E3,York,4,13,16,4,2026-10-27 19:45:00,2026-11-21 15:00:00,0,1,5.24058090876155,0.0,0.0,5.399257801828605,0.0,0.0,0.0,0.0,0.0,0,0.0,0.0,0.06300875458864047,8.5,0,1,Barnet (A) · Grimsby (A) · Rochdale (A) · Walsall (H),,,,,,,upcoming,1.3101452271903875,1.3498144504571512
E3,York,5,17,20,4,2026-11-28 15:00:00,2026-12-19 15:00:00,0,2,6.109161468536235,0.0,0.0,6.328829146644262,0.0,0.0,0.0,0.0,0.0,0,0.0,0.0,-0.09054578898888868,18.25,0,0,Colchester (A) · Shrewsbury (H) · Tranmere (A) · Crawley (H),,,,,,,upcoming,1.5272903671340587,1.5822072866610655
E3,York,6,21,24,4,2026-12-26 15:00:00,2027-01-09 15:00:00,0,2,5.6542962338314275,0.0,0.0,5.8785396847874525,0.0,0.0,0.0,0.0,0.0,0,0.0,0.0,0.033230128864218944,12.0,0,0,Oldham (A) · Fleetwood (H) · Salford (H) · Crawley (A),,,,,,,upcoming,1.4135740584578569,1.4696349211968631
E3,York,7,25,28,4,2027-01-16 15:00:00,2027-01-30 15:00:00,0,2,5.987712981164579,0.0,0.0,6.107013047045111,0.0,0.0,0.0,0.0,0.0,0,0.0,0.0,-0.05754518628929778,14.0,0,0,Newport (H) · Accrington (A) · Port Vale (A) · Grimsby (H),,,,,,,upcoming,1.4969282452911448,1.5267532617612778
E3,York,8,29,32,4,2027-02-06 15:00:00,2027-02-20 15:00:00,0,2,6.020104721474439,0.0,0.0,6.237319963856163,0.0,0.0,0.0,0.0,0.0,0,0.0,0.0,-0.06636536944820798,16.0,0,0,Exeter (A) · Cheltenham (H) · Crewe (H) · Swindon (A),,,,,,,upcoming,1.5050261803686098,1.5593299909640408
E3,York,9,33,36,4,2027-02-27 15:00:00,2027-03-20 15:00:00,0,2,5.597257409489073,0.0,0.0,5.742550324018521,0.0,0.0,0.0,0.0,0.0,0,0.0,0.0,0.05008453402288662,9.5,0,0,Rochdale (H) · Bristol Rovers (A) · Rotherham (H) · Walsall (A),,,,,,,upcoming,1.3993143523722682,1.4356375810046302
E3,York,10,37,40,4,2027-03-26 15:00:00,2027-04-10 15:00:00,0,2,5.637121032306973,0.0,0.0,5.86334624423355,0.0,0.0,0.0,0.0,0.0,0,0.0,0.0,0.041020890453236605,11.5,0,0,Salford (A) · Oldham (H) · Fleetwood (A) · Tranmere (H),,,,,,,upcoming,1.4092802580767432,1.4658365610583874
E3,York,11,41,44,4,2027-04-13 19:45:00,2027-04-27 19:45:00,0,2,5.509302956323241,0.0,0.0,5.656277544367862,0.0,0.0,0.0,0.0,0.0,0,0.0,0.0,0.07230459953411325,8.75,0,0,Northampton (A) · Chesterfield (H) · Gillingham (A) · Barnet (H),,,,,,,upcoming,1.3773257390808102,1.4140693860919655
E3,York,12,45,46,2,2027-05-01 15:00:00,2027-05-08 15:00:00,0,1,2.9915857050125725,0.0,0.0,3.075732875360056,0.0,0.0,0.0,0.0,0.0,0,0.0,0.0,-0.05656643340828615,16.5,0,0,Colchester (H) · Shrewsbury (A),,,,,,,upcoming,1.4957928525062862,1.537866437680028
